id,family,sec,key,old,module_cn,module_en,cn,en,en_niagara,tag,desc,updown,unit,range,default,random,ue,note
000-shellNo,空中礼花,规格,shellNo,号数,发射器,Emitter Properties,号数,Shell Size Preset,False,烟花特性,礼花规格（号 = 寸，10 号 = 尺玉）：选一个号，按参考表推算花径、星数、寿命等。,调大：花更大、星更多、烧得更久、星头和火花更大；调小：反过来，花小而短。,,0（手动）/ 3–40 号,0（手动）,,UE 里没有对应：它只是一次改写别的参数（初速、终端速度、星数、寿命、星头大小、火花寿命 / 密度 / 大小、序列时长），只影响烘焙出的贴图,以本花型模板默认值当作 5 号按表缩放，会覆盖你改过的这些参数（锁住的不改），只在选的那一下生效；≥ 20 号开花闪光 × 0.6、大面片自动改成分段。上升类只改开花高度和星头大小；地面类选了也不改任何参数。玉体自旋按号数算玉的半径。多层组合里「同一批星」的层（种子、星数、初速、终端速度相同）会联动，改一处几层一起变。
001-duration,空中礼花,开花与燃烧,duration,序列时长,发射器,Emitter Properties,序列时长,Loop Duration,True,通用,模拟和烘焙的总时长：从开花那一刻（0 s）算到第几秒；要盖住寿命加尾迹熄灭。,调大：装得下更久的尾迹和下垂（末尾全黑的帧会自动裁掉）；调小：后段被截断，最后 0.3 s 整体淡出。,s,0.8–16,3.2,,Niagara Emitter State · Loop Duration；cascade.json 里大面片的 Lifetime / Duration 是入点到出点（自动裁掉首尾全黑帧后）的长度，不一定等于这里的值,序列最后 0.3 s 整张画面线性淡出（防止突然消失）；设了出点时以出点为准。号数会改它。
002-seed,空中礼花,开花与燃烧,seed,随机种子,发射器,Emitter Properties,随机种子,Random Seed,True,通用,所有随机量的起点：换一个数 = 同样参数的另一发（方向、每颗星的随机、火花、湍流都换）。,调大 / 调小：数值大小本身没有意义，只是换一种随机排列；同一个数每次算出来完全一样。,,1–999,7,,Niagara Emitter Properties · Random Seed；只影响烘焙出的贴图（导出「种子变体」时 _V2 / _V3 = 种子 + 101 / + 202，共用取景和帧号曲线）,4.0 每颗星用「星号 + 种子」各自的随机，改星数、加延时点火不会把别的星的随机打乱。多层组合里「同一批星」的层（种子、星数、初速、终端速度相同）会联动，改一处几层一起变。
003-stars,空中礼花,开花与燃烧,stars,星数,生成,Spawn,星数,Spawn Count,True,通用,一次开花放出几颗星（一次性爆发）；星在球面上均匀排开。,调大：花更密、尾迹更多、整体更亮也更费；调小：花更稀，每颗星更清楚。,颗,4–3000,150,,Niagara Spawn Burst Instantaneous · Spawn Count；单束 / GPU 光点导出时写进 cascade.json 的 Spawn Burst Count（光点只算会亮的星）；大面片只影响烘焙出的贴图,千轮 / 分裂是母星（小割玉）的个数；土星 = 环 + 球合计；文字图案点数不够时实际星数会少一些。号数会改它。多层组合里「同一批星」的层（种子、星数、初速、终端速度相同）会联动，改一处几层一起变。
004-burstR0,空中礼花,开花与燃烧,burstR0,起始半径,形状,Shape Location,起始半径,Sphere Radius,True,通用,开花那一刻星就从这个半径的球面上出发（米），不是从一点炸开。,调大：开花第一帧就是一个大球，开花阶段看着更快更满；调小：0 = 从一点炸开（真实做法）。,m,0–300,0,,Niagara Sphere Location · Sphere Radius；只影响烘焙出的贴图（GPU 光点导出按模拟重新拟合出生半径）,游戏里常用来让开花一开始就有大小。心形、文字等型物开头也在同一个半径上（先是圆，再长成图案）。多层组合里「同一批星」的层（种子、星数、初速、终端速度相同）会联动，改一处几层一起变。
005-v0,空中礼花,开花与燃烧,v0,初速,初速,Add Velocity,初速,Velocity Speed,True,通用,割药炸开时星被抛出去的速度（米/秒）；之后受平方阻力很快减速。,调大：开得更快、花稍大（平方阻力下初速翻倍花径只大约 1/4）；调小：开得慢、花小。,m/s,20–600,150,,Niagara Add Velocity · Velocity Speed；单束 / GPU 光点导出时拟合成线性阻力下的等效初速（Sphere Location · Velocity Scale）,花有多大主要看终端速度和寿命，初速主要决定开花快慢。开花闪光的大小跟初速走（直径 ≈ 初速 × 0.09 m）。土星的环 × 1.25、球 × 0.55；型物按图案上离中心的远近缩放。号数会改它。多层组合里「同一批星」的层（种子、星数、初速、终端速度相同）会联动，改一处几层一起变。
006-vt,空中礼花,开花与燃烧,vt,终端速度（阻力）,受力,Forces,终端速度,Terminal Velocity,False,烘焙器专有,空气阻力的另一种写法：星最后匀速下落的速度（米/秒）；数值越小 = 阻力越大。,调大：阻力小，星飞得远、花大、减速慢；调小：阻力大，花小、很快停住，之后下坠又慢又软。,m/s,4–80,18,,Niagara Drag（但 Niagara 是线性阻力）；单束 / GPU 光点导出时拟合成 Cascade 的线性 Drag Coefficient,平方阻力：减速度 = 9.81 × (相对空气的速度 ÷ 终端速度)²，初速 150、终端 18 时一开始约 70 g，0.5 s 后只剩约 46 m/s。重力倍率不是 1 时实际下落速度 = 终端速度 × √重力倍率；燃烧减质量会让它越烧越小。号数会改它。多层组合里「同一批星」的层（种子、星数、初速、终端速度相同）会联动，改一处几层一起变。
007-grav,空中礼花,开花与燃烧,grav,重力倍率,受力,Forces,重力倍率,Gravity Scale,False,通用,星受的重力是真实重力（9.81 m/s²）的几倍；只管星，火花有自己的下坠。,调大：星下坠更多、花往下垂；调小：0 = 不下坠，花一直保持圆。,×,0–3,1,,Niagara Gravity Force · Gravity；单束 / GPU 光点导出时拟合进 Const Acceleration Z（单束贴图里去掉了重力，下垂交给粒子轨迹）,下坠末速 = 终端速度 × √重力倍率。千轮子星设了「子星下坠」时用那个。多层组合里「同一批星」的层（种子、星数、初速、终端速度相同）会联动，改一处几层一起变。
008-speedJit,空中礼花,开花与燃烧,speedJit,初速离散,初速,Add Velocity,初速随机,Velocity Speed Random,False,通用,每颗星的初速各自上下浮动多少（%），让星不都在同一个球壳上，花有厚度。,调大：星快慢不一，花的外缘参差、像一团；调小：0 = 所有星一样快，外缘是整齐的一圈。,%,0–20,3,正态分布，σ = 数值 %；每颗星开花时定一个：初速 × (1 + σ × 标准正态随机数)；3% → 约 2/3 的星在 ±3% 内、95% 在 ±6% 内,Niagara Add Velocity · Velocity Speed 用 Random Range；GPU 光点导出时变成 Velocity Scale 的均匀随机范围；单束导出不带（每颗星同速）,千轮子星的「子星初速离散」= −1 时也用这个值。多层组合里「同一批星」的层（种子、星数、初速、终端速度相同）会联动，改一处几层一起变。
009-dirJit,空中礼花,开花与燃烧,dirJit,方向抖动,初速,Add Velocity,方向随机,Velocity Direction Random,False,通用,星本来在球面上均匀整齐地排开，这个量给每颗星的方向加一点随机偏角，打破过于整齐的样子。,调大：分布更自然、有疏有密（太大会出现空洞和扎堆）；调小：0 = 完全均匀，像网格一样整齐。,°,0–15,1.5,正态分布：每颗星的方向三个分量各加 σ = 数值°（换成弧度）的正态随机后再归一；1.5° → 平均偏 1.9°、95% 在 3.7° 以内（150 颗星时相邻两颗本来相隔约 17°）,Niagara 没有直接对应（Sphere Location 的方向本来就是完全随机的）；只影响烘焙出的贴图,球、半球、土星的球用斐波那契点（均匀）再整体随机转一下；环、型物在图案上加同样的偏角；千轮子花用 2 倍。多层组合里「同一批星」的层（种子、星数、初速、终端速度相同）会联动，改一处几层一起变。
010-burn,空中礼花,开花与燃烧,burn,燃烧时间,寿命,Lifetime,寿命,Lifetime,True,通用,每颗星从点燃到熄灭的燃烧时间（秒），也就是星的寿命；这期间星头发光、喷火花。,调大：星飞得更远、花更大、尾迹更长、整体更久；调小：花小、很快熄灭。,s,0.2–10,2.5,,Niagara Initialize Particle · Lifetime；单束导出的 Lifetime = 寿命 + 火花消散；GPU 光点的 Lifetime 按模拟里亮着的时长,千轮 / 分裂两种花型里不起作用（母星飞多久看「子花开花时刻」，子星看「子花燃烧时间」）。延时点火时从点火那一刻算起；第二段另加。号数会改它。
011-burnJit,空中礼花,开花与燃烧,burnJit,消え口离散,寿命,Lifetime,寿命随机,Lifetime Random,False,通用,每颗星的寿命各自浮动多少（%），决定星是齐刷刷一起熄灭还是陆续熄灭（日语「消え口」）。,调大：星有早有晚陆续熄灭，收尾拖拖拉拉；调小：0 = 所有星同一刻熄灭，收尾干净（好礼花讲究这个）。,%,0–30,12,正态分布，σ = 数值 %；每颗星开花时定一个（千轮子星也各自一个）：寿命 × (1 + σ × 标准正态随机数)，最短 0.05 s；12% × 2.5 s → 约 2/3 的星在 ±0.3 s 内熄灭、95% 在 ±0.6 s 内,Niagara Initialize Particle · Lifetime 的 Random Range；单束导出写成 Lifetime Min / Max = 时长 × (1 ± 数值%)（均匀，最多 ±50%）；GPU 光点按模拟取 10%–90% 分位；大面片只影响烘焙出的贴图,「消え口」= 星熄灭的那一刻 / 熄灭的样子。千轮 / 分裂的母星不用它（用「开花时刻离散」），只用在子星上。熄灭快慢还要和「渐隐比例」一起看。
012-fade,空中礼花,开花与燃烧,fade,渐隐比例,外观,Particle Appearance,渐隐比例,Fade Out Fraction,False,通用,每颗星在寿命最后这一段慢慢变暗到熄灭，数值是这一段占它寿命的比例。,调大：熄灭得柔和、拖得久（0.5 = 后一半一直在变暗）；调小：0 = 一直全亮，到最后一刻突然灭。,,0–0.9,0.2,,Niagara Scale Color（Alpha 随寿命）；GPU 光点导出折进 Color Over Life；序列只影响烘焙出的贴图,线性变暗；千轮 / 分裂的母星不渐隐。大于 0 时会把「熄灭前闪亮」压掉（默认 0.2 时那一闪几乎看不见）。
013-lastFlare,空中礼花,开花与燃烧,lastFlare,熄灭前闪亮,外观,Particle Appearance,熄灭前闪亮,Burnout Flare,False,烟花特性,星熄灭前最后约 0.05 秒亮一下（星药烧穿时的一闪），数值是多亮出的倍数。,调大：熄灭那一刻闪得更亮；调小：0 = 不闪。,,0–1.5,0.35,,只影响烘焙出的贴图（GPU 光点导出按平均亮度折进 Color Over Life，基本看不出）,要「渐隐比例」接近 0 才看得见：渐隐 > 0 时最后时刻亮度本来已降到接近 0，乘上去几乎没有（默认 0.2 时最多多 1.5%，0.02 时约多 15%）。只闪一帧左右；千轮 / 分裂的母星不闪。
014-flash,空中礼花,开花与燃烧,flash,开花闪光,外观,Particle Appearance,开花闪光,Burst Flash,False,烟花特性,开花瞬间爆点处的一团强光（割药爆炸），0.25 秒内衰减消失；数值是亮度倍数。,调大：开花第一下更亮更炸（太大头几帧会过曝发白）；调小：0 = 没有闪光。,,0–3,1,,只影响烘焙出的贴图（大面片开头几帧）；单束 / GPU 光点不带，需要另挂闪光,闪光直径 ≈ 初速 × 0.09 m（最小 4 m）。千轮 / 分裂子花开花的闪光在「子花开花闪光」= −1 时是它的 0.3 倍。≥ 20 号自动 × 0.6。「建议曝光」不计闪光。
015-pattern,空中礼花,形状,pattern,星的排布,形状,Shape Location,开花图案,Shape Primitive,True,通用,星往哪些方向飞：球、半球、环、土星，或心形、笑脸、五角星、文字这类型物。,选项：球 = 全方向；半球 = 只有上半（水中花火）；环 / 土星 = 一圈平面；型物 = 平面图案，速度按离中心远近，开花后保持图案。,,球 / 半球 / 环 / 土星 / 心形 / 笑脸 / 五角星 / 文字,sphere（球）,,Niagara Shape Location · Shape Primitive（球、环有对应，型物没有）；只影响烘焙出的贴图；单束只能用球 / 半球，GPU 光点一律按球面放射,环、土星、型物时才出现「倾斜」；土星才出现「环上星比例」；文字才出现「文字」。多层组合里「同一批星」的层（种子、星数、初速、终端速度相同）会联动，改一处几层一起变。
016-pattern,空中礼花,形状,pattern,图案,形状,Shape Location,灯芯图案,Lance Pattern,False,烟花特性,仕掛け花火（地面的框架烟火）里灯芯排成什么图案：环、心形、笑脸、五角星或文字。,选项：每个点是一根固定的灯芯，持续发光并往下滴火花，合起来拼出图案。,,环 / 心形 / 笑脸 / 五角星 / 文字,sphere（不在选项里，按文字处理；仕掛け 模板用 text）,,只影响烘焙出的贴图（地面循环序列）,只在仕掛け 花型出现。灯芯个数 = 星数，图案宽度、离地高度在地面一节里调。
017-text,空中礼花,形状,text,文字,形状,Shape Location,文字,Pattern Text,False,烟花特性,图案选「文字」时要拼的字；按粗体字形均匀取点，每个点一颗星（仕掛け 是一根灯芯）。,（文字，不是数值）字少、笔画简单、星多 → 清楚；字多、星少 → 笔画断开认不出。,,任意文字,祭,,只影响烘焙出的贴图,空着时用「祭」。点数 = 星数（字形里放不下那么多点时会更少）；所有字排成一行，太宽会自动缩小。
018-tilt,空中礼花,形状,tilt,倾斜,形状,Shape Location,倾斜,Shape Tilt,False,通用,平面图案朝镜头倾斜多少度：环、土星的环绕水平轴往前倒，型物绕竖直轴转身。,调大：越来越扁（环 89° 几乎是一条横线，型物变窄）；调小：0 = 正对镜头的完整图案。,°,0–89,0,,Niagara Shape Location 的旋转；只影响烘焙出的贴图,球、半球时不出现、不起作用；土星只倾斜环，中间的球不变。环 / 土星的环还会绕自身随机转一下（起点不同）。多层组合里「同一批星」的层（种子、星数、初速、终端速度相同）会联动，改一处几层一起变。
019-ringFrac,空中礼花,形状,ringFrac,环上星的比例,形状,Shape Location,环上星比例,Ring Fraction,False,烟花特性,土星图案里放在环上的星占总星数的比例，其余放在中间的球上。,调大：环更密更亮、中间的球更稀；调小：球更密、环更稀。,,0.1–0.9,0.45,,只影响烘焙出的贴图,只在土星图案时出现。环的初速是初速 × 1.25、球是 × 0.55，所以环比球大一圈。多层组合里「同一批星」的层（种子、星数、初速、终端速度相同）会联动，改一处几层一起变。
020-waterRefl,空中礼花,形状,waterRefl,水面倒影,形状,Shape Location,水面倒影,Water Reflection,False,烟花特性,把爆点高度当成水面（水中花火）：画出水下的倒影，数值是倒影亮度。,调大：倒影更亮（1 = 和实物一样亮，再随高度变暗）；调小：0 = 没有水面。,,0–1,0,,只影响烘焙出的贴图（倒影烘在同一张序列里，面片往下加高）,大于 0 时不只是倒影：往下飞的星一碰到水面（爆点高度）就熄灭并溅一下，水下的火花不画，空中开的球形花别开它。倒影随高度变暗（× e^(−高度/400 m)）、略放大、带波纹；常和「半球」一起用。
021-wind,空中礼花,物理扰动,wind,风速（+ 向右）,受力,Forces,风速,Wind Speed,True,通用,水平方向的风（米/秒，正 = 向右）：星和火花都被空气带着走。,调大：整朵花往右漂、尾迹往右弯（负数往左）；调小：0 = 无风。,m/s,-15–15,0,,Niagara Wind Force · Wind Speed；单束的「Cascade参数.txt」写成 Const Acceleration X = 阻力 × 风速，cascade.json 里没有；大面片只影响烘焙出的贴图,星按平方阻力跟风，火花按火花阻力跟风（火花只取出生那一刻发射点的风，之后不变）；只有水平方向。上升（曲导）也受影响。多层组合里「同一批星」的层（种子、星数、初速、终端速度相同）会联动，改一处几层一起变。
022-turb,空中礼花,物理扰动,turb,湍流强度,受力,Forces,湍流强度,Noise Strength,True,通用,空中乱流的速度（米/秒）：星和火花被吹得弯弯曲曲，花不再完美对称。,调大：轨迹和尾迹弯得更厉害、花形被吹歪；调小：0 = 关。,m/s,0–12,0,,Niagara Curl Noise Force · Noise Strength；单束的「Cascade参数.txt」用 Orbit 近似；cascade.json 不写，大面片只影响烘焙出的贴图,气流是画面平面里三层大小不同的旋涡叠加（不往镜头方向吹），随时间慢慢变，由种子决定；火花只取出生那一刻发射点的气流。旋涡多大看「湍流尺度」。多层组合里「同一批星」的层（种子、星数、初速、终端速度相同）会联动，改一处几层一起变。
023-turbScale,空中礼花,物理扰动,turbScale,湍流尺度,受力,Forces,湍流尺度,Noise Scale,False,通用,乱流旋涡有多大（米）：最大一层是这个尺寸，另两层约是它的 1/2 和 1/3。,调大：整朵花一起被推歪、弯成大弧；调小：各处各自扭、更细碎，变化也更快。,m,5–300,60,,≈ Niagara Curl Noise Force · Noise Frequency 的倒数；只影响烘焙出的贴图,湍流强度 = 0 时不起作用（面板上仍然显示）。多层组合里「同一批星」的层（种子、星数、初速、终端速度相同）会联动，改一处几层一起变。
024-tailDiffuse,空中礼花,物理扰动,tailDiffuse,尾迹扩散（老火花被空气扰流慢慢吹散；0 = 关）,尾迹,Trail (Child Emitter),尾迹扩散,Trail Diffusion,False,烘焙器专有,火花停下后仍被空气扰流带着走，越老漂得越远，尾迹下段慢慢松散；数值是扰流速度。,调大：老尾迹散得更开、像烟一样化开；调小：0 = 关，火花停在原处。,m/s,0–4,0,,只影响烘焙出的贴图（≈ 给尾迹火花加 Niagara Curl Noise Force）,只在 GPU 模拟内核（默认）里有，切到 CPU 内核不起作用。位移：刚出生 ≈ 速度 × 年龄，老了 ≈ √(速度 × 尺度 × 年龄)；方向 = 平滑旋涡 + 每粒火花一点随机，再乘尾迹粗细。多层组合里「同一批星」的层（种子、星数、初速、终端速度相同）会联动，改一处几层一起变。
025-tailDiffuseScale,空中礼花,物理扰动,tailDiffuseScale,扰流尺度（大 = 相邻火花一起飘成一缕；小 = 各自散开）,尾迹,Trail (Child Emitter),扩散尺度,Trail Diffusion Scale,False,烘焙器专有,尾迹扩散里空气扰流旋涡的大小（米）。,调大：相邻火花一起飘，尾迹散成一缕一缕，老火花漂得更远；调小：每粒各自散开，像均匀的雾。,m,2–120,20,,只影响烘焙出的贴图,「尾迹扩散」> 0 时才出现、才起作用；只在 GPU 内核里有。多层组合里「同一批星」的层（种子、星数、初速、终端速度相同）会联动，改一处几层一起变。
026-massLoss,空中礼花,物理扰动,massLoss,燃烧减质量,受力,Forces,燃烧减质量,Burn Mass Loss,False,烘焙器专有,星越烧越小、越容易被空气拖慢：数值是烧完时星半径缩小的比例，后段减速、下垂更明显。,调大：后段星更快停住、更早下垂（锦冠、柳的垂感）；调小：0 = 阻力全程不变。,,0–0.9,0,,只影响烘焙出的贴图（Niagara 没有随寿命变的阻力；光点导出的线性 Drag 拟合会吸收一部分）,阻力按燃烧进度线性放大到 1/(1 − 数值) 倍：0.3 → 烧完时阻力 × 1.43（相当于终端速度 × 0.84），0.9 → × 6.7（上限）。第二段期间保持主段结束时的值；上升弹体不受影响。多层组合里「同一批星」的层（种子、星数、初速、终端速度相同）会联动，改一处几层一起变。
027-shellVx,空中礼花,物理扰动,shellVx,残余速度（水平）,初速,Add Velocity,玉体水平速度,Inherit Velocity X,False,通用,开花时玉（礼花弹）本身还在水平移动的速度，加到每颗星上（米/秒，正 = 向右）。,调大：整朵花往右偏飞（负数往左）；调小：0 = 开花时玉水平不动。,m/s,-30–30,0,,Niagara Inherit Velocity（继承发射器速度）或 Add Velocity 加常量；GPU 光点导出写进整体初速（Initial Velocity）；序列只影响烘焙出的贴图,平方阻力下不是整体平移：顺着这个方向的星更快、减速也更多，花会有点偏心。多层组合里「同一批星」的层（种子、星数、初速、终端速度相同）会联动，改一处几层一起变。
028-shellVy,空中礼花,物理扰动,shellVy,残余速度（竖直）,初速,Add Velocity,玉体竖直速度,Inherit Velocity Z,False,通用,开花时玉还在上升（正）或已经下落（负）的速度，加到每颗星上（米/秒）。,调大：玉还在往上冲时开，花往上偏；调小：负数 = 过了最高点才开，花往下偏。,m/s,-30–30,0,,Niagara Inherit Velocity（UE 里竖直是 Z）或 Add Velocity 加常量；GPU 光点导出写进整体初速；序列只影响烘焙出的贴图,小号数常在玉还上升时开花。平方阻力下上下不对称。多层组合里「同一批星」的层（种子、星数、初速、终端速度相同）会联动，改一处几层一起变。
029-shellSpin,空中礼花,物理扰动,shellSpin,玉体自旋,初速,Add Velocity,玉体自旋,Shell Spin Rate,False,烟花特性,开花时玉自己绕一根随机轴旋转的角速度（弧度/秒），给每颗星加一点切向速度。,调大：花被轻微拧歪、不再完美对称；调小：0 = 不转。,rad/s,0–80,0,,只影响烘焙出的贴图（≈ Niagara Vortex Velocity：绕轴加切向初速）,切向速度 = 角速度 × 玉半径（号数 × 1.5 cm，手动时按 5 号 = 7.5 cm）：5 号开到 80 也只有 6 m/s，比初速小很多，通常很难看出；号数大、初速小时才明显。只在开花那一刻加，旋转轴由种子决定。多层组合里「同一批星」的层（种子、星数、初速、终端速度相同）会联动，改一处几层一起变。
030-headSize,空中礼花,炭头（星头）,headSize,炭头大小,外观,Particle Appearance,星头大小,Sprite Size,True,通用,星头亮核的直径（米，4.0）；3.7 里是高斯光点的宽度（2σ）。,调大：星头更大更醒目，4.0 下总光量随面积一起变大；调小：星头更细，小到不足一个像素时会变暗。,m,0.15–6,1,,Niagara Initialize Particle · Sprite Size；GPU 光点导出 = 软圆点直径（× 层的光点大小，再 × 0.85–1.15 随机）；序列只影响烘焙出的贴图,千轮 / 分裂的母星 × 0.8，倒影 × 1.3；光晕在「光点与曝光」里另调。号数会改它。地面类、上升也用它（灯芯、喷口、弹体星头）。
031-headBright,空中礼花,炭头（星头）,headBright,炭头亮度,外观,Particle Appearance,星头亮度,Scale Color,True,通用,星头发光的亮度倍数；0 = 星头不亮，只剩尾迹火花。,调大：星头更亮（太大会过曝发白）；调小：星头变暗，0 = 只有尾巴。,×,0–3,1,,Niagara Scale Color；GPU 光点导出乘进 Color Over Life；序列只影响烘焙出的贴图,不影响火花（火花亮度另调）。千轮 / 分裂母星再乘「子弹亮度」（默认 0.4）。为 0 时 PC 不能用 GPU 光点导出。合并输出时它和火花亮度一起决定星头与尾巴的明暗比例。
032-flicker,空中礼花,炭头（星头）,flicker,闪烁强度,外观,Particle Appearance,星头闪烁,Flicker Intensity,False,通用,星头亮度随时间无规律地起伏（燃烧不均匀），数值是起伏的幅度。,调大：星头忽明忽暗更明显，平均也更暗一点；调小：0 = 亮度稳定。,,0–1,0.25,随机游走：每颗星自己的亮度倍数每一小步加一点正态随机，夹在 1 − x 到 1 + 0.4x 之间（0.25 → 0.75–1.1 倍，平均约 0.92）；地面灯芯每帧在 1 ± x 里均匀取，上升星头循环 1 ± 0.8x,只影响烘焙出的贴图（GPU 光点导出按平均亮度，不闪）,只管星头；火花的闪烁是另一个参数（「火花闪烁」）。
033-ignDelay,空中礼花,星效果,ignDelay,延时点火,生成,Spawn,延时点火,Ignition Delay,False,烟花特性,时差星：开花后星先暗着飞，过这么多秒才点燃发光、出火花（从开花算）,调大：星暗着飞得更久，到更外圈、更慢时才亮起；调小：开花后很快亮起，0 = 开花即亮,s,0–10,0,,Niagara 没有现成模块，近似 = 按点火时刻分批生成（Spawn Burst Instantaneous · Spawn Time）或点火前用 Scale Color 压到 0；只影响烘焙出的贴图；导出「光点」方案时，按每颗星亮起的时刻分批写进 cascade.json（Cascade：Spawn 的 Burst List 时刻 + Required 的 Emitter Delay）,燃烧时间从点燃那一刻算（星总寿命 = 延时 + 燃烧时间）；火花开始 / 停止、燃烧减质量、前段压暗、点灭开始也都从点燃算；千轮 / 分裂里不起作用（子弹、子星都不延时）
034-ignJit,空中礼花,星效果,ignJit,点火离散,生成,Spawn,点火时刻随机,Ignition Delay Random,False,烟花特性,每颗星点火时刻前后错开多少，让星不同时亮起（时差星一颗颗冒出来）,调大：星亮起的先后差得更多，一颗颗陆续冒出；调小：几乎同时亮起，0 = 全部同一时刻,%,0–100,10,均匀 ±（不是正态）；每颗星一个；实际延时 = 延时点火 × (1 ± 这个百分比)，最小 0。默认 10% → 每颗星在 0.9–1.1 倍之间平均分布；时差预设 1.1 s × (1 ± 55%) ≈ 0.5–1.7 s,Niagara 近似：Spawn Time 用 Uniform Ranged Float；只影响烘焙出的贴图；导出「光点」时影响 Burst List 的分批时刻,延时点火 = 0 时不起作用（但这一项不管延时点火都会显示）；4.0 下每颗星的随机数固定，改星数不会把别的星重新洗牌；点火随机种子 ≠ 0 时改用那组随机数
035-ignSeed,空中礼花,星效果,ignSeed,点火离散用独立随机（0 关；非 0 时和同种子的另一层星位一一对应）,生成,Spawn,点火随机种子,Ignition Random Seed,False,烘焙器专有,点火先后顺序用哪组随机数：0 = 跟本层种子走；非 0 = 用这个数单独决定,数值大小没有意义：换一个数 = 换一种点火先后顺序；0 = 跟本层种子,,0–999,0,不是随机量本身，是「点火时刻随机」用的种子；非 0 时，用同一个数的几层星按星号得到同一组点火时刻（与本层种子无关）,Niagara 近似：Emitter Properties · Random Seed（这里只管点火时刻这一项）；只影响烘焙出的贴图,延时点火 > 0 才显示；点火时刻随机 = 0 时不起作用；4.0 里设 0 也不会打乱星位，旧显示名「非 0 时和同种子的另一层星位一一对应」只对 3.7 旧算法成立
036-keepFrac,空中礼花,星效果,keepFrac,只让一部分星发光（轨迹不变，和同种子的主层同位）,生成,Spawn,发光星比例,Lit Star Fraction,False,烘焙器专有,只让这一比例的星发光、出火花，其余照样飞但看不见；和同种子的另一层拼成混装星,调大：亮的星更多，1 = 全亮；调小：只剩零星几颗亮，位置仍和同种子的主层对齐,×,0.02–1,1,每颗星一个固定的 0–1 均匀随机数（由星号 + 种子决定），小于这个比例的星发光；同种子、同星号每次挑中的是同一批星,Niagara 近似：Spawn Count × 比例（或 Kill Particles 按随机数删）；只影响烘焙出的贴图；导出「光点」时光点个数 = 会亮的星数（cascade.json 的 Burst 数量）,子弹（千轮 / 分裂飞行中的小割玉）不受影响，子星受影响；要和另一层对位，两层的种子、星数、初速、终端速度等轨迹参数要一样；被藏起来的星烧完时仍会爆裂（爆裂数量 > 0 时）
037-afterBurn,空中礼花,星效果,afterBurn,第二段：主段烧完后接着亮几秒（0 关；主段期间不发光）,寿命,Lifetime,第二段时长,Second Stage Lifetime,False,烟花特性,分层星内层：主段星头不亮，主段烧完后接着亮这么多秒（如红点灭余烬）；0 = 关,调大：第二段亮得更久，星下坠更低才灭；调小：很快熄灭，0 = 关（按普通燃烧时间发光）,s,0–8,0,,Niagara 近似：Lifetime 加长 + Scale Color 按年龄先压到 0 再亮（或 Generate Death Event 接一个子发射器）；只影响烘焙出的贴图；导出「光点」时光点从第二段开始亮（Burst 时刻、Lifetime 按模拟写进 cascade.json）,第二段从「延时点火 + 燃烧时间」结束时算起；渐隐、熄灭前闪亮、点灭开始、前段压暗都改按第二段计时；火花不分段：火花生成速率 > 0 时主段、第二段都出火花（这一层通常把火花关掉）；燃烧减质量只按主段算；千轮 / 分裂里不起作用；单束（unit）序列的时长没算第二段，第二段长时会被截掉
038-afterJit,空中礼花,星效果,afterJit,第二段时长离散,寿命,Lifetime,第二段时长随机,Second Stage Lifetime Random,False,烟花特性,每颗星第二段长短不一，让余烬错落熄灭（消え口：熄灭时刻的参差）,调大：余烬熄灭时刻更参差，一颗颗灭；调小：几乎同时熄灭，0 = 一起灭,%,0–60,15,均匀 ±（不是正态）；每颗星一个固定随机数；第二段时长 × (1 ± 这个百分比)，最少 0.2 倍。默认 15% → 每颗星在 0.85–1.15 倍之间平均分布,Niagara 近似：Lifetime 用 Uniform Ranged Float；只影响烘焙出的贴图；导出「光点」时影响 Lifetime 范围,第二段时长 > 0 才显示
039-headDim,空中礼花,星效果,headDim,前段星头亮度（1 = 不压暗）,烟花特性,Firework Behaviors,前段星头亮度,Early Head Brightness,False,烟花特性,引き（分层星外层）：前段只烧木炭火焰、星头暗，后面才亮出色光；这是前段的亮度倍数,调大：前段星头更亮，1 = 不压暗；调小：前段几乎只见火花尾、看不到星头,×,0–1,1,,Niagara 近似：Scale Color（按年龄的曲线）；只影响烘焙出的贴图；导出「光点」时压暗段按平均写进光点的 Color Over Life,要「压暗结束时刻」> 0 才起作用（为 0 时这里 < 1 也不压暗）；子弹不受影响；常和「火花只在前几秒」一起用（引先菊：前段金尾，之后星头转色、尾巴停）
040-headDimUntil,空中礼花,星效果,headDimUntil,前段压暗到第几秒（分层星外层 = 引き）,烟花特性,Firework Behaviors,压暗结束时刻,Early Head End Time,False,烟花特性,前段压暗持续到第几秒（从星点燃算），结束前 0.25 秒内平滑亮到正常,调大：暗的前段更长，星头更晚亮起；调小：更早亮起，0 = 不压暗,s,0–6,0,,Niagara 近似：Scale Color 曲线的拐点时刻；只影响烘焙出的贴图；导出「光点」时影响 Color Over Life,前段星头亮度 < 1 才显示；有延时点火时从点燃算，有第二段时从第二段开始算；比燃烧时间还长时整颗星一直是暗的
041-strobeHz,空中礼花,星效果,strobeHz,点灭频率（0 关）,烟花特性,Firework Behaviors,点灭频率,Strobe Frequency,False,烟花特性,点灭星：星头一明一灭，每秒闪几次；每颗星频率差 ±15%、相位随机，不会整齐同闪,调大：闪得更快更密；调小：闪得慢，0 = 不闪,Hz,0–30,0,,Niagara 近似：Scale Color 乘一条方波（或用 Dynamic Material Parameters 驱动）；只影响烘焙出的贴图；导出「光点」时按亮灭平均，光点不闪（界面会提示）,子弹不闪（千轮 / 分裂的子星会闪）；帧预算在点灭期间自动提高帧率（要求频率 ≤ 0.4 × 帧率，30 fps 时最多约 12 Hz，更高会混叠）
042-strobeDuty,空中礼花,星效果,strobeDuty,点灭亮占比,烟花特性,Firework Behaviors,点灭亮占比,Strobe Duty Cycle,False,烟花特性,每个明灭周期里「亮」占多少（亮时 1.6 倍，灭时几乎全黑 0.03 倍）,调大：亮得久、像快速眨眼，整体更亮；调小：短促的一闪一闪，整体更暗,,0.05–0.9,0.35,,Niagara 近似：方波的占空比；只影响烘焙出的贴图,点灭频率 > 0 才显示
043-strobeStart,空中礼花,星效果,strobeStart,点灭开始,烟花特性,Firework Behaviors,点灭开始比例,Strobe Start Normalized Age,False,烟花特性,星烧到自己燃烧全程的这一比例才开始点灭，之前稳定发光,调大：更晚开始闪，前段稳亮更久；调小：更早闪，0 = 一点燃就闪,×燃烧,0–1,0.4,,Niagara 近似：按 Normalized Age 开关的 Scale Color；只影响烘焙出的贴图,点灭频率 > 0 才显示；「燃烧全程」= 点燃到熄灭（有第二段时 = 第二段），每颗星按自己的时长算；帧预算却把这个数当成「第几秒」来提高帧率，燃烧时间不是 1 秒时两者对不上
044-glitter,空中礼花,星效果,glitter,辉星（延迟闪光火花）,烟花特性,Firework Behaviors,辉星强度,Glitter Intensity,False,烟花特性,辉星：火花离开星后过一会儿各自「啪」地闪一下（延迟闪光火花）；0 = 关，1 = 最强,调大：闪点更亮，平时的火花更暗（压到 1 − 0.85 × 强度）；调小：闪得弱，接近普通火花尾,,0–1,0,,Niagara 近似：火花子发射器里 Scale Color 按年龄加一个尖峰；只影响烘焙出的贴图（火花不进光点）,火花寿命要比辉星延迟长才看得到闪光（先灭就不闪）；闪光峰值约 6 × 强度，和火花温度无关；GPU / CPU 模拟内核都有
045-glitterDelay,空中礼花,星效果,glitterDelay,辉星闪光延迟,烟花特性,Firework Behaviors,辉星延迟,Glitter Delay,False,烟花特性,火花出生后多久闪光（每粒在 0.5–1.5 倍之间均匀随机），每次闪约 0.05 秒,调大：闪点离星头更远，在尾巴后段闪；调小：紧跟在星头后面闪,s,0.05–1.5,0.25,,Niagara 近似：Scale Color 尖峰在火花年龄上的位置；只影响烘焙出的贴图,辉星强度 > 0 才显示；寿命比这个短的火花不会闪
046-crackle,空中礼花,星效果,crackle,爆裂（每颗星）,烟花特性,Firework Behaviors,爆裂数量,Crackle Spawn Count,False,烟花特性,爆裂星（霹雳）：每颗星烧完后在附近炸出这么多个极短的小白闪；0 = 关,调大：每颗星的噼啪点更多更密；调小：零星几点，0 = 不炸,粒,0–40,0,,Niagara 近似：Generate Death Event → 子发射器 Spawn Burst Instantaneous · Spawn Count；只影响烘焙出的贴图（不进光点）,每个小闪离星 0.5–3.5 m、直径约 0.7–1.3 m、0.07 秒内灭，亮度 × 0.6–1.4 随机；子弹不炸，千轮 / 分裂的子星会炸；落水的星不炸；有第二段时在第二段结束才炸；「发光星比例」藏起来的星也会炸
047-crackleDelay,空中礼花,星效果,crackleDelay,爆裂延迟,烟花特性,Firework Behaviors,爆裂延迟,Crackle Delay,False,烟花特性,星烧完后多久炸开；每个小闪在 0.3–1.7 倍之间均匀随机，所以是一串噼啪,调大：熄灭后停顿更久，噼啪拖得更散；调小：一灭就炸，更集中,s,0.05–1,0.3,,Niagara 近似：事件子发射器的 Spawn Time；只影响烘焙出的贴图,爆裂数量 > 0 才显示；默认 0.3 s → 各小闪在熄灭后 0.09–0.51 s 之间
048-branch,空中礼花,星效果,branch,松叶分叉（每粒火花）,烟花特性,Firework Behaviors,松叶分叉数,Spark Branch Count,False,烟花特性,松叶：每粒火花在半路分成几支短命的亮枝，像松针；0 = 关（只在 GPU 模拟内核里有）,调大：每粒火花分出的枝更多，尾迹更毛更亮；调小：枝少，0 = 不分叉,支,0–4,0,,Niagara 近似：火花发射器 Generate Death Event → 子发射器每粒生成几支；只影响烘焙出的贴图,CPU 模拟内核里不起作用；母火花在分叉那一刻消失（尾巴变短）；枝约 0.1–0.22 秒灭、速度 = 母火花一半 + 随机 (4 + 1.5 × 火花散布) m/s、大小 0.7 倍；开了分叉，余烬长尾就不起作用；取景自动多留 4 m
049-branchAt,空中礼花,星效果,branchAt,分叉时刻,烟花特性,Firework Behaviors,分叉时刻比例,Branch Normalized Age,False,烟花特性,火花活到自己寿命的这一比例时分叉（每粒在 0.8–1.2 倍之间均匀随机）,调大：火花飞得远才分叉，枝在尾巴后段；调小：出生不久就分叉，枝贴近星头,×寿命,0.1–0.9,0.45,,Niagara 近似：按火花 Normalized Age 触发的事件；只影响烘焙出的贴图,松叶分叉数 > 0 才显示；寿命是每粒火花自己的寿命（含火花寿命随机）
050-flutter,空中礼花,星效果,flutter,飘落摆动,烟花特性,Firework Behaviors,飘落摆动,Flutter Velocity,False,烟花特性,落叶：星左右来回飘的速度幅度，同时星头随摆动明暗起伏（0.55–1 倍）；0 = 关,调大：左右飘得更宽，更像落叶；调小：几乎直着落，0 = 不摆,m/s,0–10,0,,Niagara 近似：Curl Noise Force 或正弦横向速度（Cascade 的 Orbit 也能近似）；只影响烘焙出的贴图；导出「光点」时不含摆动（运动按阻力 + 重力拟合），明暗按平均写进 Color Over Life,横向位移幅度约 = 速度幅度 ÷ (2π × 摆动频率)（3 m/s、0.7 Hz ≈ 0.7 m），阻力还会削弱，终端速度小的星（落叶预设 6 m/s）摆得明显；深度方向也摆（正面看不到）；子弹、子星也会摆
051-flutterHz,空中礼花,星效果,flutterHz,摆动频率,烟花特性,Firework Behaviors,摆动频率,Flutter Frequency,False,烟花特性,每秒左右摆几个来回（每颗星在 0.8–1.2 倍之间均匀随机），星头明暗也按这个频率,调大：摆得急而碎，摆幅变小；调小：慢悠悠的大摆,Hz,0.1–3,0.7,,Niagara 近似：Curl Noise Force · Noise Frequency（时间上的）；只影响烘焙出的贴图,飘落摆动 > 0 才显示；速度幅度不变，所以频率越高左右位移越小
052-subPattern,空中礼花,千轮 / 分裂,subPattern,子星排布,子花,Sub Bursts (Events),子星排布,Sub Burst Shape,False,烟花特性,子花的星怎么排：小球 = 千轮（开成小圆花）；十字 = 分裂（垂直飞行方向分几支）,小球：每颗子弹开成一朵小圆花；十字：子星在垂直于飞行方向的平面里等分（4 支 = 十字）,,sphere 小球（千轮） / cross 十字（分裂）,sphere,,Niagara 近似：子发射器（Event Handler 生成）的 Shape Location（Sphere Location / 环形）；只影响烘焙出的贴图,继承子弹速度的默认值跟着变（小球 0.35、十字 0.25）；小球的子星方向随机 = 主层方向随机 × 2；十字的各支没有方向随机
053-subDelay,空中礼花,千轮 / 分裂,subDelay,子花开花时刻,子花,Sub Bursts (Events),子花开花时刻,Sub Burst Time,False,烟花特性,主花开花后，子弹（小割玉）飞多少秒再开成子花，即子弹的燃烧时间,调大：子弹飞得更远，子花开在更外圈；调小：子花挤在花心附近,s,0.2–8,0.9,,Niagara 近似：子弹的 Lifetime + Generate Death Event → Event Handler 生成子花；只影响烘焙出的贴图,千轮 / 分裂里主层的燃烧时间、寿命随机不用在子弹上，由这一项和「子花开花随机」代替；延时点火、第二段对子弹不起作用；改号数时按比例缩放（千轮预设 0.85 s）
054-subJit,空中礼花,千轮 / 分裂,subJit,开花时刻离散,子花,Sub Bursts (Events),子花开花随机,Sub Burst Time Random,False,烟花特性,各颗子弹开花的时刻错开多少，让子花有先有后地开,调大：子花有先有后、噼噼啪啪错开；调小：所有子花齐齐地一起开,%,0–40,10,正态（σ = 这个百分比）；每颗子弹一个；开花时刻 = 子花开花时刻 × (1 + σ × 正态随机数)，最少 0.05 s。默认 10% → 约 2/3 的子花在 0.9 ± 0.09 s 内开,Niagara 近似：子弹 Lifetime 的随机范围；只影响烘焙出的贴图,
055-subStars,空中礼花,千轮 / 分裂,subStars,每朵子花星数,子花,Sub Bursts (Events),子花星数,Sub Burst Spawn Count,True,烟花特性,每朵子花有几颗子星；十字（分裂）时是分成几支（4 = 十字）,调大：子花更密更圆；调小：子花稀疏，分裂的支数变少,颗,2–120,36,,Niagara：子发射器 Spawn Burst Instantaneous · Spawn Count（Event Handler 每个事件生成几颗）；只影响烘焙出的贴图,总子星数 = 主层星数 × 这个数，太大烘焙会变慢（千轮预设 40、分裂预设 4）
056-subSpeed,空中礼花,千轮 / 分裂,subSpeed,子花初速,子花,Sub Bursts (Events),子花初速,Sub Burst Velocity Speed,True,烟花特性,子星从子弹炸开时的初速，决定每朵子花开多大,调大：子花开得更大；调小：子花小而紧,m/s,5–120,40,,Niagara：子发射器 Add Velocity · Velocity Speed；只影响烘焙出的贴图,子星速度 = 子弹速度 × 继承子弹速度 + 方向 × 子花初速 × 子花大小随机 × (1 + 子星初速随机)；子花开花闪光的大小也跟着变
057-subBurn,空中礼花,千轮 / 分裂,subBurn,子花燃烧时间,子花,Sub Bursts (Events),子星寿命,Sub Star Lifetime,True,烟花特性,子星从子花开花起烧多少秒熄灭,调大：子花亮得久，子星下坠更多才灭；调小：子花一闪就灭,s,0.2–8,0.9,,Niagara：子发射器 Initialize Particle · Lifetime；只影响烘焙出的贴图,每颗子星还会乘 (1 + 主层寿命随机 × 正态随机数)（借用主层的 burnJit）；子星的渐隐、熄灭前闪亮、点灭、爆裂照常
058-subTail,空中礼花,千轮 / 分裂,subTail,子花火花密度,子花,Sub Bursts (Events),子星火花生成率,Sub Star Spark Spawn Rate,False,烟花特性,每颗子星每秒喷出几粒炭火火花，就是子花的尾迹；0 = 子星只有星头,调大：子花每颗星拖出明显的火花尾；调小：尾巴稀疏，0 = 无尾,个/秒,0–400,0,,Niagara：尾迹子发射器 Spawn Rate；只影响烘焙出的贴图,火花的寿命、颜色、阻力等用「尾缀（炭火火花）」节的参数，和子弹共用；千轮 / 分裂里主层的火花生成速率不起作用
059-carrierTail,空中礼花,千轮 / 分裂,carrierTail,子弹尾迹密度,子花,Sub Bursts (Events),子弹火花生成率,Carrier Spark Spawn Rate,False,烟花特性,子弹（小割玉：主花炸出、飞一段再开成子花的小弹）飞行时每秒喷出的火花数,调大：子弹拖出明显的放射状尾迹；调小：飞行尾迹变淡，0 = 没有,个/秒,0–400,30,,Niagara：尾迹子发射器 Spawn Rate；只影响烘焙出的贴图,火花参数和子星共用「尾缀（炭火火花）」节
060-carrierHead,空中礼花,千轮 / 分裂,carrierHead,子弹（小割玉）亮度（0 = 飞行时不可见）,子花,Sub Bursts (Events),子弹亮度,Carrier Scale Color,True,烟花特性,子弹飞行时的星头亮度（乘在星头亮度上）；0 = 飞行时看不见，只看到子花,调大：飞向外圈的子弹清楚可见；调小：子弹变暗，子花像凭空开出来,×,0–1,0.4,,Niagara：Scale Color；只影响烘焙出的贴图,子弹星头大小 = 星头大小 × 0.8；子弹不受渐隐、熄灭前闪亮、点灭、前段压暗影响（飘落摆动的明暗会）
061-subKeep,空中礼花,千轮 / 分裂,subKeep,子花继承子弹速度（-1 = 默认 0.35）,子花,Sub Bursts (Events),继承子弹速度,Sub Burst Inherit Velocity,True,烟花特性,子花开花时子星带上子弹多少比例的速度：0 = 原地开，1 = 整朵继续往外飞,调大：子花整体继续向外漂，被拉成往外的椭圆；调小：子花停在原地开，更圆,,-1–1,-1,,Niagara：Inherit Velocity（子发射器继承父粒子速度的比例）；只影响烘焙出的贴图,任何负数都按默认：小球（千轮）0.35、十字（分裂）0.25——旧显示名只写了 0.35
062-subScaleJit,空中礼花,千轮 / 分裂,subScaleJit,每朵子花大小离散,子花,Sub Bursts (Events),子花大小随机,Sub Burst Size Random,False,烟花特性,每朵子花大小不一（小割玉的装药量不同）,调大：子花有大有小，更自然；调小：每朵一样大，0 = 一样大,%,0–50,0,"正态（σ = 这个百分比）；每朵子花一个；这一朵所有子星的初速 × max(0.4, 1 + σ × 正态随机数)。例 20% → 约 2/3 的子花大小在 0.8–1.2 倍",Niagara 近似：子发射器 Velocity Speed 按事件取 Uniform Ranged Float；只影响烘焙出的贴图,
063-subSpeedJit,空中礼花,千轮 / 分裂,subSpeedJit,子星初速离散（-1 = 同主星的初速离散）,子花,Sub Bursts (Events),子星初速随机,Sub Velocity Speed Random,False,烟花特性,同一朵子花里各子星初速差多少，决定小花边缘整不整齐；-1 = 跟主层,调大：子花边缘毛、不圆；调小：子花圆而整齐,%,-1–40,-1,正态（σ = 这个百分比）；每颗子星一个；子星初速 × (1 + σ × 正态随机数)。负数时用主层「初速随机」（默认 3%）。例 10% → 约 2/3 的子星初速在 ±10% 内,Niagara 近似：Add Velocity · Velocity Speed 用 Uniform Ranged Float；只影响烘焙出的贴图,任何负数都等于「跟主层」
064-subVt,空中礼花,千轮 / 分裂,subVt,子星终端速度（0 = 同主层）,子花,Sub Bursts (Events),子星终端速度,Sub Star Terminal Speed,False,烟花特性,子星的空气阻力，用终端速度（自由下落最终的速度）表示，越小减速越快；0 = 同主层,调大：子星阻力小、飞得远，子花更大；调小：子星很快停住，子花小而下垂,m/s,0–80,0,,Niagara 近似：Drag（这里是平方阻力，UE 只有线性 Drag）；只影响烘焙出的贴图,0 时用主层的终端速度；只作用于子星，不作用于子弹和火花
065-subGrav,空中礼花,千轮 / 分裂,subGrav,子星下坠（-1 = 同主层）,子花,Sub Bursts (Events),子星重力,Sub Star Gravity Scale,False,烟花特性,子星受的重力倍数（1 = 正常重力）；-1 = 同主层,调大：子花下坠更快、下垂明显；调小：子星飘着不怎么掉，0 = 不受重力,×,-1–3,-1,,Niagara 近似：Gravity Force（子发射器单独设）；只影响烘焙出的贴图,任何负数都等于「同主层」；不影响火花的下坠
066-subFlash,空中礼花,千轮 / 分裂,subFlash,子花开花闪光（-1 = 默认）,子花,Sub Bursts (Events),子花开花闪光,Sub Burst Flash Intensity,False,烟花特性,每朵子花开花那一刻的一团闪光亮度；-1 = 默认（主层开花闪光 × 0.3）,调大：子花开出时「噗」地亮一下；调小：闪光弱，0 = 不闪,,-1–1,-1,,Niagara 近似：Event Handler 生成的一颗短命闪光粒子（Scale Color）；只影响烘焙出的贴图,"任何负数都按默认；闪光大小 = max(1, 0.05 × 子花初速) m，约 0.035 秒衰减、0.25 秒内结束；自动曝光测量时不算这个闪光"
067-spin,空中礼花,蜂,spin,旋转速度,蜂,Bee Motion,旋转速度,Bee Spin Rate,False,烟花特性,蜂：每颗星的飞行方向绕一根轴打转，星沿小圈乱窜；这是打转的角速度,调大：转得更快，圈更小更密；调小：圈更大、接近直线飞，0 = 不转,rad/s,0–40,14,,Niagara 没有现成模块，近似 Vortex Force（或 Scratch Pad 旋转速度方向）；只影响烘焙出的贴图（蜂不能出单束）,每颗星转速在 0.6–1.4 倍之间均匀随机、正反转各半、转轴随机；圈半径 ≈ 推进速度 ÷ 转速（默认 28 ÷ 14 ≈ 2 m）；14 rad/s ≈ 每秒 2.2 圈
068-chaos,空中礼花,蜂,chaos,乱飞程度,蜂,Bee Motion,乱飞程度,Spin Axis Noise,False,烟花特性,打转的那根轴随时间随机漂移的快慢：越大，星的轨迹越没规律,调大：轨迹更乱，像蜜蜂乱窜；调小：规整的螺旋 / 圆圈，0 = 固定轴转圈,,0–3,0.8,正态；每颗星的转轴每一步加一个随机偏移再归一化（随机游走），偏移大小 ∝ 乱飞程度 × √步长,Niagara 近似：Curl Noise Force；只影响烘焙出的贴图,旋转速度 = 0 时不起作用
069-beeSpeed,空中礼花,蜂,beeSpeed,推进速度,蜂,Bee Motion,推进速度,Bee Thrust Speed,False,烟花特性,蜂星自带喷射推进，速度会被拉回这个值、不会被阻力停下；开花 0.15 秒后起作用,调大：星窜得更快，乱飞范围更大；调小：慢慢打转，范围小,m/s,5–80,28,,Niagara 近似：沿速度方向的 Acceleration Force + 限速（Scratch Pad）；只影响烘焙出的贴图,速度回到这个值的时间常数约 0.33 秒；阻力、重力仍然作用，实际速度略低于这个值；圈半径 ≈ 推进速度 ÷ 旋转速度
070-sparkRate,空中礼花,尾缀（炭火火花）,sparkRate,火花密度,尾迹,Trail (Child Emitter),火花生成速率,Spawn Rate,True,通用,每颗星每秒喷出多少粒炭火火花，决定尾迹的密度和总亮度。,调大：尾迹更密、更连续、更亮；调小：尾迹稀成一粒粒，0 = 没有尾迹。,个/秒,0–3000,95,,Niagara：Spawn Rate · Spawn Rate（子发射器，按每个母粒子）；只影响烘焙出的贴图（上升·曲导的搭建说明文字里另给 Cascade 火花发射器 Spawn → Rate）,千轮 / 分裂不用它：母弹用「子弹尾迹密度」、子花用「子花火花密度」。「只让一部分星发光」关掉的星不出火花。地面类是每个喷口（彗星）每秒的火花数。
071-sparkRateEnd,空中礼花,尾缀（炭火火花）,sparkRateEnd,末段火花密度,尾迹,Trail (Child Emitter),末段生成倍率,Spawn Rate End Scale,False,通用,燃烧结束时的火花生成速率是开始时的几倍，中间按燃烧进度线性过渡。,调大（>1）：越烧越密，后段尾迹更浓；调小（<1）：越烧越稀，0 = 到燃烧结束时降到 0。,×,0–2,1,,Niagara：Spawn Rate 乘一条随母粒子燃烧进度的线性曲线；只影响烘焙出的贴图,过渡按整段燃烧算，不按「火花停止时刻」截断后的时长，所以设了停止时刻时到不了这个倍数。上升（曲导）、地面类不起作用。
072-sparkStop,空中礼花,尾缀（炭火火花）,sparkStop,火花只在前几秒（分层星外层，0 = 全程）,尾迹,Trail (Child Emitter),火花停止时刻,Spawn Stop Time,False,烟花特性,每颗星点火后过几秒停止喷火花（星头照亮），用于分层星外层的引き尾巴先停。,调大：火花喷得更久；调小：只在开花初段有尾巴，之后只剩星头；0 = 全程都喷。,s,0–3,0,,Niagara：子发射器在母粒子年龄超过该值后 Spawn Rate 置 0；只影响烘焙出的贴图,从每颗星自己的点火时刻算起（延时点火的星往后推，千轮子花从子花出生算）。开「余烬贯穿全程」时只停普通火花。上升（曲导）、地面类不起作用。
073-sparkStart,空中礼花,尾缀（炭火火花）,sparkStart,火花从第几秒开始（分层星内层 / 末段短尾，0 = 一开始就有）,尾迹,Trail (Child Emitter),火花开始延迟,Spawn Start Delay,False,烟花特性,每颗星点火后过几秒才开始喷火花，前面只有星头，用于分层星内层或末段才出的短尾。,调大：尾巴出现得更晚、只在后段有；调小：尾巴更早出现，0 = 一点火就有。,s,0–6,0,,Niagara：子发射器 Spawn 延迟（母粒子年龄小于该值时 Spawn Rate = 0）；只影响烘焙出的贴图,从每颗星自己的点火时刻算起；「火花起势时间」从这一刻开始计时。上升（曲导）、地面类不起作用。
074-sparkRamp,空中礼花,尾缀（炭火火花）,sparkRamp,火花起势（开始出火花后用几秒从零星到满密度：先零零星星、再连成线；0 = 一开始就满密度）,尾迹,Trail (Child Emitter),火花起势时间,Spawn Ramp-In Time,False,通用,开始喷火花后用几秒从零星几粒涨到满密度（S 形曲线），先零零星星再连成线。,调大：尾巴由稀到密的过程更慢、更明显；调小：很快连成线，0 = 一开始就满密度。,s,0–2,0,,Niagara：Spawn Rate 乘一条按母粒子年龄 0→1 的 S 形淡入曲线；只影响烘焙出的贴图,从「火花开始延迟」之后算起；每颗星的起势时长再由「火花起势随机」打散。4.2.17 新增。上升（曲导）的循环贴图、地面类不起作用。
075-sparkRampJit,空中礼花,尾缀（炭火火花）,sparkRampJit,火花起势随机（每颗星起势快慢不同，± 百分比，均匀分布）,尾迹,Trail (Child Emitter),火花起势随机,Spawn Ramp-In Random,False,通用,每颗星的起势时长各不相同：有的星尾巴先连成线，有的慢一些。,调大：星与星之间尾巴成线的快慢差别更大；调小：所有星同步起势，0 = 完全一样。,%,0–100,30,均匀分布 ±数值%，每颗星一个（同种子固定）；起势时长 = 火花起势时间 × (1 ± x%)，最短 0.01 s。30% = 0.7–1.3 倍。,Niagara：上面淡入曲线的时长按母粒子取 Random Range；只影响烘焙出的贴图,只在「火花起势时间」> 0 时起作用。
076-sparkLife,空中礼花,尾缀（炭火火花）,sparkLife,火花寿命,尾迹,Trail (Child Emitter),火花寿命,Lifetime,True,通用,每粒火花从喷出到消失的时间（中位数），基本决定尾迹的可见长度。,调大：尾迹更长、拖得更久；调小：尾迹变短，只剩星头后面一小截。,s,0.05–4,0.55,,Niagara：Initialize Particle · Lifetime；只影响烘焙出的贴图（上升·曲导的搭建说明文字里另给 Cascade 火花发射器 Lifetime Min / Max = 数值 × 0.64 / × 1.57）,看得见的长度还受「火花冷却比例」影响（冷却快时寿命后段已经很暗）。每粒实际寿命再乘「末段火花寿命」和「火花寿命随机」；银竜上升 × 1.5。
077-sparkLifeEnd,空中礼花,尾缀（炭火火花）,sparkLifeEnd,末段出生火花的寿命,尾迹,Trail (Child Emitter),末段火花寿命,Lifetime End Scale,False,通用,燃烧末段喷出的火花寿命是开头的几倍，中间按出生时的燃烧进度线性过渡。,调大：后来出生的火花拖得更长，尾迹越烧越长；调小：后段尾迹变短。,×,0.05–2,1,,Niagara：Lifetime 乘一条随母粒子燃烧进度的曲线；只影响烘焙出的贴图,只改后来出生的火花，已经喷出的不变；进度从「火花开始」算到「火花停止」或燃烧结束。只对空中花型显示。
078-sparkLifeJit,空中礼花,尾缀（炭火火花）,sparkLifeJit,火花寿命离散,尾迹,Trail (Child Emitter),火花寿命随机,Lifetime Random,False,通用,每粒火花寿命的随机幅度，让火花错落熄灭，尾迹末端不是一刀切。,调大：有的火花很短、有的拖很长，尾端更松散参差；调小：火花差不多同时熄灭，尾端整齐。,%,0–80,45,对数正态：寿命 × e^(x·N)，N 为标准正态，x = 数值/100，每粒火花独立；中位数仍是「火花寿命」。45% = 约 2/3 的火花在 0.64–1.57 倍之间。,Niagara：Initialize Particle · Lifetime Mode = Random（这里是对数正态，不是均匀）；只影响烘焙出的贴图,只对空中花型显示；上升（曲导）和地面类固定按 45%。余烬不受它影响（余烬固定 ±20% 对数正态）。
079-sparkSpread,空中礼花,尾缀（炭火火花）,sparkSpread,尾缀粗细（散布）,尾迹,Trail (Child Emitter),火花速度随机,Velocity Random,False,通用,火花喷出时各方向附加的随机速度，被阻力停下后散开，决定尾迹粗细。,调大：火花向四周散得更开，尾迹更粗更蓬松；调小：火花贴着星的轨迹，尾迹细成一条线。,m/s,0–15,2.5,正态：x / y / z 每轴 σ = 数值 m/s，每粒火花独立，加在继承速度上。横向散开约 σ ÷ 火花阻力：默认 2.5 ÷ 2.2 ≈ 1.1 m（约 2/3 的火花在这范围内）。,Niagara：Add Velocity · Velocity（Random Range Vector）；只影响烘焙出的贴图（上升·曲导的搭建说明文字里另给 Cascade 火花发射器 Initial Velocity ±1.5 × 数值）,尾迹实际粗细 ≈ 本值 ÷「火花阻力」再加「火花大小」；「尾迹粗细」「两端收尖」在它的基础上再缩放。
080-sparkSize,空中礼花,尾缀（炭火火花）,sparkSize,颗粒大小,尾迹,Trail (Child Emitter),火花大小,Sprite Size,True,通用,每粒火花光点的直径（4.0 渲染下是亮核直径），决定尾迹的颗粒感和粗细。,调大：火花更粗、尾迹更饱满（4.0 下也更亮）；调小：火花更细更锐利，也更暗。,m,0.05–2,0.35,,Niagara：Initialize Particle · Sprite Size；只影响烘焙出的贴图（上升·曲导的搭建说明文字里另给 Cascade 火花发射器 Initial Size = 数值 × 2.5）,4.0 渲染按「面亮度 × 面积」出光，变大会变亮；3.7 渲染是高斯光点的 2σ，总光量不随大小变。余烬再乘「余烬大小」。
081-sparkInherit,空中礼花,尾缀（炭火火花）,sparkInherit,跟随星体,尾迹,Trail (Child Emitter),火花继承速度,Inherit Velocity,True,通用,火花出生时带走星体速度的比例，决定火花跟着星跑还是留在原地。,调大：火花跟着星往前冲，尾迹变短、挤在星头后；调小：火花留在原地，尾迹拉得更长。,,0–1,0.2,,Niagara：Inherit Velocity · Velocity Scale；只影响烘焙出的贴图（上升·曲导的搭建说明文字里另给 Cascade 火花发射器 Emitter InitLoc 的 Inherit Source Velocity Scale）,每粒火花另有 × 0.3–1.7 的均匀随机（平均仍是本值）。喷泉 / 瀑布 / 仕掛け / 转轮的喷口火花不继承，本值不起作用。
082-sparkDrag,空中礼花,尾缀（炭火火花）,sparkDrag,火花阻力,尾迹,Trail (Child Emitter),火花阻力,Drag,True,通用,火花相对空气的线性阻力系数，决定火花喷出后多快停下。,调大：火花很快停住，尾迹细、散不开、下垂慢；调小：火花飞得远，尾迹更粗更散、下坠更明显。,1/s,0–8,2.2,,Niagara：Drag · Drag；只影响烘焙出的贴图（上升·曲导的搭建说明文字里另给 Cascade 火花发射器 Drag）,速度每过 1/阻力 秒衰减到 37%（默认约 0.45 s）；下落极限速度 = 9.81 × 火花重力倍率 ÷ 阻力（默认约 4.5 m/s）。风、湍流通过它把火花拉向空气速度。
083-sparkGrav,空中礼花,尾缀（炭火火花）,sparkGrav,火花下坠,尾迹,Trail (Child Emitter),火花重力倍率,Gravity Scale,False,通用,火花受的重力是标准重力（9.81 m/s²）的几倍，决定尾迹往下垂多少。,调大：火花更快往下掉，尾迹向下弯垂；调小：尾迹更直，0 = 不下坠。,×,0–3,1,,Niagara：Gravity Force · Gravity（−981 cm/s² × 倍率）；只影响烘焙出的贴图（上升·曲导的搭建说明文字里另给 Cascade 火花发射器 Const Acceleration Z）,只作用于火花；星体用「开花与燃烧」里的「重力倍率」。下垂幅度还取决于「火花阻力」。
084-T0,空中礼花,尾缀（炭火火花）,T0,初始温度,尾迹,Trail (Child Emitter),火花初始温度,Initial Temperature,False,烘焙器专有,火花刚喷出时的黑体温度：按温度算亮度，再由 Ramp 贴图按亮度上色（越亮越白）。,调大：火花更亮更白、要更久才暗下去；调小：火花更暗、更偏橙红、很快熄灭。,K,1500–2800,2050,,Niagara 无直接对应（近似：Scale Color 随寿命的曲线）；只影响烘焙出的贴图（上升·曲导的搭建说明里换算成 Color Over Life 亮度曲线）,亮度 ∝ ((温度−900)/1150)³：2050 K = 1，2400 K ≈ 2.2，1800 K ≈ 0.48，900 K 以下不发光。每粒火花另有 ±120 K（正态 σ）随机；银竜上升 +250 K。
085-cooling,空中礼花,尾缀（炭火火花）,cooling,冷却速度,尾迹,Trail (Child Emitter),火花冷却比例,Cooling Over Life,False,烘焙器专有,火花一生里温度下降的比例（按寿命线性降温），决定火花沿尾迹变暗的快慢。,调大：火花很快变暗变红，只有星头后那段亮；调小：火花到寿命末尾仍较亮，整条尾迹都亮。,,0–0.8,0.42,,Niagara 无直接对应（近似：Scale Color 随 Normalized Age 下降）；只影响烘焙出的贴图（上升·曲导的搭建说明里换算成 Color Over Life 亮度曲线）,温度 = 初始温度 × (1 − 本值 × 年龄/寿命)。默认 0.42：寿命 28% 处亮度减半，寿命结束时剩约 1.6%。它不是每秒降多少：寿命越长，每秒降得越慢。
086-sparkBright,空中礼花,尾缀（炭火火花）,sparkBright,火花亮度,尾迹,Trail (Child Emitter),火花亮度,Scale Color,True,通用,所有火花（含余烬）的亮度倍数，只改明暗，不改形状。,调大：尾迹整体更亮，容易过曝发白；调小：尾迹整体更暗，0 = 看不见尾迹。,×,0–3,1,,Niagara：Scale Color · Scale RGB；只影响烘焙出的贴图,合并输出（星头、火花在同一张灰度图）时，它和「炭头亮度」一起决定两者的明暗比例。颜色仍由 Ramp 按亮度给，调亮会更偏白。
087-emberFrac,空中礼花,尾缀（炭火火花）,emberFrac,余烬长尾比例（锦冠木炭余烬 / 受光烟迹：暗而长的轨迹线，0 关）,尾迹,Trail (Child Emitter),余烬比例,Ember Fraction,False,烟花特性,喷出的火花里有多少比例变成余烬：寿命长、暗、不降温，沿星的轨迹留下暗长线。,调大：暗长线更多更密，普通火花相应变少；调小：暗长线变少，0 = 关闭。,,0–0.9,0,,Niagara：另开一个子发射器（长寿命、暗、不降温）；只影响烘焙出的贴图,从普通火花里分出来，不是另加：0.1 = 每粒火花 10% 概率变成余烬。用于锦冠木炭余烬 / 受光烟迹。开「松叶分叉」时 GPU 不出余烬；上升（曲导）循环贴图、地面类不起作用。
088-emberLife,空中礼花,尾缀（炭火火花）,emberLife,余烬长尾寿命,尾迹,Trail (Child Emitter),余烬寿命,Ember Lifetime,False,烟花特性,余烬的寿命（中位数），决定暗长线拖多长、留多久。,调大：暗长线更长、留得更久；调小：暗长线变短、很快消失。,s,0.3–8,3,,Niagara：余烬子发射器的 Initialize Particle · Lifetime；只影响烘焙出的贴图,每粒另有对数正态随机 e^(0.2·N)（约 2/3 在 0.82–1.22 倍）；不受「末段火花寿命」「火花寿命随机」影响。寿命长的余烬会被重力拖着往下沉。
089-emberBright,空中礼花,尾缀（炭火火花）,emberBright,余烬长尾亮度（× 新火花）,尾迹,Trail (Child Emitter),余烬亮度,Ember Brightness,False,烟花特性,余烬刚喷出时的亮度，是同温度新火花的几倍；之后随寿命指数变暗。,调大：暗长线更显眼；调小：暗长线更淡，只隐约可见。,×,0.005–1,0.1,,Niagara：余烬子发射器的 Scale Color + 随寿命下降的曲线；只影响烘焙出的贴图,亮度随寿命 × e^(−2·年龄/寿命)（结束时约 13.5%），最后 25% 寿命再平滑淡到 0。余烬不降温，不受「火花冷却比例」影响；还要乘「火花亮度」。
090-emberFollow,空中礼花,尾缀（炭火火花）,emberFollow,随母星熄灭（受光烟迹：星灭后几秒内淡掉，0 = 按自身寿命）,尾迹,Trail (Child Emitter),余烬随星淡出,Ember Fade After Star,False,烟花特性,星停止喷火花后，余烬在几秒内一起淡掉（受光烟迹：照亮它的星灭了就看不见）。,调大：星灭后暗长线留得更久才淡掉；调小：星一灭暗长线很快消失；0 = 按余烬自己的寿命。,s,0–3,0,,Niagara：余烬 Scale Color 乘母粒子死亡后的淡出曲线（要靠母粒子事件）；只影响烘焙出的贴图,淡出从星结束前 0.15 s 开始。GPU 内核以「火花停止时刻」为准，CPU 内核以星燃烧结束为准：设了「火花停止时刻」又没开「余烬贯穿全程」时两者不同。
091-emberSize,空中礼花,尾缀（炭火火花）,emberSize,余烬长尾粗细（× 颗粒）,尾迹,Trail (Child Emitter),余烬大小,Ember Size Scale,False,烟花特性,余烬光点的大小是普通火花的几倍，决定暗长线的粗细。,调大：暗长线更粗（4.0 下也更亮）；调小：暗长线更细。,×,0.2–2,1,,Niagara：余烬子发射器的 Initialize Particle · Sprite Size；只影响烘焙出的贴图,实际大小 = 火花大小 × 本值。
092-emberEnd,空中礼花,尾缀（炭火火花）,emberEnd,光丝整体熄灭时刻（受光烟迹：星转点灭、色光变弱后烟迹一起暗掉，0 关）,尾迹,Trail (Child Emitter),余烬整体熄灭,Ember Global Fade Time,False,烟花特性,开花后第几秒让所有余烬一起暗掉（星转点灭、色光变弱后烟迹一起消失）。,调大：暗长线保留到更晚；调小：暗长线更早统一消失；0 = 关闭。,s,0–10,0,,Niagara：余烬 Scale Color 乘按 Emitter Age 的淡出曲线；只影响烘焙出的贴图,按开花后的绝对时间算（不是每颗星自己的时间）：该时刻前 0.6 s 开始淡，后 0.3 s 完全消失。
093-emberAll,空中礼花,尾缀（炭火火花）,emberAll,余烬贯穿整个燃烧期（1 = 不受「火花只在前几秒」限制：外层引き火花先停，光丝一直跟到星头）,尾迹,Trail (Child Emitter),余烬贯穿全程,Embers Through Full Burn,False,烟花特性,开关：1 = 「火花停止时刻」只停普通火花，余烬一直喷到星烧完，光丝跟到星头。,调大（设 1）：普通火花先停，暗长线一直跟着星头；调小（设 0）：余烬和普通火花同一时刻停。,,0–1,0,,Niagara：余烬子发射器不受普通火花停止时间的限制；只影响烘焙出的贴图,只在「火花停止时刻」> 0 时有区别；停止后余烬密度 = 火花生成速率 × 余烬比例。GPU 内核里同时设了「火花开始延迟」时，普通火花的停止会多推后一个开始延迟（CPU 不会）。
094-twinkle,空中礼花,尾缀（炭火火花）,twinkle,火花闪烁,尾迹,Trail (Child Emitter),火花闪烁随机,Twinkle Random,False,通用,每粒火花亮度的快速随机跳动，模拟炭火火花闪烁的颗粒感。,调大：火花忽明忽暗更明显、尾迹更有颗粒感；调小：尾迹亮度平滑，0 = 不闪。,,0–1,0.6,均匀分布 ±数值：亮度 × (1 ± x)，每粒火花独立，4.0 下每 1/240 秒重抽一次。0.6 = 亮度在 0.4–1.6 倍之间跳。,Niagara：Scale Color 乘每帧的随机数（Random Range Float）；只影响烘焙出的贴图,一帧的快门时间内会采好几次再平均，贴图里的闪烁比数值看起来小，快门越长越平。星头的闪烁是「炭头」节的「闪烁强度」。
095-tailJit,空中礼花,尾迹外形,tailJit,粗细随机（星与星、火花与火花之间的粗细差别）,尾迹外形,Trail Shape,火花大小随机,Trail Size Random,False,通用,让星与星、火花与火花的光点大小不同：有的尾迹粗有的细，同一条里颗粒也有大有小。,调大：线与线粗细差别更大、颗粒更参差；调小：所有尾迹一样粗，0 = 原样。,,0–1,0,两层相乘：每颗星一个倍数，均匀分布 ±0.6×数值（最小 0.15 倍）；每粒火花再乘对数正态 e^(0.35×数值×N)。1 = 每颗星 0.4–1.6 倍。,Niagara：Initialize Particle · Sprite Size 用 Random Range（按母粒子 + 每粒）；只影响烘焙出的贴图,只改光点大小，不改横向散开；4.0 下大的也更亮。只在 GPU 内核里有（CPU 内核不起作用）；余烬、分叉火花也受影响。
096-tailShoulder,空中礼花,尾迹外形,tailShoulder,亮肩（正：靠近星头的火花更大更亮、尾端更细更暗；负：反过来）,尾迹外形,Trail Shape,尾迹亮肩,Trail Shoulder,False,通用,按火花年龄改大小和亮度：正值让刚喷出的（靠星头）火花更大更亮，老火花更细更暗。,调大（正）：星头后那段更粗更亮、尾巴收细变暗；调小（负）：反过来，尾端更粗更亮；0 = 原样。,,-1–1,0,,Niagara：Scale Sprite Size + Scale Color 随 Normalized Age 的曲线；只影响烘焙出的贴图,0.5 = 新火花大小 ×1.4、亮度 ×1.24，寿命末大小 ×0.6、亮度 ×0.76。按年龄不按位置。只在 GPU 内核里有；余烬也受影响，分叉火花不受。
097-tailWidth,空中礼花,尾迹外形,tailWidth,尾迹粗细（火花横向散开和颗粒大小的倍数；1 = 原样）,尾迹外形,Trail Shape,尾迹粗细,Trail Width Scale,False,烘焙器专有,整条尾迹的横向粗细倍数：放大火花的横向散开，光点大小按平方根跟着变。,调大：尾迹更宽更蓬松；调小：尾迹更细更紧；1 = 原样。,×,0.3–3,1,,Niagara 无直接对应（近似：Add Velocity 的随机部分 × 倍数，再放大 Sprite Size）；只影响烘焙出的贴图,2 = 散开距离 ×2、光点 ×1.41。和「火花速度随机」相乘，「尾迹扩散」的漂移也乘它。只在 GPU 内核里有；余烬不受影响。
098-tailPinchHead,空中礼花,尾迹外形,tailPinchHead,星头端收尖（梭形：靠星头那截细，0 = 原样，1 = 最尖）,尾迹外形,Trail Shape,星头端收尖,Head Taper,False,烘焙器专有,梭形尾迹：靠星头那一截收细（散开变窄、光点变小），往「最粗处」逐渐放开。,调大：星头后面更尖细，1 = 星头处完全不散开、光点减半；调小：和中段一样粗，0 = 原样。,,0–1,0,,Niagara 无直接对应（类似 Ribbon Renderer 按位置的宽度曲线）；只影响烘焙出的贴图,位置按火花出生点离星头的距离算（不按年龄）。只在 GPU 内核里有；余烬不受影响。
099-tailPinchTail,空中礼花,尾迹外形,tailPinchTail,尾端收尖（梭形：尾巴末端细，0 = 原样，1 = 最尖）,尾迹外形,Trail Shape,尾端收尖,Tail Taper,False,烘焙器专有,梭形尾迹：尾巴末端收细，最粗处之后那半段也稍微变暗。,调大：尾端更尖更暗，1 = 末端不散开、光点减半、亮度 ×0.6；调小：尾端和中段一样，0 = 原样。,,0–1,0,,Niagara 无直接对应（类似 Ribbon Renderer 按位置的宽度曲线）；只影响烘焙出的贴图,位置按火花出生点离星头的距离算（不按年龄）。只在 GPU 内核里有；余烬不受影响。
100-tailBellyAt,空中礼花,尾迹外形,tailBellyAt,最粗处（沿尾迹：0 = 星头，1 = 尾端）,尾迹外形,Trail Shape,最粗处位置,Widest Point,False,烘焙器专有,梭形尾迹最粗的地方在尾迹上的位置：0 = 星头，1 = 尾端。,调大：鼓起的地方往尾端移；调小：鼓起的地方靠近星头。,,0.1–0.9,0.45,,Niagara 无直接对应（类似 Ribbon Renderer 按位置的宽度曲线）；只影响烘焙出的贴图,"只在「星头端收尖」或「尾端收尖」> 0 时起作用。尾迹全长按星在「火花寿命」× max(1, 末段火花寿命) 秒内走过的直线距离估计。"
101-headTear,空中礼花,尾迹外形,headTear,泪滴星头（沿运动方向拉出尖尾，速度越快越长）,尾迹外形,Trail Shape,泪滴星头,Head Teardrop,False,烘焙器专有,在星头后面沿运动反方向补几颗渐小渐暗的光点，把圆星头拉成泪滴形。,调大：泪滴尾更长更明显；调小：星头更圆，0 = 原样。,,0–1,0,,Niagara：近似 Sprite Renderer Alignment = Velocity Aligned + Scale Sprite Size by Speed；只影响烘焙出的贴图,长度 = 数值 × (2 × 星头大小 + 0.025 × 星速)：取 1、星头 1 m、100 m/s 约 4.5 m；补 4 颗点，亮度降到 25%、大小降到 30%。改的是星头不是火花，CPU / GPU 内核都有。
102-sparkRise,空中礼花,尾迹外形,sparkRise,火花烧旺时间（刚离开星时还没烧旺：靠星头那截暗、偏红，中段最亮；0 = 一出来就最亮）,尾迹外形,Trail Shape,火花烧旺时间,Spark Fade-In Time,False,通用,火花刚离开星时还没烧旺，亮度要过一段时间才升上来，所以靠星头那截偏暗。,调大：星头后面暗的那截更长，最亮处往尾迹中段移；调小：火花一出来就最亮，0 = 原样。,s,0–1,0,,Niagara：Scale Color 随粒子年龄的淡入曲线；只影响烘焙出的贴图,亮度 × (1 − e^(−年龄/本值))：年龄到本值时 63%，3 倍时 95%。不改温度，「偏红」来自 Ramp 把暗处映成橙红。只在 GPU 内核里有；余烬、分叉火花不受影响。
103-starBright,空中礼花,尾迹外形,starBright,每颗星亮度离散（有的线亮、有的线暗；对数标准差）,尾迹外形,Trail Shape,尾迹亮度随机,Trail Brightness Random,False,通用,每颗星的整条尾迹一个亮度倍数，让有的线亮、有的线暗；星头亮度不变。,调大：线与线的明暗差别更大；调小：所有尾迹一样亮，0 = 原样。,,0–1,0,对数正态，σ = 数值（对数标准差），每颗星一个，平均亮度保持不变。0.5 = 约 2/3 的星尾迹亮度在 0.53–1.46 倍。,Niagara：子发射器按母粒子的随机数乘 Scale Color；只影响烘焙出的贴图,只改火花（含余烬、分叉火花），不改星头。只在 GPU 内核里有。
104-tailHaze,空中礼花,尾迹外形,tailHaze,线间底光（受光的烟 / 分辨不出的细火花，把线之间的黑填一点）,尾迹外形,Trail Shape,线间底光,Trail Haze,False,烘焙器专有,把尾迹的光大范围模糊后按比例加回去，像受光的烟或分辨不出的细火花，填一点线间的黑。,调大：线与线之间更亮、整体更朦胧；调小：线间更黑、线更清楚；0 = 关闭。,,0–0.2,0,,Niagara 无对应（烘焙时的模糊叠加）；只影响烘焙出的贴图,加上的光量 = 本值 × 尾迹总光量（0.02 = 2%）。只作用于火花，不含星头；只在 4.0 渲染、空中花型里有，CPU / GPU 内核都有。
105-tailHazeR,空中礼花,尾迹外形,tailHazeR,线间底光半径,尾迹外形,Trail Shape,线间底光半径,Trail Haze Radius,False,烘焙器专有,线间底光晕开的范围：底光从每条尾迹向外铺多远。,调大：底光铺得更开、更均匀；调小：底光贴着尾迹，像一圈光晕。,m,1–30,6,,Niagara 无对应（烘焙时的模糊叠加）；只影响烘焙出的贴图,高斯 σ = 半径 ÷ 2（默认 σ = 3 m）。只在「线间底光」> 0 时起作用。
106-riseStyle,上升 / 尾缀序列,上升,riseStyle,曲导种类,上升,Rise,曲导种类,Rise Style,False,烟花特性,上升段的种类：金色尾、银色长尾、无尾暗升、途中开小花、空中分叉、鸣笛、螺旋上升。,下拉选择：金色 = 普通金尾；银竜 = 尾迹更多、更白、更长；暗升 = 几乎看不见；昇り小花 = 途中侧抛几朵小花；分砲 = 升到约一半分成几支；笛 = 火花很少、星头每秒忽明忽暗 9 次；螺旋 = 绕圈上升,,gold 金色曲导 / silver 银竜（银色长尾） / dark 暗升（无尾） / kobana 昇り小花 / bunpo 分砲（空中分叉） / fue 笛（鸣笛） / spiral 螺旋,gold（金色曲导）,,Niagara 无直接对应：各种类改的是尾迹的 Spawn Rate、Lifetime、温度和星头 Scale Color；分叉、小花相当于 Generate Death / Location Event 生出子发射器。写进 Cascade 参数表：银竜 / 笛 / 暗升 改尾迹火花 Spawn Rate，螺旋写成 Orbit,导出「星头循环」（默认）时贴图里只体现暗升（星头 ×0.08、无火花）、笛（星头一循环明暗 3 次）、银竜（火花更热、寿命 ×1.5）；银竜加密、笛减火花只写进参数表。小花、分叉只出现在实时模拟和「整段上升序列（大面片）」里。尾缀序列（V5）不显示此项。
107-riseH,上升 / 尾缀序列,上升,riseH,开花高度,弹道,Shell Ballistics,开花高度,Burst Height,False,烟花特性,弹体从地面升到开花点的高度；和终端速度一起反算出膛速度和升空时间。,调大：出膛更快、升空更久，出膛时尾迹更长；调小：升空时间短、速度慢、尾迹短。,m,50–800,250,,Niagara：相当于 Add Velocity · Velocity Speed + Drag + Lifetime（到顶时间）。写进 cascade.json（尾缀序列 RiseLoop：InitialVelocity Z、Drag、Lifetime / Duration、Size By Life Y；消散发射器的 Delay 和起始高度）；星头循环写进 Cascade 参数表,例：250 m、终端速度 55 m/s → 出膛约 111 m/s、6.2 s 到顶。尾缀序列（V5）里它基本不改贴图（只改消散从循环第几帧接上），改的是引擎里的弹道、时长和尾迹随速度伸缩。曲导选了「号数」时会被号数改写。
108-vtShell,上升 / 尾缀序列,上升,vtShell,弹体终端速度,弹道,Shell Ballistics,弹体终端速度,Shell Terminal Velocity,False,通用,弹体自由下落最终能达到的速度，用来表示弹体受的空气阻力（平方阻力）。,调大：阻力小，同样高度出膛速度更低、升空更久、减速更平缓；调小：阻力大，出膛要更快、前快后慢更明显。,m/s,20–120,55,,Niagara：Drag（真实平方阻力拟合成线性阻力后，写进 cascade.json / Cascade 参数表的 Drag 和 Initial Velocity）,和开花高度一起决定弹道。数值很小时反算的出膛速度会大得不现实（20 m/s、250 m 时约 9000 m/s）；三档尾缀模板用 35 / 45 / 90。
109-seed,上升 / 尾缀序列,上升,seed,随机种子,发射器,Emitter Properties,随机种子,Random Seed,True,通用,换一组随机数：火花位置、星头闪烁、摆动里的随机漂移重新抽，其他参数不变。,数值大小没有意义：换一个数 = 换一次随机结果；同一个数每次结果完全一样。,,1–999,7,,Niagara：Emitter Properties · Random Seed（Deterministic Random）；只影响烘焙出的贴图,只在曲导（不是尾缀序列）时显示；尾缀序列的种子在「尾缀序列 · 形态」里，是同一个字段。
110-wobble,上升 / 尾缀序列,上升,wobble,摆动幅度,弹道,Shell Ballistics,摆动幅度,Wobble Amplitude,False,通用,弹体上升时左右摆的横向速度；螺旋种类时是绕圈的速度。,调大：之字形摆得更开，随机横漂也更多；调小：更直，0 = 直线上升。,m/s,0–30,0,,Cascade：写进参数表的 Orbit（Offset Amount = 幅度 ÷ (2π × 频率)，Rotation Rate = 频率）；Niagara 近似 Curl Noise Force / 正弦偏移。星头循环贴图本身是直的,横向位移约 = 幅度 ÷ (2π × 摆动频率)，例：5 m/s、1.6 Hz ≈ ±0.5 m；另叠一点随机横漂（正态，约 0.4 × 幅度 / √秒）。螺旋种类时不足 10 按 10 m/s。只在实时模拟和整段上升序列里画出来，星头循环靠 Cascade Orbit。
111-wobbleHz,上升 / 尾缀序列,上升,wobbleHz,摆动频率,弹道,Shell Ballistics,摆动频率,Wobble Frequency,False,通用,弹体左右摆（或螺旋绕圈）每秒几个来回。,调大：摆得更密、每次偏得更少；调小：摆得更慢、更舒展。,Hz,0.2–6,1.6,,Cascade：参数表 Orbit · Rotation Rate（圈/秒）；Niagara 近似正弦偏移的频率,摆动幅度为 0 且不是螺旋种类时不起作用。
112-kobanaN,上升 / 尾缀序列,上升,kobanaN,小花数量,上升,Rise,小花数量,Rising Flower Count,False,烟花特性,昇り小花：上升途中从弹体侧面抛出几颗小星，各自很快开成一朵小花。,调大：途中开的小花更多、更密；调小：更少更稀。,朵,1–12,4,,Niagara：相当于 Generate Location Event + 子发射器 Spawn Burst Instantaneous；只影响烘焙出的贴图（只在整段上升序列里）,只在曲导种类 = 昇り小花 时显示。按上升时间均匀分布（第 k 朵在 (k+0.6)/(N+0.6) 处）；每颗小星侧飞 0.35–0.45 s 后开成 10 颗星、约 16 m/s、亮约 0.55 s 的小花。「星头循环」导出里没有小花。
113-bunpoN,上升 / 尾缀序列,上升,bunpoN,分叉数量,上升,Rise,分叉数量,Split Count,False,烟花特性,分砲：升到一半左右时弹体分成几支，扇形散开继续往上。,调大：分出的支数更多（扇面总宽不变，支与支更密）；调小：更少。,支,2–6,3,,Niagara：相当于 Generate Death Event 生出 N 个子粒子；只影响烘焙出的贴图（只在整段上升序列里）,只在曲导种类 = 分砲 时显示。在上升时间的 45% 处分叉，各支落在约 ±26° 的扇面里，速度 ×0.95、火花 ×0.7、亮度 ×0.8，烧到原本的到顶时刻。「星头循环」导出里没有分叉。
114-trPhys,上升 / 尾缀序列,尾缀序列 · 形态,trPhys,粒子模型（0 = V5 原版，1 = 物理：物理尾缀的三层喷出物）,发射器,Emitter Properties,粒子模型,Particle Model,False,烘焙器专有,尾缀序列的火花用哪套模型：0 = V5 原版四层火花，1 = 物理尾缀的三层喷出物。,0：用本节和「星头」「火花（四层）」的参数；1：换成物理模型（火粉、金火花、落火），改用「物理尾缀 · …」各节的参数。,,0–1,0,,只影响烘焙出的贴图（取景、格子、cascade.json 两种模型一样）,设为 1 时本节的继承速度、阻力、扭动等和「星头」「火花（四层）」两节都隐藏；烘焙上升速度、快门跟拍、随机种子仍然有效。物理模型的燃气焰长度为 0 时，星头仍按隐藏起来的「星头」节数值画。
115-trV,上升 / 尾缀序列,尾缀序列 · 形态,trV,上升速度（烘焙时）,弹道,Shell Ballistics,烘焙上升速度,Bake Rise Speed,False,烘焙器专有,烘贴图时假设弹体匀速上升的速度；火花被甩在身后，尾迹长度主要由它决定。,调大：贴图里的尾迹更长、更直；调小：更短，火花更挤在星头后面。,m/s,10–150,43.5,,Niagara 无直接对应（相当于面片的参考速度）；引擎里按真实弹道速度 ÷ 这个速度写成 Size By Life Y（cascade.json），出膛快时拉长、到顶时缩短,宜接近上升途中的典型速度（三档模板 33.7 / 43.5 / 74.7）。尾迹长度 ≈ 烘焙上升速度 ×（1 − 继承速度）× 寿命。快门跟拍时的拖影长度也和它成正比。
116-trInh,上升 / 尾缀序列,尾缀序列 · 形态,trInh,火花跟随弹体,尾迹,Trail (Child Emitter),火花继承速度,Inherit Velocity,True,通用,火花出生时带走弹体速度的比例：0 = 原地留在空中，越大越跟着星头往上走。,调大：火花贴着星头走，尾迹变短、更紧；调小：火花留在空中，尾迹更长。,,0–0.8,0.1,,Niagara：Inherit Velocity · Velocity Scale；只影响烘焙出的贴图,四层共用。白热 / 金色 / 橙色火花每粒再乘 0.6–1.4（均匀随机）；丝状火花不乘随机。
117-trDrag,上升 / 尾缀序列,尾缀序列 · 形态,trDrag,火花阻力,尾迹,Trail (Child Emitter),火花阻力,Drag,True,通用,火花在空气里减速的快慢（线性阻力：每秒按这个比例衰减速度）。,调大：火花很快停住，尾迹更细、下坠更慢；调小：火花滑得更远，尾迹更粗。,1/s,0.3–10,3,,Niagara：Drag · Drag；只影响烘焙出的贴图,四层共用。横向散开距离 ≈ 散开速度 ÷ 阻力；下坠终速 ≈ 9.81 × 火花重力 ÷ 阻力。
118-trGrav,上升 / 尾缀序列,尾缀序列 · 形态,trGrav,火花下坠,尾迹,Trail (Child Emitter),火花重力倍率,Gravity Scale,False,通用,火花受的重力倍数（1 = 真实重力）。,调大：老火花下坠更快，尾迹末段拉得更长；调小：火花更像停在空中。,×,0–2,0.3,,Niagara：Gravity Force · Gravity（× 倍数）；只影响烘焙出的贴图,四层共用；阻力大时下坠速度被限制在 9.81 × 倍数 ÷ 阻力 以内。
119-trCool,上升 / 尾缀序列,尾缀序列 · 形态,trCool,冷却快慢,尾迹,Trail (Child Emitter),冷却倍率,Cooling Rate Scale,False,烘焙器专有,火花温度随寿命下降快慢的倍数；温度越低越暗，按 Ramp 越偏橙红。,调大：火花离开星头后很快变暗变红，尾迹可见部分变短；调小：一直亮到寿命末尾。,×,0.3–2,1,,Niagara 无直接对应（相当于 Color / Scale Color 随寿命的曲线）；只影响烘焙出的贴图,乘在四层各自的冷却量上（白热 0.46、金色 0.42、橙色 0.34、丝状 0.6，每层最多到 0.95）。寿命最后 30% 另有渐暗到 0，与它无关。
120-trIgnite,上升 / 尾缀序列,尾缀序列 · 形态,trIgnite,火花燃旺时间,尾迹,Trail (Child Emitter),火花烧旺时间,Spark Warm-Up Time,False,烘焙器专有,火花刚离开星头时还没烧旺，过这么久才到最亮；星头紧后面会暗一小段。,调大：星头和亮尾之间的暗缝更长；调小：火花一出来就亮，0 = 关。,s,0–0.6,0,,只影响烘焙出的贴图（Niagara 里相当于 Scale Color 随寿命从 0 升到 1 的一段）,每粒火花的烧旺时间再乘 0.6–1.4（均匀随机）；丝状火花不受影响。和大面片「尾迹外形」里的「火花烧旺时间」同一个意思。三档模板 0 / 0.04 / 0.08。
121-trTwist,上升 / 尾缀序列,尾缀序列 · 形态,trTwist,螺旋扭动幅度,尾迹外形,Trail Shape,扭动幅度,Twist Amplitude,False,烘焙器专有,尾迹左右弯成波浪的幅度；星头本身走直线，波浪随时间沿尾迹往下流。,调大：尾迹弯得更厉害，像曲导打旋；调小：更直，0 = 不弯。,m,0–6,0.35,,只影响烘焙出的贴图（波浪烘在贴图里，引擎里不用 Orbit）,主波（× 1）、半频波（× 0.45）、高频波（× 0.12）叠加，最大偏移约 1.5 倍幅度。只是画面平面里的左右波浪，不是三维螺旋（旧名里的「螺旋」不准确）。
122-trTwistN,上升 / 尾缀序列,尾缀序列 · 形态,trTwistN,每个循环扭几圈,尾迹外形,Trail Shape,扭动圈数,Twist Cycles Per Loop,False,烘焙器专有,一个循环（64 帧 ≈ 2.13 秒）里主波浪摆几个来回；取整数，首尾才能接上。,调大：波浪更密、波长更短；调小：波浪更舒展。,圈,1–8,5,,只影响烘焙出的贴图,波长 ≈ 烘焙上升速度 × 2.13 s ÷ 圈数，默认 43.5 × 2.13 ÷ 5 ≈ 18.6 m。细碎扭动的频率也随它略变。扭动幅度为 0 时不起作用。
123-trWiggle,上升 / 尾缀序列,尾缀序列 · 形态,trWiggle,细碎抖动,尾迹外形,Trail Shape,细碎扭动,Fine Wiggle Amplitude,False,烘焙器专有,叠在大波浪上的高频小弯（米），让尾迹不那么光滑规整。,调大：尾迹边缘更毛糙、细碎弯折更多；调小：只剩大波浪，0 = 关。,m,0–1,0.08,,只影响烘焙出的贴图,不是每粒火花各自随机抖，而是三组固定频率（每循环 11+圈数、17+圈数、29 次）的小波浪，幅度 × 1 / 0.7 / 0.4，相位由种子定，所以首尾仍能接上。
124-trTwistLag,上升 / 尾缀序列,尾缀序列 · 形态,trTwistLag,扭动滞后（星头走直线，火花离开后多久漂到波形上）,尾迹外形,Trail Shape,扭动滞后,Twist Lag,False,烘焙器专有,火花离开星头后要多久才漂到波浪位置上；星头附近因此保持笔直。,调大：星头后笔直的一段更长，波浪从更下面才出现；调小：波浪一直贴到星头，0 = 一出生就在波形上。,s,0–1.5,0.35,,只影响烘焙出的贴图,按指数逼近：离开 1 倍滞后时间时到 63% 波幅，3 倍时约 95%。扭动幅度、细碎扭动都为 0 时不起作用。
125-trFollow,上升 / 尾缀序列,尾缀序列 · 形态,trFollow,快门跟拍（1 = 火星拖成短竖线，像跟拍的实拍；0 = 固定机位，火星是圆点）,烘焙输出,Bake Output,快门跟拍,Follow Camera Shutter,False,烘焙输出,快门期间相机是否跟着星头走：1 = 跟拍，火花相对星头下退成短竖线；0 = 固定机位。,1：火花是短竖线、星头是圆点（像跟拍的实拍）；0：火花是圆点、星头被拉出一小段亮线。,,0–1,0,,只影响烘焙出的贴图（相当于沿竖直方向的运动模糊）,拖影长度 ≈ 烘焙上升速度 × 快门 × 1/30 s，要和「快门」一起看：三档模板快门 0.05，拖影只有几厘米。三档模板都是 1。
126-seed,上升 / 尾缀序列,尾缀序列 · 形态,seed,随机种子,发射器,Emitter Properties,随机种子,Random Seed,True,通用,换一组随机数：每粒火花的方向、寿命、大小、亮度和波浪相位重新抽。,数值大小没有意义：换一个数 = 换一次随机结果；同一个数每次结果完全一样。,,1–999,7,,Niagara：Emitter Properties · Random Seed；只影响烘焙出的贴图,和「上升」节的随机种子是同一个字段；粒子模型 = 1 时也用它。
127-trHeadSize,上升 / 尾缀序列,尾缀序列 · 星头,trHeadSize,星头大小,外观,Particle Appearance,星头大小,Head Sprite Size,True,通用,星头亮核的直径（米，按光点 2σ 算）；光晕按它的倍数放大。,调大：星头更大更圆，光晕跟着变大；调小：更小更尖锐。,m,0.03–2,0.26,,Niagara：Initialize Particle · Sprite Size；只影响烘焙出的贴图,也决定面片顶端留白（≥ 星头大小 × 光晕倍数 × 0.9）。三档模板 0.09 / 0.12 / 0.08。
128-trHeadBright,上升 / 尾缀序列,尾缀序列 · 星头,trHeadBright,星头亮度,外观,Particle Appearance,星头亮度,Head Scale Color,True,通用,星头亮核和光晕的亮度倍数，自带 ±12% 的周期性闪烁。,调大：实时模拟里星头更亮；调小：更暗。导出贴图里基本被自动曝光抵消（见备注）。,×,0–4,1.2,,Niagara：Scale Color；只影响烘焙出的贴图,尾缀序列（3.7 渲染）导出时星头单独自动曝光，只调这个值，贴图里的星头亮度基本不变（只在实时模拟里、重新烘焙前看得出），还可能间接影响取景（星头越亮，尾端暗火花越容易被判成看不见而裁掉）。尾缀序列界面上目前没有能调星头与尾迹明暗比例的有效参数。
129-trHalo,上升 / 尾缀序列,尾缀序列 · 星头,trHalo,光晕大小（× 星头）,外观,Particle Appearance,光晕大小,Halo Size Scale,False,烘焙器专有,星头外面那圈柔光的直径，是星头大小的几倍。,调大：光晕更大更散，面片顶端留白更多；调小：光晕收紧，1 = 和星头一样大。,×,1–8,3,,只影响烘焙出的贴图（光晕烘在贴图里）,光晕总光量按 倍数² 放大，所以中心亮度只由「光晕亮度」决定。光晕只在 3.7 渲染里画（尾缀序列目前都是 3.7）。
130-trHaloBright,上升 / 尾缀序列,尾缀序列 · 星头,trHaloBright,光晕亮度,外观,Particle Appearance,光晕亮度,Halo Brightness,False,烘焙器专有,光晕中心的亮度，是星头亮核中心亮度的几分之几。,调大：星头周围的柔光更明显；调小：更像一个干净的亮点，0 = 没有光晕。,×,0–1,0.15,,只影响烘焙出的贴图,和亮核一起自动曝光，改的是光晕相对亮核的比例，导出后有效。
131-trFRate,上升 / 尾缀序列,尾缀序列 · 火花（四层）,trFRate,白热细火花 · 密度,白热火粉,Hot Dust,生成速率,Spawn Rate,True,通用,星头后面连续白亮段的细火花，每秒喷出多少粒。,调大：白热段更密更连贯；调小：变稀、断成点，0 = 关掉这一层。,个/秒,0–20000,2600,,Niagara：Spawn Rate · SpawnRate；只影响烘焙出的贴图,为了首尾无缝，按每循环整数粒取整（2600/秒 ≈ 每循环 5547 粒）。初温 2520 K、冷却 0.46，白热段长度 ≈ 烘焙上升速度 × 寿命。
132-trFLife,上升 / 尾缀序列,尾缀序列 · 火花（四层）,trFLife,白热细火花 · 寿命,白热火粉,Hot Dust,寿命,Lifetime,True,通用,每粒白热火花从喷出到熄灭的时间，决定白热段有多长。,调大：白热段拉长、更往下延伸；调小：只剩星头后面一小截。,s,0.03–2,0.6,,Niagara：Initialize Particle · Lifetime；只影响烘焙出的贴图,每粒自带寿命随机：× e^(0.3 × 正态)，限制在 0.55–1.35 倍；寿命最后 30% 渐暗到 0。
133-trFSpread,上升 / 尾缀序列,尾缀序列 · 火花（四层）,trFSpread,白热细火花 · 散布,白热火粉,Hot Dust,速度随机,Velocity Random,False,通用,白热火花喷出时随机散开的速度，决定这一层有多粗。,调大：白热段更粗、更蓬松；调小：更细，像一根线。,m/s,0–6,0.45,正态分布：每粒火花在三个方向上各取 σ = 散开速度 的随机速度（0.45 = 约 2/3 的火花每个方向在 ±0.45 m/s 内）。,Niagara：Add Velocity（随机范围，正态）；只影响烘焙出的贴图,横向散开距离 ≈ 散开速度 ÷ 火花阻力（默认 0.45 ÷ 3 ≈ 0.15 m）。
134-trFSize,上升 / 尾缀序列,尾缀序列 · 火花（四层）,trFSize,白热细火花 · 颗粒,白热火粉,Hot Dust,大小,Sprite Size,True,通用,每粒白热火花光点的直径（米，按光点 2σ 算）。,调大：白热段更粗更糊、连成片；调小：更细、颗粒感更强。,m,0.02–1,0.1,,Niagara：Initialize Particle · Sprite Size；只影响烘焙出的贴图,每粒再乘 0.7–1.3（均匀随机）。小到不足约一个像素时按最小光点画，再小也看不出区别。
135-trFBright,上升 / 尾缀序列,尾缀序列 · 火花（四层）,trFBright,白热细火花 · 亮度,白热火粉,Hot Dust,亮度,Scale Color,True,通用,白热火花的亮度倍数；实际亮度还乘温度（越热越亮）和寿命末段渐暗。,调大：白热段相对另外几层更亮更白；调小：更暗。,×,0–0.5,0.03,,Niagara：Scale Color；只影响烘焙出的贴图,每粒再乘 0.55–1.45（均匀随机）。导出时四层火花一起自动曝光：四层同时调大调小，贴图看不出变化，只有层与层之间的比例有效。
136-trMRate,上升 / 尾缀序列,尾缀序列 · 火花（四层）,trMRate,金色火星 · 密度,金火花,Gold Sparks,生成速率,Spawn Rate,True,通用,尾迹中段一团团的金色火花，每秒喷出多少粒。,调大：中段金色更密、连成片；调小：更稀，0 = 关掉这一层。,个/秒,0–8000,600,,Niagara：Spawn Rate · SpawnRate；只影响烘焙出的贴图,为了首尾无缝，按每循环整数粒取整（600/秒 ≈ 每循环 1280 粒）。初温 2260 K、冷却 0.42，比白热火花凉，所以偏金。
137-trMLife,上升 / 尾缀序列,尾缀序列 · 火花（四层）,trMLife,金色火星 · 寿命,金火花,Gold Sparks,寿命,Lifetime,True,通用,每粒金色火花的寿命，决定金色段往下拖多长。,调大：金色段更长；调小：金色段缩短、更靠近星头。,s,0.05–3,0.75,,Niagara：Initialize Particle · Lifetime；只影响烘焙出的贴图,每粒自带寿命随机：× e^(0.3 × 正态)，限制在 0.55–1.35 倍；寿命最后 30% 渐暗到 0。
138-trMSpread,上升 / 尾缀序列,尾缀序列 · 火花（四层）,trMSpread,金色火星 · 散布,金火花,Gold Sparks,速度随机,Velocity Random,False,通用,金色火花喷出时随机散开的速度，决定这一层有多粗。,调大：金色段更宽、团块更散；调小：收成细线。,m/s,0–8,0.8,正态分布：每粒火花在三个方向上各取 σ = 散开速度 的随机速度（0.8 = 约 2/3 的火花每个方向在 ±0.8 m/s 内）。,Niagara：Add Velocity（随机范围，正态）；只影响烘焙出的贴图,横向散开距离 ≈ 散开速度 ÷ 火花阻力（默认 0.8 ÷ 3 ≈ 0.27 m）。
139-trMSize,上升 / 尾缀序列,尾缀序列 · 火花（四层）,trMSize,金色火星 · 颗粒,金火花,Gold Sparks,大小,Sprite Size,True,通用,每粒金色火花光点的直径（米，按光点 2σ 算）。,调大：金色团块更大更柔；调小：更细碎。,m,0.02–1,0.14,,Niagara：Initialize Particle · Sprite Size；只影响烘焙出的贴图,每粒再乘 0.7–1.3（均匀随机）。小到不足约一个像素时按最小光点画，再小也看不出区别。
140-trMBright,上升 / 尾缀序列,尾缀序列 · 火花（四层）,trMBright,金色火星 · 亮度,金火花,Gold Sparks,亮度,Scale Color,True,通用,金色火花的亮度倍数；实际亮度还乘温度（越热越亮）和寿命末段渐暗。,调大：中段金色相对另外几层更亮；调小：更暗。,×,0–0.5,0.05,,Niagara：Scale Color；只影响烘焙出的贴图,每粒再乘 0.55–1.45（均匀随机）。导出时四层火花一起自动曝光：四层同时调大调小，贴图看不出变化，只有层与层之间的比例有效。
141-trCRate,上升 / 尾缀序列,尾缀序列 · 火花（四层）,trCRate,橙色大火星 · 密度,橙色火花,Orange Sparks,生成速率,Spawn Rate,True,通用,尾迹末段一颗颗的大颗橙色火花，每秒喷出多少粒。,调大：末段橙点更多；调小：更稀疏，0 = 关掉这一层。,个/秒,0–3000,60,,Niagara：Spawn Rate · SpawnRate；只影响烘焙出的贴图,为了首尾无缝，按每循环整数粒取整（60/秒 ≈ 每循环 128 粒）。初温 2090 K、冷却 0.34，冷却最慢，所以偏橙、能亮到尾迹很远处。
142-trCLife,上升 / 尾缀序列,尾缀序列 · 火花（四层）,trCLife,橙色大火星 · 寿命,橙色火花,Orange Sparks,寿命,Lifetime,True,通用,每粒橙色火花的寿命，决定末段橙点拖到多远。,调大：橙点拖得更远、整条尾迹更长；调小：尾端收短。,s,0.05–4,0.9,,Niagara：Initialize Particle · Lifetime；只影响烘焙出的贴图,每粒自带寿命随机：× e^(0.3 × 正态)，限制在 0.55–1.35 倍；寿命最后 30% 渐暗到 0。
143-trCSpread,上升 / 尾缀序列,尾缀序列 · 火花（四层）,trCSpread,橙色大火星 · 散布,橙色火花,Orange Sparks,速度随机,Velocity Random,False,通用,橙色火花喷出时随机散开的速度，决定这一层有多粗。,调大：橙点散得更开、尾端更宽；调小：橙点排成一条线。,m/s,0–10,1.2,正态分布：每粒火花在三个方向上各取 σ = 散开速度 的随机速度（1.2 = 约 2/3 的火花每个方向在 ±1.2 m/s 内）。,Niagara：Add Velocity（随机范围，正态）；只影响烘焙出的贴图,横向散开距离 ≈ 散开速度 ÷ 火花阻力（默认 1.2 ÷ 3 ≈ 0.40 m）。
144-trCSize,上升 / 尾缀序列,尾缀序列 · 火花（四层）,trCSize,橙色大火星 · 颗粒,橙色火花,Orange Sparks,大小,Sprite Size,True,通用,每粒橙色火花光点的直径（米，按光点 2σ 算）。,调大：橙点更大更显眼；调小：更小更像细沙。,m,0.02–1.5,0.18,,Niagara：Initialize Particle · Sprite Size；只影响烘焙出的贴图,每粒再乘 0.7–1.3（均匀随机）。小到不足约一个像素时按最小光点画，再小也看不出区别。
145-trCBright,上升 / 尾缀序列,尾缀序列 · 火花（四层）,trCBright,橙色大火星 · 亮度,橙色火花,Orange Sparks,亮度,Scale Color,True,通用,橙色火花的亮度倍数；实际亮度还乘温度（越热越亮）和寿命末段渐暗。,调大：末段橙点相对另外几层更亮；调小：更暗。,×,0–1,0.12,,Niagara：Scale Color；只影响烘焙出的贴图,每粒再乘 0.55–1.45（均匀随机）。导出时四层火花一起自动曝光：四层同时调大调小，贴图看不出变化，只有层与层之间的比例有效。
146-trWRate,上升 / 尾缀序列,尾缀序列 · 火花（四层）,trWRate,星头丝火花 · 密度（0 关）,丝状火花,Head Filament Sparks,生成速率,Spawn Rate,True,通用,从星头向四周甩出的细丝状火花（大型礼花），每秒喷出多少粒。,调大：星头周围的细丝更多更密；调小：更稀，0 = 关掉这一层。,个/秒,0–3000,0,,Niagara：Spawn Rate · SpawnRate；只影响烘焙出的贴图,默认 0（关），三档模板只有大档开（260/秒）。初温 2620 K、冷却 0.6：最热、冷却最快，所以是星头周围一圈短亮丝。不受「火花烧旺时间」影响。
147-trWLife,上升 / 尾缀序列,尾缀序列 · 火花（四层）,trWLife,星头丝火花 · 寿命,丝状火花,Head Filament Sparks,寿命,Lifetime,True,通用,每粒丝状火花的寿命，决定细丝有多长。,调大：细丝更长、甩得更远；调小：只剩星头边上的短毛刺。,s,0.03–0.6,0.12,,Niagara：Initialize Particle · Lifetime；只影响烘焙出的贴图,每粒自带寿命随机：× e^(0.3 × 正态)，限制在 0.55–1.35 倍；寿命最后 30% 渐暗到 0。
148-trWSpread,上升 / 尾缀序列,尾缀序列 · 火花（四层）,trWSpread,星头丝火花 · 速度,丝状火花,Head Filament Sparks,甩出速度,Velocity Speed,True,通用,丝状火花向随机方向甩出去的速度。,调大：细丝向外张得更开更长；调小：贴着星头。,m/s,0–40,14,方向完全随机（各方向均匀）；速度 = 甩出速度 × 0.5–1.4（均匀），每粒火花各取一次。,Niagara：Add Velocity（Velocity Mode = Random，Velocity Speed），≈ Add Velocity from Point；只影响烘焙出的贴图,和其他三层的「散开速度」不同：这里是整体速度大小，不是每个方向的 σ。细丝长度 ≈ 甩出速度 × 寿命（默认 14 × 0.12 ≈ 1.7 m，阻力再缩短一些）。
149-trWSize,上升 / 尾缀序列,尾缀序列 · 火花（四层）,trWSize,星头丝火花 · 颗粒,丝状火花,Head Filament Sparks,大小,Sprite Size,True,通用,每粒丝状火花光点的直径（米，按光点 2σ 算）。,调大：细丝更粗；调小：更细更锐。,m,0.02–0.5,0.06,,Niagara：Initialize Particle · Sprite Size；只影响烘焙出的贴图,每粒再乘 0.7–1.3（均匀随机）。小到不足约一个像素时按最小光点画，再小也看不出区别。
150-trWBright,上升 / 尾缀序列,尾缀序列 · 火花（四层）,trWBright,星头丝火花 · 亮度,丝状火花,Head Filament Sparks,亮度,Scale Color,True,通用,丝状火花的亮度倍数；实际亮度还乘温度（越热越亮）和寿命末段渐暗。,调大：星头细丝相对另外几层更亮；调小：更暗。,×,0–0.5,0.06,,Niagara：Scale Color；只影响烘焙出的贴图,每粒再乘 0.55–1.45（均匀随机）。导出时四层火花一起自动曝光：四层同时调大调小，贴图看不出变化，只有层与层之间的比例有效。
151-trBright,上升 / 尾缀序列,尾缀序列 · 引擎,trBright,引擎亮度倍数（Color Over Life）,外观,Particle Appearance,引擎亮度倍数,Engine Scale Color,True,通用,引擎里 Color Over Life 乘的亮度倍数，不改贴图，只改游戏里整条尾缀多亮。,调大：游戏里尾缀更亮、更容易泛光；调小：更暗。,×,0.2–5,1.6,,Niagara：Scale Color；写进 cascade.json：上升循环和消散发射器的 Color Over Life（已乘倍数）、Cascade 参数表同,三档模板 ×1 / ×1.6 / ×2.5，保留大小档的强弱差别。烘焙器的「引擎回放」也按它显示。
152-trExport4K,上升 / 尾缀序列,尾缀序列 · 引擎,trExport4K,导出 4K 母版,烘焙输出,Bake Output,导出 4K 母版,Export 4K Master,False,烘焙输出,导出时是否另烘一套两倍边长的母版贴图（默认 4096×4096），文件名带 _4K。,选「同时导出」：多一套 4K 贴图，导出更慢；选「只导出 2K」：只出正常尺寸。,,1 同时导出 4096×4096 / 0 只导出 2K,1（同时导出 4096×4096）,,只影响导出的贴图文件（cascade.json 仍指向正常尺寸的贴图）,4K 是按当前贴图尺寸的 2 倍重新烘一遍，内容一样、细节更多；正常尺寸看「贴图尺寸」设置。
153-phView,物理尾缀,物理尾缀 · 镜头,phView,视野高度,镜头,Camera,视野高度,View Height,False,烘焙输出,画面从上到下对应多少米；镜头跟着星头走，开花后停在开花点。,调大：镜头拉远，能看到更长一段尾迹，火星显得更小；调小：镜头拉近，只看到星头附近一段。,m,20–400,—,,不进 UE：只影响烘焙器里的实时模拟画面（物理尾缀的贴图另由 trail_phys_bake.py 按配方导出）,实拍对照面板按同一比例跟拍；不改变粒子本身。只在物理尾缀（物理 小 / 中 / 大）显示。
154-phHead,物理尾缀,物理尾缀 · 镜头,phHead,星头在画面的位置（离顶）,镜头,Camera,星头位置,Head Screen Position,False,烘焙输出,星头离画面顶边多远，按视野高度的比例算（0.2 = 离顶 1/5）。,调大：星头往画面中间移，上方留空多、身后露出的尾迹变短；调小：星头贴近顶边，身后尾迹露得更长。,,0.05–0.6,—,,不进 UE：只影响烘焙器里的实时模拟画面（物理尾缀的贴图另由 trail_phys_bake.py 按配方导出）,和视野高度一起决定画面里能看到多长的尾迹。只在物理尾缀显示。
155-phExpo,物理尾缀,物理尾缀 · 镜头,phExpo,曝光倍数,镜头,Camera,曝光倍数,Exposure Scale,False,烘焙输出,在按参考视频标定好的相机曝光上再乘的倍数，只改画面明暗。,调大：整体更亮，白热段更容易过曝发白、暗火星显出来；调小：整体更暗，只剩最亮的部分。,×,0.1–8,—,,不进 UE：只影响烘焙器里的实时模拟画面（物理尾缀的贴图另由 trail_phys_bake.py 按配方导出）,标定曝光（phE，每个配方不同）不在面板上。颜色按曝光后的亮度查 Ramp，所以颜色也会跟着变。曝光只用来和实拍对照测量，不能靠它把效果「调得像」。
156-phV0,物理尾缀,物理尾缀 · 弹道与空气,phV0,出膛速度,弹道,Shell Ballistics,出膛速度,Launch Speed,False,通用,弹体离开炮筒时的速度，决定上升多快、开花前尾迹拉多长。,调大：弹体冲得更快更高，尾迹拉得更长、更稀；调小：上升慢，尾迹短而密，开花点更低。,m/s,40–200,—,,类比 Niagara Add Velocity · Velocity Speed（给弹体）；不进 UE：只影响烘焙器里的实时模拟画面（物理尾缀的贴图另由 trail_phys_bake.py 按配方导出）,只在物理尾缀显示（尾缀序列用「上升速度」trV）。和弹体阻力、开花时刻一起决定开花高度（中档 122 m/s、k 0.00247、4.44 s → 约 282 m）。
157-phK,物理尾缀,物理尾缀 · 弹道与空气,phK,弹体空气阻力 k,弹道,Shell Ballistics,弹体阻力,Shell Drag,False,烘焙器专有,弹体受的空气阻力，按速度平方算：减速度 = g + k × 速度²。,调大：弹体出膛后减速更快，开花点更低，越往上尾迹越密；调小：接近匀速上升，开花更高。,1/m,0.0005–0.01,—,,类比 Niagara Drag（但这里是速度平方阻力）；不进 UE：只影响烘焙器里的实时模拟画面（物理尾缀的贴图另由 trail_phys_bake.py 按配方导出）,k = 0.0025 时，100 m/s 下阻力减速约 25 m/s²（≈ 2.5 g）。开花时刻要早于到顶时间（中档约 7 s）：过顶后公式不是真实的下落。只在物理尾缀显示。
158-phT,物理尾缀,物理尾缀 · 弹道与空气,phT,开花时刻（飞行时间）,弹道,Shell Ballistics,开花时刻,Burst Time,False,烟花特性,出膛后第几秒开花：尾迹只在这之前喷，序列时长 = 它 + 3.5 秒。,调大：飞得更久更高，尾迹更长；调小：早开花，尾迹短、开花点低。,s,1–10,—,,不进 UE：只影响烘焙器里的实时模拟画面（物理尾缀的贴图另由 trail_phys_bake.py 按配方导出）,开花本身不画：到点后星头焰熄灭、镜头停在开花点，已喷出的火星继续燃尽。要早于到顶时间（见弹体阻力）。只在物理尾缀显示。
159-phWob,物理尾缀,物理尾缀 · 弹道与空气,phWob,弹体摆动（尾迹大波浪）,弹道,Shell Ballistics,弹体摆动,Shell Wobble,False,烟花特性,弹体飞行时偏离直线的幅度；喷出的火星把它冻成尾迹上的大波浪。,调大：尾迹出现更明显的大弯；调小：尾迹更直，0 = 笔直。,m,0–3,—,,Niagara 无直接对应（接近给发射器位置加低频偏移）；只影响烘焙出的贴图（尾缀序列「粒子模型 = 物理」时烘进尾缀贴图；物理尾缀本身只做实时预览）,数值是均方根幅度（前后方向也摆，但侧视画面只看得到左右）；波长固定 45 / 67 / 97 m（phWobL，不在面板上）。尾缀序列里波长取整到每个循环整数个波，保证首尾相接。
160-phSpinF,物理尾缀,物理尾缀 · 弹道与空气,phSpinF,弹体自转,弹道,Shell Ballistics,弹体转速,Shell Spin Rate,False,烟花特性,弹体每秒自转几圈；喷出火星的横向速度方向跟着自转一起转。,调大：尾迹上的细碎螺旋纹更密（波长更短）；调小：纹路更稀更长。,转/秒,0–20,—,,Niagara 无直接对应（接近 Vortex Force 的旋转方向）；只影响烘焙出的贴图（尾缀序列「粒子模型 = 物理」时烘进尾缀贴图；物理尾缀本身只做实时预览）,要和「自转甩出速度」一起看：甩出速度为 0 时转速不起作用。纹路波长 ≈ 弹体速度 ÷ 每秒圈数（100 m/s、9 圈 → 约 11 m）。尾缀序列里取整到每个循环整数圈。
161-phSpinA,物理尾缀,物理尾缀 · 弹道与空气,phSpinA,自转带出的横向速度（细碎小波纹）,弹道,Shell Ballistics,自转甩出速度,Spin Fling Speed,False,烟花特性,弹体转着喷，每颗火星额外带的横向速度，方向随自转转动，形成细碎螺旋纹。,调大：尾迹的细碎波纹更明显、尾迹更粗；调小：波纹变弱，0 = 没有。,m/s,0–8,—,,类比 Niagara Add Velocity（方向随时间旋转）；只影响烘焙出的贴图（尾缀序列「粒子模型 = 物理」时烘进尾缀贴图；物理尾缀本身只做实时预览）,频率由「弹体转速」定。物理尾缀里是三维螺旋；尾缀序列（物理粒子）里只取画面左右方向的分量。
162-phWind,物理尾缀,物理尾缀 · 弹道与空气,phWind,风速（+ 向右）,受力,Forces,风速,Wind Speed,True,通用,水平风速，正数向右：火星出生后被风慢慢带着漂，弹体本身不受风。,往正调：火星往右漂，尾迹越老的部分越往右斜；往负调：往左漂；0 = 无风，尾迹竖直挂着。,m/s,-8–8,—,,Niagara Wind Force · Wind Speed（类比）；只影响烘焙出的贴图（尾缀序列「粒子模型 = 物理」时烘进尾缀贴图；物理尾缀本身只做实时预览）,漂得多快还看各层阻力：阻力大的火星几乎立刻跟上风速。弹道本身的倾斜由配方里的隐藏量（phLeanA/B）决定，不受风影响。
163-phTurb,物理尾缀,物理尾缀 · 弹道与空气,phTurb,冻结湍流,受力,Forces,冻结湍流,Frozen Turbulence,False,通用,随高度变、不随时间变的横风起伏：每颗火星按出生高度领到一个风速偏差。,调大：尾迹出现不规则的弯折和疏密，越老越明显；调小：尾迹更顺直，0 = 只有均匀的风。,m/s,0–1.5,—,,类比 Niagara Curl Noise Force · Noise Strength；只影响烘焙出的贴图（尾缀序列「粒子模型 = 物理」时烘进尾缀贴图；物理尾缀本身只做实时预览）,数值是均方根风速，只改左右方向；空间尺度 6–67 m（phTurbL，不在面板上），大尺度更强。尾缀序列里只用 6 m 和 67 m 两个波，并按循环取整。
164-seed,物理尾缀,物理尾缀 · 弹道与空气,seed,随机种子,发射器,Emitter Properties,随机种子,Random Seed,True,通用,换一组随机数：火星出生时刻、方向、寿命和波浪相位都换一套，整体风格不变。,调大 / 调小：没有大小之分，换一个数就换一种同样风格的随机排布；不改则每次播放完全一样。,,1–999,7,,Niagara Emitter Properties · Random Seed（类比）；只影响烘焙出的贴图（尾缀序列「粒子模型 = 物理」时烘进尾缀贴图；物理尾缀本身只做实时预览）,和其他节里的「随机种子」是同一个参数。配方：小 5 / 中 7 / 大 9。
165-phFlL0,物理尾缀,物理尾缀 · 星头燃气焰,phFlL0,静止长度,星头燃气焰,Head Flame,基础长度,Base Length,False,烘焙器专有,星头泪滴形燃气焰在速度为 0 时的长度；实际长度 = 它 + 系数 × 速度。,调大：星头后的泪滴亮焰整体变长；调小：变短。,m,0–8,—,,类比 Niagara Sprite Renderer 按速度拉长（Velocity Aligned）；只影响烘焙出的贴图（尾缀序列「粒子模型 = 物理」时烘进尾缀贴图；物理尾缀本身只做实时预览）,尾缀序列（物理粒子）里，基础长度 + 系数 × 上升速度 ≤ 0.001 m 时改用 V5 的圆光点星头：这时本节的粗细、亮度不起作用，而圆点的星头大小 / 亮度那一节被隐藏、调不了。
166-phFlLv,物理尾缀,物理尾缀 · 星头燃气焰,phFlLv,随速度变长,星头燃气焰,Head Flame,随速度变长,Length per Speed,False,烘焙器专有,速度每快 1 m/s，燃气焰多长几米：0.04 s × 100 m/s = 多 4 m。,调大：速度快时焰明显更长；调小：焰长几乎不随速度变。,s,0–0.15,—,,类比 Niagara Sprite Renderer 按速度拉长（Velocity Aligned）；只影响烘焙出的贴图（尾缀序列「粒子模型 = 物理」时烘进尾缀贴图；物理尾缀本身只做实时预览）,物理尾缀用弹体当时的速度（越飞越慢，焰越来越短）；尾缀序列里用固定的上升速度，长度不变。
167-phFlW,物理尾缀,物理尾缀 · 星头燃气焰,phFlW,半宽,星头燃气焰,Head Flame,粗细,Flame Width,False,烘焙器专有,燃气焰的半宽（中段光斑的半径）；焰头约 0.55 倍、焰尾约 1.45 倍。,调大：星头亮焰更粗更柔；调小：更细更尖。,m,0.02–1,—,,类比 Niagara Initialize Particle · Sprite Size；只影响烘焙出的贴图（尾缀序列「粒子模型 = 物理」时烘进尾缀贴图；物理尾缀本身只做实时预览）,亮度是整条焰的总量，调粗不会变亮，只是摊开、峰值变暗。焰长为 0（尾缀序列换成圆点星头）时不起作用。
168-phFlI,物理尾缀,物理尾缀 · 星头燃气焰,phFlI,亮度,星头燃气焰,Head Flame,亮度,Scale Color,True,通用,整条燃气焰的总亮度，焰头最亮、向后变暗，带约 ±12% 的闪动。,调大：星头更亮、更容易过曝发白；调小：星头变暗，0 = 没有焰（只在物理尾缀里成立）。,,0–6,—,,Niagara Scale Color（类比）；只影响烘焙出的贴图（尾缀序列「粒子模型 = 物理」时烘进尾缀贴图；物理尾缀本身只做实时预览）,尾缀序列（物理粒子）里实际不起作用：星头通道烘焙时按亮部自动定曝光，乘多少都被抵消；而且填 0 会被当成 1。只在物理尾缀的实时画面里有效。
169-phARate,物理尾缀,物理尾缀 · 火粉（白热段）,phARate,密度,白热火粉,Hot Dust,生成速率,Spawn Rate,True,通用,每秒向后喷出多少粒火粉（极细、极短命的白热火花），连成星头后的白热段。,调大：白热段更连续、更亮更实；调小：变成一颗颗碎点，0 = 没有白热段。,颗/秒,0–40000,—,,Niagara Spawn Rate · Spawn Rate（类比）；只影响烘焙出的贴图（尾缀序列「粒子模型 = 物理」时烘进尾缀贴图；物理尾缀本身只做实时预览）,总亮度 ≈ 生成速率 × 亮度，两者一起调。尾缀序列里每个循环取整颗数。
170-phALife,物理尾缀,物理尾缀 · 火粉（白热段）,phALife,寿命,白热火粉,Hot Dust,寿命,Lifetime,True,通用,每粒火粉燃多久（中位数）；白热段长度 ≈ 火粉相对星头的速度 × 寿命。,调大：白热段更长；调小：白热段缩短，只剩星头后一小截。,s,0.03–1,—,,Niagara Initialize Particle · Lifetime（类比）；只影响烘焙出的贴图（尾缀序列「粒子模型 = 物理」时烘进尾缀贴图；物理尾缀本身只做实时预览）,每粒实际寿命还按隐藏的对数正态随机（σ = 0.35，phALsig，不在面板上）：寿命长的颗粒更大、更亮、阻力更小。亮度随寿命线性变暗。
171-phAJet,物理尾缀,物理尾缀 · 火粉（白热段）,phAJet,向后喷出速度,白热火粉,Hot Dust,喷出速度,Jet Speed,False,通用,火粉相对弹体向后喷出的速度（每粒在 0.75–1.25 倍之间均匀随机）。,调大：火粉一出来就更快落到星头后面，白热段拉长；调小：火粉多跟着星头走一段，白热段更紧凑。,m/s,0–80,—,,类比 Niagara Inherit Velocity + Add Velocity（沿飞行反方向）；只影响烘焙出的贴图（尾缀序列「粒子模型 = 物理」时烘进尾缀贴图；物理尾缀本身只做实时预览）,出生速度 = 弹体速度 − 喷出速度 + 横向速度随机 + 自转甩出速度；之后被阻力很快刹住。
172-phACone,物理尾缀,物理尾缀 · 火粉（白热段）,phACone,横向散开,白热火粉,Hot Dust,横向速度随机,Lateral Velocity Random,False,通用,每粒火粉出生时额外的横向速度（垂直于飞行方向），决定白热段多粗、多散。,调大：白热段更粗、更毛；调小：更细更紧，0 = 所有火粉在一条线上。,m/s,0–8,—,正态，每粒火粉：垂直飞行方向的两个方向各 σ ≈ 数值（1.8 → 约 2/3 的火粉横向速度在 ±1.8 m/s 内）；尾缀序列里沿飞行方向另加 σ = 0.5 × 数值。,类比 Niagara Add Velocity 的随机范围（这里是正态）；只影响烘焙出的贴图（尾缀序列「粒子模型 = 物理」时烘进尾缀贴图；物理尾缀本身只做实时预览）,横向速度很快被阻力吃掉：散开距离 ≈ 横向速度 ÷ 阻力，所以阻力越大散得越少。
173-phAKd,物理尾缀,物理尾缀 · 火粉（白热段）,phAKd,阻力,白热火粉,Hot Dust,阻力,Drag,True,通用,线性空气阻力：火粉速度每秒按这个比例向风速靠拢（18 → 约 0.06 秒刹住）。,调大：火粉很快停在空中，白热段细而直；调小：火粉多跟星头飞一段、散得更开，下坠更快。,1/s,1–60,—,,Niagara Drag · Drag（类比，线性阻力）；只影响烘焙出的贴图（尾缀序列「粒子模型 = 物理」时烘进尾缀贴图；物理尾缀本身只做实时预览）,大颗阻力更小（实际阻力 = 数值 ÷ 粒径系数，粒径系数 = √(寿命 ÷ 中位寿命)）；末速下坠 ≈ 9.81 ÷ 阻力 m/s（18 → 约 0.5 m/s）。
174-phAT0,物理尾缀,物理尾缀 · 火粉（白热段）,phAT0,温度,白热火粉,Hot Dust,温度,Temperature,False,烘焙器专有,火粉的发光温度（按黑体换算亮度）：2550 K 约是 2350 K 的 2.3 倍亮。,调大：白热段明显更亮（+100 K 约亮 1.5 倍），更容易过曝发白；调小：迅速变暗、偏橙。,K,1800–3000,—,,UE 无对应（烘焙器按黑体亮度换算）；只影响烘焙出的贴图（尾缀序列「粒子模型 = 物理」时烘进尾缀贴图；物理尾缀本身只做实时预览）,颜色由 Ramp 按亮度上色，所以温度也间接改颜色。火粉一生基本保持这个温度，快烧完时降约 550 K（隐藏的 phATb/phATend）。物理尾缀里每粒另有 ±60 K 正态随机。
175-phAI,物理尾缀,物理尾缀 · 火粉（白热段）,phAI,亮度,白热火粉,Hot Dust,亮度,Scale Color,True,通用,每粒火粉的亮度系数（2350 K 时的亮度记为 1），再乘温度和粒径的影响。,调大：白热段更亮、更白；调小：更暗。,,0–0.05,—,,Niagara Scale Color（类比）；只影响烘焙出的贴图（尾缀序列「粒子模型 = 物理」时烘进尾缀贴图；物理尾缀本身只做实时预览）,数值很小是因为火粉每秒上万粒，总亮度 ≈ 生成速率 × 亮度。尾缀序列烘焙时火花通道整体自动定曝光，起作用的是火粉、金火星、落火之间的比例。
176-phAR,物理尾缀,物理尾缀 · 火粉（白热段）,phAR,发光半径,白热火粉,Hot Dust,大小,Sprite Size,True,通用,每粒火粉光斑的半径；寿命长的大颗粒再按粒径系数放大。,调大：白热段更粗更柔、峰值变暗；调小：更细更锐利。,m,0.005–0.1,—,,Niagara Initialize Particle · Sprite Size（类比）；只影响烘焙出的贴图（尾缀序列「粒子模型 = 物理」时烘进尾缀贴图；物理尾缀本身只做实时预览）,只把光摊开，不改每粒总亮度。粒径系数 = √(寿命 ÷ 中位寿命)。光斑小于约半个像素时按半个像素画。
177-phBRate,物理尾缀,物理尾缀 · 金火星（木炭）,phBRate,密度,金火花,Gold Sparks,生成速率,Spawn Rate,True,通用,每秒喷出多少颗金火星（木炭燃烧的金黄火花），是尾迹中下段的主体。,调大：尾迹更密更亮；调小：更稀疏、一颗颗分得开，0 = 没有金火星。,颗/秒,0–8000,—,,Niagara Spawn Rate · Spawn Rate（类比）；只影响烘焙出的贴图（尾缀序列「粒子模型 = 物理」时烘进尾缀贴图；物理尾缀本身只做实时预览）,一簇一簇喷（见每簇颗数），平均每秒总颗数 ≈ 这个值。
178-phBPuff,物理尾缀,物理尾缀 · 金火星（木炭）,phBPuff,每簇颗数,金火花,Gold Sparks,每簇颗数,Sparks Per Puff,False,烟花特性,金火星一簇一簇喷出，每簇平均几颗；同一簇在 0.012 秒内喷出、方向相近。,调大：火星成团，尾迹显得一块一块；调小：分布更均匀，1 = 每颗独立。,颗,1–8,—,,类比 Niagara Spawn Burst Instantaneous · Spawn Count（小簇连发）；只影响烘焙出的贴图（尾缀序列「粒子模型 = 物理」时烘进尾缀贴图；物理尾缀本身只做实时预览）,物理尾缀里每簇颗数按泊松分布随机（平均 = 数值，至少 1），簇内共享约一半横向速度。尾缀序列（物理粒子）里只共享方向，出生时刻仍均匀排开，不成团。
179-phBLife,物理尾缀,物理尾缀 · 金火星（木炭）,phBLife,寿命中位,金火花,Gold Sparks,寿命,Lifetime,True,通用,金火星寿命的中位数（一半比它短、一半比它长），决定尾迹往下拖多长。,调大：尾迹更长，火星在空中挂得更久；调小：尾迹缩短。,s,0.2–5,—,,Niagara Initialize Particle · Lifetime（类比）；只影响烘焙出的贴图（尾缀序列「粒子模型 = 物理」时烘进尾缀贴图；物理尾缀本身只做实时预览）,和「寿命随机」一起看；寿命越长的火星粒径越大（寿命 ∝ 粒径²）→ 更亮、更大、阻力更小。尾缀序列里单颗最长 5 秒。
180-phBLsig,物理尾缀,物理尾缀 · 金火星（木炭）,phBLsig,寿命离散（对数标准差）,金火花,Gold Sparks,寿命随机,Lifetime Random,False,通用,金火星寿命的随机幅度：有的早早熄灭、有的拖很久，熄灭时刻参差不齐。,调大：短命碎火星和长寿大火星都变多，尾迹下段更零散；调小：寿命整齐，尾迹末端齐齐熄灭。,,0–1.5,—,对数正态，每颗金火星：寿命 = 中位 × e^(数值 × z)，z 为标准正态（截在 ±3；尾缀序列截在 −3…+2.2）。0.36 ≈ 2/3 的火星寿命在中位的 0.70–1.43 倍；0.9 ≈ 0.41–2.5 倍。粒径同步 = e^(数值 × z / 2)。,Niagara Initialize Particle · Lifetime 的 Random 模式（类比；这里是对数正态）；只影响烘焙出的贴图（尾缀序列「粒子模型 = 物理」时烘进尾缀贴图；物理尾缀本身只做实时预览）,同时改粒径分布：数值越大，大颗越大越亮、小颗越暗（亮度 ∝ 寿命）。火粉、落火也有同样的随机，但固定为 0.35 / 0.25，不在面板上。
181-phBJet,物理尾缀,物理尾缀 · 金火星（木炭）,phBJet,向后喷出速度,金火花,Gold Sparks,喷出速度,Jet Speed,False,通用,金火星相对弹体向后喷出的速度（每颗在 0.75–1.25 倍之间均匀随机）。,调大：火星更快落到星头后面，中段拉长；调小：火星多跟着星头走一段，中段更紧凑。,m/s,0–80,—,,类比 Niagara Inherit Velocity + Add Velocity（沿飞行反方向）；只影响烘焙出的贴图（尾缀序列「粒子模型 = 物理」时烘进尾缀贴图；物理尾缀本身只做实时预览）,出生速度 = 弹体速度 − 喷出速度 + 横向速度随机 + 自转甩出速度；之后被阻力刹住。
182-phBCone,物理尾缀,物理尾缀 · 金火星（木炭）,phBCone,横向散开,金火花,Gold Sparks,横向速度随机,Lateral Velocity Random,False,通用,每颗金火星出生时额外的横向速度，决定尾迹中下段多粗、多散。,调大：尾迹更粗更散；调小：更细，0 = 火星排成一条线。,m/s,0–8,—,正态，每颗金火星：垂直飞行方向的两个方向各 σ ≈ 数值（约一半同簇共享、一半每颗独立）；1.6 → 约 2/3 的火星横向速度在 ±1.6 m/s 内；尾缀序列里沿飞行方向另加 σ = 0.5 × 数值。,类比 Niagara Add Velocity 的随机范围（这里是正态）；只影响烘焙出的贴图（尾缀序列「粒子模型 = 物理」时烘进尾缀贴图；物理尾缀本身只做实时预览）,散开距离 ≈ 横向速度 ÷ 阻力。
183-phBKd,物理尾缀,物理尾缀 · 金火星（木炭）,phBKd,阻力,金火花,Gold Sparks,阻力,Drag,True,通用,线性空气阻力：火星速度每秒按这个比例向风速靠拢（12 → 约 0.08 秒刹住）。,调大：火星喷出后立刻停住，尾迹细而直、下坠慢；调小：火星多飞一段、散得开，下坠更快。,1/s,1–60,—,,Niagara Drag · Drag（类比，线性阻力）；只影响烘焙出的贴图（尾缀序列「粒子模型 = 物理」时烘进尾缀贴图；物理尾缀本身只做实时预览）,大颗阻力更小（实际阻力 = 数值 ÷ 粒径系数）；末速下坠 ≈ 9.81 ÷ 阻力 m/s（12 → 约 0.8 m/s）。
184-phBT0,物理尾缀,物理尾缀 · 金火星（木炭）,phBT0,出喷口温度 T0,金火花,Gold Sparks,出喷口温度,Initial Temperature,False,烘焙器专有,金火星刚喷出、还在燃气里时的温度；离开燃气后逐渐降到燃烧温度。,调大：星头后那一段火星更亮更白；调小：刚喷出时就不太亮，和中段差别变小。,K,1800–3000,—,,UE 无对应（烘焙器按黑体亮度换算）；只影响烘焙出的贴图（尾缀序列「粒子模型 = 物理」时烘进尾缀贴图；物理尾缀本身只做实时预览）,和「降温时间」一起决定星头后亮段有多长。颜色由 Ramp 按亮度上色。物理尾缀里每颗另有 ±60 K 正态随机。
185-phBTb,物理尾缀,物理尾缀 · 金火星（木炭）,phBTb,空气中燃烧温度 Tb,金火花,Gold Sparks,燃烧温度,Burn Temperature,False,烘焙器专有,金火星离开燃气后在空气里稳定燃烧的温度，决定尾迹中段的亮度和颜色。,调大：中段更亮、偏白金；调小：中段更暗、偏橙红（1940 K 只有 2350 K 亮度的约 1/10）。,K,1500–2700,—,,UE 无对应（烘焙器按黑体亮度换算）；只影响烘焙出的贴图（尾缀序列「粒子模型 = 物理」时烘进尾缀贴图；物理尾缀本身只做实时预览）,温度对亮度影响很大：在 2000–2500 K 附近每 +100 K 约亮 1.5–2 倍。物理尾缀里每颗另有 ±40 K 正态随机。
186-phBTc,物理尾缀,物理尾缀 · 金火星（木炭）,phBTc,降到 Tb 的时间 tc,金火花,Gold Sparks,降温时间,Cooling Time,False,烘焙器专有,从出喷口温度降向燃烧温度的快慢：过 tc 秒温差还剩约 37%，约 3 倍 tc 后降完。,调大：星头后的热亮段拉得更长；调小：火星一出来就降到中段温度，亮段很短。,s,0.02–2,—,,UE 无对应（烘焙器的黑体降温）；只影响烘焙出的贴图（尾缀序列「粒子模型 = 物理」时烘进尾缀贴图；物理尾缀本身只做实时预览）,要和出喷口温度、燃烧温度一起看：两者相等时这一项不起作用。
187-phBTend,物理尾缀,物理尾缀 · 金火星（木炭）,phBTend,熄灭温度,金火花,Gold Sparks,熄灭温度,Burnout Temperature,False,烘焙器专有,金火星烧到寿命终点时降到的温度；低于约 1500 K 基本看不见。,调大：火星到最后还亮着、熄灭得突然；调小：快烧完时先变暗变橙再灭。,K,900–2000,—,,UE 无对应（烘焙器的黑体降温）；只影响烘焙出的贴图（尾缀序列「粒子模型 = 物理」时烘进尾缀贴图；物理尾缀本身只做实时预览）,降温集中在寿命后段（按寿命进度的平方，隐藏的 phBPt = 2），前大半段几乎不受影响。和「渐暗指数」一起决定怎么熄灭。
188-phBPm,物理尾缀,物理尾缀 · 金火星（木炭）,phBPm,烧到最后才暗（指数）,金火花,Gold Sparks,渐暗指数,Fade Exponent,False,通用,亮度随寿命变暗的曲线：亮度 × (1 − 寿命进度)^指数，越小越是撑到最后才暗。,调大：火星更早开始变暗，尾迹下段更暗淡；调小：亮度一直撑到快烧完才掉（0.45 时半寿命还剩约 73% 亮度）。,,0.1–2,—,,类比 Niagara Scale Color（按 Normalized Age 的曲线）；只影响烘焙出的贴图（尾缀序列「粒子模型 = 物理」时烘进尾缀贴图；物理尾缀本身只做实时预览）,温度下降（熄灭温度）会另外再压暗末段。原名「烧到最后才暗」容易看反：数值越小才越是最后才暗。
189-phBI,物理尾缀,物理尾缀 · 金火星（木炭）,phBI,亮度,金火花,Gold Sparks,亮度,Scale Color,True,通用,每颗金火星的亮度系数（2350 K 时的亮度记为 1），再乘温度和粒径的影响。,调大：尾迹中下段更亮；调小：更暗。,,0–0.3,—,,Niagara Scale Color（类比）；只影响烘焙出的贴图（尾缀序列「粒子模型 = 物理」时烘进尾缀贴图；物理尾缀本身只做实时预览）,总亮度 ≈ 生成速率 × 亮度。尾缀序列烘焙时火花通道整体自动定曝光，起作用的是和火粉、落火之间的比例。
190-phBTw,物理尾缀,物理尾缀 · 金火星（木炭）,phBTw,闪烁,金火花,Gold Sparks,闪烁强度,Flicker Strength,False,通用,金火星亮度忽明忽暗的幅度；每颗按自己的随机频率（约 7–16 次/秒）闪。,调大：火星闪得更厉害，尾迹更有颗粒感；调小：亮度平稳，0 = 不闪。,,0–1,—,,Niagara 无现成模块（常用材质参数或曲线做闪烁）；只影响烘焙出的贴图（尾缀序列「粒子模型 = 物理」时烘进尾缀贴图；物理尾缀本身只做实时预览）,亮度 × (1 + 数值 × 两个正弦相乘)：0.35 时在约 0.65–1.35 倍之间变化。
191-phBR,物理尾缀,物理尾缀 · 金火星（木炭）,phBR,发光半径,金火花,Gold Sparks,大小,Sprite Size,True,通用,每颗金火星光斑的半径；寿命长的大颗粒再按粒径系数放大。,调大：火星更大更柔、峰值变暗；调小：更小更锐利。,m,0.01–0.3,—,,Niagara Initialize Particle · Sprite Size（类比）；只影响烘焙出的贴图（尾缀序列「粒子模型 = 物理」时烘进尾缀贴图；物理尾缀本身只做实时预览）,只把光摊开，不改每颗总亮度。粒径系数 = √(寿命 ÷ 中位寿命)。
192-phCRate,物理尾缀,物理尾缀 · 落火,phCRate,密度,落火,Falling Embers,生成速率,Spawn Rate,True,通用,每秒喷出几颗落火（少量长寿的大颗火星），零星掉在尾迹下方。,调大：尾迹下方的零星大火点更多；调小：更少，0 = 没有落火。,颗/秒,0–200,—,,Niagara Spawn Rate · Spawn Rate（类比）；只影响烘焙出的贴图（尾缀序列「粒子模型 = 物理」时烘进尾缀贴图；物理尾缀本身只做实时预览）,落火的喷出速度（18 m/s）、横向速度随机（2.2 m/s）、温度（2150 K 起）、闪烁（0.25）固定在配方里，不在面板上。
193-phCLife,物理尾缀,物理尾缀 · 落火,phCLife,寿命,落火,Falling Embers,寿命,Lifetime,True,通用,每颗落火燃多久（中位数），决定它们掉多远才熄灭。,调大：落火掉得更低、拖得更久；调小：落火早早熄灭，离尾迹近。,s,0.2–5,—,,Niagara Initialize Particle · Lifetime（类比）；只影响烘焙出的贴图（尾缀序列「粒子模型 = 物理」时烘进尾缀贴图；物理尾缀本身只做实时预览）,实际寿命还按隐藏的对数正态随机（σ = 0.25，phCLsig）。尾缀序列里单颗最长 5 秒。
194-phCKd,物理尾缀,物理尾缀 · 落火,phCKd,阻力,落火,Falling Embers,阻力,Drag,True,通用,落火的线性空气阻力；阻力越小掉得越快（末速 ≈ 9.81 ÷ 阻力 m/s）。,调大：落火很快停住、慢慢飘落，离尾迹近；调小：落火飞得更开、往下掉得更快。,1/s,0.5–20,—,,Niagara Drag · Drag（类比，线性阻力）；只影响烘焙出的贴图（尾缀序列「粒子模型 = 物理」时烘进尾缀贴图；物理尾缀本身只做实时预览）,3.5 → 下坠末速约 2.8 m/s。大颗阻力更小（实际阻力 = 数值 ÷ 粒径系数）。
195-phCI,物理尾缀,物理尾缀 · 落火,phCI,亮度,落火,Falling Embers,亮度,Scale Color,True,通用,每颗落火的亮度系数（2350 K 时的亮度记为 1），再乘温度和粒径的影响。,调大：落火点更亮更显眼；调小：更暗。,,0–3,—,,Niagara Scale Color（类比）；只影响烘焙出的贴图（尾缀序列「粒子模型 = 物理」时烘进尾缀贴图；物理尾缀本身只做实时预览）,落火温度固定从 2150 K 起、末段降到 1250 K（隐藏），一开始就只有约 0.37 的温度亮度，越到后面越暗。尾缀序列里起作用的是和火粉、金火星之间的比例。
196-phCR,物理尾缀,物理尾缀 · 落火,phCR,发光半径,落火,Falling Embers,大小,Sprite Size,True,通用,每颗落火光斑的半径；寿命长的大颗粒再按粒径系数放大。,调大：落火点更大更柔；调小：更小更尖锐。,m,0.01–0.3,—,,Niagara Initialize Particle · Sprite Size（类比）；只影响烘焙出的贴图（尾缀序列「粒子模型 = 物理」时烘进尾缀贴图；物理尾缀本身只做实时预览）,只把光摊开，不改每颗总亮度。
197-rtH,尾缀（循环层 + 粒子）,尾缀 · 弹道与规格,rtH,开花高度,弹道,Shell Ballistics,开花高度,Burst Height,False,烘焙器专有,开花那一刻弹体离地多高；和升空时间、开花时速度一起反算出膛速度和阻力。,调大：出膛更快、阻力更大，前段冲得猛、开花前明显减速；调小：出膛更慢、阻力更小，接近匀减速。,m,50–700,265,,Niagara 无直接对应（相当于反算 Add Velocity 的速度和 Drag）；cascade.json：反解出 RiseLoop 的 Initial Velocity · Start Velocity、Drag · Drag Coefficient Raw，RiseFade 的 Initial Location · Start Location（开花点），粒子层 Initial Location / Initial Velocity 曲线也取这条弹道；系统预览距离按它定,三个量联动：同样时间和开花时速度下，要求越高阻力越大。开花时速度给得太大（没有阻力也到不了这么低）时按无阻力算，实际高度 = 开花时速度 × 时间 + ½g·时间²，比设定高（导出说明里有 ⚠）；阻力反解上限 20 /s，要求的阻力更大时实际高度会比设定低（不报警，只在导出说明里写「要求 x m」）。
198-rtT,尾缀（循环层 + 粒子）,尾缀 · 弹道与规格,rtT,升空时间,弹道,Shell Ballistics,升空时间,Rise Time,False,通用,从出膛到开花的秒数；循环层粒子的寿命、各粒子发射器的持续时间都等于它。,调大：飞得更久，同样高度下出膛更慢、阻力更小，尾迹更舒展；调小：上升更急、更快开花。,s,1–12,5,,Niagara：循环层粒子的 Initialize Particle · Lifetime；cascade.json：RiseLoop 的 Lifetime 和 Required · Duration、RiseFade 的 Required · Delay、各粒子发射器 Required · Duration（Spawn Rate 曲线只在 0–升空时间内有值）,和开花高度、开花时速度一起反解弹道；时间太长（无阻力也会飞过开花高度）时按无阻力算，实际高度变高。实时模拟总时长 = 升空时间 + 最长火粉 / 火花寿命 + 0.2 s。
199-rtVb,尾缀（循环层 + 粒子）,尾缀 · 弹道与规格,rtVb,开花时弹体速度,弹道,Shell Ballistics,开花时速度,Burst Velocity,False,烘焙器专有,开花那一刻弹体还在往上冲的速度（竖直分量）；小 / 中档还在上冲时开花，大档接近顶点。,调大：开花时还冲得快，同样高度下阻力更小，面片到最后仍较长；调小：接近顶点才开花，后段明显减速、白热段变短。,m/s,0.5–80,16,,cascade.json：同开花高度（反解 RiseLoop 的 Initial Velocity 和 Drag）；还定 RiseLoop Size By Life 的 Y 末端（面片长度随速度缩放）和 RiseFade 的朝向、长度,只管竖直分量（有弹道倾角时水平速度另算）。最小 0.5 m/s，做不出过顶点下落后再开花。给得太大（没有阻力也到不了开花高度那么低）时按无阻力算，见开花高度。
200-rtLean,尾缀（循环层 + 粒子）,尾缀 · 弹道与规格,rtLean,弹道倾角（+ 向右）,弹道,Shell Ballistics,弹道倾角,Launch Tilt Angle,False,通用,发射方向偏离竖直的角度，正值往右（画面 +x）；只在画面平面里倾斜。,调大（绝对值）：弹道更斜，开花点偏到一侧，尾迹整条斜着；调小：接近竖直，0 = 正竖直。,°,-15–15,0,,Niagara：Add Velocity（速度方向）；cascade.json：RiseLoop Initial Velocity · Start Velocity 的 X = 竖直出膛速度 × tan(倾角)，粒子层出生位置 / 初速曲线、RiseFade 出生点跟着偏,开花高度、开花时速度只对竖直分量成立，水平分量按同一阻力衰减，开花点水平偏移随之而来。三档预设都是 0。
201-rtD,尾缀（循环层 + 粒子）,尾缀 · 弹道与规格,rtD,弹径（喷口离转轴的距离 = 半径）,自转与喷射,Spin & Jets,弹径,Shell Diameter,False,烟花特性,弹体直径；喷口在弹体外缘绕转轴转圈，半径 = 弹径 / 2，火花和火粉从这个圈上出生。,调大：出生点绕得更开，螺旋更宽、尾迹更粗；调小：出生点贴近弹道中线，螺旋只靠切向甩出撑开。,m,0.05–0.8,0.14,,Niagara：Shape Location（Cylinder / Torus 的半径）类；cascade.json：粒子层 Initial Location · Start Location 曲线里绕弹道转圈的偏移（横向 = 半径·cos 相位，景深 = 半径·sin 相位）；贴图里火粉、细火花的出生偏移,和切向甩出速度一起定螺旋波幅（≈ 半径 + 甩出速度 ÷ 阻力）。自转转速 = 0 时出生点固定在圈上一处（由起始相位定）。
202-rtBurstD,尾缀（循环层 + 粒子）,尾缀 · 弹道与规格,rtBurstD,开花直径（定游戏内大小的比例）,烘焙输出,Bake Output,参考开花直径,Reference Burst Diameter,False,烘焙输出,这一档弹接下来开花的直径，只当比例尺：「游戏内大小」预览按它占屏高 1/3 定远近。,调大：游戏内大小预览里尾缀显得更小；调小：显得更大。贴图和导出都不变。,m,40–600,190,,无对应；不写进 cascade.json，不影响烘焙，只用于预览比例和探针的屏幕像素估算,只在显示方式 = 游戏内大小时起作用；analysis/scripts/烘焙器探针.py 也用它估算面片在屏幕上占多少像素（判断单格分辨率够不够）。
203-seed,尾缀（循环层 + 粒子）,尾缀 · 弹道与规格,seed,随机种子,发射器,Emitter Properties,随机种子,Random Seed,True,通用,换一组随机数：火粉、贴图里的细火花、脉动相位、大涡乱流和粒子出生表都换一套，规律不变。,没有大小之分：换一个数就换一套同样规律的随机样子。,,1–999,7,,Niagara：Emitter Properties · Random Seed；cascade.json 不写种子（UE 里每颗粒子自己随机），但它定的脉动相位会进 Spawn Rate 曲线，大涡乱流会进 Acceleration 曲线,引擎回放里的粒子是烘焙器按这个种子排的出生表；UE 里每颗位置不同，只有曲线一致。
204-rtSpin,尾缀（循环层 + 粒子）,尾缀 · 自转螺旋与喷射,rtSpin,自转转速,自转与喷射,Spin & Jets,自转转速,Spin Rate,False,烟花特性,弹体每秒自转几圈；喷口跟着转，把火花甩成尾迹上的螺旋，波长 = 弹体速度 ÷ 转速。,调大：螺旋更密、能看见的圈数更多；调小：螺旋稀疏，0 = 不转、没有螺旋。,转/秒,0–8,2,,Niagara 无直接对应（出生点绕轴转圈）；cascade.json：粒子层 Initial Location / Initial Velocity 曲线随相位转圈；还定 RiseLoop 帧号锯齿（Dynamic Parameter）的循环周期,循环周期 = 「不短于 总帧数 ÷ 30 秒」的最小整数圈，所以转速也改循环层帧率。0 时喷口不转，甩出方向固定（起始相位 0 时朝景深方向，侧面几乎看不出）。
205-rtSpinPh,尾缀（循环层 + 粒子）,尾缀 · 自转螺旋与喷射,rtSpinPh,起始相位,自转与喷射,Spin & Jets,起始相位,Spin Phase Offset,False,烟花特性,出膛那一刻喷口在转圈上的位置（0–1 圈）；转速 > 0 时等于把整条螺旋沿尾迹平移。,调大 / 调小：螺旋的波峰沿尾迹前后挪，不改疏密和宽窄；转速为 0 时决定甩出朝哪边。,圈,0–1,0,,cascade.json：粒子层 Initial Location / Initial Velocity 曲线的相位；循环层贴图里火粉、细火花的出生相位,转速 > 0 时画面变化很小（只是平移）；转速 = 0 时决定出生偏移和甩出的固定方向。
206-rtFling,尾缀（循环层 + 粒子）,尾缀 · 自转螺旋与喷射,rtFling,切向甩出速度,自转与喷射,Spin & Jets,切向甩出速度,Tangential Fling Speed,False,烟花特性,喷口转圈时把火花沿切线甩出去的速度；螺旋的波幅 ≈ 甩出速度 ÷ 火花阻力。,调大：螺旋摆得更宽、更明显；调小：螺旋变窄，0 = 只剩弹径那一圈的出生偏移。,m/s,0–15,3,,Niagara：Add Velocity 的切向分量（类似 Vortex Velocity）；cascade.json：金火花 / 末段爆亮 / 落火 Initial Velocity · Start Velocity 曲线里的切向分量（落火 × 0.5）；也进循环层贴图里的火粉和细火花,火粉每颗再 × (0.8–1.2) 均匀随机（固定，不可调）。自转转速为 0 时甩出方向固定。
207-rtJet,尾缀（循环层 + 粒子）,尾缀 · 自转螺旋与喷射,rtJet,火星向后喷出速度,自转与喷射,Spin & Jets,火花喷出速度,Spark Ejection Speed,False,通用,金火花相对弹体向后喷出的速度；火花出生速度 = 弹体此刻速度 − 这个值（沿弹道方向）。,调大：火花一出生就往下退得快，尾迹拉长、和星头拉开；调小：火花跟着弹体往上走，尾迹短而密。,m/s,0–80,27,,Niagara：Inherit Velocity + 反向 Add Velocity；cascade.json：金火花 / 末段爆亮 Initial Velocity · Start Velocity 曲线（弹体速度 − 喷出速度），落火用 0.6 倍,管金火花（含烘进贴图的细火花）、落火、末段爆亮；白热段火粉用自己那一节的「喷出速度」。开拖影时也影响拖影长度。
208-rtCone,尾缀（循环层 + 粒子）,尾缀 · 自转螺旋与喷射,rtCone,火星横向散开,自转与喷射,Spin & Jets,横向速度随机,Lateral Velocity Random,False,通用,每颗火花出生时再加一份随机速度，让尾迹散开变粗；横向 ± 此值，竖直 ± 一半。,调大：尾迹越往下越散、越粗；调小：火花紧贴螺旋，尾迹细而整齐。,m/s,0–8,2.5,均匀分布，每粒火花：横向（x、景深 y）在 ±2.5 m/s 内均匀取，竖直在 ±1.25 m/s 内；「散开软边」= 1 时改成两个 ±(此值 ÷ √2) 相加（中间密、边缘软，均方根不变）。,Niagara：Add Velocity（Uniform Ranged Vector）；cascade.json：各金火花、末段爆亮发射器的第 2 个 Initial Velocity · Start Velocity（Uniform）；落火横向 1.5 倍,和「散开软边」一起看。白热段火粉用自己那一节的「横向速度随机」（正态，另一套）。落火（不开软边时）横向 ±1.5 倍、竖直 −1 ~ +0.3 倍。
209-rtPulse,尾缀（循环层 + 粒子）,尾缀 · 自转螺旋与喷射,rtPulse,喷射脉动（星头、白热段、出生率一起忽明忽暗，0 关）,自转与喷射,Spin & Jets,喷射脉动,Jet Pulse Amount,False,烟花特性,喷射忽强忽弱的幅度：星头亮度、火粉亮度、火花生成速率按同一条周期曲线一起起伏；0 = 关。,调大：尾迹出现明显的明暗、疏密节奏（0.2 ≈ 最多 ±20%）；调小：喷射均匀稳定。,,0–1,0.2,,Niagara：Spawn Rate / Scale Color 用周期曲线；cascade.json：粒子层 Spawn Rate 曲线 × 脉动、星头光晕 Color Over Life × 脉动；星头和火粉的脉动烘进循环层贴图,是两个正弦叠加（主频 + 1.73 倍频，相位由随机种子定），频率取整到每个循环周期整数次，贴图循环和粒子曲线对得上；最低压到 0.05 倍。
210-rtPulseHz,尾缀（循环层 + 粒子）,尾缀 · 自转螺旋与喷射,rtPulseHz,脉动频率（按循环周期取整）,自转与喷射,Spin & Jets,脉动频率,Jet Pulse Frequency,False,烟花特性,喷射脉动每秒起伏几次；实际值会取整到每个循环周期整数次。,调大：明暗、疏密节奏更碎更快；调小：更慢、成段起伏。,Hz,0.5–20,6,,cascade.json：粒子层 Spawn Rate 曲线的起伏频率和关键点间隔（每个脉动周期约 4 个点）,只在喷射脉动 > 0 时显示、起作用；另叠一个 1.73 倍频的小起伏。
211-rtHeadSize,尾缀（循环层 + 粒子）,尾缀 · 星头（循环层）,rtHeadSize,亮核直径,外观,Particle Appearance,亮核直径,Head Sprite Size,True,通用,星头最亮那一点（曲导筒口的燃烧焰）的直径，画成一个柔和光点烘进循环层贴图。,调大：星头更大更圆、光更散；调小：星头更小更尖，远处只剩一个亮点。,m,0.05–3,0.55,,只影响烘焙出的贴图（也会撑大循环层面片：RiseLoop 的 Initial Size 按取景量出来）,小于贴图一个像素对应的尺寸时看不出变化（探针会报 sizeDead.head）。短焰的粗细也按它算。
212-rtHeadI,尾缀（循环层 + 粒子）,尾缀 · 星头（循环层）,rtHeadI,亮度,外观,Particle Appearance,星头亮度,Head Scale Color,True,通用,星头亮核的亮度倍数，随喷射脉动起伏，烘进循环层贴图。,调大：星头更亮、更早过曝发白；调小：星头变暗，白热段相对更显眼。,×,0–10,3,,只影响烘焙出的贴图（引擎里循环层整体亮度看「循环层引擎亮度」= RiseLoop 的 Color Over Life）,贴图曝光有上限，亮到过曝后再调大只是过曝区变大。短焰亮度按它的比例走。
213-rtHeadFl,尾缀（循环层 + 粒子）,尾缀 · 星头（循环层）,rtHeadFl,短焰长度（0 = 只有亮点）,外观,Particle Appearance,短焰长度,Head Flame Length,False,烟花特性,星头后面一小团向后短焰的长度，越往后越宽越暗；0 = 只有亮点。,调大：星头拖出更长的焰舌，近看像小彗星；调小：收成一个圆点。,m,0–5,0.8,,只影响烘焙出的贴图（太长时会撑大循环层面片）,为 0 时「短焰亮度」隐藏、不起作用。
214-rtHeadFlI,尾缀（循环层 + 粒子）,尾缀 · 星头（循环层）,rtHeadFlI,短焰亮度（× 亮核）,外观,Particle Appearance,短焰亮度,Head Flame Intensity,False,烟花特性,短焰的亮度，按亮核的倍数算：短焰总光量 = 4 × 此值 × 亮核，往后指数变暗。,调大：焰舌更亮更显眼；调小：焰舌淡下去，0 = 看不到焰舌。,×,0–2,0.6,,只影响烘焙出的贴图,只在短焰长度 > 0 时显示、起作用；也乘星头亮度和喷射脉动。紧挨亮核那一点约 0.63 × 此值 × 亮核。
215-rtARate,尾缀（循环层 + 粒子）,尾缀 · 白热段火粉（循环层）,rtARate,密度,白热火粉,Hot Dust,生成速率,Spawn Rate,True,通用,白热段火粉每秒喷出多少颗；极密的细火粉连成星头后面过曝的白热段（只在贴图里）。,调大：白热段更实、更亮、连成一片；调小：变稀，能看出一颗颗点，0 = 没有白热段。,颗/秒,0–40000,10000,,Niagara：Spawn Rate；只影响烘焙出的贴图（火粉不导出成粒子）,「火粉」和金火花是两种东西：火粉极密、极短命，只在循环层贴图里。每个循环周期取整数颗以保证贴图真循环。和亮度一起决定白热段总亮度。
216-rtALife,尾缀（循环层 + 粒子）,尾缀 · 白热段火粉（循环层）,rtALife,白热时间（中位）,白热火粉,Hot Dust,寿命,Lifetime,True,通用,一颗火粉从喷出到熄灭的时间（中位数）；按相机观感取得偏长，决定白热段有多长。,调大：白热段拉长、往下延伸更远；调小：白热段缩短，只剩星头后一小截。,s,0.05–2.5,0.7,,Niagara：Initialize Particle · Lifetime；只影响烘焙出的贴图，另进 cascade.json 的 RiseLoop Size By Life Y 曲线（面片长度随弹体速度缩放：白热段长 ≈ 速度 × 寿命 + 喷出速度 ÷ 阻力），并决定消散序列时长（RiseFade Lifetime）,和寿命随机一起：最长的火粉 ≈ 中位 × e^(2.5 × 寿命随机)，决定消散贴图要播多久。
217-rtALsig,尾缀（循环层 + 粒子）,尾缀 · 白热段火粉（循环层）,rtALsig,白热时间离散（对数标准差）,白热火粉,Hot Dust,寿命随机,Lifetime Random,False,通用,每颗火粉寿命的长短差异，让白热段下端稀疏渐散，而不是齐刷刷断掉。,调大：有的早灭、有的拖很长，白热段下端更柔和；调小：寿命一致，白热段末端齐整。,,0–1.2,0.35,"对数正态，每颗火粉：寿命 = 中位 × e^(σ·N(0,1))，N 截在 ±2.5；0.35 时约 2/3 的火粉寿命在中位的 0.70–1.42 倍之间，最长 2.4 倍。",只影响烘焙出的贴图；最长寿命决定消散序列时长（RiseFade）,单位是对数（不是 %）。
218-rtAJet,尾缀（循环层 + 粒子）,尾缀 · 白热段火粉（循环层）,rtAJet,向后喷出速度,白热火粉,Hot Dust,喷出速度,Ejection Speed,False,通用,火粉相对弹体向后喷出的速度，决定白热段从星头往下拉开多远。,调大：白热段更长、更舒展；调小：火粉堆在星头附近，白热段短而团。,m/s,0–80,33,,只影响烘焙出的贴图；另进 RiseLoop Size By Life Y 曲线（白热段长度里的「喷出速度 ÷ 阻力」）,每颗火粉 × (0.75–1.25) 均匀随机（固定，不可调）。金火花另用「火花喷出速度」。
219-rtAKd,尾缀（循环层 + 粒子）,尾缀 · 白热段火粉（循环层）,rtAKd,阻力,白热火粉,Hot Dust,阻力,Drag,True,通用,火粉被空气拖慢的快慢（线性阻力，1/s）；喷出后约 1/阻力 秒速度降到 37%。,调大：火粉喷出后很快停住，白热段短而密、更直；调小：火粉滑得远，白热段更长、更散。,1/s,1–60,14,,Niagara：Drag；只影响烘焙出的贴图；另进 RiseLoop Size By Life Y 曲线（喷出速度 ÷ 阻力）,每颗 × (0.7–1.3) 均匀随机（固定，不可调）。
220-rtACone,尾缀（循环层 + 粒子）,尾缀 · 白热段火粉（循环层）,rtACone,横向散开,白热火粉,Hot Dust,横向速度随机,Lateral Velocity Random,False,通用,每颗火粉出生时加的横向随机速度，让白热段有宽度，而不是一条线；竖直方向只有一半。,调大：白热段更宽、更蓬；调小：收成一条细亮线。,m/s,0–6,0.6,正态分布，每颗火粉：横向速度 σ = 0.6 m/s（约 2/3 的火粉在 ±0.6 内），竖直 σ = 0.3 m/s；不加景深方向。,只影响烘焙出的贴图,和金火花的「横向速度随机」是两套：这里是正态分布、只在画面平面里。
221-rtASize,尾缀（循环层 + 粒子）,尾缀 · 白热段火粉（循环层）,rtASize,颗粒直径,白热火粉,Hot Dust,大小,Sprite Size,True,通用,一颗火粉画进贴图的大小（柔和光点），每颗再 ±40% 随机。,调大：白热段更粗更柔、连成一片；调小：更细更锐，能看出颗粒。,m,0.02–1,0.22,,只影响烘焙出的贴图,每颗 × (0.6–1.4) 均匀随机（固定）。小于贴图一个像素对应的尺寸时看不出变化（探针会报 sizeDead.spark）。
222-rtAI,尾缀（循环层 + 粒子）,尾缀 · 白热段火粉（循环层）,rtAI,亮度,白热火粉,Hot Dust,亮度,Scale Color,True,通用,火粉的亮度倍数（每颗再 ±40% 随机，跟喷射脉动起伏），决定白热段多亮、过曝多少。,调大：白热段更白更过曝、发白的一段更长；调小：白热段变暗、偏金。,×,0–5,0.5,,只影响烘焙出的贴图（颜色由 Ramp 按灰度上色）,和生成速率一起决定总亮度；循环层在引擎里的整体倍数是「循环层引擎亮度」。
223-rtAWarm,尾缀（循环层 + 粒子）,尾缀 · 白热段火粉（循环层）,rtAWarm,变暗快慢（越大越早变金、变暗）,白热火粉,Hot Dust,变暗快慢,Fade Exponent,False,烘焙器专有,火粉随寿命变暗的曲线：亮度 ∝ (1 − 年龄 / 寿命)^此值；贴图里越暗越偏金、偏橙。,调大：火粉早早变暗变金，白热段短而集中；调小：亮到快熄灭才暗，白热段更长更白。,,0.2–4,1.2,,只影响烘焙出的贴图,「变金」是 Ramp 把较暗的灰度上成金 / 橙色的结果，不是单独的颜色参数。
224-rtFRate,尾缀（循环层 + 粒子）,尾缀 · 金火星（GPU 粒子 · 三档粒径）,rtFRate,细 · 出生率,金火花,Gold Sparks,细 · 生成速率,Fine · Spawn Rate,True,通用,细火花每秒生成多少颗；细的最暗、最短命、阻力最大，是尾迹里密密的一层小金点。,调大：这一档火花更密，尾迹更实；调小：更稀，0 = 关掉这一档（不导出这个发射器）。,颗/秒,0–8000,2500,,Niagara：Spawn Rate；cascade.json：SparksFine 发射器（PC GPU / 手机 CPU）的 Spawn Rate（按发射器时间的曲线 = 速率 × (1 − 烘进贴图比例) × 喷射脉动；手机再 × 手机版粒子数比例）,细档有一部分（「细火星烘进贴图的比例」，默认 0，三档预设 0.5）烘进循环层贴图，GPU 发射器只出剩下的 × (1 − 比例)。和寿命相乘大约就是同时活着的颗数。
225-rtFLife,尾缀（循环层 + 粒子）,尾缀 · 金火星（GPU 粒子 · 三档粒径）,rtFLife,细 · 寿命,金火花,Gold Sparks,细 · 寿命,Fine · Lifetime,True,通用,一颗细火花的平均燃烧时间；决定尾迹这一层拖多长、离星头多远才灭。,调大：这一档烧得久，尾迹更长、下段火花更多；调小：更早熄灭，尾迹变短。,s,0.1–6,0.9,,Niagara：Initialize Particle · Lifetime；cascade.json：SparksFine 的 Lifetime · Lifetime（Uniform：寿命 × (1 ± 寿命随机)）；Color Over Life 升温 / 降温的相对时间点也按它换算,烘进贴图的细火花也用这个值。实时模拟总时长也按最长寿命留余量。
226-rtFJit,尾缀（循环层 + 粒子）,尾缀 · 金火星（GPU 粒子 · 三档粒径）,rtFJit,细 · 寿命离散,金火花,Gold Sparks,细 · 寿命随机,Fine · Lifetime Random,False,通用,同一档细火花之间寿命的长短差异，让火花错落熄灭，而不是同时灭。,调大：有的早灭、有的拖很久，尾迹下端更稀疏自然；调小：几乎同时熄灭，尾迹末端齐整。,%,0–90,40,均匀分布，每粒火花：寿命 × (1 ± 40%)，即 0.54–1.26 s（默认值）。,Niagara：Initialize Particle · Lifetime Mode = Random（Min / Max）；cascade.json：SparksFine 的 Lifetime · Lifetime（Uniform 的上下限）,单位写 %，实际是 ±%。烘进贴图的细火花也用这个值。
227-rtFSize,尾缀（循环层 + 粒子）,尾缀 · 金火星（GPU 粒子 · 三档粒径）,rtFSize,细 · 粒子尺寸,金火花,Gold Sparks,细 · 大小,Fine · Sprite Size,True,通用,一颗细火花软圆点的直径；远处看光量 ∝ 直径²，所以大小也管亮度。,调大：这一档火花更大，远处看更亮更柔；调小：更小更细，远处看更暗。,m,0.05–5,0.25,,Niagara：Initialize Particle · Sprite Size；cascade.json：SparksFine 的 Initial Size · Start Size（Uniform：大小 × (1 ± 大小随机)，cm）；Size By Life 寿命后 30% 缩到「烧到最后的大小」，开拖影时 Y 再按寿命拉长,烘进贴图的细火花也用这个值。烘焙器里画成 σ = 直径 / 4 的高斯点、中心值 = 颜色（软圆点亮度口径未经 UE 验证）。
228-rtFI,尾缀（循环层 + 粒子）,尾缀 · 金火星（GPU 粒子 · 三档粒径）,rtFI,细 · 亮度,金火花,Gold Sparks,细 · 亮度,Fine · Scale Color,True,通用,细火花的发光倍数，乘在 Color Over Life 的黑体颜色曲线上（可 > 1）。,调大：这一档更亮，更容易过曝发白；调小：更暗，退到背景里。,×,0–40,2.6,,Niagara：Scale Color；cascade.json：SparksFine 的 Color Over Life · Color Over Life 曲线整体 × 此值 × 粒子层亮度总倍数（开拖影时再除以拉长倍数）,只管 GPU 那部分细火花；烘进贴图的细火花亮度由「贴图火星亮度」管。和「粒子层亮度总倍数」相乘。
229-rtFKd,尾缀（循环层 + 粒子）,尾缀 · 金火星（GPU 粒子 · 三档粒径）,rtFKd,细 · 阻力,金火花,Gold Sparks,细 · 阻力,Fine · Drag,True,通用,空气把细火花拖慢的快慢（线性阻力，1/s）；后段下坠终速 = 9.8 ÷ 阻力。,调大：火花很快停住，尾迹更窄更直、贴近弹道；调小：火花滑得更远，螺旋甩得更开，后段下坠更快。,1/s,0.2–30,5,,Niagara：Drag；cascade.json：SparksFine 的 Drag · Drag Coefficient Raw（Uniform：阻力 × (1 ± 阻力随机)）；空气乱流的 Acceleration 也按它放大,空气乱流开着时，乱流加速度 = 阻力 × 空气速度，所以阻力也决定火花被风带走多少。烘进贴图的细火花也用这个值。
230-rtMRate,尾缀（循环层 + 粒子）,尾缀 · 金火星（GPU 粒子 · 三档粒径）,rtMRate,中 · 出生率,金火花,Gold Sparks,中 · 生成速率,Medium · Spawn Rate,True,通用,中火花每秒生成多少颗；亮度、寿命、阻力介于细、粗之间，撑起尾迹的主体。,调大：这一档火花更密，尾迹更实；调小：更稀，0 = 关掉这一档（不导出这个发射器）。,颗/秒,0–4000,900,,Niagara：Spawn Rate；cascade.json：SparksMid 发射器（PC GPU / 手机 CPU）的 Spawn Rate（按发射器时间的曲线 = 速率 × 喷射脉动；手机再 × 手机版粒子数比例）,和寿命相乘大约就是同时活着的颗数。
231-rtMLife,尾缀（循环层 + 粒子）,尾缀 · 金火星（GPU 粒子 · 三档粒径）,rtMLife,中 · 寿命,金火花,Gold Sparks,中 · 寿命,Medium · Lifetime,True,通用,一颗中火花的平均燃烧时间；决定尾迹这一层拖多长、离星头多远才灭。,调大：这一档烧得久，尾迹更长、下段火花更多；调小：更早熄灭，尾迹变短。,s,0.1–6,1.5,,Niagara：Initialize Particle · Lifetime；cascade.json：SparksMid 的 Lifetime · Lifetime（Uniform：寿命 × (1 ± 寿命随机)）；Color Over Life 升温 / 降温的相对时间点也按它换算,实时模拟总时长也按最长寿命留余量。
232-rtMJit,尾缀（循环层 + 粒子）,尾缀 · 金火星（GPU 粒子 · 三档粒径）,rtMJit,中 · 寿命离散,金火花,Gold Sparks,中 · 寿命随机,Medium · Lifetime Random,False,通用,同一档中火花之间寿命的长短差异，让火花错落熄灭，而不是同时灭。,调大：有的早灭、有的拖很久，尾迹下端更稀疏自然；调小：几乎同时熄灭，尾迹末端齐整。,%,0–90,35,均匀分布，每粒火花：寿命 × (1 ± 35%)，即 0.98–2.03 s（默认值）。,Niagara：Initialize Particle · Lifetime Mode = Random（Min / Max）；cascade.json：SparksMid 的 Lifetime · Lifetime（Uniform 的上下限）,单位写 %，实际是 ±%。
233-rtMSize,尾缀（循环层 + 粒子）,尾缀 · 金火星（GPU 粒子 · 三档粒径）,rtMSize,中 · 粒子尺寸,金火花,Gold Sparks,中 · 大小,Medium · Sprite Size,True,通用,一颗中火花软圆点的直径；远处看光量 ∝ 直径²，所以大小也管亮度。,调大：这一档火花更大，远处看更亮更柔；调小：更小更细，远处看更暗。,m,0.05–5,0.38,,Niagara：Initialize Particle · Sprite Size；cascade.json：SparksMid 的 Initial Size · Start Size（Uniform：大小 × (1 ± 大小随机)，cm）；Size By Life 寿命后 30% 缩到「烧到最后的大小」，开拖影时 Y 再按寿命拉长,烘焙器里画成 σ = 直径 / 4 的高斯点、中心值 = 颜色（软圆点亮度口径未经 UE 验证）。
234-rtMI,尾缀（循环层 + 粒子）,尾缀 · 金火星（GPU 粒子 · 三档粒径）,rtMI,中 · 亮度,金火花,Gold Sparks,中 · 亮度,Medium · Scale Color,True,通用,中火花的发光倍数，乘在 Color Over Life 的黑体颜色曲线上（可 > 1）。,调大：这一档更亮，更容易过曝发白；调小：更暗，退到背景里。,×,0–40,4,,Niagara：Scale Color；cascade.json：SparksMid 的 Color Over Life · Color Over Life 曲线整体 × 此值 × 粒子层亮度总倍数（开拖影时再除以拉长倍数）,和「粒子层亮度总倍数」相乘。
235-rtMKd,尾缀（循环层 + 粒子）,尾缀 · 金火星（GPU 粒子 · 三档粒径）,rtMKd,中 · 阻力,金火花,Gold Sparks,中 · 阻力,Medium · Drag,True,通用,空气把中火花拖慢的快慢（线性阻力，1/s）；后段下坠终速 = 9.8 ÷ 阻力。,调大：火花很快停住，尾迹更窄更直、贴近弹道；调小：火花滑得更远，螺旋甩得更开，后段下坠更快。,1/s,0.2–30,3.6,,Niagara：Drag；cascade.json：SparksMid 的 Drag · Drag Coefficient Raw（Uniform：阻力 × (1 ± 阻力随机)）；空气乱流的 Acceleration 也按它放大,空气乱流开着时，乱流加速度 = 阻力 × 空气速度，所以阻力也决定火花被风带走多少。
236-rtCRate,尾缀（循环层 + 粒子）,尾缀 · 金火星（GPU 粒子 · 三档粒径）,rtCRate,粗 · 出生率,金火花,Gold Sparks,粗 · 生成速率,Coarse · Spawn Rate,True,通用,粗火花每秒生成多少颗；粗的最亮、最长寿、阻力最小，零星飞得最远、最后熄灭。,调大：这一档火花更密，尾迹更实；调小：更稀，0 = 关掉这一档（不导出这个发射器）。,颗/秒,0–2000,180,,Niagara：Spawn Rate；cascade.json：SparksCoarse 发射器（PC GPU / 手机 CPU）的 Spawn Rate（按发射器时间的曲线 = 速率 × 喷射脉动；手机再 × 手机版粒子数比例）,和寿命相乘大约就是同时活着的颗数。
237-rtCLife,尾缀（循环层 + 粒子）,尾缀 · 金火星（GPU 粒子 · 三档粒径）,rtCLife,粗 · 寿命,金火花,Gold Sparks,粗 · 寿命,Coarse · Lifetime,True,通用,一颗粗火花的平均燃烧时间；决定尾迹这一层拖多长、离星头多远才灭。,调大：这一档烧得久，尾迹更长、下段火花更多；调小：更早熄灭，尾迹变短。,s,0.1–8,2.4,,Niagara：Initialize Particle · Lifetime；cascade.json：SparksCoarse 的 Lifetime · Lifetime（Uniform：寿命 × (1 ± 寿命随机)）；Color Over Life 升温 / 降温的相对时间点也按它换算,末段爆亮（SparkPops）也借用粗火花的寿命（× 0.6–1.2）。实时模拟总时长也按最长寿命留余量。
238-rtCJit,尾缀（循环层 + 粒子）,尾缀 · 金火星（GPU 粒子 · 三档粒径）,rtCJit,粗 · 寿命离散,金火花,Gold Sparks,粗 · 寿命随机,Coarse · Lifetime Random,False,通用,同一档粗火花之间寿命的长短差异，让火花错落熄灭，而不是同时灭。,调大：有的早灭、有的拖很久，尾迹下端更稀疏自然；调小：几乎同时熄灭，尾迹末端齐整。,%,0–90,30,均匀分布，每粒火花：寿命 × (1 ± 30%)，即 1.68–3.12 s（默认值）。,Niagara：Initialize Particle · Lifetime Mode = Random（Min / Max）；cascade.json：SparksCoarse 的 Lifetime · Lifetime（Uniform 的上下限）,单位写 %，实际是 ±%。
239-rtCSize,尾缀（循环层 + 粒子）,尾缀 · 金火星（GPU 粒子 · 三档粒径）,rtCSize,粗 · 粒子尺寸,金火花,Gold Sparks,粗 · 大小,Coarse · Sprite Size,True,通用,一颗粗火花软圆点的直径；远处看光量 ∝ 直径²，所以大小也管亮度。,调大：这一档火花更大，远处看更亮更柔；调小：更小更细，远处看更暗。,m,0.05–5,0.55,,Niagara：Initialize Particle · Sprite Size；cascade.json：SparksCoarse 的 Initial Size · Start Size（Uniform：大小 × (1 ± 大小随机)，cm）；Size By Life 寿命后 30% 缩到「烧到最后的大小」，开拖影时 Y 再按寿命拉长,烘焙器里画成 σ = 直径 / 4 的高斯点、中心值 = 颜色（软圆点亮度口径未经 UE 验证）。
240-rtCI,尾缀（循环层 + 粒子）,尾缀 · 金火星（GPU 粒子 · 三档粒径）,rtCI,粗 · 亮度,金火花,Gold Sparks,粗 · 亮度,Coarse · Scale Color,True,通用,粗火花的发光倍数，乘在 Color Over Life 的黑体颜色曲线上（可 > 1）。,调大：这一档更亮，更容易过曝发白；调小：更暗，退到背景里。,×,0–40,6,,Niagara：Scale Color；cascade.json：SparksCoarse 的 Color Over Life · Color Over Life 曲线整体 × 此值 × 粒子层亮度总倍数（开拖影时再除以拉长倍数）,和「粒子层亮度总倍数」相乘。末段爆亮不受它影响（用自己的亮度）。
241-rtCKd,尾缀（循环层 + 粒子）,尾缀 · 金火星（GPU 粒子 · 三档粒径）,rtCKd,粗 · 阻力,金火花,Gold Sparks,粗 · 阻力,Coarse · Drag,True,通用,空气把粗火花拖慢的快慢（线性阻力，1/s）；后段下坠终速 = 9.8 ÷ 阻力。,调大：火花很快停住，尾迹更窄更直、贴近弹道；调小：火花滑得更远，螺旋甩得更开，后段下坠更快。,1/s,0.2–30,2.4,,Niagara：Drag；cascade.json：SparksCoarse 的 Drag · Drag Coefficient Raw（Uniform：阻力 × (1 ± 阻力随机)）；空气乱流的 Acceleration 也按它放大,空气乱流开着时，乱流加速度 = 阻力 × 空气速度，所以阻力也决定火花被风带走多少。末段爆亮（SparkPops）也借用粗火花的这个值。
242-rtSizeJit,尾缀（循环层 + 粒子）,尾缀 · 金火星（GPU 粒子 · 三档粒径）,rtSizeJit,尺寸离散（远处亮度 ∝ 尺寸²）,金火花,Gold Sparks,大小随机,Sprite Size Random,False,通用,三档火花每颗大小的差异；远处看光量 ∝ 大小²，所以也带来亮暗不一。,调大：亮暗、大小参差更明显，尾迹更有层次；调小：同档火花一样大、一样亮。,±%,0–90,25,均匀分布，每粒火花：大小 × (1 ± 25%)，远处光量随之约 0.56–1.56 倍；细、中、粗三档共用，最大按 90% 截。,Niagara：Initialize Particle · Sprite Size（Uniform Ranged）；cascade.json：三个金火花发射器 Initial Size · Start Size 的 Uniform 上下限,烘进贴图的细火花也用它（亮度 × (大小 / 标称)²）。落火、末段爆亮用各自固定的范围，不受它影响。
243-rtKdJit,尾缀（循环层 + 粒子）,尾缀 · 金火星（GPU 粒子 · 三档粒径）,rtKdJit,阻力离散,金火花,Gold Sparks,阻力随机,Drag Random,False,通用,三档火花每颗阻力的差异，让同时出生的火花停在不同远近，尾迹不那么整齐。,调大：火花飘得远近不一，尾迹更散更自然；调小：同档火花走同一条路线，尾迹边缘整齐。,±%,0–90,20,均匀分布，每粒火花：阻力 × (1 ± 20%)；细、中、粗三档和末段爆亮共用，最大按 90% 截。,Niagara：Drag（Uniform Ranged Float）；cascade.json：三个金火花和 SparkPops 发射器 Drag · Drag Coefficient Raw 的 Uniform 上下限,烘进贴图的细火花也用它。落火用固定的 ±30%。
244-rtConeSoft,尾缀（循环层 + 粒子）,尾缀 · 金火星（GPU 粒子 · 三档粒径）,rtConeSoft,散开分布（0 均匀 = 边缘一刀切；1 两个均匀相加 = 中间密、边缘软）,金火花,Gold Sparks,散开软边,Spread Soft Edge,False,通用,横向速度随机的分布：0 = 均匀（边缘一刀切），1 = 两个均匀相加（中间密、边缘渐稀）。,设 1：尾迹两侧边缘柔和渐稀、更像实拍；设 0：火花均匀铺满一个范围，边缘生硬。,,0–1,0,开（1）时每粒火花：横向速度 = 两个 ±(横向速度随机 ÷ √2) 的均匀随机相加 → 三角分布，均方根和关时一样，最远到 ±1.41 倍。,Niagara：叠两个 Add Velocity；cascade.json：开时金火花、末段爆亮、落火各写两个随机 Initial Velocity（每个 ± 值/√2），关时只写一个,实际是开关（步长 1，代码只看是否 > 0）。白热段火粉不受它影响（那边本来就是正态）。
245-rtFTex,尾缀（循环层 + 粒子）,尾缀 · 贴图里的火星（循环层）,rtFTex,细火星烘进贴图的比例（0 = 全在 GPU）,金火花,Gold Sparks,贴图火花比例,Baked Fine Sparks Fraction,False,烘焙输出,细火花里有多少比例直接画进循环层贴图，其余仍由引擎里的 GPU 粒子发射。,调大：贴图里的细火花变多、GPU 细火花按比例变少（总数不变）；调小：细火花全回到 GPU 粒子，贴图只剩星头和白热段火粉。,,0–1,0,,Niagara 无直接对应（类似把一部分粒子用 Niagara Baker 烘进序列）；Cascade：SparksFine 发射器 · Spawn Rate 曲线 × (1 − 比例)，= 1 时不写 SparksFine；烘进的部分只在 RiseLoop / RiseFade 两张序列里,细火花「生成速率」为 0 时不起作用。贴图火花按出膛速度在随体坐标里算，不受大涡阵风影响，引擎里随面片长度一起缩短；手机端不随「手机粒子比例」减少。比例 > 0 时取景要包住贴图火花，面片可能变长。
246-rtTexI,尾缀（循环层 + 粒子）,尾缀 · 贴图里的火星（循环层）,rtTexI,贴图火星亮度,金火花,Gold Sparks,贴图火花亮度,Baked Sparks Intensity,False,烘焙器专有,画进贴图的细火花有多亮；1 = 燃烧段一颗细火花是一颗白热段火粉光量的 1%。,调大：贴图火花更亮，经 Ramp 从暗橙红变成金色、再到金白；调小：贴图火花更暗、偏橙红，太暗就看不见。,×,0–200,10,,只影响烘焙出的贴图（RiseLoop / RiseFade 灰度序列，颜色由 Ramp 决定）；和 GPU 火花的「亮度」口径不通用,「贴图火花比例」为 0 时不显示、不起作用。还乘大小比例的平方和喷射脉动；不受「火花总亮度」影响。「细火花温度偏移」不为 0 时贴图火花亮度也会变（现在是偏移越低越亮，预设 −400 K 时约 ×7.5）。
247-rtGlow,尾缀（循环层 + 粒子）,尾缀 · 引擎里加的效果,rtGlow,星头光晕亮度（0 关）,引擎附加,Engine Extras,星头光晕亮度,Head Glow Intensity,False,烟花特性,星头外一团柔光（强光被空气 / 烟散射）的亮度，引擎里单独一颗软圆点跟着星头飞；0 关。,调大：星头外的光团更亮、更显眼；调小：光团变淡，0 时没有光晕。,×,0–5,0,,Niagara：单独一个光晕发射器的 Scale Color；Cascade：HeadGlow 发射器（CPU，0 s Burst 1 颗，寿命 = 升空时间）· Color Over Life（出喷口温度的颜色 × 亮度 × 喷射脉动，最后 15% 降 35%）,弹道模块和循环层面片完全一样，所以和星头重合，开花时消失。颜色跟「出喷口温度」。不乘「火花总亮度」；手机端「手机粒子比例」为 0 也保留。
248-rtGlowSize,尾缀（循环层 + 粒子）,尾缀 · 引擎里加的效果,rtGlowSize,星头光晕直径,引擎附加,Engine Extras,星头光晕直径,Head Glow Sprite Size,False,通用,星头光晕那颗软圆点的直径（米），升空过程中缩到 0.8 倍。,调大：光团更大、更散，总光量更多；调小：光团收紧在星头周围。,m,0.5–30,4,,Niagara：Initialize Particle · Sprite Size；Cascade：HeadGlow · Initial Size（m → cm）+ Size By Life 1 → 0.8,「星头光晕亮度」为 0 时不显示。软圆点按中心亮度算，直径变大时中心亮度不变、整团更大更亮。
249-rtPopRate,尾缀（循环层 + 粒子）,尾缀 · 引擎里加的效果,rtPopRate,末段爆亮 · 出生率（0 关）,引擎附加,Engine Extras,爆亮生成速率,Pop Spawn Rate,True,烟花特性,末段爆亮粒子每秒生成几颗：和粗火花一样飞，寿命末段闪一下（熔渣微爆）；0 关。,调大：尾迹里一闪一闪的亮点更多更密；调小：闪光更零星，0 时没有。,颗/秒,0–400,0,,Niagara：Spawn Rate；Cascade：SparkPops 发射器（PC GPU、手机 CPU）· Spawn Rate 曲线（× 喷射脉动；手机 × 手机粒子比例）,是另加的一批粒子，不是从粗火花里挑；出生位置、初速、阻力、乱流和粗火花一样，寿命 = 粗火花寿命 × 0.6–1.2（不用粗火花的寿命随机），闪之前全黑。
250-rtPopI,尾缀（循环层 + 粒子）,尾缀 · 引擎里加的效果,rtPopI,末段爆亮 · 亮度,引擎附加,Engine Extras,爆亮亮度,Pop Intensity,False,通用,爆亮那一闪的峰值亮度：颜色比出喷口温度再热 300 K（白），随后转金、熄灭。,调大：闪光更刺眼、更容易过曝发白；调小：闪光变弱，只是一点金色亮点。,×,0–80,20,,Niagara：Scale Color；Cascade：SparkPops · Color Over Life（峰值 = 亮度 × 火花总亮度，+0.03 寿命降到 60%，+0.08 转金色 12%，+0.15 全黑）,「爆亮生成速率」为 0 时不显示。乘「火花总亮度」。
251-rtPopSize,尾缀（循环层 + 粒子）,尾缀 · 引擎里加的效果,rtPopSize,末段爆亮 · 尺寸,引擎附加,Engine Extras,爆亮大小,Pop Sprite Size,True,通用,爆亮粒子的直径（米，每颗 0.7–1.3 倍）；平时 0.4 倍，闪时放大到 1.2 倍。,调大：闪光点更大、总光量更多；调小：闪光点更细小。,m,0.05–3,0.5,,Niagara：Initialize Particle · Sprite Size + Scale Sprite Size；Cascade：SparkPops · Initial Size（Uniform 0.7–1.3 倍）+ Size By Life（0.4 → 闪光处 1.2 → 末尾 0.6）,「爆亮生成速率」为 0 时不显示。
252-rtPopAt,尾缀（循环层 + 粒子）,尾缀 · 引擎里加的效果,rtPopAt,末段爆亮 · 在寿命的哪里闪,引擎附加,Engine Extras,爆亮时刻,Pop Normalized Age,False,烟花特性,在每颗粒子寿命的哪个比例处闪（0.85 = 活到 85% 时闪），之前全黑。,调大：闪得更晚，闪光落在尾迹更下方；调小：闪得更早，更靠近星头。,,0.2–0.95,0.85,,Niagara：对应粒子的 Normalized Age；Cascade：SparkPops · Color Over Life / Size By Life 里闪光关键点的位置,「爆亮生成速率」为 0 时不显示。每颗寿命不同（粗火花寿命 × 0.6–1.2），闪的绝对时间是错开的。超过约 0.92 时颜色关键点会超出寿命 1。
253-rtLaunch,尾缀（循环层 + 粒子）,尾缀 · 引擎里加的效果,rtLaunch,发射口闪光亮度（0 关）,引擎附加,Engine Extras,发射口闪光亮度,Launch Flash Intensity,False,烟花特性,发射药在炮筒口一闪（大光团，0.3 秒内熄灭）的亮度；0 关，发射口火花也一起关。,调大：开场地面那一闪更亮；调小：闪光更弱，0 时既没有闪光也没有发射口火花。,×,0–10,0,,Niagara：Spawn Burst Instantaneous（1 颗）+ Scale Color；Cascade：LaunchGlow 发射器（CPU，0 s Burst 1 颗，寿命 0.3 s，离地 1 m）· Color Over Life（2300 K 色，亮度 → 20% 时 0.45 → 60% 时 0.08 → 0）,为 0 时「发射口火花」几项都不起作用。不乘「火花总亮度」；手机端照留。口径和星头光晕不同：这里的 1 比星头光晕的 1 亮 4 倍。
254-rtLaunchSize,尾缀（循环层 + 粒子）,尾缀 · 引擎里加的效果,rtLaunchSize,发射口闪光直径,引擎附加,Engine Extras,发射口闪光直径,Launch Flash Sprite Size,True,通用,发射口闪光那团光的直径（米）：先从 0.6 倍长到 1 倍，再扩到 1.4 倍。,调大：闪光光团更大；调小：闪光收在炮筒口附近。,m,1–40,8,,Niagara：Initialize Particle · Sprite Size；Cascade：LaunchGlow · Initial Size + Size By Life（0.6 → 15% 时 1 → 1.4）,「发射口闪光亮度」为 0 时不显示。
255-rtLaunchN,尾缀（循环层 + 粒子）,尾缀 · 引擎里加的效果,rtLaunchN,发射口火星颗数,引擎附加,Engine Extras,发射口火花数,Launch Sparks Spawn Count,True,通用,发射瞬间从炮筒口向上一次性喷出的火花颗数。,调大：炮口喷出的火花更多更密；调小：更稀疏，0 时没有。,颗,0–1000,0,,Niagara：Spawn Burst Instantaneous · Spawn Count；Cascade：LaunchSparks 发射器（PC GPU、手机 CPU）· Burst（0 s × 颗数；手机 × 手机粒子比例）,要「发射口闪光亮度」> 0 才起作用。每颗寿命 0.35–1 s、直径 0.12–0.3 m、阻力 2.5–4.5，受重力，离地 0.5 m 出生（这些固定不可调）。
256-rtLaunchV,尾缀（循环层 + 粒子）,尾缀 · 引擎里加的效果,rtLaunchV,发射口火星速度,引擎附加,Engine Extras,发射口火花初速,Launch Sparks Velocity Speed,True,通用,发射口火花向上喷的速度（米/秒）；竖直平均为 0.75 倍，每颗 0.45–1.05 倍。,调大：火花喷得更高更远（横向也一起变宽）；调小：火花只在炮口附近溅起。,m/s,2–80,30,,Niagara：Add Velocity · Velocity Speed；Cascade：LaunchSparks · Initial Velocity（竖直 0.75 × 速度）+ 第二个 Initial Velocity（竖直 ±0.3 × 速度，横向按张角）,「发射口闪光亮度」和「发射口火花数」都 > 0 才显示。横向散开 = tan(张角) × 这个速度。
257-rtLaunchCone,尾缀（循环层 + 粒子）,尾缀 · 引擎里加的效果,rtLaunchCone,发射口火星张角,引擎附加,Engine Extras,发射口火花张角,Launch Sparks Cone Angle,True,通用,发射口火花偏离竖直方向散开的角度（度），越大喷成越宽的一把。,调大：火花向四周散得更宽；调小：火花更集中成向上的一束。,°,2–60,20,,Niagara：近似 Add Velocity in Cone · Cone Angle；Cascade：LaunchSparks · 两个叠加的 Initial Velocity，横向各 ±tan(张角) × 速度,「发射口闪光亮度」和「发射口火花数」都 > 0 才显示。不是严格的锥角：横向是两个均匀随机相加，只有约 1/3 的火花在这个角度以内，中位约 1.3 倍。
258-rtLaunchI,尾缀（循环层 + 粒子）,尾缀 · 引擎里加的效果,rtLaunchI,发射口火星亮度,引擎附加,Engine Extras,发射口火花亮度,Launch Sparks Intensity,False,通用,发射口火花的亮度；颜色按黑体冷却曲线，比其他火花热 200 K（按 0.7 秒寿命算）。,调大：炮口火花更亮、更容易过曝发白；调小：更暗、更偏金橙。,×,0–40,8,,Niagara：Scale Color；Cascade：LaunchSparks · Color Over Life（× 火花总亮度）,「发射口闪光亮度」和「发射口火花数」都 > 0 才显示。颜色跟「火花颜色与熄灭」几项（出喷口温度、燃烧温度、降温时间…）。
259-rtFdT,尾缀（循环层 + 粒子）,尾缀 · 火星明暗与线状,rtFdT,细 · 温度偏移,外观,Particle Appearance,细火花温度偏移,Fine Sparks Temperature Offset,False,烘焙器专有,细火花的黑体温度整体上下挪（出喷口、燃烧温度都加这个数）：主要改颜色，高偏白、低偏金橙。,调大：细火花更白；调小：细火花更偏金、橙红。,K,-800–800,0,,Niagara：Color（随寿命的颜色曲线）；Cascade：SparksFine · Color Over Life（变颜色，燃烧段亮度不变）,引擎粒子里只改色相，燃烧段亮度由这一档的「亮度」定；熄灭温度不跟着挪。也会改贴图火花的亮度（现在是越低越亮），见「贴图火花亮度」。
260-rtMdT,尾缀（循环层 + 粒子）,尾缀 · 火星明暗与线状,rtMdT,中 · 温度偏移,外观,Particle Appearance,中火花温度偏移,Mid Sparks Temperature Offset,False,烘焙器专有,中火花的黑体温度整体上下挪（出喷口、燃烧温度都加这个数）：主要改颜色，高偏白、低偏金橙。,调大：中火花更白；调小：中火花更偏金、橙红。,K,-800–800,0,,Niagara：Color（随寿命的颜色曲线）；Cascade：SparksMid · Color Over Life（变颜色，燃烧段亮度不变）,引擎粒子里只改色相，燃烧段亮度由这一档的「亮度」定；熄灭温度不跟着挪。
261-rtCdT,尾缀（循环层 + 粒子）,尾缀 · 火星明暗与线状,rtCdT,粗 · 温度偏移,外观,Particle Appearance,粗火花温度偏移,Coarse Sparks Temperature Offset,False,烘焙器专有,粗火花的黑体温度整体上下挪（出喷口、燃烧温度都加这个数）：主要改颜色，高偏白、低偏金橙。,调大：粗火花更白，过曝时发白而不是发黄；调小：粗火花更偏金、橙红。,K,-800–800,0,,Niagara：Color（随寿命的颜色曲线）；Cascade：SparksCoarse · Color Over Life（变颜色，燃烧段亮度不变）,引擎粒子里只改色相，燃烧段亮度由这一档的「亮度」定；熄灭温度不跟着挪。配合更高的「亮度」，粗火花在相机里过曝发白。
262-rtStreakT,尾缀（循环层 + 粒子）,尾缀 · 火星明暗与线状,rtStreakT,拖影时间（0 = 全是圆点）,外观,Particle Appearance,拖影时间,Streak Exposure Time,False,烘焙器专有,盯着星头看时的曝光时间：火花相对星头的速度 × 它 = 拖影长；0 = 全是圆点。,调大：火花拉成更长的竖线，越往尾迹下方越长；调小：拖影变短，0 时全是圆点。,s,0–0.2,0,,Niagara：Sprite Renderer · Alignment + 按寿命拉长 Sprite Size；Cascade：SparksFine / Mid / Coarse · Required 的 Screen Alignment = Rectangle、Size By Life 的 Y 按寿命拉长，Color Over Life 同时除以拉长倍数,光量守恒：拖得越长单位长度越暗，要更亮才会过曝发白。每档只有一条拉长曲线（按升空中段出生的一颗算）。只作用在三档火花和贴图火花上；落火、爆亮、发射口火花不拉长。GPU + Rectangle 未经 UE 验证。
263-rtStreakMax,尾缀（循环层 + 粒子）,尾缀 · 火星明暗与线状,rtStreakMax,最长拉长倍数（× 粒子尺寸）,外观,Particle Appearance,最大拉长倍数,Max Streak Stretch,False,烘焙器专有,拖影最长能拉到粒子直径的几倍，防止尾迹下段的老火花拖得过长。,调大：老火花可以拖得更长；调小：拖影被截短，更像短划。,×,1–30,6,,Niagara：拉长的上限（无现成参数）；Cascade：SparksFine / Mid / Coarse · Size By Life 的 Y 倍数上限,「拖影时间」为 0 时不显示。贴图火花也用同一上限。
264-rtFStreak,尾缀（循环层 + 粒子）,尾缀 · 火星明暗与线状,rtFStreak,细 · 拖影倍数（0 = 圆点）,外观,Particle Appearance,细火花拖影倍数,Fine Sparks Streak Scale,False,烘焙器专有,细火花的拖影时间 = 拖影时间 × 这个倍数；0 = 这一档不拖影、是圆点。,调大：细火花拖得更长；调小：更短，0 时是圆点。,×,0–3,1,,Cascade：SparksFine · Screen Alignment（不拖影时 Square，否则 Rectangle）+ Size By Life 的 Y,「拖影时间」为 0 时不显示。贴图里的细火花也用这个倍数。
265-rtMStreak,尾缀（循环层 + 粒子）,尾缀 · 火星明暗与线状,rtMStreak,中 · 拖影倍数,外观,Particle Appearance,中火花拖影倍数,Mid Sparks Streak Scale,False,烘焙器专有,中火花的拖影时间 = 拖影时间 × 这个倍数；0 = 这一档不拖影、是圆点。,调大：中火花拖得更长；调小：更短，0 时是圆点。,×,0–3,1,,Cascade：SparksMid · Screen Alignment（不拖影时 Square，否则 Rectangle）+ Size By Life 的 Y,「拖影时间」为 0 时不显示。
266-rtCStreak,尾缀（循环层 + 粒子）,尾缀 · 火星明暗与线状,rtCStreak,粗 · 拖影倍数,外观,Particle Appearance,粗火花拖影倍数,Coarse Sparks Streak Scale,False,烘焙器专有,粗火花的拖影时间 = 拖影时间 × 这个倍数；0 = 这一档不拖影、是圆点。,调大：粗火花拖得更长；调小：更短，0 时是圆点。,×,0–3,1,,Cascade：SparksCoarse · Screen Alignment（不拖影时 Square，否则 Rectangle）+ Size By Life 的 Y,「拖影时间」为 0 时不显示。
267-rtTurb,尾缀（循环层 + 粒子）,尾缀 · 空气乱流,rtTurb,大涡阵风（均方根，0 关）,受力,Forces,大涡阵风,Gust Wind Speed,False,通用,高空大尺度阵风的典型风速：火花被阻力带着随风漂，越老漂越远，尾迹下段松开、轻轻弯。,调大：尾迹下段更松散、弯得更明显；调小：尾迹更直更硬，0 关。,m/s,0–4,0,沿弹道每隔「大涡尺度」取一个正态随机风速，中间平滑过渡；横向、景深均方根 = 该值，竖直 70%；同一时刻出生的火花共用同一股风（沿尾迹相关），由随机种子固定。,Niagara：近似 Wind Force · Wind Speed / Curl Noise Force · Noise Strength；Cascade：SparksFine / Mid / Coarse、Embers、SparkPops · Acceleration（按发射器时间的曲线 = 阻力 × 风速，不烘查找表）；重力仍在 Const Acceleration,循环层贴图（白热段火粉、贴图火花）不受大涡影响，以保持真循环。Acceleration 在 GPU 上未经 UE 验证，不生效时尾迹下段会比烘焙器里硬、直。
268-rtTurbL,尾缀（循环层 + 粒子）,尾缀 · 空气乱流,rtTurbL,大涡尺度,受力,Forces,大涡尺度,Gust Length Scale,False,通用,阵风变化一次的距离（米，沿弹道量）：尾迹每隔这么长换一股风。,调大：尾迹整体大弧度缓弯；调小：尾迹一小段一小段地摆动。,m,3–200,30,,Niagara：近似 Curl Noise Force · Noise Frequency 的倒数；Cascade：Acceleration 曲线随发射器时间变化的快慢,「大涡阵风」为 0 时不显示。
269-rtTurbS,尾缀（循环层 + 粒子）,尾缀 · 空气乱流,rtTurbS,小涡 / 尾流（均方根，0 关）,受力,Forces,小涡漂移随机,Small Eddy Drift Random,False,通用,小涡和弹体尾流给每颗火花一个各不相同的漂移速度（均方根），让火花散得更乱、更自然。,调大：火花各自漂开，尾迹边缘更毛、更散；调小：火花更整齐，0 关。,m/s,0–4,0,每粒火花一个固定漂移速度：两个均匀随机相加（中间多、边缘少），横向、景深均方根 = 该值，竖直 70%；白热段火粉用正态（σ = 该值）。,Niagara：近似每颗随机的 Curl Noise Force；Cascade：SparksFine / Mid / Coarse、Embers、SparkPops · 两个 Acceleration（Uniform，各 ± 阻力 × √1.5 × 该值，竖直 ×0.7）,也作用在循环层贴图里的白热段火粉和贴图火花上（小涡不破坏循环）。Acceleration 在 GPU 上未经 UE 验证。
270-rtT0,尾缀（循环层 + 粒子）,尾缀 · 火星颜色与熄灭,rtT0,出喷口温度,外观,Particle Appearance,出喷口温度,Initial Temperature,False,烘焙器专有,火花刚喷出时的黑体温度（K）：很热，看起来偏白、比燃烧段更亮。,调大：刚喷出的火花更白更亮，星头下方更亮；调小：一出来就偏金，亮度和燃烧段接近。,K,1600–3000,2450,,Niagara：Color（随寿命的颜色曲线）；Cascade：各火花发射器 · Color Over Life 开头几个关键点；也定 HeadGlow 的颜色、爆亮闪光颜色（+300 K）,低于「燃烧温度」时火花会先暗后亮。各档温度偏移加在它上面。贴图火花的亮度曲线也跟它。
271-rtTb,尾缀（循环层 + 粒子）,尾缀 · 火星颜色与熄灭,rtTb,燃烧温度,外观,Particle Appearance,燃烧温度,Burning Temperature,False,烘焙器专有,火花在空气中稳定燃烧的温度（K），即寿命中段的颜色；各档「亮度」就是在这个温度下定的。,调大：中段火花偏白黄；调小：中段火花偏金橙。,K,1500–2800,2150,,Niagara：Color；Cascade：各火花发射器 · Color Over Life 中段；也定爆亮之后的金色余光,亮度按燃烧温度归一，改它主要改颜色、不改中段亮度；但它和出喷口 / 熄灭温度的差决定开头亮多少、结尾暗多快。
272-rtTc,尾缀（循环层 + 粒子）,尾缀 · 火星颜色与熄灭,rtTc,降到燃烧温度的时间,外观,Particle Appearance,降温时间,Cooling Time,False,烘焙器专有,从出喷口温度降向燃烧温度的时间（秒）；是指数降温的时间常数，这么久降掉约 63%。,调大：白热的一段更长，星头下方一大段偏白；调小：火花一喷出就转金。,s,0.02–2,0.35,,Cascade：各火花发射器 · Color Over Life 前段关键点的位置（按这一档平均寿命换成相对寿命）,按每档平均寿命换算成相对寿命（最多 0.7 寿命），所以寿命比平均长的单颗冷得稍慢。
273-rtTend,尾缀（循环层 + 粒子）,尾缀 · 火星颜色与熄灭,rtTend,熄灭温度,外观,Particle Appearance,熄灭温度,Burnout Temperature,False,烘焙器专有,寿命最后 25% 降到的温度（K），同时亮度渐暗到 0：决定火花熄灭前的颜色。,调大：熄灭前还是金黄；调小：熄灭前先变橙红、暗红。,K,900–2200,1450,,Niagara：Color；Cascade：各火花发射器 · Color Over Life 最后 25% 的关键点,各档温度偏移不加在熄灭温度上。
274-rtTw,尾缀（循环层 + 粒子）,尾缀 · 火星颜色与熄灭,rtTw,闪烁,外观,Particle Appearance,闪烁强度,Flicker Strength,False,烘焙器专有,火花寿命中段的明暗起伏：相邻关键点交替亮暗该值的一半（0.3 = ±15%）。,调大：火花一闪一闪更明显；调小：亮度更平稳，0 不闪。,,0–1,0.3,,Cascade：各火花发射器 · Color Over Life 中段关键点交替 × (1 ± 0.5 × 该值),按相对寿命起伏（约每 10% 寿命翻一次），每颗寿命不同所以相位错开；贴图火花和落火、发射口火花也一样。
275-rtShrink,尾缀（循环层 + 粒子）,尾缀 · 火星颜色与熄灭,rtShrink,烧到最后的大小（× 出生时）,外观,Particle Appearance,熄灭时大小,End Size Scale,False,通用,火花烧到最后的大小（× 出生时）：寿命前 70% 不变，之后线性变到这个倍数。,调大：火花到最后还保持大小（> 1 会变大）；调小：越烧越小，熄灭前缩成细点。,×,0.05–1.5,0.5,,Niagara：Scale Sprite Size（按寿命）；Cascade：SparksFine / Mid / Coarse · Size By Life（0 → 1，0.7 → 1，1 → 该值）,只作用在三档火花和贴图火花；落火、爆亮、发射口火花有各自固定的曲线。
276-rtERate,尾缀（循环层 + 粒子）,尾缀 · 落火,rtERate,出生率,落火,Falling Embers,生成速率,Spawn Rate,True,通用,落火每秒生成几颗：少量长寿的大颗火花，阻力小，往下掉在尾迹下方；0 关。,调大：尾迹下方零星掉落的大火花更多；调小：更零星，0 关。,颗/秒,0–200,10,,Niagara：Spawn Rate；Cascade：Embers 发射器（PC GPU、手机 CPU）· Spawn Rate 曲线（× 喷射脉动；手机 × 手机粒子比例）,出生位置和三档火花一样；喷出速度只取 0.6 倍向后喷出、0.5 倍甩出，散开更宽、偏向下（「散开分布」为 1 时和火花一样）。受大涡 / 小涡乱流。
277-rtELife,尾缀（循环层 + 粒子）,尾缀 · 落火,rtELife,寿命,落火,Falling Embers,寿命,Lifetime,True,通用,每颗落火能烧多久（秒），每颗在 0.7–1.3 倍之间随机。,调大：落火掉得更远、更久才灭；调小：落火很快熄灭。,s,0.2–8,3,,Niagara：Initialize Particle · Lifetime；Cascade：Embers · Lifetime（Uniform 0.7–1.3 倍）,颜色曲线（降温、熄灭）按这个平均寿命换算；也算进序列总时长。
278-rtESize,尾缀（循环层 + 粒子）,尾缀 · 落火,rtESize,粒子尺寸,落火,Falling Embers,大小,Sprite Size,True,通用,落火的直径（米，每颗 0.8–1.2 倍），寿命末尾缩到 0.4 倍。,调大：落火更大、更显眼；调小：落火更细小。,m,0.05–5,0.8,,Niagara：Initialize Particle · Sprite Size；Cascade：Embers · Initial Size（Uniform 0.8–1.2 倍）+ Size By Life（1 → 0.9 → 0.4）,不受三档火花的尺寸随机和「熄灭时大小」影响。
279-rtEI,尾缀（循环层 + 粒子）,尾缀 · 落火,rtEI,亮度,落火,Falling Embers,亮度,Scale Color,True,通用,落火的亮度；颜色按黑体冷却曲线，比三档火花冷 180 K（偏橙）。,调大：落火更亮、更显眼；调小：落火更暗。,×,0–10,4,,Niagara：Scale Color；Cascade：Embers · Color Over Life（× 火花总亮度）,乘「火花总亮度」。
280-rtEKd,尾缀（循环层 + 粒子）,尾缀 · 落火,rtEKd,阻力,落火,Falling Embers,阻力,Drag,True,通用,落火的空气阻力（1/秒，每颗 0.7–1.3 倍）：越小越能带着弹体速度飞远、下坠越快。,调大：落火很快停在空中、慢慢往下飘；调小：带着弹体速度冲得更远，再较快下坠。,1/s,0.1–10,1,,Niagara：Drag；Cascade：Embers · Drag · DragCoefficient（Uniform 0.7–1.3 倍）,乱流的漂移加速度也按这个阻力算。
281-rtSmoke,尾缀（循环层 + 粒子）,尾缀 · 烟带,rtSmoke,亮度（0 关）,烟带,Smoke Band,亮度,Scale Color,True,通用,烟带的亮度：被火花照亮的淡烟，用很淡的发光软圆点做；0 关。,调大：烟带更明显；调小：更淡，0 没有烟。,×,0–0.5,0.003,,Niagara：Scale Color；Cascade：Smoke 发射器（PC 也是 CPU）· Color Over Life（暖色 1 : 0.78 : 0.55 × 亮度，8% 寿命最亮，一半时 55%，最后 0）,不乘「火花总亮度」。三个尾缀预设里是 0（关）。烟的运动固定：沿弹道出生、带 12% 弹体速度、轻微上浮，不受乱流影响。
282-rtSmokeRate,尾缀（循环层 + 粒子）,尾缀 · 烟带,rtSmokeRate,出生率,烟带,Smoke Band,生成速率,Spawn Rate,True,通用,每秒沿弹道放出几团烟（不跟喷射脉动）。,调大：烟带更连贯、更浓；调小：烟团一团一团分开。,团/秒,1–200,25,,Niagara：Spawn Rate；Cascade：Smoke · Spawn Rate（常数曲线；手机 × 手机粒子比例）,「亮度」为 0 时不显示。
283-rtSmokeLife,尾缀（循环层 + 粒子）,尾缀 · 烟带,rtSmokeLife,寿命,烟带,Smoke Band,寿命,Lifetime,True,通用,每团烟存在多久（秒，每团 0.8–1.2 倍），期间慢慢变大、变淡。,调大：烟带拖得更长、留得更久；调小：烟很快散掉，烟带只在星头附近。,s,0.5–10,3.5,,Niagara：Initialize Particle · Lifetime；Cascade：Smoke · Lifetime（Uniform 0.8–1.2 倍）,「亮度」为 0 时不显示。也算进序列总时长。
284-rtSmokeSize,尾缀（循环层 + 粒子）,尾缀 · 烟带,rtSmokeSize,出生尺寸,烟带,Smoke Band,初始大小,Sprite Size,True,通用,每团烟出生时的直径（米，每团 0.8–1.2 倍）。,调大：烟带一开始就更宽；调小：烟带出生时更细窄。,m,0.2–20,2.5,,Niagara：Initialize Particle · Sprite Size；Cascade：Smoke · Initial Size（Uniform 0.8–1.2 倍）,「亮度」为 0 时不显示。
285-rtSmokeGrow,尾缀（循环层 + 粒子）,尾缀 · 烟带,rtSmokeGrow,变大到（× 出生尺寸）,烟带,Smoke Band,变大倍数,Scale Sprite Size,True,通用,烟团到寿命末尾变成出生时的几倍大（线性变大）。,调大：烟越往下扩散得越宽；调小：烟带粗细更均匀。,×,1–10,4,,Niagara：Scale Sprite Size；Cascade：Smoke · Size By Life（0 → 1，1 → 该值）,「亮度」为 0 时不显示。
286-rtGrid,尾缀（循环层 + 粒子）,尾缀 · 引擎与导出,rtGrid,格子（0 自动；1 = 16×1，2 = 8×2，3 = 4×4）,烘焙输出,Bake Output,格子排布,Sub Image Size,False,烘焙输出,循环层格子：0 自动按面片长宽比挑；1 = 16×1，2 = 8×2，3 = 4×4。,调大：1 → 3 依次是 16×1、8×2、4×4，单格越来越方，适合越宽的面片；调小：回到 0 自动挑。,,0–3,0,,Niagara：Sprite Renderer · Sub Image Size；Cascade：cascade.json · textures.loop 的 cols / rows、RiseLoop 材质的 rows / cols 标量,每格像素数不变（2048² 贴图时 = 512²），帧数 = 格子数 × 通道数（预设 64）。消散贴图用同样大的格子。固定的格子和面片形状差得远时，一个方向的像素会浪费。
287-rtMobileTex,尾缀（循环层 + 粒子）,尾缀 · 引擎与导出,rtMobileTex,手机贴图边长比例,烘焙输出,Bake Output,手机贴图比例,Mobile Texture Scale,False,烘焙输出,手机版贴图边长是 PC 的几倍（格子、取景都一样）：0.5 = 单格 256² 像素。,调大：手机贴图更清晰、更占内存；调小：手机贴图更糊、更省。,×,0.25–1,0.5,,Cascade：cascade_mobile.json 引用的 _Mobile 贴图（手机单独再烘一遍，贴图宽高 × 比例）,「格子留边」按像素算、不跟着缩小，比例小时留边相对更宽。
288-rtBright,尾缀（循环层 + 粒子）,尾缀 · 引擎与导出,rtBright,循环层引擎亮度（Color Over Life）,外观,Particle Appearance,循环层亮度,Loop Layer Scale Color,True,通用,循环层面片（星头 + 白热段火粉 + 贴图火花）在引擎里的亮度倍数，不改贴图本身。,调大：引擎里星头和白热段整体更亮；调小：整体更暗。,×,0.1–10,1,,Niagara：Scale Color；Cascade：RiseLoop · Color Over Life × 该值（开花后的 RiseFade 沿用最后的颜色）,贴图像素值不变。粒子层不受影响（粒子层看「火花总亮度」）。
289-rtDotGain,尾缀（循环层 + 粒子）,尾缀 · 引擎与导出,rtDotGain,粒子层亮度总倍数,外观,Particle Appearance,火花总亮度,Sparks Master Scale Color,True,通用,火花类粒子发射器（三档火花、落火、爆亮、发射口火花）亮度的总倍数。,调大：引擎里的火花整体更亮；调小：整体更暗，0 时火花全黑。,×,0–10,1,,Niagara：相当于一个 User Parameter 乘到各发射器的 Scale Color；Cascade：SparksFine / Mid / Coarse、Embers、SparkPops、LaunchSparks · Color Over Life × 该值,不作用在星头光晕、发射口闪光、烟带和贴图火花上（原名「粒子层亮度总倍数」，实际不含这几个）。
290-rtMobile,尾缀（循环层 + 粒子）,尾缀 · 引擎与导出,rtMobile,手机版粒子数比例（0 = 手机只有循环层 + 光晕）,烘焙输出,Bake Output,手机粒子比例,Mobile Spawn Count Scale,False,烘焙输出,手机版粒子数是 PC 的几倍（生成速率、Burst 都乘它），手机全用 CPU 粒子。,调大：手机上火花更多更密、更耗性能；调小：更稀、更省，0 时只剩循环层和两个光团。,×,0–1,0.2,,Niagara：Effect Type 可伸缩性的 Spawn Count Scale；Cascade：cascade_mobile.json 各粒子发射器 · Spawn Rate 曲线 × 比例、Burst 颗数 × 比例（四舍五入），全部 CPU,只有 1 颗的 Burst（星头光晕、发射口闪光）手机上始终保留。贴图火花不受影响。
291-rtDissolve,尾缀（循环层 + 粒子）,尾缀 · 引擎与导出,rtDissolve,消散发射器的溶解终值（0 = 不写 dissolve）,烘焙输出,Bake Output,溶解终值,Dissolve End Value,False,烘焙输出,开花后消散面片的 dissolve 动态参数最后升到多少；0 = 不写。,调大：消散后段溶解得更多（怎么表现由材质定）；调小：溶解更轻，0 不写。,,0–1,1,,Niagara：Dynamic Material Parameters；Cascade：RiseFade · Dynamic Parameter 的 dissolve（前 40% 保持 0，之后线性升到该值）,烘焙器的引擎回放不画溶解，在烘焙器里看不出变化；材质里怎么表现未经 UE 验证。
292-rtFadeFps,尾缀（循环层 + 粒子）,尾缀 · 引擎与导出,rtFadeFps,消散序列帧率（0 = 自动，≤ 30）,烘焙输出,Bake Output,消散帧率,Fade Frame Rate,False,烘焙输出,开花后消散序列的帧率上限（0 = 自动 30）；帧数 ≈ 消散时长 × 帧率。,调大：消散更流畅，帧数和贴图更大；调小：帧数少、贴图小，熄灭过程更跳。,fps,0–30,0,,Cascade：RiseFade 的贴图帧数与 Dynamic Parameter 帧号曲线（Lifetime = 消散时长，帧号 0 → 帧数）,实际帧率 = 帧数 ÷ 消散时长，会小于等于设定值；上限 30（引擎每 tick 取一帧不跳帧）。
293-shutter,尾缀（循环层 + 粒子）,尾缀 · 引擎与导出,shutter,循环层运动模糊（占每帧显示时间的比例）,烘焙输出,Bake Output,循环层运动模糊,Loop Motion Blur Shutter,False,烘焙输出,烘循环层 / 消散贴图时，每帧快门占这一帧时长的比例：让白热段火粉连成一片。,调大：白热段火粉拖成连续亮线、更柔；调小：火粉是一颗颗分开的点。,,0–1,0.6,,只影响烘焙出的贴图,贴图火花不受它影响（火花的拖影由「拖影时间」管）。实时模拟里看不出，要烘焙后看。
294-cellPad,尾缀（循环层 + 粒子）,尾缀 · 引擎与导出,cellPad,格子留边,烘焙输出,Bake Output,格子留边,Cell Padding,False,烘焙输出,每格四周留空的像素数：最外这么宽清零、往里同样宽渐变，防止串到相邻格。,调大：格子之间更干净、不串色，但贴边的内容被压暗；调小：格子用得更满，但可能串色。,px,0–8,2,,只影响烘焙出的贴图,手机贴图也按同样像素数留边（相对更宽）。
295-loopT,地面,地面 · 循环,loopT,循环周期,地面,Ground Loop,循环周期,Loop Duration,True,通用,地面效果一个循环的时长：这段里的火花首尾严格接上，贴图的帧均匀摊在这段里。,调大：同样帧数摊到更长时间，每秒帧数变少、花样重复得慢；调小：重复得快、每秒帧数变多。,s,0.3–4,1,,Niagara：Emitter State · Loop Duration；Cascade 参数表：Required · Emitter Duration = 周期、Emitter Loops = 0，Lifetime = 周期，帧号曲线 0 → 总帧数线性,转轮一个周期正好转一圈；扇形 / 连发每个周期的发射数 = 彗星发射率 × 周期再取整。序列时长自动等于它。模板：喷泉 1、瀑布 1.2、转轮 0.8、扇形 / 连发 2、仕掛け 1 s。
296-seed,地面,地面 · 循环,seed,随机种子,地面,Ground Loop,随机种子,Random Seed,True,通用,火花随机排布的编号：换一个数就换一套火花的位置、速度、闪烁，整体样子不变。,调大 / 调小：没有大小之分，只是换一套随机结果；同一个数每次烘出来完全一样。,,1–999,7,,Niagara：Emitter Properties · Random Seed（Fixed Random Seed）；只影响烘焙出的贴图,换种子不影响首尾接缝（火花按周期编号取随机数）。和其他节的「随机种子」是同一个字段（seed）。
297-nozzles,地面,地面 · 循环,nozzles,喷口数（仕掛け 时名称为「（无）」且隐藏）,地面,Ground Loop,喷口数量,Nozzle Count,False,烟花特性,同时喷火的喷口个数：喷泉 / 瀑布排成一行，转轮均布在轮缘，扇形 / 连发轮流打出彗星。,调大：喷口变多、画面更宽更满（喷泉 / 瀑布 / 转轮的火花总量按喷口数成倍增加）；调小：更少更稀。,个,1–24,1,,只影响烘焙出的贴图（Niagara 里相当于多放几个出生点 / 发射器）,扇形 / 连发：彗星总数由「彗星发射率」定，喷口数只决定彗星从几个位置按顺序轮流打出（从左到右扫）；只有 1 个喷口时「扇面角度」不起作用。仕掛け 不用它（灯芯个数由星数定）。模板：瀑布 14、转轮 4、扇形 7。
298-spacing,地面,地面 · 循环,spacing,喷口间距（仕掛け 时名称为「图案宽度」）,地面,Ground Loop,喷口间距,Nozzle Spacing,False,烟花特性,相邻两个喷口的水平距离；仕掛け 时是整个文字 / 图案的宽度（高约为宽的 0.62）。,调大：喷口排得更开、画面更宽（仕掛け 图案放大）；调小：喷口挤在一起。,m,0.5–80,6,,只影响烘焙出的贴图（相当于出生点之间的间隔 / Shape Location 的范围）,只有 1 个喷口时不起作用。连发（barrage）喷口数 > 1 时也按它排开，但面板不显示这一项。模板：瀑布 3、扇形 1.5、仕掛け 30 m。
299-groundH,地面,地面 · 循环,groundH,离地高度,地面,Ground Loop,离地高度,Height Offset,False,通用,喷口离地面的高度：瀑布是挂火的高度，转轮是轮心高度，仕掛け 是图案底边高度。,调大：整个效果抬高，取景从地面算起，贴图下方空白变多；调小：贴近地面。,m,0–60,0,,只影响烘焙出的贴图（相当于 Shape Location 的 Offset Z）；参数表里 Initial Location Z（贴图中心离地高度）跟着变,取景总是把地面（高度 0）包进画面，离得越高贴图里空的越多。模板：瀑布 18、转轮 8、仕掛け 10 m。喷泉 / 扇形 / 连发也会用它，但面板不显示（默认 0）。
300-wheelR,地面,地面 · 循环,wheelR,转轮半径,地面,Ground Loop,转轮半径,Wheel Radius,False,烟花特性,转轮上喷口所在圆的半径；转轮每个循环周期正好转一圈。,调大：轮子更大、轮缘线速度更快，火花甩得更开；调小：轮子更小更紧凑。,m,0.5–10,3,,只影响烘焙出的贴图（类似 Niagara Shape Location 的环形半径再加旋转）,只有转轮显示。轮缘线速度 = 2π × 半径 ÷ 循环周期，也加到火花初速上。模板 2.5 m。
301-jetSpeed,地面,地面 · 循环,jetSpeed,喷射速度,地面,Ground Loop,喷射速度,Velocity Speed,True,通用,火花离开喷口的速度（沿喷射方向）；每粒火花另有约 ±15% 的随机（正态）。,调大：喷得更高更远；调小：喷得低，火花堆在喷口附近。,m/s,0–80,28,,Niagara：Add Velocity in Cone · Velocity Speed；只影响烘焙出的贴图,扇形 / 连发不用它（看「彗星初速」）。转轮的随机是 ±10%，方向朝轮子转动的反方向，再加轮缘线速度。「火花散布」的随机速度叠加在上面。仕掛け 模板 0.6 m/s（只是往下滴）。
302-jetCone,地面,地面 · 循环,jetCone,喷射散角,地面,Ground Loop,喷射锥角,Cone Angle,True,通用,火花方向偏离喷射方向的最大角度（半角），在这个圆锥里均匀分布。,调大：喷柱散开成更宽的伞；调小：喷柱更细更直。,°,0–90,10,,Niagara：Add Velocity in Cone · Cone Angle（这里是半角）；只影响烘焙出的贴图,喷泉有多个喷口且「扇面角度」= 0 时，各喷口朝向按 锥角 × 0.5 的总范围错开。扇形 / 连发不用它。
303-jetDir,地面,地面 · 循环,jetDir,喷射方向,地面,Ground Loop,喷射方向,Cone Axis,True,通用,喷射朝向：90° 竖直向上，0° 向右，−90° 竖直向下（瀑布约 −80°）。,调大（靠近 90°）：越朝上；调小（靠近 −90°）：越朝下，变成往下淌的瀑布。,°,−90–90,90,,Niagara：Add Velocity in Cone · Cone Axis；只影响烘焙出的贴图,只在喷泉、瀑布显示；喷泉多个喷口时，各喷口在这个方向两边按「扇面角度」摊开。仕掛け 内部用 −90°（往下滴），面板不显示。
304-fanAngle,地面,地面 · 循环,fanAngle,扇面角度,地面,Ground Loop,扇面角度,Fan Angle,False,烟花特性,多个喷口的朝向从左到右摊开的总角度：扇形 / 连发是彗星发射角，喷泉是各喷口朝向。,调大：扇面张得更开；调小：都朝同一方向（0 = 全部竖直 / 同向）。,°,0–160,70,,只影响烘焙出的贴图,只有 1 个喷口时不起作用（连发模板 1 个喷口、8°，等于没开）。彗星每发另有约 ±1° 的随机（正态）。喷泉模板 = 0（朝向按喷射锥角的一半错开）。
305-shotRate,地面,地面 · 循环,shotRate,发射频率,地面,Ground Loop,彗星生成速率,Spawn Rate,True,通用,每秒打出几发彗星（所有喷口合计）；会取整成每个循环周期整数发，保证首尾接上。,调大：彗星更密，天上同时更多；调小：更稀，间隔更明显。,发/秒,0.5–20,3,,Niagara：Spawn Rate；只影响烘焙出的贴图；参数表里烟的 Spawn Rate = 2 × 它，声音节点按每发的时刻列出,实际值 = round(发射频率 × 循环周期) ÷ 循环周期，例如扇形 3.5 发/秒 × 2 s = 7 发。喷口按顺序轮流发射。只在扇形、连发显示。
306-shotSpeed,地面,地面 · 循环,shotSpeed,彗星初速,地面,Ground Loop,彗星初速,Comet Velocity Speed,True,通用,彗星离开喷口时的速度；每发另有约 ±3% 的随机（正态）。,调大：彗星飞得更高；调小：飞得低、早早弯下来。,m/s,10–200,70,,Niagara：Add Velocity · Velocity Speed；只影响烘焙出的贴图,飞多高还看「彗星终端速度」（阻力）和「彗星燃烧时间」。模板：扇形 75、连发 90。
307-cometBurn,地面,地面 · 循环,cometBurn,彗星燃烧,地面,Ground Loop,彗星寿命,Comet Lifetime,True,通用,彗星（带尾巴的大星）从发射到熄灭的时间；燃烧期间一路喷火花。,调大：彗星飞得更久、尾迹更长；调小：早早熄灭，轨迹更短。,s,0.2–4,1.4,,Niagara：Initialize Particle · Lifetime；只影响烘焙出的贴图；参数表里末端小花的爆响时刻 = 发射 + 它,末端小花在彗星熄灭那一刻炸开。星头在最初 0.04 s 从暗到亮。模板：扇形 1.5、连发 1.6 s。
308-vt,地面,地面 · 循环,vt,彗星终端速度,地面,Ground Loop,彗星终端速度,Comet Terminal Speed,False,通用,彗星在空气里最终的下落速度，代表空气阻力：数值越小阻力越大。,调大：阻力小，彗星冲得高、弧线舒展；调小：阻力大，很快减速、弯下来。,m/s,5–80,18,,Niagara：Drag（线性阻力系数 = 9.81 ÷ 终端速度）；只影响烘焙出的贴图,这里按线性阻力算（空中花型是二次阻力），重力固定 9.81，不受「重力倍率」影响。和「开花与燃烧」的终端速度是同一个字段（vt）。模板：扇形 30、连发 32。
309-burstStars,地面,地面 · 循环,burstStars,末端小花星数,地面,Ground Loop,末端小花数,Burst Spawn Count,True,烟花特性,每发彗星熄灭时炸开的小星颗数（0 = 不炸）；小星只有亮点、不带火花尾。,调大：末端炸开的小花更满；调小：更稀，0 就只有彗星。,颗,0–40,0,,Niagara：Spawn Burst Instantaneous · Spawn Count（由 Generate Death Event 触发）；只影响烘焙出的贴图,小星方向随机（三维随机方向投影到画面）。连发模板 14 颗。为 0 时「小花初速」「小花燃烧时间」隐藏。
310-subSpeed,地面,地面 · 循环,subSpeed,小花初速,地面,Ground Loop,小花初速,Burst Velocity Speed,True,通用,末端小星炸开的速度，再叠加彗星当时速度的 30%；每颗约 ±10% 随机（正态）。,调大：小花炸得更大；调小：小花缩成一团。,m/s,5–80,40,,Niagara：Add Velocity · Velocity Speed；只影响烘焙出的贴图,小星受固定阻力 0.6/s 和重力 9.81。和「千轮 / 分裂」的子花初速是同一个字段（subSpeed）。连发模板 22。
311-subBurn,地面,地面 · 循环,subBurn,小花燃烧,地面,Ground Loop,小花寿命,Burst Lifetime,True,通用,末端小星亮多久；每颗在 0.8–1.2 倍之间均匀随机，越到最后越暗。,调大：小花亮得更久、落得更远；调小：一闪就灭。,s,0.2–3,0.9,,Niagara：Initialize Particle · Lifetime；只影响烘焙出的贴图,亮度按 1 − (时间 ÷ 寿命)² 收掉，大小是彗星星头的 0.8 倍。和「千轮 / 分裂」的子花燃烧是同一个字段（subBurn）。
312-cutIn,烘焙输出,入点与出点（导出）,cutIn,入点（帧从这里开始分配；0 = 第一次看得见）,烘焙输出,Bake Output,入点,Start Seconds,False,烘焙输出,贴图从模拟的第几秒开始烘：帧只分给入点到出点这一段；0 = 从第一次看得见开始。,调大：开头裁掉更多，省下的帧给后面；调小：保留更多开头（0 = 自动）。,s,0–30,0,,Niagara Baker · Start Seconds；cascade.json：Required · Emitter Delay（delay_s）、Lifetime、帧号曲线（Dynamic Parameter）都从入点算,一般在时间轴下面的时段条上点「设为入点」，对齐到 1/30 s 的 tick。设了入点，「裁掉开头空白」不再起作用；入点之前怎么显示看「入点前处理」。只在 4.0 大面片 / 分段出现。
313-cutOut,烘焙输出,入点与出点（导出）,cutOut,出点（0 = 最后一次看得见）,烘焙输出,Bake Output,出点,End Seconds,False,烘焙输出,贴图烘到模拟的第几秒为止，之后引擎里直接结束；0 = 到最后一次看得见。,调大：保留更长的尾巴（更费帧）；调小：提早结束，帧更多给前面。,s,0–30,0,,相当于 Niagara Baker · Duration Seconds（= 出点 − 入点）；cascade.json：Lifetime / Emitter Duration 到出点为止,必须晚于入点，超过序列时长按序列时长算。设了出点，自动裁末尾全黑帧不再起作用。
314-preRoll,烘焙输出,入点与出点（导出）,preRoll,入点之前（选项：1 用入点那一帧从小放大（Size By Life）/ 0 不显示（发射器延迟到入点））,烘焙输出,Bake Output,入点前处理,Pre-Roll Mode,False,烘焙输出,从第一次看得见到入点这段，引擎里怎么办：用入点那一帧从小放大，或干脆不显示。,选「从小放大」：有个开花变大的过程，不会突然冒出来；选「不显示」：到入点那一刻才突然出现。,,1 从小放大 / 0 不显示,1,,cascade.json：放大 = Emitter Delay 提前到第一次看得见，前段帧号停在第 0 帧，加一条 Size By Life 从小放大到 1；不显示 = Emitter Delay = 入点,只在入点 > 0 时出现。只对「固定」取景有效：Zoom 取景时两个选项结果一样（都不放大、延迟到入点）。有开花闪光时从 0 s 开始放大。
315-preScale0,烘焙输出,入点与出点（导出）,preScale0,开始放大时的大小（0 = 按花径自动）,烘焙输出,Bake Output,放大起始大小,Pre-Roll Start Scale,False,烘焙输出,入点前放大开始那一刻，面片是正常大小的几倍；0 = 按当时花径 ÷ 入点时花径自动算。,调大：一开始就比较大，放大不明显；调小：从很小长出来，放大更明显。,×,0–1,0,,cascade.json：入点前那条 Size By Life 的第一个关键点,自动值最小 0.02。手动时中间仍按花径变大的快慢放大，只是起点换成这个值。「入点前处理」选「不显示」时不出现。
316-prePivot,烘焙输出,入点与出点（导出）,prePivot,放大的中心（选项：0 面片中心（UE 一定支持；花小的时候会偏向面片中心）/ 1 爆点（用 Pivot Offset，更准，未经 UE 验证））,烘焙输出,Bake Output,放大中心,Pre-Roll Pivot,False,烘焙输出,入点前放大时绕哪一点缩放：面片中心，或爆点（花的中心）。,选「爆点」：花从爆点长大、位置准；选「面片中心」：花小的时候会往面片中心偏（UE 一定支持）。,,0 面片中心 / 1 爆点,0,,"cascade.json：选爆点时写 Required · Pivot Offset（−0.5, −0.5 − 中心高度 ÷ 面片高），Initial Location Z 改为 0（未经 UE 验证）",固定取景时面片中心在花上下范围的中间，不一定是爆点，所以两种结果不同。只在入点 > 0 且选「从小放大」时出现。
317-info:outSummary,烘焙输出,输出：帧数 · 格子 · 贴图（导出）,info:outSummary,（只读结果行，没有名称：烘好后显示多少帧、入点 → 出点、帧率、几张贴图）,烘焙输出,Bake Output,输出概况,Bake Summary,False,烘焙输出,只读：烘好后显示烘了多少帧、入点到出点几个 tick、帧率范围、几张贴图、格子用了多少。,不能调（只显示结果）。,,,—,,不写进引擎（结果预览）,燃烧段最慢低于 10 fps、整体最慢低于 7.5 fps、一半以上格子空着时给 ⚠ 提醒（标准里的暂定建议值）。只在 4.0 大面片 / 分段出现。
318-info:specBox,烘焙输出,输出：帧数 · 格子 · 贴图（导出）,info:specBox,（规格框，没有名称：贴图尺寸、列 × 行、通道、输出、编码、取帧、模拟内核、面片取景）,烘焙输出,Bake Output,贴图规格,Texture Settings,False,烘焙输出,一组下拉：贴图尺寸、列 × 行、通道接力、星头拖尾合并或分开、编码、取帧、模拟内核、取景。,这一行本身不调，见后面各子项。,,,—,,对应 Niagara Baker 的输出设置（Texture Size、Frames Per Dimension 等）；写进 cascade.json 的 textures（cols / rows / channels / frames）,原来在右栏最下面，4.2.6 起并进这一节。里面的 10 个控件不在 SCHEMA 里，后面补了 10 行（额外行）。
319-texW,烘焙输出,输出：帧数 · 格子 · 贴图（导出）,texW,贴图尺寸（宽）,烘焙输出,Bake Output,贴图宽度,Texture Size X,False,烘焙输出,导出贴图的宽度（像素），512–4096 可选，4096 标为「母版」。,调大：每格像素更多、细节更清楚，更占显存；调小：更省，细节更糊。,px,512 / 1024 / 2048 / 4096,2048,,Niagara Baker · Texture Size；导入时按本机导入工具压成 BC7,按效果选，不强制 2048（用户 10-02）。只有下限：PC 单格 ≥ 512、手机 ≥ 256，4.0 大面片里列数会自动减到单格不小于 512。手机版另按单格约一半（≥ 256）再烘一份。
320-texH,烘焙输出,输出：帧数 · 格子 · 贴图（导出）,texH,贴图尺寸（高）,烘焙输出,Bake Output,贴图高度,Texture Size Y,False,烘焙输出,导出贴图的高（像素），可以和宽不同（例如地面模板 2048 × 1024）。,调大：每格更高、细节更多，更占显存；调小：更省。,px,512 / 1024 / 2048 / 4096,2048,,Niagara Baker · Texture Size；导入时按本机导入工具压成 BC7,同「贴图宽度」：只有单格下限，没有固定规格。
321-cols,烘焙输出,输出：帧数 · 格子 · 贴图（导出）,cols,列 × 行（列）,烘焙输出,Bake Output,列数,Sub Image Size X,False,烘焙输出,贴图横向分几格；单格宽 = 贴图宽 ÷ 列数。,调大：帧位更多，但每格更小；调小：每格更大，帧位更少。,格,1 / 2 / 4 / 8 / 16 / 32,8,,Niagara：Sprite Renderer · Sub Image Size X（Cascade：SubImages Horizontal）；cascade.json 写进材质 scalars.cols,总帧位 = 列 × 行 × 通道数，格子行优先、左上为第 0 帧。4.0 大面片单格不能小于 512，放不下的列数灰掉；选了「单格尺寸」就按单格反算。4.0 空中花型模板 4 × 4。
322-rows,烘焙输出,输出：帧数 · 格子 · 贴图（导出）,rows,列 × 行（行）,烘焙输出,Bake Output,行数,Sub Image Size Y,False,烘焙输出,贴图纵向分几格；单格高 = 贴图高 ÷ 行数。,调大：帧位更多，但每格更矮；调小：每格更高，帧位更少。,格,1 / 2 / 4 / 8 / 16 / 32,8,,Niagara：Sprite Renderer · Sub Image Size Y（Cascade：SubImages Vertical）；cascade.json 写进材质 scalars.rows,同「列数」。地面、单束等可以勾「自动选格子」按内容长宽比挑列 × 行（帧数不变）。
323-chans,烘焙输出,输出：帧数 · 格子 · 贴图（导出）,chans,通道（选项：4 RGBA 接力（先填满 R）/ 1 单通道（短序列））,烘焙输出,Bake Output,通道接力,Channel Packing,False,烘焙输出,帧放进哪些通道：RGBA 接力 = 填满 R 再填 G、B、A，帧位×4；单通道只用灰度。,选 RGBA：同一张贴图放 4 倍的帧；选单通道：帧少的短序列用，RGB 三个通道相同。,,4 RGBA 接力 / 1 单通道,4,,材质按帧号选通道（项目现有 flipbook_rgba 材质）；cascade.json 的 textures.channels,地面模板用单通道。
324-outMode,烘焙输出,输出：帧数 · 格子 · 贴图（导出）,outMode,输出（选项：combined 星头与拖尾合并 / split 星头、拖尾分开）,烘焙输出,Bake Output,星头拖尾输出,Head / Trail Output,False,烘焙输出,星头和火花拖尾烘进同一张灰度图，还是分成 Head、Tail 两张。,选合并：一张图、一个发射器，颜色曲线管整层；选分开：两张图，星头可以单独变色。,,combined / split,combined,,合并 = 一条 Color Over Life；分开 = 两张贴图（cascade.json 目前只写星头那张）,合并时星头、火花两路的亮度倍数（headBright / sparkBright）决定两者的明暗比例。星头和尾巴颜色不同时，项目更推荐拆成同一模拟的两层。
325-encGamma,烘焙输出,输出：帧数 · 格子 · 贴图（导出）,encGamma,编码（选项：1 线性灰度 / 2.2 Gamma 2.2（暗部更细））,烘焙输出,Bake Output,灰度编码,Encoding Gamma,False,烘焙输出,亮度写进 8 位贴图的方式：线性，或 Gamma 2.2（暗部多分灰阶，暗火星更细腻）。,选 2.2：暗部层次更多、亮部更挤；选线性：数值和曝光后的亮度成正比（默认）。,,1 / 2.2,1,,只影响烘焙出的贴图（材质查 Ramp 的位置跟着变）,两种都先经过 1 − e^(−亮度 × 曝光) 的软压缩再写入。改成 2.2 后 Ramp 上的颜色位置会变，要在引擎里核对。
326-frameMode,烘焙输出,输出：帧数 · 格子 · 贴图（导出）,frameMode,取帧（选项：auto 自动（按运动快慢）/ content 按画面变化（合并近似帧）/ uniform 均匀；4.0 大面片时锁成 30 fps（自动分段））,烘焙输出,Bake Output,取帧方式,Frame Distribution,False,烘焙输出,3.7 / 单束的帧怎么摊到时间上：按运动快慢、按画面变化，或均匀。,选自动：开花快的地方帧密；选按画面变化：先低分辨率预烘一遍，变化小的时段少给帧；选均匀：每帧间隔相同。,,auto / content / uniform（4.0 大面片 = tick30）,auto,,只决定帧号曲线（Dynamic Parameter）的形状和烘哪些时刻,4.0 大面片 / 分段锁成「30 fps（自动分段）」，帧数看下面的「帧数分配」；地面循环、上升循环禁用（固定均匀）。「最低帧率」只在自动 / 按画面变化时起作用。
327-engine,烘焙输出,输出：帧数 · 格子 · 贴图（导出）,engine,模拟内核（选项：gpu GPU（火花在显卡上算）/ cpu CPU（旧版，可复现旧母版））,烘焙输出,Bake Output,模拟内核,Sim Target,False,烘焙输出,火花在哪里算：GPU 按公式直接算（快、火花多）；CPU 是旧版逐步模拟，用来复现旧母版。,选 GPU：火花多、烘得快（默认）；选 CPU：和旧母版一致，火花多时很慢。,,gpu / cpu,gpu,,Niagara：Emitter Properties · Sim Target（这里只指烘焙器自己的模拟，不写进引擎）,地面循环、上升循环固定用 GPU 发射器，不看这一项。
328-zoom,烘焙输出,输出：帧数 · 格子 · 贴图（导出）,zoom,面片取景（选项：off 固定大小 / on 随开花放大（Zoom））,烘焙输出,Bake Output,面片取景,Framing Mode,False,烘焙输出,大面片取景：固定大小（整段一个框），或 Zoom（爆点居中，每帧按花大小换面片大小）。,选 Zoom：开花初期花小也占满格子、细节多；选固定：面片不缩放，引擎里最稳。,,off 固定 / on Zoom,on,,cascade.json：固定 = Initial Size + Initial Location Z（中心高度）；Zoom = 再加 Size By Life 阶梯曲线（每帧一个大小，和换帧同一刻）,只对大面片 / 分段可选。BASE 是 on，但 4.0 新建空中花型默认「固定」；紧凑取景已禁用（引擎里会抖）。4.0 烘完会按实测内容再收紧取景（收紧 ≥ 3% 才用，不推到过曝或碰边）。入点前放大只在固定取景时有效。
329-fpsFloor,烘焙输出,输出：帧数 · 格子 · 贴图（导出）,fpsFloor,最低帧率,烘焙输出,Bake Output,最低帧率,Min Frame Rate,False,烘焙输出,3.7 / 单束按运动分帧时，慢下来的时段至少按这个帧率的比重分帧，免得后段太稀。,调大：中后段（慢的地方）分到更多帧，开花段相对少；调小：帧更集中到开花快的地方。,fps,8–60,24,,只影响帧号曲线（Dynamic Parameter）和烘哪些时刻,总帧数由格子定，它只改分配比例，不保证真的达到这个帧率。取帧 = 均匀、上升循环时不起作用；4.0 大面片 / 分段和地面不显示（4.0 用「帧数分配」）。
330-frameBudget,烘焙输出,输出：帧数 · 格子 · 贴图（导出）,frameBudget,帧数（选项：motion 自动 / lean 最省 / count 手动 / tiers 分段帧率 / full 全程 30 fps）,烘焙输出,Bake Output,帧数分配,Frame Budget Mode,False,烘焙输出,4.0 大面片入点到出点烘多少帧、帧给在哪：自动、最省、手动、分段、全程 30 fps。,越往「全程 30 fps」越流畅、越费贴图；越往「最省」帧越少，慢的地方一帧停得越久。,,motion / lean / count / tiers / full,motion,,决定帧号曲线（Dynamic Parameter：引擎 30 fps 下每帧停整数个 tick、取整不混合）和贴图张数（每张一个发射器，按 Emitter Delay 接力）,自动：先放进「初始贴图张数」，放得下就每 tick 一帧，放不下按星速分（开花段每 tick 一帧，每帧停留一次最多多 1 tick）。最省：每帧都停到最低帧率允许的最长。手动：看「总帧数」。分段帧率：看三段帧率。
331-frameCount,烘焙输出,输出：帧数 · 格子 · 贴图（导出）,frameCount,总帧数（手动）,烘焙输出,Bake Output,总帧数,Frame Count,False,烘焙输出,手动模式下一共烘多少帧，按星的运动快慢分到入点到出点之间。,调大：更流畅、更费贴图（超过一张的容量自动加张）；调小：更省，慢处一帧停更久。,帧,4–256,24,,决定帧号曲线和贴图张数,不会多于入点到出点的 tick 数。太少时先把每帧最长停留放宽到 8 tick（3.75 fps），还不够就按运动和平均各一半来分，帧率会很低，输出概况会提醒。只在「帧数分配 = 手动」时出现。
332-outPack,烘焙输出,输出：帧数 · 格子 · 贴图（导出）,outPack,格子（选项：grid 固定 / fit 按帧数选最小贴图）,烘焙输出,Bake Output,格子装法,Atlas Packing,False,烘焙输出,帧少时贴图怎么定：固定按设好的尺寸和列 × 行（空格子留着），或按帧数挑装得下的最小格子。,选「按帧数」：单格不变、贴图变小（例如 2×2 = 1024²），省显存；选「固定」：贴图尺寸一律不变。,,grid / fit,grid,,改变导出贴图尺寸和 cascade.json 的 cols / rows,挑选顺序 1×1、2×1、2×2、4×2、4×4、8×4、8×8，不超过原来的列 × 行；多张时每张各挑（最后一张可以更小）。一半以上格子空着时输出概况会建议用它。
333-outCell,烘焙输出,输出：帧数 · 格子 · 贴图（导出）,outCell,单格（选项：0 跟贴图尺寸 ÷ 列数 / 512 px（PC 下限）/ 1024 px / 2048 px）,烘焙输出,Bake Output,单格尺寸,Frame Size,False,烘焙输出,每一帧（一个格子）多少像素；0 = 贴图尺寸 ÷ 列数，选了数值就反过来按它定列 × 行。,调大：每帧细节更多，一张贴图装的帧更少；调小：装得更多，细节更少。,px,0 / 512 / 1024 / 2048,0,,Niagara Baker · Frame Size；cascade.json 的 cols / rows 跟着变,贴图尺寸不变，列 = 贴图宽 ÷ 单格。512 是 PC 下限，不是固定值，按效果选；任何时候都不会小于 512。
334-pageTarget,烘焙输出,输出：帧数 · 格子 · 贴图（导出）,pageTarget,先放进几张贴图（放不下自动加）,烘焙输出,Bake Output,初始贴图张数,Target Texture Count,False,烘焙输出,自动模式下先试着把整段放进几张贴图；放不下才一张张往上加（最多 12 张）。,调大：帧更多、更流畅，贴图和发射器变多；调小：更省，慢的地方停帧更久。,张,1–8,1,,贴图张数 = 发射器个数（每张一个，按 Emitter Delay 接力）,用户实测 4.56 s 的金芒菊放一张 4×4×RGBA（64 帧）就流畅，所以默认 1。只在「帧数分配 = 自动」时出现。
335-maxHoldBurn,烘焙输出,输出：帧数 · 格子 · 贴图（导出）,maxHoldBurn,燃烧段最慢帧率（选项：2 = 15 fps / 3 = 10 fps（默认）/ 4 = 7.5 fps）,烘焙输出,Bake Output,燃烧段最低帧率,Burn Min Frame Rate,False,烘焙输出,燃烧段（开花段之后到淡出起点）一帧最多停几个 tick，也就是这段最低的帧率。,选高帧率：燃烧段更流畅、用帧更多；选低帧率：更省，但动作可能一顿一顿。,,2 (15 fps) / 3 (10 fps) / 4 (7.5 fps),3,,只影响帧号曲线（每帧停的 tick 数）和贴图张数,不会比「淡出段最低帧率」更慢（取两者里更快的）。燃烧段和淡出段的分界看「淡出起点」。只在自动 / 最省 / 手动时出现；10 fps 是标准里的暂定下限。
336-maxHold,烘焙输出,输出：帧数 · 格子 · 贴图（导出）,maxHold,淡出段最慢帧率（选项：2 = 15 / 3 = 10 / 4 = 7.5 / 5 = 6 fps）,烘焙输出,Bake Output,淡出段最低帧率,Fade Min Frame Rate,False,烘焙输出,淡出段（花径到头、星慢下来之后）一帧最多停几个 tick，也就是这段最低的帧率。,选高帧率：熄灭、下垂更顺，用帧更多；选低帧率：更省，熄灭时会有顿感。,,2 (15) / 3 (10) / 4 (7.5) / 5 (6 fps),4,,只影响帧号曲线和贴图张数,它同时是燃烧段的上限。手动帧数放不下时会自动放宽到 8 tick（3.75 fps）。7.5 fps 是标准里的暂定下限。
337-fpsBurst,烘焙输出,输出：帧数 · 格子 · 贴图（导出）,fpsBurst,开花段帧率（4.0）（选项：30 / 15 fps）,烘焙输出,Bake Output,开花段帧率,Burst Frame Rate,False,烘焙输出,分段帧率模式下，开花段（开花后前「开花段时长」秒）的帧率。,选 30：开花最快那段最流畅；选 15：省一半帧，开花瞬间可能跳。,fps,30 / 15,30,,只影响帧号曲线（每帧停 1 或 2 个 tick）,只在「帧数分配 = 分段帧率」时出现。点灭星点灭期间会自动提高帧率（点灭频率 ≤ 0.4 × 帧率）。设了张数上限时开花段最后才降，最低 15。
338-burstSec,烘焙输出,输出：帧数 · 格子 · 贴图（导出）,burstSec,开花段时长（这段每 tick 一帧）,烘焙输出,Bake Output,开花段时长,Burst Duration,False,烘焙输出,开花后前几秒算开花段：自动 / 最省 / 手动下这段每 tick 一帧（30 fps）。,调大：更长一段保持 30 fps，开花更顺、更费帧；调小：更早开始按运动省帧。,s,0–2,0.5,,只影响帧号曲线,从开花（模拟 0 s）算，不是从入点算。分段帧率模式下这段用「开花段帧率」（可以是 15 fps，括号里的「每 tick 一帧」不一定成立）；全程 30 fps 时不起作用。
339-fpsActive,烘焙输出,输出：帧数 · 格子 · 贴图（导出）,fpsActive,燃烧段帧率（4.0）（选项：30 / 15 / 10 fps）,烘焙输出,Bake Output,燃烧段帧率,Burn Frame Rate,False,烘焙输出,分段帧率模式下，燃烧段（开花段之后到淡出起点）的帧率。,选高：拖尾运动更顺、更费帧；选低：更省贴图。,fps,30 / 15 / 10,15,,只影响帧号曲线,只在「分段帧率」时出现。设了张数上限时第二个被降，最低 10 fps。
340-fpsFade,烘焙输出,输出：帧数 · 格子 · 贴图（导出）,fpsFade,淡出段帧率（4.0）（选项：30 / 15 / 10 / 7.5 fps）,烘焙输出,Bake Output,淡出段帧率,Fade Frame Rate,False,烘焙输出,分段帧率模式下，淡出段（从淡出起点到出点）的帧率。,选高：熄灭、下垂更顺；选低：更省贴图。,fps,30 / 15 / 10 / 7.5,10,,只影响帧号曲线,张数上限超了最先降它，最低 7.5 fps；最后一张贴图只用了不到 25% 时，也会试着降它省掉一张。
341-fadeAt,烘焙输出,输出：帧数 · 格子 · 贴图（导出）,fadeAt,淡出段从第几秒开始（0 = 自动：花径到头且速度降下来）,烘焙输出,Bake Output,淡出起点,Fade Start Time,False,烘焙输出,从第几秒起算淡出段；0 = 自动：花径到 97%、星速降到峰值 35% 以下那一刻。,调大：燃烧段更长，较高帧率维持更久；调小：更早进入低帧率的淡出段。,s,0–20,0,,只影响帧号曲线,面板上只在分段帧率时出现，但自动 / 最省 / 手动也用它区分燃烧段和淡出段（填过的值一直生效）。不会早于开花段结束；自动找不到时取序列时长的 60%。
342-maxPages,烘焙输出,输出：帧数 · 格子 · 贴图（导出）,maxPages,贴图张数上限（0 = 不限；超了自动降帧率）,烘焙输出,Bake Output,贴图张数上限,Max Texture Count,False,烘焙输出,分段帧率模式下最多用几张贴图；超了按淡出、燃烧、开花的顺序一档档降帧率。0 = 不限。,调大：允许更多贴图，帧率保得住；调小：贴图少，帧率被迫降低。,张,0–12,0,,贴图张数 = 发射器个数,降到下限（淡出 7.5、燃烧 10、开花 15 fps）还放不下就不再降，张数会超过上限。只在「分段帧率」时起作用。
343-shutter,烘焙输出,输出：帧数 · 格子 · 贴图（导出）,shutter,运动模糊（占每帧显示时间的比例）,烘焙输出,Bake Output,运动模糊,Motion Blur Amount,False,烘焙输出,烘每帧时快门开多久，占这帧在引擎里显示时长的比例，类似快门角度（0.6 ≈ 216°）。,调大：火花拖出更长的运动模糊，换帧更顺；调小：每帧更清晰锐利，换帧更跳。,,0–1,0.6,,只影响烘焙出的贴图（类比 UE 后期 Motion Blur Amount / 相机快门角度）,4.0：窗口 = 比例 × 这一帧停留时间（至少 1/30 s），以帧开始的时刻为中心；3.7：以帧中点为中心。快门里取几个样本看「快门采样率」「子样本上限」。0 = 瞬时快照。
344-segAt,烘焙输出,输出：帧数 · 格子 · 贴图（导出）,segAt,分段时刻（0 = 自动）,烘焙输出,Bake Output,分段时刻,Segment Split Time,False,烘焙输出,3.7 分段母版里开花段和下垂段的分界秒数；两段各拿一整张贴图，帧率大致翻倍。,调大：开花段更长（前段帧更稀）；调小：下垂段更长，开花段帧更密。,s,0–12,0,,cascade.json / 参数表：第二个发射器的 Emitter Delay = 分段时刻,0 = 自动：取帧号曲线用掉一半帧数的时刻（限制在时长的 15%–70%）。手动值限制在 0.2 s 到 时长 − 0.2 s。4.0 分段母版不用它（按帧数自动分张）。
345-expoMode,烘焙输出,输出：帧数 · 格子 · 贴图（导出）,expoMode,贴图曝光（选项：sheet 整张一起定（旧）/ frames 按帧定（中后段不暗，开头最亮那下允许发白））,烘焙输出,Bake Output,曝光方式,Auto Exposure Mode,False,烘焙输出,3.7 自动曝光的基准：按整张贴图最亮的像素定，或在各帧亮部里取某个分位的那一帧定。,选「按帧定」：中后段更亮，开花最亮那几帧允许发白；选「整张」：不过曝，但中后段偏暗。,,sheet / frames,sheet,,只影响烘焙出的贴图,两种都是整张贴图一个曝光值，「按帧定」只是换了基准帧。地面循环不看这一项（总按整张）。4.0 用固定曝光，不显示。
346-expoQ,烘焙输出,输出：帧数 · 格子 · 贴图（导出）,expoQ,按帧定：取第几分位的帧当基准,烘焙输出,Bake Output,曝光基准分位,Exposure Reference Percentile,False,烘焙输出,按帧定曝光时，各帧亮部从暗到亮排好，取哪个分位的那帧来定（0.7 = 比七成帧亮）。,调大：按更亮的帧定，整体更暗、少过曝；调小：整体更亮，开头更容易发白。,,0.3–0.95,0.7,,只影响烘焙出的贴图,只在 3.7、贴图曝光 = 按帧定时出现。
347-trimLead,烘焙输出,输出：帧数 · 格子 · 贴图（导出）,trimLead,开头空白不烘（1 = 贴图从第一次看得见开始，引擎用发射器延迟补上；0 = 从开花起烘）,烘焙输出,Bake Output,裁掉开头空白,Trim Leading Black,False,烘焙输出,贴图是否从第一次看得见才开始：开头全黑的帧不烘，引擎里用发射器延迟补上那段时间。,开（1）：不浪费帧在黑帧上，帧更多给看得见的部分；关（0）：从开花 0 s 起烘。,,0–1,1,,cascade.json：Required · Emitter Delay（delay_s）= 第一次看得见的时刻,4.0 按真正写出的贴图裁（最亮像素 ≤ 1/255 才算全黑）；3.7 按星头第一次亮起前 0.05 s，空白不到 0.25 s 不裁。设了入点就不看它。延时点火、千轮子花这类前面空的层最有用。
348-unitElev,烘焙输出,输出：帧数 · 格子 · 贴图（导出）,unitElev,代表星仰角,烘焙输出,Bake Output,代表星仰角,Unit Star Elevation,False,烘焙输出,烘单束贴图时，那一颗代表星的发射仰角（0 = 水平）。,理论上改变代表星的飞行方向；但烘单束时重力、风、湍流都清零并转到星自己的坐标，贴图几乎不变。,°,−60–60,0,,只影响烘焙出的贴图（引擎里每颗星的方向由 Cascade 发射决定）,疑似不起作用：只可能影响落叶摆动、尾迹扩散噪声这类按世界方向算的细节。只在空中花型、产物 = 单束时出现。
349-cellPad,烘焙输出,输出：帧数 · 格子 · 贴图（导出）,cellPad,格子留边,烘焙输出,Bake Output,格子留边,Frame Padding,False,烘焙输出,每个格子四周留多少像素的黑边，防止 mip 和压缩时把相邻帧的内容串进来。,调大：串帧更少，但能用的画面变小、边缘渐暗更宽；调小：画面更满，压缩后边上可能串色。,px,0–8,2,,只影响烘焙出的贴图（Cutout 遮罩按内容范围生成）,最外 N 像素压成全黑，再往里 N 像素渐变到正常。4K 母版按两倍算。取景收紧时内容至少离格子边 2 × 留边。
350-exposure,烘焙输出,光点与曝光（4.0）,exposure,固定曝光,烘焙输出,Bake Output,固定曝光,Fixed Exposure,False,烘焙输出,4.0 把亮度写进贴图前乘的倍数；整段一个值，不随亮度、星头大小自动变。,调大：贴图整体更亮，亮部更容易压到白；调小：更暗，暗火星可能看不见。,×,0.01–20,1,,只影响烘焙出的贴图（引擎里再乘 Color Over Life 的亮度倍数）,写入前还有一道 1 − e^(−亮度 × 曝光) 的软压缩。「建议曝光」按燃烧段最亮那一刻 99.8% 分位的像素显示到 0.96 来算（不算开花闪光）。模板各有自己的值（例如菊 3）。锁定曝光时隐藏。
351-exposureLock,烘焙输出,光点与曝光（4.0）,exposureLock,锁定曝光（选项：0 未锁定（曝光仍固定）/ 1 已锁定）,烘焙输出,Bake Output,锁定曝光,Lock Exposure,False,烘焙输出,锁住当前曝光：隐藏曝光滑杆、禁用「建议曝光」按钮，防止误改。,锁定：曝光不会被按钮改掉；未锁定：可以手调或按建议更新（两种情况烘焙时曝光都是固定的）。,,0 / 1,0,,不影响引擎（只是面板保护）,不改变烘焙结果本身。随机微调本来就不动曝光。
352-haloFrac,烘焙输出,光点与曝光（4.0）,haloFrac,光晕能量占比,烘焙输出,Bake Output,光晕占比,Halo Energy Fraction,False,烘焙器专有,每个光点（星头、火花）在实心亮核外再加一圈柔光；这是柔光占总光量的比例。,调大：光点外的辉光更明显，整体更亮更柔；调小：光点更硬更干净（0 = 只有亮核）。,,0–0.85,0.22,,只影响烘焙出的贴图（UE 的 Bloom 另算）,亮核的光量不变，光晕是加上去的：总光量 = 亮核 ÷ (1 − 占比)，0.22 时整体约亮 1.28 倍。光晕大小看「光晕半径倍数」。尾缀循环层模板用 0.04。
353-haloR,烘焙输出,光点与曝光（4.0）,haloR,光晕半径 / 亮核半径,烘焙输出,Bake Output,光晕半径倍数,Halo Radius Scale,False,烘焙器专有,柔光的大小是亮核半径的几倍（高斯分布的宽度，约 4 倍处收到 0）。,调大：辉光铺得更开更淡；调小：辉光收在亮核边上，更集中。,×,1–8,3,,只影响烘焙出的贴图,光晕占比 = 0 时不起作用。越大每个光点画的范围越大，烘焙越慢。
354-previewBloom,烘焙输出,光点与曝光（4.0）,previewBloom,额外预览光晕（选项：0 关闭（UE Bloom 另算）/ 1 开启）,烘焙输出,Bake Output,预览光晕,Preview Bloom,False,烘焙输出,只在烘焙器画面上加一层泛光，看个大概；不烘进贴图。,开：画面更像加了 Bloom 的游戏画面；关：看到的就是贴图本身（默认）。,,0 / 1,0,,不写进贴图；引擎里对应后期 Post Process · Bloom（另调）,定帧对照图也走这一步，开了会影响对照图的观感。3.7 的预览始终带这层泛光。
355-qSS,烘焙输出,画质（烘焙采样）,qSS,空间超采样（每边）,烘焙输出,Bake Output,空间超采样,Spatial Supersampling,False,烘焙输出,每个输出像素每边多算几倍再平均（2 = 每像素 2×2 个样本），边缘和细火星更平滑。,调大：抗锯齿更好、细火星更稳，烘焙更慢（按平方涨）；调小：更快，细节更容易闪。,×,1–8,2,,只影响烘焙出的贴图（类比 Movie Render Queue · Spatial Sample Count）,2× 时等于原来的双线性取样；3 及以上按线性亮度逐样本平均。「精细」档用 4。
356-qHz,烘焙输出,画质（烘焙采样）,qHz,快门采样频率,烘焙输出,Bake Output,快门采样率,Temporal Sample Rate,False,烘焙输出,快门打开期间每秒取多少个时间样本叠加；样本越多，运动模糊越连续。,调大：快速移动的火花拖成连续的线，不成串珠；调小：烘得快，快门长时会出现一串分开的点。,Hz,120–1920,300,,只影响烘焙出的贴图（类比 Movie Render Queue · Temporal Sample Count）,每帧样本数 = 快门时长 × 频率，至少 1、最多「子样本上限」，例如 0.6 × 0.1 s × 300 Hz = 18 → 封顶 16。运动模糊 = 0 时只取 1 个。「精细」档 960 Hz。
357-qMaxSub,烘焙输出,画质（烘焙采样）,qMaxSub,每帧最多子样本,烘焙输出,Bake Output,子样本上限,Max Temporal Samples,False,烘焙输出,每帧最多取多少个时间样本，给烘焙时间封顶。,调大：长快门、慢帧也能取够样本，更连续，但更慢；调小：更快，长快门时容易成串珠。,次,1–128,16,,只影响烘焙出的贴图,「精细」档 64。
358-qKernel,烘焙输出,画质（烘焙采样）,qKernel,光点像素覆盖积分（0 关 / 1 开）,烘焙输出,Bake Output,像素覆盖积分,Pixel Coverage Integration,False,烘焙输出,3.7 光点按整个像素面积积分亮度，而不是只取像素中心，小火星跨像素移动时不会一闪一闪。,开（1）：亚像素火星亮度稳定；关（0）：旧做法，按像素中心取高斯值。,,0–1,0,,只影响烘焙出的贴图,只对 3.7 有效；4.0 光点始终按圆盘与像素的交面积积分。打开后「亮核占比」才起作用。
359-qCore,烘焙输出,画质（烘焙采样）,qCore,亮核占比,烘焙输出,Bake Output,亮核占比,Core Fraction,False,烘焙输出,3.7 光点里有多少比例的光集中到更窄的亮核（宽度为原来的 0.6 倍），让星头更有芯。,调大：光点中心更尖更亮；调小：更柔和（0 = 纯高斯）。,,0–0.6,0,,只影响烘焙出的贴图,只在「像素覆盖积分」= 1 时起作用（面板没有按它隐藏）。火花通道只用这个值的 35%。「精细」档 0.25。
