"occurrenceId","fieldId","registryId","key","dataPath","scope","object","kind","label","meaning","meaningEvidence","category","unit","storedUnit","range","options","default","sectionCondition","fieldCondition","inertConditions","linkedDefault","relatedKeys","crossLayerLink","timeCoupling","updatePath","infoActions","randomParent","siblingRandom","randomMeaning","curve","displayConversion","registryPosition","oldPosition","A","B","saveUndo","source","bindingSource","saveSource","implementationEvidence","note"
"SCHEMA-001","000-shellNo","","shellNo","P.shellNo","P","当前效果 / 当前层 / 效果","select","号数","礼花规格（号 = 寸，10 号 = 尺玉）：选一个号，按参考表推算花径、星数、寿命等。","命名表说明（可能滞后）；当前条件/换算来自源码，冲突见覆盖报告","物理量","号","号","","[[0,""手动""],[3,""3 号""],[4,""4 号""],[5,""5 号""],[6,""6 号""],[7,""7 号""],[8,""8 号""],[10,""10 号（尺玉）""],[12,""12 号""],[15,""15 号""],[20,""20 号""],[30,""30 号""],[40,""40 号（四尺玉）""]]","0","P => !isTrail(P) && !isPhys(P) && !isEmit(P)","P => !isGround(P)","[]","","[]","同批星轨迹组：当前启用联动时同步组内层；我的效果显式建组/候选推断组。可暂时关闭；组本身不在参数撤销快照。","不走TIMING_KEYS通用时间联动","onParam：实时模拟更新，灰度烘焙按自动/手动模式处理","","","[]","","本字段无曲线控件","","参数 / 当前层 / 效果 / 规格 / 号数 [shellNo]","参数 / 当前层 / 效果 / 规格 / 号数 [shellNo]","参数 / 当前层 / 效果 / 规格 / 号数 [shellNo]","参数 / 当前层 / 效果 / 规格与制作范围 / 号数 [shellNo]","当前层 P；单层 wbSnap().P，多层 wbSnap().layers[i].P。保存/另存/切效果自动草稿及配方 JSON 保存完整快照。一次拖动/输入提交/选择为一步，全资产60步；输入框内快捷键留给文本撤销。切层/发射器不清历史，打开另一效果/版本重置。行/模块/发射器恢复到打开时与恢复模板默认不同。 改号数一次改写多个数值，同批星联动组同步；锁定参数保留。","tool/src/js/10_types.js:425","","tool/src/js/79_workbench.js:159; tool/src/js/79_undo.js:10","10_types.js:251-276 applyShellNo（按 234-240 SHELL_NO 表缩放 vt/burn/v0/stars/headSize/sparkLife/sparkRate/sparkSize/duration/riseH；n≥20 flash×0.6、form→segments；rise 只改 riseH/headSize，其他家族直接 return）；70_ui.js:611-613 锁定参数保留；20_sim.js:148 自旋半径 0.015×号数","以本花型模板默认值当作 5 号按表缩放，会覆盖你改过的这些参数（锁住的不改），只在选的那一下生效；≥ 20 号开花闪光 × 0.6、大面片自动改成分段。上升类只改开花高度和星头大小；地面类选了也不改任何参数。玉体自旋按号数算玉的半径。多层组合里「同一批星」的层（种子、星数、初速、终端速度相同）会联动，改一处几层一起变。"
"SCHEMA-002","001-duration","","duration","P.duration","P","当前效果 / 当前层 / 效果","number","序列时长","从开花0s开始的制作/序列时间范围；不等于裁掉全黑帧后的产物时长。空中类自然熄灭，无统一最后0.3s淡出。","命名表说明（可能滞后）；当前条件/换算来自源码，冲突见覆盖报告","引擎字段","s","s","[0.8,16,0.05]","","3.2","P => familyOf(P.type) === 'aerial'","无字段级条件","[]","","[""type""]","本字段不在LINK_KEYS轨迹同步列表；其他条件/默认联动另见本行","不走TIMING_KEYS通用时间联动","onParam：实时模拟更新，灰度烘焙按自动/手动模式处理","","","[]","","本字段无曲线控件","","参数 / 当前层 / 效果 / 规格 / 序列时长 [duration]","参数 / 当前层 / 效果 / 规格 / 序列时长 [duration]","参数 / 当前层 / 效果 / 规格 / 序列时长 [duration]","参数 / 当前层 / 效果 / 规格与制作范围 / 序列时长 [duration]","当前层 P；单层 wbSnap().P，多层 wbSnap().layers[i].P。保存/另存/切效果自动草稿及配方 JSON 保存完整快照。一次拖动/输入提交/选择为一步，全资产60步；输入框内快捷键留给文本撤销。切层/发射器不清历史，打开另一效果/版本重置。行/模块/发射器恢复到打开时与恢复模板默认不同。","tool/src/js/10_types.js:428","","tool/src/js/79_workbench.js:159; tool/src/js/79_undo.js:10","50_bake.js:346、351、375（tb = P.duration；4.0 自动裁掉首尾全黑帧）；48_render40.js:30-31 + 31_plan40.js:258（fadeEnd = duration，最后 0.3 s 淡出）；66_fwlcascade.js:25-39 Lifetime = m.duration","序列最后 0.3 s 整张画面线性淡出（防止突然消失）；设了出点时以出点为准。号数会改它。"
"SCHEMA-003","001c-info:endInfo","","info:endInfo","derived:info:endInfo","READ","当前效果 / 当前层 / 效果","info","火花灭完","只读：最后一批火花（算上寿命随机，约 98%）什么时候灭完，和现在的序列时长比差多少；差的时候有「设成这个时长」。","命名表说明（可能滞后）；当前条件/换算来自源码，冲突见覆盖报告","只读","选项","选项","","","","P => familyOf(P.type) === 'aerial'","无字段级条件","[]","","[""type""]","本字段不在LINK_KEYS轨迹同步列表；其他条件/默认联动另见本行","不走TIMING_KEYS通用时间联动","信息/规格容器；其中原有快捷动作见infoActions","用灭完时刻加长duration→setTimingParam","","[]","","本字段无曲线控件","","参数 / 当前层 / 效果 / 规格 / 火花灭完 [info:endInfo]","参数 / 当前层 / 效果 / 规格 / 火花灭完 [info:endInfo]","参数 / 当前层 / 效果 / 规格 / 火花灭完 [info:endInfo]","参数 / 当前层 / 效果 / 规格与制作范围 / 火花灭完 [info:endInfo]","结果本身只读；内含原快捷动作改变对应P字段，按rules.P的完整快照保存/撤销，不另存信息行。","tool/src/js/10_types.js:429","","tool/src/js/79_workbench.js:159; tool/src/js/79_undo.js:10","79_curves.js sparkTailEnd","按星的燃烧时间（含随机）、火花寿命 × 末段寿命 × 寿命随机（对数正态取到 +2σ）、余烬、爆裂延迟估算，不是逐颗模拟。"
"SCHEMA-004","002-seed","","seed","P.seed","P","当前效果 / 当前层 / 效果","number","随机种子","所有随机量的起点：换一个数 = 同样参数的另一发（方向、每颗星的随机、火花、湍流都换）。","命名表说明（可能滞后）；当前条件/换算来自源码，冲突见覆盖报告","引擎字段","1（无量纲）","1（无量纲）","[1,999,1]","","7","P => familyOf(P.type) === 'aerial'","无字段级条件","[]","","[""type""]","同批星轨迹组：当前启用联动时同步组内层；我的效果显式建组/候选推断组。可暂时关闭；组本身不在参数撤销快照。","不走TIMING_KEYS通用时间联动","onParam：实时模拟更新，灰度烘焙按自动/手动模式处理","","","[]","","本字段无曲线控件","","参数 / 当前层 / 效果 / 规格 / 随机种子 [seed]","参数 / 当前层 / 效果 / 规格 / 随机种子 [seed]","参数 / 当前层 / 效果 / 规格 / 随机种子 [seed]","参数 / 当前层 / 效果 / 规格与制作范围 / 随机种子 [seed]","当前层 P；单层 wbSnap().P，多层 wbSnap().layers[i].P。保存/另存/切效果自动草稿及配方 JSON 保存完整快照。一次拖动/输入提交/选择为一步，全资产60步；输入框内快捷键留给文本撤销。切层/发射器不清历史，打开另一效果/版本重置。行/模块/发射器恢复到打开时与恢复模板默认不同。","tool/src/js/10_types.js:430","","tool/src/js/79_workbench.js:159; tool/src/js/79_undo.js:10","20_sim.js:134 RNG(seed)、95 starRng(id, seed, k)、29 湍流模态用 seed；40_gl.js:406 GPU 火花 uSeed；50_bake.js:612 种子变体 seed + i×101；70_ui.js:259-265 联动分组 key = 种子|星数|初速|终端速度","4.0 每颗星用「星号 + 种子」各自的随机，改星数、加点火延迟不会把别的星的随机打乱。多层组合里「同一批星」的层（种子、星数、初速、终端速度相同）会联动，改一处几层一起变。"
"SCHEMA-005","003-stars","","stars","P.stars","P","当前效果 / 当前层 / 星","number","星数","一次开花放出几颗星（一次性爆发）；星在球面上均匀排开。","命名表说明（可能滞后）；当前条件/换算来自源码，冲突见覆盖报告","物理量","颗","颗","[4,3000,1]","","150","P => familyOf(P.type) === 'aerial'","无字段级条件","[]","","[""type""]","同批星轨迹组：当前启用联动时同步组内层；我的效果显式建组/候选推断组。可暂时关闭；组本身不在参数撤销快照。","不走TIMING_KEYS通用时间联动","onParam：实时模拟更新，灰度烘焙按自动/手动模式处理","","","[]","","本字段无曲线控件","","参数 / 当前层 / 星 / 生成 / 星数 [stars]","参数 / 当前层 / 星 / 生成 / 星数 [stars]","参数 / 当前层 / 星 / 生成 / 星数 [stars]","参数 / 当前层 / 星 / 时序与数量 / 星数 [stars]","当前层 P；单层 wbSnap().P，多层 wbSnap().layers[i].P。保存/另存/切效果自动草稿及配方 JSON 保存完整快照。一次拖动/输入提交/选择为一步，全资产60步；输入框内快捷键留给文本撤销。切层/发射器不清历史，打开另一效果/版本重置。行/模块/发射器恢复到打开时与恢复模板默认不同。","tool/src/js/10_types.js:431","","tool/src/js/79_workbench.js:159; tool/src/js/79_undo.js:10","20_sim.js:103 n = P.stars → fibDirs（00_util.js:36-45 斐波那契球面均匀点）；20_sim.js:54-72 文字取点可能少于 n；67_fwlcombo.js:33 bursts [[0, stars]]、111 光点数 = stars × keepFrac；10_types.js:264 号数缩放","千轮 / 分裂是母星的个数；土星 = 环 + 球合计；文字图案点数不够时实际星数会少一些。号数会改它。多层组合里「同一批星」的层（种子、星数、初速、终端速度相同）会联动，改一处几层一起变。"
"SCHEMA-006","004-burstR0","","burstR0","P.burstR0","P","当前效果 / 当前层 / 星","number","起始半径","开花那一刻星就从这个半径的球面上出发（米），不是从一点开花。","命名表说明（可能滞后）；当前条件/换算来自源码，冲突见覆盖报告","物理量","m","m","[0,300,1]","","0","P => familyOf(P.type) === 'aerial'","无字段级条件","[]","","[""type""]","同批星轨迹组：当前启用联动时同步组内层；我的效果显式建组/候选推断组。可暂时关闭；组本身不在参数撤销快照。","不走TIMING_KEYS通用时间联动","onParam：实时模拟更新，灰度烘焙按自动/手动模式处理","","","[]","","本字段无曲线控件","","参数 / 当前层 / 星 / 形状 / 起始半径 [burstR0]","参数 / 当前层 / 星 / 形状 / 起始半径 [burstR0]","参数 / 当前层 / 星 / 形状 / 起始半径 [burstR0]","参数 / 当前层 / 星 / 空间与运动 / 起始半径 [burstR0]","当前层 P；单层 wbSnap().P，多层 wbSnap().layers[i].P。保存/另存/切效果自动草稿及配方 JSON 保存完整快照。一次拖动/输入提交/选择为一步，全资产60步；输入框内快捷键留给文本撤销。切层/发射器不清历史，打开另一效果/版本重置。行/模块/发射器恢复到打开时与恢复模板默认不同。","tool/src/js/10_types.js:432","","tool/src/js/79_workbench.js:159; tool/src/js/79_undo.js:10","20_sim.js:157-159 星起点 = 方向 × burstR0；67_fwlcombo.js:85-87 光点按模拟亮起时的半径拟合 sphere.r","游戏里常用来让开花一开始就有大小。心形、文字等型物开头也在同一个半径上（先是圆，再长成图案）。多层组合里「同一批星」的层（种子、星数、初速、终端速度相同）会联动，改一处几层一起变。"
"SCHEMA-007","005-v0","","v0","P.v0","P","当前效果 / 当前层 / 星","number","初速","开花时割药把星抛出去的速度（米/秒）；之后受平方阻力很快减速。","命名表说明（可能滞后）；当前条件/换算来自源码，冲突见覆盖报告","物理量","m/s","m/s","[20,600,1]","","150","P => familyOf(P.type) === 'aerial'","无字段级条件","[]","","[""type""]","同批星轨迹组：当前启用联动时同步组内层；我的效果显式建组/候选推断组。可暂时关闭；组本身不在参数撤销快照。","不走TIMING_KEYS通用时间联动","onParam：实时模拟更新，灰度烘焙按自动/手动模式处理","","","[""speedJit"",""dirJit""]","","本字段无曲线控件","","参数 / 当前层 / 星 / 初速 / 初速 [v0]","参数 / 当前层 / 星 / 初速 / 初速 [v0]","参数 / 当前层 / 星 / 初速 / 初速 [v0]","参数 / 当前层 / 星 / 空间与运动 / 初速 [v0]","当前层 P；单层 wbSnap().P，多层 wbSnap().layers[i].P。保存/另存/切效果自动草稿及配方 JSON 保存完整快照。一次拖动/输入提交/选择为一步，全资产60步；输入框内快捷键留给文本撤销。切层/发射器不清历史，打开另一效果/版本重置。行/模块/发射器恢复到打开时与恢复模板默认不同。","tool/src/js/10_types.js:433","","tool/src/js/79_workbench.js:159; tool/src/js/79_undo.js:10","20_sim.js:153 s = v0 × d[3] × (1 + speedJit…)；118-122 土星 1.25 / 0.55、型物速度 ∝ 图案半径；143 闪光 sig = max(2, v0×0.045)；算例（vt 18、寿命 2.5 s）：v0 150 → 半径 83 m，300 → 105 m，75 → 63 m","花有多大主要看终端速度和寿命，初速主要决定开花快慢。开花闪光的大小跟初速走（直径 ≈ 初速 × 0.09 m）。土星的环 × 1.25、球 × 0.55；型物按图案上离中心的远近缩放。号数会改它。多层组合里「同一批星」的层（种子、星数、初速、终端速度相同）会联动，改一处几层一起变。"
"SCHEMA-008","006-vt","","vt","P.vt","P","当前效果 / 当前层 / 星","number","终端速度","星的空气阻力，用「终端速度」表示大小：星最后匀速下落的速度（米/秒）。越小阻力越大。","命名表说明（可能滞后）；当前条件/换算来自源码，冲突见覆盖报告","物理量","m/s","m/s","[4,80,0.5]","","18","P => familyOf(P.type) === 'aerial'","无字段级条件","[]","","[""type""]","同批星轨迹组：当前启用联动时同步组内层；我的效果显式建组/候选推断组。可暂时关闭；组本身不在参数撤销快照。","不走TIMING_KEYS通用时间联动","onParam：实时模拟更新，灰度烘焙按自动/手动模式处理","","","[]","","本字段无曲线控件","","参数 / 当前层 / 星 / 受力 / 终端速度 [vt]","参数 / 当前层 / 星 / 受力 / 终端速度 [vt]","参数 / 当前层 / 星 / 受力 / 终端速度 [vt]","参数 / 当前层 / 星 / 空间与运动 / 终端速度 [vt]","当前层 P；单层 wbSnap().P，多层 wbSnap().layers[i].P。保存/另存/切效果自动草稿及配方 JSON 保存完整快照。一次拖动/输入提交/选择为一步，全资产60步；输入框内快捷键留给文本撤销。切层/发射器不清历史，打开另一效果/版本重置。行/模块/发射器恢复到打开时与恢复模板默认不同。","tool/src/js/10_types.js:434","","tool/src/js/79_workbench.js:159; tool/src/js/79_undo.js:10","20_sim.js:138 c = G / vt²；253-256 4.0 半隐式 v_rel ← v_rel / (1 + c·|v_rel|·h)；算例（初速 150、寿命 2.5 s）：vt 9 → 半径 32 m、18 → 83 m、36 → 178 m；50_bake.js:96-109 单束线性阻力拟合","和 Cascade 的 Drag 区别：Drag 是线性阻力（每秒按固定比例减速）；这里是真实的平方阻力——飞得快时减速猛、慢下来以后减得少，开花「先猛冲、再飘」的样子靠它。序列贴图里已经烘好，引擎里不用再设；导出 GPU 光点 / 单束时会拟合成 Cascade 的 Drag。 平方阻力：减速度 = 9.81 × (相对空气的速度 ÷ 终端速度)²，初速 150、终端 18 时一开始约 70 g，0.5 s 后只剩约 46 m/s。重力倍率不是 1 时实际下落速度 = 终端速度 × √重力倍率；燃烧减质量会让它越烧越小。号数会改它。多层组合里「同一批星」的层（种子、星数、初速、终端速度相同）会联动，改一处几层一起变。"
"SCHEMA-009","007-grav","","grav","P.grav","P","当前效果 / 当前层 / 星","number","重力倍率","星受的重力是真实重力（9.81 m/s²）的几倍；只管星，火花有自己的「火花重力」。","命名表说明（可能滞后）；当前条件/换算来自源码，冲突见覆盖报告","物理量","×","×","[0,3,0.05]","","1","P => familyOf(P.type) === 'aerial'","无字段级条件","[]","","[""type""]","同批星轨迹组：当前启用联动时同步组内层；我的效果显式建组/候选推断组。可暂时关闭；组本身不在参数撤销快照。","不走TIMING_KEYS通用时间联动","onParam：实时模拟更新，灰度烘焙按自动/手动模式处理","","","[]","","本字段无曲线控件","","参数 / 当前层 / 星 / 受力 / 重力倍率 [grav]","参数 / 当前层 / 星 / 受力 / 重力倍率 [grav]","参数 / 当前层 / 星 / 受力 / 重力倍率 [grav]","参数 / 当前层 / 星 / 空间与运动 / 重力倍率 [grav]","当前层 P；单层 wbSnap().P，多层 wbSnap().layers[i].P。保存/另存/切效果自动草稿及配方 JSON 保存完整快照。一次拖动/输入提交/选择为一步，全资产60步；输入框内快捷键留给文本撤销。切层/发射器不清历史，打开另一效果/版本重置。行/模块/发射器恢复到打开时与恢复模板默认不同。","tool/src/js/10_types.js:435","","tool/src/js/79_workbench.js:159; tool/src/js/79_undo.js:10","20_sim.js:241 gy = −G × grav，256 加到星（kind 5 上升弹体固定 1×，子星 subGrav ≥ 0 时覆盖）；火花用 sparkGrav（20_sim.js:328）；50_bake.js:484 单束烘焙 grav = 0","下坠末速 = 终端速度 × √重力倍率。千轮子星设了「子星重力」时用那个。多层组合里「同一批星」的层（种子、星数、初速、终端速度相同）会联动，改一处几层一起变。"
"SCHEMA-010","008-speedJit","","speedJit","P.speedJit","P","当前效果 / 当前层 / 星","number","初速随机","每颗星的初速各自上下浮动多少（%），让星不都在同一个球壳上，花有厚度。","命名表说明（可能滞后）；当前条件/换算来自源码，冲突见覆盖报告","物理量","%","%","[0,20,0.5]","","3","P => familyOf(P.type) === 'aerial'","无字段级条件","[]","","[""type""]","同批星轨迹组：当前启用联动时同步组内层；我的效果显式建组/候选推断组。可暂时关闭；组本身不在参数撤销快照。","不走TIMING_KEYS通用时间联动","onParam：实时模拟更新，灰度烘焙按自动/手动模式处理","","v0","[]","正态分布，σ = 数值 %；每颗星开花时定一个：初速 × (1 + σ × 标准正态随机数)；3% → 约 2/3 的星在 ±3% 内、95% 在 ±6% 内","本字段无曲线控件","","参数 / 当前层 / 星 / 初速 / 初速随机 [speedJit]","参数 / 当前层 / 星 / 初速 / 初速 / 随机 / 初速随机 [speedJit]","参数 / 当前层 / 星 / 初速 / 初速 / 随机 / 初速随机 [speedJit]","参数 / 当前层 / 星 / 空间与运动 / 初速 / 随机 / 初速随机 [speedJit]","当前层 P；单层 wbSnap().P，多层 wbSnap().layers[i].P。保存/另存/切效果自动草稿及配方 JSON 保存完整快照。一次拖动/输入提交/选择为一步，全资产60步；输入框内快捷键留给文本撤销。切层/发射器不清历史，打开另一效果/版本重置。行/模块/发射器恢复到打开时与恢复模板默认不同。","tool/src/js/10_types.js:436","","tool/src/js/79_workbench.js:159; tool/src/js/79_undo.js:10","20_sim.js:152-153 sr.n() 正态（4.0 每颗星 starRng(id, seed, 21)）；205 子星 subSpeedJit < 0 时用它；50_bake.js:484 单束 speedJit = 0；67_fwlcombo.js:85-87、124 光点 vs 范围 = 均值 ± √3σ","千轮子星的「子星初速随机」= −1 时也用这个值。多层组合里「同一批星」的层（种子、星数、初速、终端速度相同）会联动，改一处几层一起变。"
"SCHEMA-011","009-dirJit","","dirJit","P.dirJit","P","当前效果 / 当前层 / 星","number","方向随机","星本来在球面上均匀整齐地排开，这个量给每颗星的方向加一点随机偏角，打破过于整齐的样子。","命名表说明（可能滞后）；当前条件/换算来自源码，冲突见覆盖报告","物理量","°","°","[0,15,0.1]","","1.5","P => familyOf(P.type) === 'aerial'","无字段级条件","[]","","[""type""]","同批星轨迹组：当前启用联动时同步组内层；我的效果显式建组/候选推断组。可暂时关闭；组本身不在参数撤销快照。","不走TIMING_KEYS通用时间联动","onParam：实时模拟更新，灰度烘焙按自动/手动模式处理","","v0","[]","正态分布：每颗星的方向三个分量各加 σ = 数值°（换成弧度）的正态随机后再归一；1.5° → 平均偏 1.9°、95% 在 3.7° 以内（150 颗星时相邻两颗本来相隔约 17°）","本字段无曲线控件","","参数 / 当前层 / 星 / 初速 / 方向随机 [dirJit]","参数 / 当前层 / 星 / 初速 / 初速 / 随机 / 方向随机 [dirJit]","参数 / 当前层 / 星 / 初速 / 初速 / 随机 / 方向随机 [dirJit]","参数 / 当前层 / 星 / 空间与运动 / 初速 / 随机 / 方向随机 [dirJit]","当前层 P；单层 wbSnap().P，多层 wbSnap().layers[i].P。保存/另存/切效果自动草稿及配方 JSON 保存完整快照。一次拖动/输入提交/选择为一步，全资产60步；输入框内快捷键留给文本撤销。切层/发射器不清历史，打开另一效果/版本重置。行/模块/发射器恢复到打开时与恢复模板默认不同。","tool/src/js/10_types.js:437","","tool/src/js/79_workbench.js:159; tool/src/js/79_undo.js:10","00_util.js:36-45 fibDirs：斐波那契球面 + 每分量 rng.n()×dirJit（弧度）后归一；20_sim.js:104 环 / 型物 jitter 同法；200 子花 dirJit×2；数值模拟 1.5° → 平均 1.9°、p95 3.7°","球、半球、土星的球用斐波那契点（均匀）再整体随机转一下；环、型物在图案上加同样的偏角；千轮子花用 2 倍。多层组合里「同一批星」的层（种子、星数、初速、终端速度相同）会联动，改一处几层一起变。"
"SCHEMA-012","010-burn","","burn","P.burn","P","当前效果 / 当前层 / 星","number","燃烧时间","每颗星从点燃到熄灭的秒数；这期间星头发光、喷火花。","命名表说明（可能滞后）；当前条件/换算来自源码，冲突见覆盖报告","物理量","s","s","[0.2,10,0.05]","","2.5","P => familyOf(P.type) === 'aerial'","无字段级条件","[{""when"":""P => isCarrierType(P)"",""reason"":""千轮 / 分裂的星是子弹：子弹飞多久看「子花开花时刻」，子星看「子花 › 燃烧时间」；这一项对它们不起作用""}]","","[""type""]","本字段不在LINK_KEYS轨迹同步列表；其他条件/默认联动另见本行","setTimingParam→timingEdit：空中层依先后关系推移相关时间、时长/入点；可关followOff；同一时刻关联层可粘连（glueOff另控）；具体变动以提示为准。非空中仅直接改值。","onParam：实时模拟更新，灰度烘焙按自动/手动模式处理","","","[""burnJit""]","","本字段无曲线控件","","参数 / 当前层 / 星 / 寿命 / 燃烧时间 [burn]","参数 / 当前层 / 星 / 寿命 / 燃烧时间 [burn]","参数 / 当前层 / 星 / 寿命 / 燃烧时间 [burn]","参数 / 当前层 / 星 / 时序与数量 / 燃烧时间 [burn]","当前层 P；单层 wbSnap().P，多层 wbSnap().layers[i].P。保存/另存/切效果自动草稿及配方 JSON 保存完整快照。一次拖动/输入提交/选择为一步，全资产60步；输入框内快捷键留给文本撤销。切层/发射器不清历史，打开另一效果/版本重置。行/模块/发射器恢复到打开时与恢复模板默认不同。","tool/src/js/10_types.js:438","","tool/src/js/79_workbench.js:159; tool/src/js/79_undo.js:10","20_sim.js:154 carrier ? subDelay×… : burn × (1 + burnJit…)（千轮 / 分裂不读 P.burn）；206 子星用 subBurn；50_bake.js:133 unitDuration = burn + ignDelay + sparkLife×1.6 + 0.1","千轮 / 分裂两种花型里不起作用（母星飞多久看「子花开花时刻」，子星看「子星燃烧时间」）。点火延迟时从点火那一刻算起；第二段另加。号数会改它。"
"SCHEMA-013","011-burnJit","","burnJit","P.burnJit","P","当前效果 / 当前层 / 星","number","燃烧时间随机","每颗星的寿命各自浮动多少（%），决定星是齐刷刷一起熄灭还是陆续熄灭（日语「消え口」）。","命名表说明（可能滞后）；当前条件/换算来自源码，冲突见覆盖报告","物理量","%","%","[0,30,0.1]","","12","P => familyOf(P.type) === 'aerial'","无字段级条件","[]","","[""type""]","本字段不在LINK_KEYS轨迹同步列表；其他条件/默认联动另见本行","不走TIMING_KEYS通用时间联动","onParam：实时模拟更新，灰度烘焙按自动/手动模式处理","","burn","[]","正态分布，σ = 数值 %；每颗星开花时定一个（千轮子星也各自一个）：寿命 × (1 + σ × 标准正态随机数)，最短 0.05 s；12% × 2.5 s → 约 2/3 的星在 ±0.3 s 内熄灭、95% 在 ±0.6 s 内","本字段无曲线控件","","参数 / 当前层 / 星 / 寿命 / 燃烧时间随机 [burnJit]","参数 / 当前层 / 星 / 寿命 / 燃烧时间 / 随机 / 燃烧时间随机 [burnJit]","参数 / 当前层 / 星 / 寿命 / 燃烧时间 / 随机 / 燃烧时间随机 [burnJit]","参数 / 当前层 / 星 / 时序与数量 / 燃烧时间 / 随机 / 燃烧时间随机 [burnJit]","当前层 P；单层 wbSnap().P，多层 wbSnap().layers[i].P。保存/另存/切效果自动草稿及配方 JSON 保存完整快照。一次拖动/输入提交/选择为一步，全资产60步；输入框内快捷键留给文本撤销。切层/发射器不清历史，打开另一效果/版本重置。行/模块/发射器恢复到打开时与恢复模板默认不同。","tool/src/js/10_types.js:439","","tool/src/js/79_workbench.js:159; tool/src/js/79_undo.js:10","20_sim.js:154 sr.n() 正态（4.0 每颗星 starRng(id, seed, 21)），Math.max(0.05, burn)；206 子星；67_fwlcombo.js:25、35 单束 Lifetime uniform [Du(1−jit), Du(1+jit)]，jit 上限 0.5；30_plan.js:60 kieguchi 指标","「消え口」= 星熄灭的那一刻 / 熄灭的样子。千轮 / 分裂的母星不用它（用「开花时刻随机」），只用在子星上。熄灭快慢还要和「渐隐比例」一起看。"
"SCHEMA-014","012-fade","","fade","P.fade","P","当前效果 / 当前层 / 星","number","渐隐比例","每颗星在寿命最后这一段慢慢变暗到熄灭，数值是这一段占它寿命的比例。","命名表说明（可能滞后）；当前条件/换算来自源码，冲突见覆盖报告","物理量","1","1","[0,0.9,0.01]","","0.2","P => familyOf(P.type) === 'aerial'","无字段级条件","[{""when"":""P => !(+P.headBright > 0)"",""reason"":""「星头亮度」是 0（星头不发光，只有尾迹 / 火花）时不起作用""}]","","[""type"",""headBright""]","本字段不在LINK_KEYS轨迹同步列表；其他条件/默认联动另见本行","不走TIMING_KEYS通用时间联动","onParam：实时模拟更新，灰度烘焙按自动/手动模式处理","","","[]","","本字段无曲线控件","","参数 / 当前层 / 星 / 亮度 / 渐隐比例 [fade]","参数 / 当前层 / 星 / 亮度 / 渐隐比例 [fade]","参数 / 当前层 / 星 / 亮度 / 渐隐比例 [fade]","参数 / 当前层 / 星 / 外观与颜色 / 渐隐比例 [fade]","当前层 P；单层 wbSnap().P，多层 wbSnap().layers[i].P。保存/另存/切效果自动草稿及配方 JSON 保存完整快照。一次拖动/输入提交/选择为一步，全资产60步；输入框内快捷键留给文本撤销。切层/发射器不清历史，打开另一效果/版本重置。行/模块/发射器恢复到打开时与恢复模板默认不同。","tool/src/js/10_types.js:440","","tool/src/js/79_workbench.js:159; tool/src/js/79_undo.js:10","20_sim.js:343 f = clamp(剩余时间 / (燃烧时长 × fade), 0, 1)，kind 1（母星）/ 5（上升）跳过","线性变暗；千轮 / 分裂的母星不渐隐。大于 0 时会把「熄灭前闪亮」压掉（默认 0.2 时那一闪几乎看不见）。"
"SCHEMA-015","013-lastFlare","","lastFlare","P.lastFlare","P","当前效果 / 当前层 / 星","number","熄灭前闪亮","星熄灭前最后约 0.05 秒亮一下（星药烧穿时的一闪），数值是多亮出的倍数。","命名表说明（可能滞后）；当前条件/换算来自源码，冲突见覆盖报告","物理量","1","1","[0,1.5,0.05]","","0.35","P => familyOf(P.type) === 'aerial'","无字段级条件","[{""when"":""P => !(+P.headBright > 0)"",""reason"":""「星头亮度」是 0（星头不发光，只有尾迹 / 火花）时不起作用""}]","","[""type"",""headBright""]","本字段不在LINK_KEYS轨迹同步列表；其他条件/默认联动另见本行","不走TIMING_KEYS通用时间联动","onParam：实时模拟更新，灰度烘焙按自动/手动模式处理","","","[]","","本字段无曲线控件","","参数 / 当前层 / 星 / 亮度 / 熄灭前闪亮 [lastFlare]","参数 / 当前层 / 星 / 亮度 / 熄灭前闪亮 [lastFlare]","参数 / 当前层 / 星 / 亮度 / 熄灭前闪亮 [lastFlare]","参数 / 当前层 / 星 / 外观与颜色 / 熄灭前闪亮 [lastFlare]","当前层 P；单层 wbSnap().P，多层 wbSnap().layers[i].P。保存/另存/切效果自动草稿及配方 JSON 保存完整快照。一次拖动/输入提交/选择为一步，全资产60步；输入框内快捷键留给文本撤销。切层/发射器不清历史，打开另一效果/版本重置。行/模块/发射器恢复到打开时与恢复模板默认不同。","tool/src/js/10_types.js:441","","tool/src/js/79_workbench.js:159; tool/src/js/79_undo.js:10","20_sim.js:344 last = 1 + lastFlare × exp(−(剩余/0.05)²)，353 与 343 的渐隐 f 相乘，340 熄灭后为 0；按寿命 2.5 s 算：fade 0.2 → 额外亮度最多 0.015，fade 0 → +0.35","要「渐隐比例」接近 0 才看得见：渐隐 > 0 时最后时刻亮度本来已降到接近 0，乘上去几乎没有（默认 0.2 时最多多 1.5%，0.02 时约多 15%）。只闪一帧左右；千轮 / 分裂的母星不闪。"
"SCHEMA-016","014-flash","","flash","P.flash","P","当前效果 / 当前层 / 开花闪光","number","亮度","开花瞬间爆点处的一团强光（割药爆炸，4.3.3 起画成柔光、没有硬边），0.25 秒内衰减消失；数值是亮度倍数。","命名表说明（可能滞后）；当前条件/换算来自源码，冲突见覆盖报告","物理量","1","1","[0,3,0.05]","","1","P => familyOf(P.type) === 'aerial'","无字段级条件","[]","","[""type""]","本字段不在LINK_KEYS轨迹同步列表；其他条件/默认联动另见本行","不走TIMING_KEYS通用时间联动","onParam：实时模拟更新，灰度烘焙按自动/手动模式处理","","","[]","","本字段无曲线控件","","参数 / 当前层 / 开花闪光 / 闪光 / 亮度 [flash]","参数 / 当前层 / 开花闪光 / 闪光 / 亮度 [flash]","参数 / 当前层 / 开花闪光 / 闪光 / 亮度 [flash]","参数 / 当前层 / 开花闪光 / 事件与特性 / 亮度 [flash]","当前层 P；单层 wbSnap().P，多层 wbSnap().layers[i].P。保存/另存/切效果自动草稿及配方 JSON 保存完整快照。一次拖动/输入提交/选择为一步，全资产60步；输入框内快捷键留给文本撤销。切层/发射器不清历史，打开另一效果/版本重置。行/模块/发射器恢复到打开时与恢复模板默认不同。","tool/src/js/10_types.js:442","","tool/src/js/79_workbench.js:159; tool/src/js/79_undo.js:10","20_sim.js:143 I = flash、sig = max(2, v0×0.045)；370-376 exp(−a/0.035)、cut 0.25 s、尺寸 2σ（4.0 为面亮度）；372 单元序列不画；213 子花 flash×0.3；48_render40.js:121 建议曝光 flash = 0","闪光直径 ≈ 初速 × 0.09 m（最小 4 m）。千轮 / 分裂子花开花的闪光在「子花开花闪光」= −1 时是它的 0.3 倍。≥ 20 号自动 × 0.6。「建议曝光」不计闪光。"
"SCHEMA-017","014b-flashSize","","flashSize","P.flashSize","P","当前效果 / 当前层 / 开花闪光","number","大小","开花那团闪光的大小倍数（1 = 直径约初速 × 0.09 m，最小 4 m）；闪光是一团柔光（4.3.3 起），中间最亮、往外慢慢变暗。","命名表说明（可能滞后）；当前条件/换算来自源码，冲突见覆盖报告","物理量","×","×","[0.3,3,0.05]","","1","P => familyOf(P.type) === 'aerial'","无字段级条件","[]","","[""type""]","本字段不在LINK_KEYS轨迹同步列表；其他条件/默认联动另见本行","不走TIMING_KEYS通用时间联动","onParam：实时模拟更新，灰度烘焙按自动/手动模式处理","","","[]","","本字段无曲线控件","","参数 / 当前层 / 开花闪光 / 闪光 / 大小 [flashSize]","参数 / 当前层 / 开花闪光 / 闪光 / 大小 [flashSize]","参数 / 当前层 / 开花闪光 / 闪光 / 大小 [flashSize]","参数 / 当前层 / 开花闪光 / 事件与特性 / 大小 [flashSize]","当前层 P；单层 wbSnap().P，多层 wbSnap().layers[i].P。保存/另存/切效果自动草稿及配方 JSON 保存完整快照。一次拖动/输入提交/选择为一步，全资产60步；输入框内快捷键留给文本撤销。切层/发射器不清历史，打开另一效果/版本重置。行/模块/发射器恢复到打开时与恢复模板默认不同。","tool/src/js/10_types.js:443","","tool/src/js/79_workbench.js:159; tool/src/js/79_undo.js:10","20_sim.js Sim 构造：flashes sig = max(2, v0 × 0.045) × flashSize；30_plan.js measureRun 开花头 0.25 s 半径 ≥ 3σ；20_sim.js gather 开花闪光按高斯画（PT_GAUSS）","只改主花的开花闪光（子花开花闪光不变）；取景会把闪光算进去（开花头 0.25 s）。和「开花闪光」（亮度）分开调。"
"SCHEMA-018","460-26-flashR","","flashR","P.flashR","P","当前效果 / 当前层 / 开花闪光","number","半径","开花那团闪光的半径（σ，米）；勾「用默认」= 跟初速：max(2 m, 0.045 × 初速)（以前写死的联动，存成 -1），再乘「大小」倍数。","命名表说明（可能滞后）；当前条件/换算来自源码，冲突见覆盖报告","物理量","m","m","[-1,60,0.5]","","-1","P => familyOf(P.type) === 'aerial'","无字段级条件","[]","{""source"":""按初速：初速 × 0.045，至少 2 m"",""calculate"":""P => +Math.max(2, (+P.v0 || 0) * 0.045).toFixed(2)"",""sentinel"":-1,""linkedWhen"":""autoLinked(flashR,v)"",""behavior"":""直接编辑断开；跟着算固定当前计算值；接回存哨兵，均进入快照撤销""}","[""type"",""v0""]","本字段不在LINK_KEYS轨迹同步列表；其他条件/默认联动另见本行","不走TIMING_KEYS通用时间联动","onParam：实时模拟更新，灰度烘焙按自动/手动模式处理","","","[]","","本字段无曲线控件","","参数 / 当前层 / 开花闪光 / 大小 / 半径 [flashR]","参数 / 当前层 / 开花闪光 / 大小 / 半径 [flashR]","参数 / 当前层 / 开花闪光 / 大小 / 半径 [flashR]","参数 / 当前层 / 开花闪光 / 外观与颜色 / 半径 [flashR]","当前层 P；单层 wbSnap().P，多层 wbSnap().layers[i].P。保存/另存/切效果自动草稿及配方 JSON 保存完整快照。一次拖动/输入提交/选择为一步，全资产60步；输入框内快捷键留给文本撤销。切层/发射器不清历史，打开另一效果/版本重置。行/模块/发射器恢复到打开时与恢复模板默认不同。","tool/src/js/10_types.js:444","","tool/src/js/79_workbench.js:159; tool/src/js/79_undo.js:10","","4.6.0（5.0 第 1 步）加：以前写死在代码里，默认 = 原来的数。"
"SCHEMA-019","460-27-flashTau","","flashTau","P.flashTau","P","当前效果 / 当前层 / 开花闪光","number","衰减","开花闪光亮度按 e^(−时间 / 这个数) 变暗；默认 0.035 s = 以前写死的。","命名表说明（可能滞后）；当前条件/换算来自源码，冲突见覆盖报告","物理量","s","s","[0.005,0.5,0.005]","","0.035","P => familyOf(P.type) === 'aerial'","无字段级条件","[]","","[""type""]","本字段不在LINK_KEYS轨迹同步列表；其他条件/默认联动另见本行","不走TIMING_KEYS通用时间联动","onParam：实时模拟更新，灰度烘焙按自动/手动模式处理","","","[]","","本字段无曲线控件","","参数 / 当前层 / 开花闪光 / 亮度 / 衰减 [flashTau]","参数 / 当前层 / 开花闪光 / 亮度 / 衰减 [flashTau]","参数 / 当前层 / 开花闪光 / 亮度 / 衰减 [flashTau]","参数 / 当前层 / 开花闪光 / 外观与颜色 / 衰减 [flashTau]","当前层 P；单层 wbSnap().P，多层 wbSnap().layers[i].P。保存/另存/切效果自动草稿及配方 JSON 保存完整快照。一次拖动/输入提交/选择为一步，全资产60步；输入框内快捷键留给文本撤销。切层/发射器不清历史，打开另一效果/版本重置。行/模块/发射器恢复到打开时与恢复模板默认不同。","tool/src/js/10_types.js:445","","tool/src/js/79_workbench.js:159; tool/src/js/79_undo.js:10","","4.6.0（5.0 第 1 步）加：以前写死在代码里，默认 = 原来的数。"
"SCHEMA-020","460-28-flashLife","","flashLife","P.flashLife","P","当前效果 / 当前层 / 开花闪光","number","寿命","开花闪光最多画多久；默认 0.25 s = 以前写死的。","命名表说明（可能滞后）；当前条件/换算来自源码，冲突见覆盖报告","物理量","s","s","[0.05,2,0.01]","","0.25","P => familyOf(P.type) === 'aerial'","无字段级条件","[]","","[""type""]","本字段不在LINK_KEYS轨迹同步列表；其他条件/默认联动另见本行","不走TIMING_KEYS通用时间联动","onParam：实时模拟更新，灰度烘焙按自动/手动模式处理","","","[]","","本字段无曲线控件","","参数 / 当前层 / 开花闪光 / 寿命 / 寿命 [flashLife]","参数 / 当前层 / 开花闪光 / 寿命 / 寿命 [flashLife]","参数 / 当前层 / 开花闪光 / 寿命 / 寿命 [flashLife]","参数 / 当前层 / 开花闪光 / 时序与数量 / 寿命 [flashLife]","当前层 P；单层 wbSnap().P，多层 wbSnap().layers[i].P。保存/另存/切效果自动草稿及配方 JSON 保存完整快照。一次拖动/输入提交/选择为一步，全资产60步；输入框内快捷键留给文本撤销。切层/发射器不清历史，打开另一效果/版本重置。行/模块/发射器恢复到打开时与恢复模板默认不同。","tool/src/js/10_types.js:446","","tool/src/js/79_workbench.js:159; tool/src/js/79_undo.js:10","","4.6.0（5.0 第 1 步）加：以前写死在代码里，默认 = 原来的数。"
"SCHEMA-021","460-95-flashBrightCurve","","flashBrightCurve","P.flashBrightCurve","P","当前效果 / 当前层 / 开花闪光","curve","随寿命","开花闪光的亮度随它的寿命变化（在衰减之上再乘）。几行「时刻:倍数」，时刻是寿命的比例 0–1，在原来的变化上再乘这条曲线；空 = 不乘（和以前一样）。例「0:0.3, 0.2:1, 1:1」= 刚出来小、很快长到正常。","命名表说明（可能滞后）；当前条件/换算来自源码，冲突见覆盖报告","物理量","×（随寿命）","×（随寿命）","","","","P => familyOf(P.type) === 'aerial'","无字段级条件","[]","","[""type""]","本字段不在LINK_KEYS轨迹同步列表；其他条件/默认联动另见本行","不走TIMING_KEYS通用时间联动","onParam：实时模拟更新，灰度烘焙按自动/手动模式处理","","","[]","","0–1单粒寿命，文本提交 + 只读折线/表；空=×1；不支持拖点","","参数 / 当前层 / 开花闪光 / 亮度 / 随寿命 [flashBrightCurve]","参数 / 当前层 / 开花闪光 / 亮度 / 随寿命 [flashBrightCurve]","参数 / 当前层 / 开花闪光 / 亮度 / 随寿命 [flashBrightCurve]","参数 / 当前层 / 开花闪光 / 外观与颜色 / 随寿命 [flashBrightCurve]","当前层 P；单层 wbSnap().P，多层 wbSnap().layers[i].P。保存/另存/切效果自动草稿及配方 JSON 保存完整快照。一次拖动/输入提交/选择为一步，全资产60步；输入框内快捷键留给文本撤销。切层/发射器不清历史，打开另一效果/版本重置。行/模块/发射器恢复到打开时与恢复模板默认不同。 注意：rowChanged仅处理数值/select/text，现曲线不计行/模块“改过”、无独立行尾还原按钮；全资产撤销可恢复曲线文本。不伪称这些行级状态已实现。","tool/src/js/10_types.js:447","","tool/src/js/79_workbench.js:159; tool/src/js/79_undo.js:10","","4.6.0（5.0 第 1 步）加：以前写死在代码里，默认 = 原来的数。"
"SCHEMA-022","460-100-flashSizeCurve","","flashSizeCurve","P.flashSizeCurve","P","当前效果 / 当前层 / 开花闪光","curve","随寿命","开花闪光那团光的大小随它的寿命变化（峰值亮度不变，变大时总光量跟着变多）。几行「时刻:倍数」，时刻是寿命的比例 0–1，在原来的变化上再乘这条曲线；空 = 不乘（和以前一样）。例「0:0.3, 0.2:1, 1:1」= 刚出来小、很快长到正常。","命名表说明（可能滞后）；当前条件/换算来自源码，冲突见覆盖报告","物理量","×（随寿命）","×（随寿命）","","","","P => familyOf(P.type) === 'aerial'","无字段级条件","[]","","[""type""]","本字段不在LINK_KEYS轨迹同步列表；其他条件/默认联动另见本行","不走TIMING_KEYS通用时间联动","onParam：实时模拟更新，灰度烘焙按自动/手动模式处理","","","[]","","0–1单粒寿命，文本提交 + 只读折线/表；空=×1；不支持拖点","","参数 / 当前层 / 开花闪光 / 大小 / 随寿命 [flashSizeCurve]","参数 / 当前层 / 开花闪光 / 大小 / 随寿命 [flashSizeCurve]","参数 / 当前层 / 开花闪光 / 大小 / 随寿命 [flashSizeCurve]","参数 / 当前层 / 开花闪光 / 外观与颜色 / 随寿命 [flashSizeCurve]","当前层 P；单层 wbSnap().P，多层 wbSnap().layers[i].P。保存/另存/切效果自动草稿及配方 JSON 保存完整快照。一次拖动/输入提交/选择为一步，全资产60步；输入框内快捷键留给文本撤销。切层/发射器不清历史，打开另一效果/版本重置。行/模块/发射器恢复到打开时与恢复模板默认不同。 注意：rowChanged仅处理数值/select/text，现曲线不计行/模块“改过”、无独立行尾还原按钮；全资产撤销可恢复曲线文本。不伪称这些行级状态已实现。","tool/src/js/10_types.js:448","","tool/src/js/79_workbench.js:159; tool/src/js/79_undo.js:10","","4.9.4（5.0，交互宪章 5）加：按寿命曲线，空 = 不乘，画面不变。"
"SCHEMA-023","015-pattern","","pattern","P.pattern","P","当前效果 / 当前层 / 星","select","开花图案","星往哪些方向飞：球、半球、环、土星，或心形、笑脸、五角星、文字这类型物；或分簇（星集中在几个对称方向，每簇一束，4.9.15）。","命名表说明（可能滞后）；当前条件/换算来自源码，冲突见覆盖报告","物理量","选项","选项","","[[""sphere"",""球""],[""half"",""半球（贴水面）""],[""ring"",""环""],[""saturn"",""土星（球 + 环）""],[""heart"",""心形""],[""smile"",""笑脸""],[""star5"",""五角星""],[""text"",""文字""],[""cluster"",""分簇（几簇对称排列）""]]","sphere","P => isAir(P) || P.type === 'shikake'","P => familyOf(P.type) === 'aerial'","[]","","[""type""]","同批星轨迹组：当前启用联动时同步组内层；我的效果显式建组/候选推断组。可暂时关闭；组本身不在参数撤销快照。","不走TIMING_KEYS通用时间联动","onParam：实时模拟更新，灰度烘焙按自动/手动模式处理","","","[]","","本字段无曲线控件","","参数 / 当前层 / 星 / 形状 / 开花图案 [pattern]","参数 / 当前层 / 星 / 形状 / 开花图案 [pattern]","参数 / 当前层 / 星 / 形状 / 开花图案 [pattern]","参数 / 当前层 / 星 / 空间与运动 / 开花图案 [pattern]","当前层 P；单层 wbSnap().P，多层 wbSnap().layers[i].P。保存/另存/切效果自动草稿及配方 JSON 保存完整快照。一次拖动/输入提交/选择为一步，全资产60步；输入框内快捷键留给文本撤销。切层/发射器不清历史，打开另一效果/版本重置。行/模块/发射器恢复到打开时与恢复模板默认不同。","tool/src/js/10_types.js:451","","tool/src/js/79_workbench.js:159; tool/src/js/79_undo.js:10","20_sim.js:101-125 dirsFor（half：2n 个斐波那契点取上半；saturn：环 ×1.25、球 ×0.55；型物 planar 速度 ∝ 图案半径）；50_bake.js:572 unitAllowed；79_workbench.js:67 光点图案警告","环、土星、型物时才出现「倾斜」；土星才出现「环上星比例」；文字才出现「文字」。多层组合里「同一批星」的层（种子、星数、初速、终端速度相同）会联动，改一处几层一起变。"
"SCHEMA-024","4915-00-clusterLayout","","clusterLayout","P.clusterLayout","P","当前效果 / 当前层 / 星","select","排法","分簇时星集中在哪几个方向：立方 = 6 个轴向 + 8 个角共 14 簇；6 轴；8 角；正二十面体 12 簇；一圈 N 簇（在画面平面里，正对着看）；球面均匀 N 簇。看的方向固定（画面 = 水平 / 竖直平面），「倾斜」绕水平轴转整套。","命名表说明（可能滞后）；当前条件/换算来自源码，冲突见覆盖报告","物理量","选项","选项","","[[""cube"",""立方：6 轴 + 8 角（14 簇）""],[""axes"",""6 轴""],[""corners"",""8 角""],[""ico"",""正二十面体（12 簇）""],[""ring"",""一圈 N 簇（画面平面里）""],[""sphere"",""球面均匀 N 簇""],[""fan"",""扇面 N 簇（画面平面里，扇形组合的一排筒）""]]","cube","P => isAir(P) || P.type === 'shikake'","P => isAir(P) && P.pattern === 'cluster'","[]","","[""type"",""pattern""]","同批星轨迹组：当前启用联动时同步组内层；我的效果显式建组/候选推断组。可暂时关闭；组本身不在参数撤销快照。","不走TIMING_KEYS通用时间联动","onParam：实时模拟更新，灰度烘焙按自动/手动模式处理","","","[]","","本字段无曲线控件","","参数 / 当前层 / 星 / 形状 / 排法 [clusterLayout]","参数 / 当前层 / 星 / 形状 / 排法 [clusterLayout]","参数 / 当前层 / 星 / 形状 / 排法 [clusterLayout]","参数 / 当前层 / 星 / 空间与运动 / 排法 [clusterLayout]","当前层 P；单层 wbSnap().P，多层 wbSnap().layers[i].P。保存/另存/切效果自动草稿及配方 JSON 保存完整快照。一次拖动/输入提交/选择为一步，全资产60步；输入框内快捷键留给文本撤销。切层/发射器不清历史，打开另一效果/版本重置。行/模块/发射器恢复到打开时与恢复模板默认不同。","tool/src/js/10_types.js:452","","tool/src/js/79_workbench.js:159; tool/src/js/79_undo.js:10","20_sim.js clusterCenters","4.9.15（对话框新花型，用户 10-06 15:35「用B」）加：只在「星的排布 = 分簇」时出现、起作用。原理 analysis/原理/多层花型库.md 1c。"
"SCHEMA-025","4915-01-clusterN","","clusterN","P.clusterN","P","当前效果 / 当前层 / 星","number","簇数","「一圈 N 簇」「球面均匀 N 簇」时有几簇；其它排法簇数固定（立方 14、6 轴 6、8 角 8、正二十面体 12）。星按顺序轮流分到各簇，每簇星数 ≈ 星数 ÷ 簇数。","命名表说明（可能滞后）；当前条件/换算来自源码，冲突见覆盖报告","物理量","1","1","[1,40,1]","","8","P => isAir(P) || P.type === 'shikake'","P => isAir(P) && P.pattern === 'cluster' && ['ring', 'sphere', 'fan'].includes(P.clusterLayout)","[]","","[""type"",""pattern"",""clusterLayout""]","同批星轨迹组：当前启用联动时同步组内层；我的效果显式建组/候选推断组。可暂时关闭；组本身不在参数撤销快照。","不走TIMING_KEYS通用时间联动","onParam：实时模拟更新，灰度烘焙按自动/手动模式处理","","","[]","","本字段无曲线控件","","参数 / 当前层 / 星 / 形状 / 簇数 [clusterN]","参数 / 当前层 / 星 / 形状 / 簇数 [clusterN]","参数 / 当前层 / 星 / 形状 / 簇数 [clusterN]","参数 / 当前层 / 星 / 空间与运动 / 簇数 [clusterN]","当前层 P；单层 wbSnap().P，多层 wbSnap().layers[i].P。保存/另存/切效果自动草稿及配方 JSON 保存完整快照。一次拖动/输入提交/选择为一步，全资产60步；输入框内快捷键留给文本撤销。切层/发射器不清历史，打开另一效果/版本重置。行/模块/发射器恢复到打开时与恢复模板默认不同。","tool/src/js/10_types.js:453","","tool/src/js/79_workbench.js:159; tool/src/js/79_undo.js:10","20_sim.js clusterCenters / clusterDirs","4.9.15（对话框新花型，用户 10-06 15:35「用B」）加：只在「星的排布 = 分簇」时出现、起作用。原理 analysis/原理/多层花型库.md 1c。 4.9.16 下限 2 → 1（一簇 + 张角 90° + 转角 = 任意方向的半球）。"
"SCHEMA-026","4934-00-clusterFan","","clusterFan","P.clusterFan","P","当前效果 / 当前层 / 星","number","扇面张角","「簇的排法 = 扇面 N 簇」时，N 簇在画面平面里均分的总张角，居中朝上（第 0 簇在最左）。扇形组合一排筒的张开角度。","命名表说明（可能滞后）；当前条件/换算来自源码，冲突见覆盖报告","物理量","°","°","[0,180,1]","","90","P => isAir(P) || P.type === 'shikake'","P => isAir(P) && P.pattern === 'cluster' && P.clusterLayout === 'fan'","[]","","[""type"",""pattern"",""clusterLayout""]","同批星轨迹组：当前启用联动时同步组内层；我的效果显式建组/候选推断组。可暂时关闭；组本身不在参数撤销快照。","不走TIMING_KEYS通用时间联动","onParam：实时模拟更新，灰度烘焙按自动/手动模式处理","","","[]","","本字段无曲线控件","","参数 / 当前层 / 星 / 形状 / 扇面张角 [clusterFan]","参数 / 当前层 / 星 / 形状 / 扇面张角 [clusterFan]","参数 / 当前层 / 星 / 形状 / 扇面张角 [clusterFan]","参数 / 当前层 / 星 / 空间与运动 / 扇面张角 [clusterFan]","当前层 P；单层 wbSnap().P，多层 wbSnap().layers[i].P。保存/另存/切效果自动草稿及配方 JSON 保存完整快照。一次拖动/输入提交/选择为一步，全资产60步；输入框内快捷键留给文本撤销。切层/发射器不清历史，打开另一效果/版本重置。行/模块/发射器恢复到打开时与恢复模板默认不同。","tool/src/js/10_types.js:454","","tool/src/js/79_workbench.js:159; tool/src/js/79_undo.js:10","20_sim.js clusterCenters fan","4.9.34（对话框FanGold，用户 10-07 18:40 批）加：只在「星的排布 = 分簇」时出现、起作用；缺省不进新代码。"
"SCHEMA-027","4934-01-clusterSweep","","clusterSweep","P.clusterSweep","P","当前效果 / 当前层 / 星","number","依次出膛","第 k 簇比第 0 簇晚 k / (簇数 − 1) × |值| 秒出发；出发前星停在原点、不亮、不出火花，开花闪光和「开花时」的自定义发射器跟着各簇出发时刻。负数 = 从最后一簇倒着来。扇形组合引线串联、逐筒出膛。","命名表说明（可能滞后）；当前条件/换算来自源码，冲突见覆盖报告","物理量","s","s","[-2,2,0.01]","","0","P => isAir(P) || P.type === 'shikake'","P => isAir(P) && P.pattern === 'cluster'","[]","","[""type"",""pattern""]","同批星轨迹组：当前启用联动时同步组内层；我的效果显式建组/候选推断组。可暂时关闭；组本身不在参数撤销快照。","不走TIMING_KEYS通用时间联动","onParam：实时模拟更新，灰度烘焙按自动/手动模式处理","","","[]","","本字段无曲线控件","","参数 / 当前层 / 星 / 形状 / 依次出膛 [clusterSweep]","参数 / 当前层 / 星 / 形状 / 依次出膛 [clusterSweep]","参数 / 当前层 / 星 / 形状 / 依次出膛 [clusterSweep]","参数 / 当前层 / 星 / 空间与运动 / 依次出膛 [clusterSweep]","当前层 P；单层 wbSnap().P，多层 wbSnap().layers[i].P。保存/另存/切效果自动草稿及配方 JSON 保存完整快照。一次拖动/输入提交/选择为一步，全资产60步；输入框内快捷键留给文本撤销。切层/发射器不清历史，打开另一效果/版本重置。行/模块/发射器恢复到打开时与恢复模板默认不同。","tool/src/js/10_types.js:455","","tool/src/js/79_workbench.js:159; tool/src/js/79_undo.js:10","20_sim.js clusterDirs 第 5 位 = 出发时刻、Sim step 跳过没出发的星","4.9.34（对话框FanGold，用户 10-07 18:40 批）加：只在「星的排布 = 分簇」时出现、起作用；缺省不进新代码。"
"SCHEMA-028","fanspk-06-clusterGap","","clusterGap","P.clusterGap","P","当前效果 / 当前层 / 星","number","筒距","「簇的排法 = 扇面 N 簇」时相邻两簇的出发点隔多远：第 k 簇在扇面基线上 x = (k − (N − 1)/2) × 筒距（第 0 簇在最左），和簇方向一样跟着偏转 / 倾斜 / 转角。开花闪光（筒口火）挪到各簇出发点。0 = 都从一点出（以前）。","命名表说明（可能滞后）；当前条件/换算来自源码，冲突见覆盖报告","物理量","m","m","[0,20,0.05]","","0","P => isAir(P) || P.type === 'shikake'","P => isAir(P) && P.pattern === 'cluster' && P.clusterLayout === 'fan'","[]","","[""type"",""pattern"",""clusterLayout""]","同批星轨迹组：当前启用联动时同步组内层；我的效果显式建组/候选推断组。可暂时关闭；组本身不在参数撤销快照。","不走TIMING_KEYS通用时间联动","onParam：实时模拟更新，灰度烘焙按自动/手动模式处理","","","[]","","本字段无曲线控件","","参数 / 当前层 / 星 / 形状 / 筒距 [clusterGap]","参数 / 当前层 / 星 / 形状 / 筒距 [clusterGap]","参数 / 当前层 / 星 / 形状 / 筒距 [clusterGap]","参数 / 当前层 / 星 / 空间与运动 / 筒距 [clusterGap]","当前层 P；单层 wbSnap().P，多层 wbSnap().layers[i].P。保存/另存/切效果自动草稿及配方 JSON 保存完整快照。一次拖动/输入提交/选择为一步，全资产60步；输入框内快捷键留给文本撤销。切层/发射器不清历史，打开另一效果/版本重置。行/模块/发射器恢复到打开时与恢复模板默认不同。","tool/src/js/10_types.js:456","","tool/src/js/79_workbench.js:159; tool/src/js/79_undo.js:10","20_sim.js clusterDirs 方向数组 .o、Sim 构造挪出发点和闪光","火花发射器补全（对话框FanGold，用户 10-09 21:48 批）：缺省 = 以前的行为（逐像素不变）。只在空中花型起作用。"
"SCHEMA-029","4915-02-clusterCone","","clusterCone","P.clusterCone","P","当前效果 / 当前层 / 星","number","张角","每一簇星飞出去散开的锥的半角：簇里的星方向在这个锥里按立体角均匀分布（再加上「方向随机」）。","命名表说明（可能滞后）；当前条件/换算来自源码，冲突见覆盖报告","物理量","°","°","[0,90,0.5]","","8","P => isAir(P) || P.type === 'shikake'","P => isAir(P) && P.pattern === 'cluster'","[]","","[""type"",""pattern""]","同批星轨迹组：当前启用联动时同步组内层；我的效果显式建组/候选推断组。可暂时关闭；组本身不在参数撤销快照。","不走TIMING_KEYS通用时间联动","onParam：实时模拟更新，灰度烘焙按自动/手动模式处理","","","[]","","本字段无曲线控件","","参数 / 当前层 / 星 / 形状 / 张角 [clusterCone]","参数 / 当前层 / 星 / 形状 / 张角 [clusterCone]","参数 / 当前层 / 星 / 形状 / 张角 [clusterCone]","参数 / 当前层 / 星 / 空间与运动 / 张角 [clusterCone]","当前层 P；单层 wbSnap().P，多层 wbSnap().layers[i].P。保存/另存/切效果自动草稿及配方 JSON 保存完整快照。一次拖动/输入提交/选择为一步，全资产60步；输入框内快捷键留给文本撤销。切层/发射器不清历史，打开另一效果/版本重置。行/模块/发射器恢复到打开时与恢复模板默认不同。","tool/src/js/10_types.js:457","","tool/src/js/79_workbench.js:159; tool/src/js/79_undo.js:10","20_sim.js clusterDirs：cosθ 在 [cos 张角, 1] 均匀","4.9.15（对话框新花型，用户 10-06 15:35「用B」）加：只在「星的排布 = 分簇」时出现、起作用。原理 analysis/原理/多层花型库.md 1c。 4.9.16 上限 45 → 90（90 = 半球）。"
"SCHEMA-030","4919-00-clusterYaw","","clusterYaw","P.clusterYaw","P","当前效果 / 当前层 / 星","number","偏转","整套簇先绕竖直轴转多少度（从上往下看逆时针为正），再按「倾斜」绕水平轴、按「整套簇转角」绕看的方向转。三个一起，整套簇能摆到任意 3D 角度。","命名表说明（可能滞后）；当前条件/换算来自源码，冲突见覆盖报告","物理量","°","°","[-180,180,1]","","0","P => isAir(P) || P.type === 'shikake'","P => isAir(P) && P.pattern === 'cluster'","[]","","[""type"",""pattern""]","同批星轨迹组：当前启用联动时同步组内层；我的效果显式建组/候选推断组。可暂时关闭；组本身不在参数撤销快照。","不走TIMING_KEYS通用时间联动","onParam：实时模拟更新，灰度烘焙按自动/手动模式处理","","","[]","","本字段无曲线控件","","参数 / 当前层 / 星 / 形状 / 偏转 [clusterYaw]","参数 / 当前层 / 星 / 形状 / 偏转 [clusterYaw]","参数 / 当前层 / 星 / 形状 / 偏转 [clusterYaw]","参数 / 当前层 / 星 / 空间与运动 / 偏转 [clusterYaw]","当前层 P；单层 wbSnap().P，多层 wbSnap().layers[i].P。保存/另存/切效果自动草稿及配方 JSON 保存完整快照。一次拖动/输入提交/选择为一步，全资产60步；输入框内快捷键留给文本撤销。切层/发射器不清历史，打开另一效果/版本重置。行/模块/发射器恢复到打开时与恢复模板默认不同。","tool/src/js/10_types.js:458","","tool/src/js/79_workbench.js:159; tool/src/js/79_undo.js:10","20_sim.js clusterDirs：先绕 y 转，再倾斜（x）、转角（z）","4.9.19（对话框新花型，用户 10-06 20:04「加」）加：只在「星的排布 = 分簇」时出现、起作用；缺省 0 不进新代码。"
"SCHEMA-031","4916-00-clusterRoll","","clusterRoll","P.clusterRoll","P","当前效果 / 当前层 / 星","number","转角","「倾斜」以后，整套簇在画面里绕看的方向转多少度（逆时针为正）。看的方向固定（烘出来的面片是固定视角），所以要哪几簇朝上、朝两边，用它摆。","命名表说明（可能滞后）；当前条件/换算来自源码，冲突见覆盖报告","物理量","°","°","[-180,180,1]","","0","P => isAir(P) || P.type === 'shikake'","P => isAir(P) && P.pattern === 'cluster'","[]","","[""type"",""pattern""]","本字段不在LINK_KEYS轨迹同步列表；其他条件/默认联动另见本行","不走TIMING_KEYS通用时间联动","onParam：实时模拟更新，灰度烘焙按自动/手动模式处理","","","[]","","本字段无曲线控件","","参数 / 当前层 / 星 / 形状 / 转角 [clusterRoll]","参数 / 当前层 / 星 / 形状 / 转角 [clusterRoll]","参数 / 当前层 / 星 / 形状 / 转角 [clusterRoll]","参数 / 当前层 / 星 / 空间与运动 / 转角 [clusterRoll]","当前层 P；单层 wbSnap().P，多层 wbSnap().layers[i].P。保存/另存/切效果自动草稿及配方 JSON 保存完整快照。一次拖动/输入提交/选择为一步，全资产60步；输入框内快捷键留给文本撤销。切层/发射器不清历史，打开另一效果/版本重置。行/模块/发射器恢复到打开时与恢复模板默认不同。","tool/src/js/10_types.js:459","","tool/src/js/79_workbench.js:159; tool/src/js/79_undo.js:10","20_sim.js clusterDirs：倾斜后绕 z 轴转","4.9.16（对话框新花型，用户 10-06 17:57「可以加这个参数」）加：只在「星的排布 = 分簇」时出现、起作用。"
"SCHEMA-032","4917-00-clusterStarsJit","","clusterStarsJit","P.clusterStarsJit","P","当前效果 / 当前层 / 星","number","星数随机","各簇分到的星数不再一样多：每簇的份额 ×（1 ± 这个比例）随机（最少 5%），总星数不变。手工装药每一撮不一样多。","命名表说明（可能滞后）；当前条件/换算来自源码，冲突见覆盖报告","物理量","%","%","[0,100,1]","","0","P => isAir(P) || P.type === 'shikake'","P => isAir(P) && P.pattern === 'cluster'","[]","","[""type"",""pattern""]","同批星轨迹组：当前启用联动时同步组内层；我的效果显式建组/候选推断组。可暂时关闭；组本身不在参数撤销快照。","不走TIMING_KEYS通用时间联动","onParam：实时模拟更新，灰度烘焙按自动/手动模式处理","","clusterStars","[]","均匀：每簇份额 × (1 + 数值% × (2u − 1))，u 均匀 0–1，最少 5%，再按份额把总星数分下去；种子 = 随机种子","本字段无曲线控件","","参数 / 当前层 / 星 / 形状 / 星数随机 [clusterStarsJit]","参数 / 当前层 / 星 / 形状 / 星数随机 [clusterStarsJit]","参数 / 当前层 / 星 / 形状 / 星数随机 [clusterStarsJit]","参数 / 当前层 / 星 / 空间与运动 / 星数随机 [clusterStarsJit]","当前层 P；单层 wbSnap().P，多层 wbSnap().layers[i].P。保存/另存/切效果自动草稿及配方 JSON 保存完整快照。一次拖动/输入提交/选择为一步，全资产60步；输入框内快捷键留给文本撤销。切层/发射器不清历史，打开另一效果/版本重置。行/模块/发射器恢复到打开时与恢复模板默认不同。","tool/src/js/10_types.js:460","","tool/src/js/79_workbench.js:159; tool/src/js/79_undo.js:10","20_sim.js clusterDirs：份额最大余数法凑整，各簇轮流分配","4.9.17（对话框新花型，用户 10-06 19:27「按照你推荐的前两个继续迭代」）加：只在「星的排布 = 分簇」时出现、起作用；用自己的随机数（种子跟「随机种子」），0 = 不进新代码。"
"SCHEMA-033","4917-01-clusterDirJit","","clusterDirJit","P.clusterDirJit","P","当前效果 / 当前层 / 星","number","方向随机","每簇的中心方向在这个半角的锥里随机偏一点（按立体角均匀），整套不再完全对称。在倾斜、整套簇转角之后偏。","命名表说明（可能滞后）；当前条件/换算来自源码，冲突见覆盖报告","物理量","°","°","[0,30,0.5]","","0","P => isAir(P) || P.type === 'shikake'","P => isAir(P) && P.pattern === 'cluster'","[]","","[""type"",""pattern""]","同批星轨迹组：当前启用联动时同步组内层；我的效果显式建组/候选推断组。可暂时关闭；组本身不在参数撤销快照。","不走TIMING_KEYS通用时间联动","onParam：实时模拟更新，灰度烘焙按自动/手动模式处理","","clusterDir","[]","均匀（按立体角）：每簇中心方向在半角 = 数值° 的锥里取一个；种子 = 随机种子","本字段无曲线控件","","参数 / 当前层 / 星 / 形状 / 方向随机 [clusterDirJit]","参数 / 当前层 / 星 / 形状 / 方向随机 [clusterDirJit]","参数 / 当前层 / 星 / 形状 / 方向随机 [clusterDirJit]","参数 / 当前层 / 星 / 空间与运动 / 方向随机 [clusterDirJit]","当前层 P；单层 wbSnap().P，多层 wbSnap().layers[i].P。保存/另存/切效果自动草稿及配方 JSON 保存完整快照。一次拖动/输入提交/选择为一步，全资产60步；输入框内快捷键留给文本撤销。切层/发射器不清历史，打开另一效果/版本重置。行/模块/发射器恢复到打开时与恢复模板默认不同。","tool/src/js/10_types.js:461","","tool/src/js/79_workbench.js:159; tool/src/js/79_undo.js:10","20_sim.js clusterDirs：中心方向在半角锥里均匀取","4.9.17（对话框新花型，用户 10-06 19:27「按照你推荐的前两个继续迭代」）加：只在「星的排布 = 分簇」时出现、起作用；用自己的随机数（种子跟「随机种子」），0 = 不进新代码。"
"SCHEMA-034","016-pattern","","pattern","P.pattern","P","当前效果 / 当前层 / 星","select","灯芯图案","仕掛け花火（地面的框架烟火）里灯芯排成什么图案：环、心形、笑脸、五角星或文字。","命名表说明（可能滞后）；当前条件/换算来自源码，冲突见覆盖报告","物理量","选项","选项","","[[""ring"",""环""],[""heart"",""心形""],[""smile"",""笑脸""],[""star5"",""五角星""],[""text"",""文字""]]","sphere","P => isAir(P) || P.type === 'shikake'","P => P.type === 'shikake'","[]","","[""type""]","同批星轨迹组：当前启用联动时同步组内层；我的效果显式建组/候选推断组。可暂时关闭；组本身不在参数撤销快照。","不走TIMING_KEYS通用时间联动","onParam：实时模拟更新，灰度烘焙按自动/手动模式处理","","","[]","","本字段无曲线控件","","参数 / 当前层 / 星 / 形状 / 灯芯图案 [pattern]","参数 / 当前层 / 星 / 形状 / 灯芯图案 [pattern]","参数 / 当前层 / 星 / 形状 / 灯芯图案 [pattern]","参数 / 当前层 / 星 / 空间与运动 / 灯芯图案 [pattern]","当前层 P；单层 wbSnap().P，多层 wbSnap().layers[i].P。保存/另存/切效果自动草稿及配方 JSON 保存完整快照。一次拖动/输入提交/选择为一步，全资产60步；输入框内快捷键留给文本撤销。切层/发射器不清历史，打开另一效果/版本重置。行/模块/发射器恢复到打开时与恢复模板默认不同。","tool/src/js/10_types.js:451","","tool/src/js/79_workbench.js:159; tool/src/js/79_undo.js:10","40_gl.js:433-437 emitterSources：shapePoints(pattern, stars, text) × spacing/2，sphere / half / saturn 当 text；40_gl.js:288 VS_EHEAD 模式 0 画灯芯；10_types.js:311 只在 shikake 显示","只在仕掛け 花型出现。灯芯个数 = 星数，图案宽度、离地高度在地面一节里调。"
"SCHEMA-035","017-text","","text","P.text","P","当前效果 / 当前层 / 星","text","文字","图案选「文字」时要拼的字；按粗体字形均匀取点，每个点一颗星（仕掛け 是一根灯芯）。","命名表说明（可能滞后）；当前条件/换算来自源码，冲突见覆盖报告","引擎字段","选项","选项","","","祭","P => isAir(P) || P.type === 'shikake'","P => P.pattern === 'text'","[]","","[""type"",""pattern""]","本字段不在LINK_KEYS轨迹同步列表；其他条件/默认联动另见本行","不走TIMING_KEYS通用时间联动","onParam：实时模拟更新，灰度烘焙按自动/手动模式处理","","","[]","","本字段无曲线控件","","参数 / 当前层 / 星 / 形状 / 文字 [text]","参数 / 当前层 / 星 / 形状 / 文字 [text]","参数 / 当前层 / 星 / 形状 / 文字 [text]","参数 / 当前层 / 星 / 空间与运动 / 文字 [text]","当前层 P；单层 wbSnap().P，多层 wbSnap().layers[i].P。保存/另存/切效果自动草稿及配方 JSON 保存完整快照。一次拖动/输入提交/选择为一步，全资产60步；输入框内快捷键留给文本撤销。切层/发射器不清历史，打开另一效果/版本重置。行/模块/发射器恢复到打开时与恢复模板默认不同。","tool/src/js/10_types.js:463","","tool/src/js/79_workbench.js:159; tool/src/js/79_undo.js:10","20_sim.js:54-72 textPoints（900 粗体、512×256 画布、网格取点、随机删到 n 个、归一到半径 1）；10_types.js:312 只在 pattern = text 时显示","空着时用「祭」。点数 = 星数（字形里放不下那么多点时会更少）；所有字排成一行，太宽会自动缩小。"
"SCHEMA-036","018-tilt","","tilt","P.tilt","P","当前效果 / 当前层 / 星","number","倾斜","平面图案朝镜头倾斜多少度：环、土星的环绕水平轴往前倒，型物绕竖直轴转身。","命名表说明（可能滞后）；当前条件/换算来自源码，冲突见覆盖报告","物理量","°","°","[0,89,1]","","0","P => isAir(P) || P.type === 'shikake'","P => P.pattern !== 'sphere' && P.pattern !== 'half'","[]","","[""type"",""pattern""]","同批星轨迹组：当前启用联动时同步组内层；我的效果显式建组/候选推断组。可暂时关闭；组本身不在参数撤销快照。","不走TIMING_KEYS通用时间联动","onParam：实时模拟更新，灰度烘焙按自动/手动模式处理","","","[]","","本字段无曲线控件","","参数 / 当前层 / 星 / 形状 / 倾斜 [tilt]","参数 / 当前层 / 星 / 形状 / 倾斜 [tilt]","参数 / 当前层 / 星 / 形状 / 倾斜 [tilt]","参数 / 当前层 / 星 / 空间与运动 / 倾斜 [tilt]","当前层 P；单层 wbSnap().P，多层 wbSnap().layers[i].P。保存/另存/切效果自动草稿及配方 JSON 保存完整快照。一次拖动/输入提交/选择为一步，全资产60步；输入框内快捷键留给文本撤销。切层/发射器不清历史，打开另一效果/版本重置。行/模块/发射器恢复到打开时与恢复模板默认不同。","tool/src/js/10_types.js:464","","tool/src/js/79_workbench.js:159; tool/src/js/79_undo.js:10","20_sim.js:103 tl = tilt；106-110 环 / 土星 [x, y·cosθ, y·sinθ]，型物 [x·cosθ, y, x·sinθ]；10_types.js:313 显示条件","球、半球时不出现、不起作用；土星只倾斜环，中间的球不变。环 / 土星的环还会绕自身随机转一下（起点不同）。多层组合里「同一批星」的层（种子、星数、初速、终端速度相同）会联动，改一处几层一起变。"
"SCHEMA-037","019-ringFrac","","ringFrac","P.ringFrac","P","当前效果 / 当前层 / 星","number","环上星比例","土星图案里放在环上的星占总星数的比例，其余放在中间的球上。","命名表说明（可能滞后）；当前条件/换算来自源码，冲突见覆盖报告","物理量","1","1","[0.1,0.9,0.01]","","0.45","P => isAir(P) || P.type === 'shikake'","P => P.pattern === 'saturn'","[]","","[""type"",""pattern""]","同批星轨迹组：当前启用联动时同步组内层；我的效果显式建组/候选推断组。可暂时关闭；组本身不在参数撤销快照。","不走TIMING_KEYS通用时间联动","onParam：实时模拟更新，灰度烘焙按自动/手动模式处理","","","[]","","本字段无曲线控件","","参数 / 当前层 / 星 / 形状 / 环上星比例 [ringFrac]","参数 / 当前层 / 星 / 形状 / 环上星比例 [ringFrac]","参数 / 当前层 / 星 / 形状 / 环上星比例 [ringFrac]","参数 / 当前层 / 星 / 空间与运动 / 环上星比例 [ringFrac]","当前层 P；单层 wbSnap().P，多层 wbSnap().layers[i].P。保存/另存/切效果自动草稿及配方 JSON 保存完整快照。一次拖动/输入提交/选择为一步，全资产60步；输入框内快捷键留给文本撤销。切层/发射器不清历史，打开另一效果/版本重置。行/模块/发射器恢复到打开时与恢复模板默认不同。","tool/src/js/10_types.js:465","","tool/src/js/79_workbench.js:159; tool/src/js/79_undo.js:10","20_sim.js:118-120 nr = round(n × ringFrac)，环 planar 速度倍数 1.25、球 fibDirs 0.55","只在土星图案时出现。环的初速是初速 × 1.25、球是 × 0.55，所以环比球大一圈。多层组合里「同一批星」的层（种子、星数、初速、终端速度相同）会联动，改一处几层一起变。"
"SCHEMA-038","020-waterRefl","","waterRefl","P.waterRefl","P","当前效果 / 当前层 / 效果","number","水面倒影","把爆点高度当成水面（水中花火）：画出水下的倒影，数值是倒影亮度。","命名表说明（可能滞后）；当前条件/换算来自源码，冲突见覆盖报告","物理量","1","1","[0,1,0.01]","","0","P => isAir(P) || P.type === 'shikake'","P => familyOf(P.type) === 'aerial'","[]","","[""type""]","本字段不在LINK_KEYS轨迹同步列表；其他条件/默认联动另见本行","不走TIMING_KEYS通用时间联动","onParam：实时模拟更新，灰度烘焙按自动/手动模式处理","","","[]","","本字段无曲线控件","","参数 / 当前层 / 效果 / 场景 / 水面倒影 [waterRefl]","参数 / 当前层 / 效果 / 场景 / 水面倒影 [waterRefl]","参数 / 当前层 / 效果 / 场景 / 水面倒影 [waterRefl]","参数 / 当前层 / 效果 / 环境与运动 / 水面倒影 [waterRefl]","当前层 P；单层 wbSnap().P，多层 wbSnap().layers[i].P。保存/另存/切效果自动草稿及配方 JSON 保存完整快照。一次拖动/输入提交/选择为一步，全资产60步；输入框内快捷键留给文本撤销。切层/发射器不清历史，打开另一效果/版本重置。行/模块/发射器恢复到打开时与恢复模板默认不同。","tool/src/js/10_types.js:466","","tool/src/js/79_workbench.js:159; tool/src/js/79_undo.js:10","20_sim.js:318 water && y < 0 → 星熄灭 + 小闪光；368、377、391 倒影 × refl × exp(−y/400)、尺寸 ×1.3、ripple；40_gl.js:221-222、427 GPU 火花水下剔除 + 倒影；30_plan.js:46 取景往下扩","大于 0 时不只是倒影：往下飞的星一碰到水面（爆点高度）就熄灭并溅一下，水下的火花不画，空中开的球形花别开它。倒影随高度变暗（× e^(−高度/400 m)）、略放大、带波纹；常和「半球」一起用。"
"SCHEMA-039","021-wind","","wind","P.wind","P","当前效果 / 当前层 / 效果","number","风速","水平方向的风（米/秒，正 = 向右）：星和火花都被空气带着走。","命名表说明（可能滞后）；当前条件/换算来自源码，冲突见覆盖报告","物理量","m/s","m/s","[-15,15,0.1]","","0","P => !isGround(P) && isSeq(P)","无字段级条件","[]","","[]","同批星轨迹组：当前启用联动时同步组内层；我的效果显式建组/候选推断组。可暂时关闭；组本身不在参数撤销快照。","不走TIMING_KEYS通用时间联动","onParam：实时模拟更新，灰度烘焙按自动/手动模式处理","","","[]","","本字段无曲线控件","","参数 / 当前层 / 效果 / 环境 / 风速 [wind]","参数 / 当前层 / 效果 / 环境 / 风速 [wind]","参数 / 当前层 / 效果 / 环境 / 风速 [wind]","参数 / 当前层 / 效果 / 环境与运动 / 风速 [wind]","当前层 P；单层 wbSnap().P，多层 wbSnap().layers[i].P。保存/另存/切效果自动草稿及配方 JSON 保存完整快照。一次拖动/输入提交/选择为一步，全资产60步；输入框内快捷键留给文本撤销。切层/发射器不清历史，打开另一效果/版本重置。行/模块/发射器恢复到打开时与恢复模板默认不同。","tool/src/js/10_types.js:469","","tool/src/js/79_workbench.js:159; tool/src/js/79_undo.js:10","20_sim.js:235-238 air = wind + 湍流；250 星相对空气算阻力；290-302 火花存出生点气流、333 向它衰减；40_gl.js:146、186 GPU 同；65_cascade.js:150 txt；50_bake.js:484 单束烘焙 wind = 0 且 67_fwlcombo.js:40 无 X 分量","星按平方阻力跟风，火花按火花阻力跟风（火花只取出生那一刻发射点的风，之后不变）；只有水平方向。上升（曲导）也受影响。多层组合里「同一批星」的层（种子、星数、初速、终端速度相同）会联动，改一处几层一起变。"
"SCHEMA-040","022-turb","","turb","P.turb","P","当前效果 / 当前层 / 效果","number","湍流强度","空中乱流的速度（米/秒）：星和火花被吹得弯弯曲曲，花不再完美对称。","命名表说明（可能滞后）；当前条件/换算来自源码，冲突见覆盖报告","物理量","m/s","m/s","[0,12,0.1]","","0","P => !isGround(P) && isSeq(P)","无字段级条件","[]","","[]","同批星轨迹组：当前启用联动时同步组内层；我的效果显式建组/候选推断组。可暂时关闭；组本身不在参数撤销快照。","不走TIMING_KEYS通用时间联动","onParam：实时模拟更新，灰度烘焙按自动/手动模式处理","","","[]","","本字段无曲线控件","","参数 / 当前层 / 效果 / 环境 / 湍流强度 [turb]","参数 / 当前层 / 效果 / 环境 / 湍流强度 [turb]","参数 / 当前层 / 效果 / 环境 / 湍流强度 [turb]","参数 / 当前层 / 效果 / 环境与运动 / 湍流强度 [turb]","当前层 P；单层 wbSnap().P，多层 wbSnap().layers[i].P。保存/另存/切效果自动草稿及配方 JSON 保存完整快照。一次拖动/输入提交/选择为一步，全资产60步；输入框内快捷键留给文本撤销。切层/发射器不清历史，打开另一效果/版本重置。行/模块/发射器恢复到打开时与恢复模板默认不同。","tool/src/js/10_types.js:470","","tool/src/js/79_workbench.js:159; tool/src/js/79_undo.js:10","20_sim.js:28-40 turbModes / turbVel（流函数三个正弦模态，速度振幅合计 ≈ turb）；139 turb > 0 才启用；40_gl.js:146 airAt、394；65_cascade.js:133、151 Orbit","气流是画面平面里三层大小不同的旋涡叠加（不往镜头方向吹），随时间慢慢变，由种子决定；火花只取出生那一刻发射点的气流。旋涡多大看「湍流尺度」。多层组合里「同一批星」的层（种子、星数、初速、终端速度相同）会联动，改一处几层一起变。"
"SCHEMA-041","023-turbScale","","turbScale","P.turbScale","P","当前效果 / 当前层 / 效果","number","湍流尺度","乱流旋涡有多大（米）：最大一层是这个尺寸，另两层约是它的 1/2 和 1/3。","命名表说明（可能滞后）；当前条件/换算来自源码，冲突见覆盖报告","物理量","m","m","[5,300,1]","","60","P => !isGround(P) && isSeq(P)","无字段级条件","[{""when"":""P => !(+P.turb > 0)"",""reason"":""「湍流强度」是 0 时不起作用""}]","","[""turb""]","同批星轨迹组：当前启用联动时同步组内层；我的效果显式建组/候选推断组。可暂时关闭；组本身不在参数撤销快照。","不走TIMING_KEYS通用时间联动","onParam：实时模拟更新，灰度烘焙按自动/手动模式处理","","","[]","","本字段无曲线控件","","参数 / 当前层 / 效果 / 环境 / 湍流尺度 [turbScale]","参数 / 当前层 / 效果 / 环境 / 湍流尺度 [turbScale]","参数 / 当前层 / 效果 / 环境 / 湍流尺度 [turbScale]","参数 / 当前层 / 效果 / 环境与运动 / 湍流尺度 [turbScale]","当前层 P；单层 wbSnap().P，多层 wbSnap().layers[i].P。保存/另存/切效果自动草稿及配方 JSON 保存完整快照。一次拖动/输入提交/选择为一步，全资产60步；输入框内快捷键留给文本撤销。切层/发射器不清历史，打开另一效果/版本重置。行/模块/发射器恢复到打开时与恢复模板默认不同。","tool/src/js/10_types.js:471","","tool/src/js/79_workbench.js:159; tool/src/js/79_undo.js:10","20_sim.js:31 k = 2π / turbScale × [1, 1.83, 3.1]，32 时间频率 ∝ k；139 turb = 0 时整个湍流不建","湍流强度 = 0 时不起作用（面板上仍然显示）。多层组合里「同一批星」的层（种子、星数、初速、终端速度相同）会联动，改一处几层一起变。"
"SCHEMA-042","024-tailDiffuse","","tailDiffuse","P.tailDiffuse","P","当前效果 / 当前层 / 火花","number","扩散","火花停下后仍被空气扰流带着走，越老漂得越远，尾迹下段慢慢松散；数值是扰流速度。","命名表说明（可能滞后）；当前条件/换算来自源码，冲突见覆盖报告","物理量","m/s","m/s","[0,4,0.05]","","0","P => !isGround(P) && isSeq(P)","P => familyOf(P.type) === 'aerial'","[{""when"":""P => !isCarrierType(P) && !(+P.sparkRate > 0)"",""reason"":""「火花生成率」是 0（这一层没有火花）时不起作用""},{""when"":""P => isCarrierType(P) && !(+P.carrierTail > 0) && !(+P.subTail > 0)"",""reason"":""「子弹火花率」「子星火花率」都是 0（这一层没有火花）时不起作用""}]","","[""type"",""sparkRate"",""carrierTail"",""subTail""]","同批星轨迹组：当前启用联动时同步组内层；我的效果显式建组/候选推断组。可暂时关闭；组本身不在参数撤销快照。","不走TIMING_KEYS通用时间联动","onParam：实时模拟更新，灰度烘焙按自动/手动模式处理","","","[]","","本字段无曲线控件","","参数 / 当前层 / 火花 / 受力 / 扩散 [tailDiffuse]","参数 / 当前层 / 火花 / 受力 / 扩散 [tailDiffuse]","参数 / 当前层 / 火花 / 受力 / 扩散 [tailDiffuse]","参数 / 当前层 / 火花 / 空间与运动 / 扩散 [tailDiffuse]","当前层 P；单层 wbSnap().P，多层 wbSnap().layers[i].P。保存/另存/切效果自动草稿及配方 JSON 保存完整快照。一次拖动/输入提交/选择为一步，全资产60步；输入框内快捷键留给文本撤销。切层/发射器不清历史，打开另一效果/版本重置。行/模块/发射器恢复到打开时与恢复模板默认不同。","tool/src/js/10_types.js:472","","tool/src/js/79_workbench.js:159; tool/src/js/79_undo.js:10","40_gl.js:211-215 Tl = 尺度/速度、位移 = U·Tl·x/√(1+x)、方向 curl2 + 0.45×正态，×W；419 只给 aerial；20_sim.js 的 CPU 火花没有这一项","只在 GPU 模拟内核（默认）里有，切到 CPU 内核不起作用。位移：刚出生 ≈ 速度 × 年龄，老了 ≈ √(速度 × 尺度 × 年龄)；方向 = 平滑旋涡 + 每粒火花一点随机，再乘尾迹粗细。多层组合里「同一批星」的层（种子、星数、初速、终端速度相同）会联动，改一处几层一起变。"
"SCHEMA-043","025-tailDiffuseScale","","tailDiffuseScale","P.tailDiffuseScale","P","当前效果 / 当前层 / 火花","number","扩散尺度","尾迹扩散里空气扰流旋涡的大小（米）。","命名表说明（可能滞后）；当前条件/换算来自源码，冲突见覆盖报告","物理量","m","m","[2,120,1]","","20","P => !isGround(P) && isSeq(P)","P => isAir(P) && +P.tailDiffuse > 0","[{""when"":""P => !isCarrierType(P) && !(+P.sparkRate > 0)"",""reason"":""「火花生成率」是 0（这一层没有火花）时不起作用""},{""when"":""P => isCarrierType(P) && !(+P.carrierTail > 0) && !(+P.subTail > 0)"",""reason"":""「子弹火花率」「子星火花率」都是 0（这一层没有火花）时不起作用""}]","","[""tailDiffuse"",""sparkRate"",""carrierTail"",""subTail""]","同批星轨迹组：当前启用联动时同步组内层；我的效果显式建组/候选推断组。可暂时关闭；组本身不在参数撤销快照。","不走TIMING_KEYS通用时间联动","onParam：实时模拟更新，灰度烘焙按自动/手动模式处理","","","[]","","本字段无曲线控件","","参数 / 当前层 / 火花 / 受力 / 扩散尺度 [tailDiffuseScale]","参数 / 当前层 / 火花 / 受力 / 扩散尺度 [tailDiffuseScale]","参数 / 当前层 / 火花 / 受力 / 扩散尺度 [tailDiffuseScale]","参数 / 当前层 / 火花 / 空间与运动 / 扩散尺度 [tailDiffuseScale]","当前层 P；单层 wbSnap().P，多层 wbSnap().layers[i].P。保存/另存/切效果自动草稿及配方 JSON 保存完整快照。一次拖动/输入提交/选择为一步，全资产60步；输入框内快捷键留给文本撤销。切层/发射器不清历史，打开另一效果/版本重置。行/模块/发射器恢复到打开时与恢复模板默认不同。","tool/src/js/10_types.js:473","","tool/src/js/79_workbench.js:159; tool/src/js/79_undo.js:10","40_gl.js:214-215 curl2(sp / uDifL)、Tl = uDifL / uDif；10_types.js:322 显示条件 tailDiffuse > 0","「尾迹扩散」> 0 时才出现、才起作用；只在 GPU 内核里有。多层组合里「同一批星」的层（种子、星数、初速、终端速度相同）会联动，改一处几层一起变。"
"SCHEMA-044","026-massLoss","","massLoss","P.massLoss","P","当前效果 / 当前层 / 星","number","燃烧减质量","星越烧越小、越容易被空气拖慢：数值是烧完时星半径缩小的比例，后段减速、下垂更明显。","命名表说明（可能滞后）；当前条件/换算来自源码，冲突见覆盖报告","物理量","1","1","[0,0.9,0.01]","","0","P => !isGround(P) && isSeq(P)","P => familyOf(P.type) === 'aerial'","[]","","[""type""]","同批星轨迹组：当前启用联动时同步组内层；我的效果显式建组/候选推断组。可暂时关闭；组本身不在参数撤销快照。","不走TIMING_KEYS通用时间联动","onParam：实时模拟更新，灰度烘焙按自动/手动模式处理","","","[]","","本字段无曲线控件","","参数 / 当前层 / 星 / 受力 / 燃烧减质量 [massLoss]","参数 / 当前层 / 星 / 受力 / 燃烧减质量 [massLoss]","参数 / 当前层 / 星 / 受力 / 燃烧减质量 [massLoss]","参数 / 当前层 / 星 / 空间与运动 / 燃烧减质量 [massLoss]","当前层 P；单层 wbSnap().P，多层 wbSnap().layers[i].P。保存/另存/切效果自动草稿及配方 JSON 保存完整快照。一次拖动/输入提交/选择为一步，全资产60步；输入框内快捷键留给文本撤销。切层/发射器不清历史，打开另一效果/版本重置。行/模块/发射器恢复到打开时与恢复模板默认不同。","tool/src/js/10_types.js:474","","tool/src/js/79_workbench.js:159; tool/src/js/79_undo.js:10","20_sim.js:251-252 c /= max(0.15, 1 − massLoss × 燃烧进度)，注释「星体半径随燃烧线性变小，阻力系数 ∝ 1/半径」（数值是半径比例，不是质量比例）","阻力按燃烧进度线性放大到 1/(1 − 数值) 倍：0.3 → 烧完时阻力 × 1.43（相当于终端速度 × 0.84），0.9 → × 6.7（上限）。第二段期间保持主段结束时的值；上升弹体不受影响。多层组合里「同一批星」的层（种子、星数、初速、终端速度相同）会联动，改一处几层一起变。"
"SCHEMA-045","027-shellVx","","shellVx","P.shellVx","P","当前效果 / 当前层 / 效果","number","水平速度","开花时玉（礼花弹）本身还在水平移动的速度，加到每颗星上（米/秒，正 = 向右）。","命名表说明（可能滞后）；当前条件/换算来自源码，冲突见覆盖报告","物理量","m/s","m/s","[-30,30,0.5]","","0","P => !isGround(P) && isSeq(P)","P => familyOf(P.type) === 'aerial'","[]","","[""type""]","同批星轨迹组：当前启用联动时同步组内层；我的效果显式建组/候选推断组。可暂时关闭；组本身不在参数撤销快照。","不走TIMING_KEYS通用时间联动","onParam：实时模拟更新，灰度烘焙按自动/手动模式处理","","","[]","","本字段无曲线控件","","参数 / 当前层 / 效果 / 玉体 / 水平速度 [shellVx]","参数 / 当前层 / 效果 / 玉体 / 水平速度 [shellVx]","参数 / 当前层 / 效果 / 玉体 / 水平速度 [shellVx]","参数 / 当前层 / 效果 / 环境与运动 / 水平速度 [shellVx]","当前层 P；单层 wbSnap().P，多层 wbSnap().layers[i].P。保存/另存/切效果自动草稿及配方 JSON 保存完整快照。一次拖动/输入提交/选择为一步，全资产60步；输入框内快捷键留给文本撤销。切层/发射器不清历史，打开另一效果/版本重置。行/模块/发射器恢复到打开时与恢复模板默认不同。","tool/src/js/10_types.js:475","","tool/src/js/79_workbench.js:159; tool/src/js/79_undo.js:10","20_sim.js:155 vx = d·s + shellVx；67_fwlcombo.js:124 vel = 亮起时的平均速度","平方阻力下不是整体平移：顺着这个方向的星更快、减速也更多，花会有点偏心。多层组合里「同一批星」的层（种子、星数、初速、终端速度相同）会联动，改一处几层一起变。"
"SCHEMA-046","028-shellVy","","shellVy","P.shellVy","P","当前效果 / 当前层 / 效果","number","竖直速度","开花时玉还在上升（正）或已经下落（负）的速度，加到每颗星上（米/秒）。","命名表说明（可能滞后）；当前条件/换算来自源码，冲突见覆盖报告","物理量","m/s","m/s","[-30,30,0.5]","","0","P => !isGround(P) && isSeq(P)","P => familyOf(P.type) === 'aerial'","[]","","[""type""]","同批星轨迹组：当前启用联动时同步组内层；我的效果显式建组/候选推断组。可暂时关闭；组本身不在参数撤销快照。","不走TIMING_KEYS通用时间联动","onParam：实时模拟更新，灰度烘焙按自动/手动模式处理","","","[]","","本字段无曲线控件","","参数 / 当前层 / 效果 / 玉体 / 竖直速度 [shellVy]","参数 / 当前层 / 效果 / 玉体 / 竖直速度 [shellVy]","参数 / 当前层 / 效果 / 玉体 / 竖直速度 [shellVy]","参数 / 当前层 / 效果 / 环境与运动 / 竖直速度 [shellVy]","当前层 P；单层 wbSnap().P，多层 wbSnap().layers[i].P。保存/另存/切效果自动草稿及配方 JSON 保存完整快照。一次拖动/输入提交/选择为一步，全资产60步；输入框内快捷键留给文本撤销。切层/发射器不清历史，打开另一效果/版本重置。行/模块/发射器恢复到打开时与恢复模板默认不同。","tool/src/js/10_types.js:476","","tool/src/js/79_workbench.js:159; tool/src/js/79_undo.js:10","20_sim.js:155 vy = d·s + shellVy；67_fwlcombo.js:124 vel","小号数常在玉还上升时开花。平方阻力下上下不对称。多层组合里「同一批星」的层（种子、星数、初速、终端速度相同）会联动，改一处几层一起变。"
"SCHEMA-047","029-shellSpin","","shellSpin","P.shellSpin","P","当前效果 / 当前层 / 效果","number","自旋","开花时玉自己绕一根随机轴旋转的角速度（弧度/秒），给每颗星加一点切向速度。","命名表说明（可能滞后）；当前条件/换算来自源码，冲突见覆盖报告","物理量","rad/s","rad/s","[0,80,0.5]","","0","P => !isGround(P) && isSeq(P)","P => familyOf(P.type) === 'aerial'","[]","","[""type""]","同批星轨迹组：当前启用联动时同步组内层；我的效果显式建组/候选推断组。可暂时关闭；组本身不在参数撤销快照。","不走TIMING_KEYS通用时间联动","onParam：实时模拟更新，灰度烘焙按自动/手动模式处理","","","[]","","本字段无曲线控件","","参数 / 当前层 / 效果 / 玉体 / 自旋 [shellSpin]","参数 / 当前层 / 效果 / 玉体 / 自旋 [shellSpin]","参数 / 当前层 / 效果 / 玉体 / 自旋 [shellSpin]","参数 / 当前层 / 效果 / 环境与运动 / 自旋 [shellSpin]","当前层 P；单层 wbSnap().P，多层 wbSnap().layers[i].P。保存/另存/切效果自动草稿及配方 JSON 保存完整快照。一次拖动/输入提交/选择为一步，全资产60步；输入框内快捷键留给文本撤销。切层/发射器不清历史，打开另一效果/版本重置。行/模块/发射器恢复到打开时与恢复模板默认不同。","tool/src/js/10_types.js:477","","tool/src/js/79_workbench.js:159; tool/src/js/79_undo.js:10","20_sim.js:147-148 轴 randUnit(rng)、rs = 0.015 × (shellNo || 5)；156 v += ω·rs·(轴 × 方向)；只在开花时加一次初速，不是持续的力（STYLE 表把它列在「受力」，这里按代码放「初速」）","切向速度 = 角速度 × 玉半径（号数 × 1.5 cm，手动时按 5 号 = 7.5 cm）：5 号开到 80 也只有 6 m/s，比初速小很多，通常很难看出；号数大、初速小时才明显。只在开花那一刻加，旋转轴由种子决定。多层组合里「同一批星」的层（种子、星数、初速、终端速度相同）会联动，改一处几层一起变。"
"SCHEMA-048","033-ignDelay","","ignDelay","P.ignDelay","P","当前效果 / 当前层 / 星","number","点火延迟","时差星：开花后星先暗着飞，过这么多秒才点燃发光、出火花（从开花算）","命名表说明（可能滞后）；当前条件/换算来自源码，冲突见覆盖报告","物理量","s","s","[0,10,0.01]","","0","P => familyOf(P.type) === 'aerial'","无字段级条件","[{""when"":""P => isCarrierType(P)"",""reason"":""千轮 / 分裂的星是子弹：子弹飞多久看「子花开花时刻」，子星看「子花 › 燃烧时间」；这一项对它们不起作用""}]","","[""type""]","本字段不在LINK_KEYS轨迹同步列表；其他条件/默认联动另见本行","setTimingParam→timingEdit：空中层依先后关系推移相关时间、时长/入点；可关followOff；同一时刻关联层可粘连（glueOff另控）；具体变动以提示为准。非空中仅直接改值。","onParam：实时模拟更新，灰度烘焙按自动/手动模式处理","","","[""ignJit""]","","本字段无曲线控件","","参数 / 当前层 / 星 / 生成 / 点火延迟 [ignDelay]","参数 / 当前层 / 星 / 生成 / 点火延迟 [ignDelay]","参数 / 当前层 / 星 / 生成 / 点火延迟 [ignDelay]","参数 / 当前层 / 星 / 时序与数量 / 点火延迟 [ignDelay]","当前层 P；单层 wbSnap().P，多层 wbSnap().layers[i].P。保存/另存/切效果自动草稿及配方 JSON 保存完整快照。一次拖动/输入提交/选择为一步，全资产60步；输入框内快捷键留给文本撤销。切层/发射器不清历史，打开另一效果/版本重置。行/模块/发射器恢复到打开时与恢复模板默认不同。","tool/src/js/10_types.js:480","","tool/src/js/79_workbench.js:159; tool/src/js/79_undo.js:10","20_sim.js:161 st.ign = max(0, ignDelay×(1 ± ignJit%))，并 st.burn += st.ign（只对非子弹）；20_sim.js:339-341 headI 在 a = age − ign < 0 时为 0，点燃后 0.05 s 爬升；20_sim.js:285 火花 s.age >= s.ign 才发；40_gl.js:378 GPU 火花 born = birth + ign；67_fwlcombo.js:103-106 光点按亮起时刻分批；50_bake.js:133 单束时长含 ignDelay","寿命从点燃那一刻算（星总寿命 = 点火延迟 + 寿命）；火花开始 / 停止、燃烧减质量、前段压暗、点灭开始也都从点燃算；千轮 / 分裂里不起作用（子弹、子星都不延时）"
"SCHEMA-049","034-ignJit","","ignJit","P.ignJit","P","当前效果 / 当前层 / 星","number","点火延迟随机","每颗星点火时刻前后错开多少，让星不同时亮起（时差星一颗颗冒出来）","命名表说明（可能滞后）；当前条件/换算来自源码，冲突见覆盖报告","物理量","%","%","[0,100,1]","","10","P => familyOf(P.type) === 'aerial'","无字段级条件","[{""when"":""P => !(+P.ignDelay > 0) && !isCarrierType(P)"",""reason"":""「点火延迟」是 0 时不起作用（随机的是点火延迟的长短）""},{""when"":""P => isCarrierType(P)"",""reason"":""千轮 / 分裂的星是子弹：子弹飞多久看「子花开花时刻」，子星看「子花 › 燃烧时间」；这一项对它们不起作用""}]","","[""type"",""ignDelay""]","本字段不在LINK_KEYS轨迹同步列表；其他条件/默认联动另见本行","不走TIMING_KEYS通用时间联动","onParam：实时模拟更新，灰度烘焙按自动/手动模式处理","","ignDelay","[]","均匀 ±（不是正态）；每颗星一个；实际延时 = 点火延迟 × (1 ± 这个百分比)，最小 0。默认 10% → 每颗星在 0.9–1.1 倍之间平均分布；时差预设 1.1 s × (1 ± 55%) ≈ 0.5–1.7 s","本字段无曲线控件","","参数 / 当前层 / 星 / 生成 / 点火延迟随机 [ignJit]","参数 / 当前层 / 星 / 生成 / 点火延迟 / 随机 / 点火延迟随机 [ignJit]","参数 / 当前层 / 星 / 生成 / 点火延迟 / 随机 / 点火延迟随机 [ignJit]","参数 / 当前层 / 星 / 时序与数量 / 点火延迟 / 随机 / 点火延迟随机 [ignJit]","当前层 P；单层 wbSnap().P，多层 wbSnap().layers[i].P。保存/另存/切效果自动草稿及配方 JSON 保存完整快照。一次拖动/输入提交/选择为一步，全资产60步；输入框内快捷键留给文本撤销。切层/发射器不清历史，打开另一效果/版本重置。行/模块/发射器恢复到打开时与恢复模板默认不同。","tool/src/js/10_types.js:481","","tool/src/js/79_workbench.js:159; tool/src/js/79_undo.js:10","20_sim.js:161 ignDelay × (1 + ignJit/100 × (2u − 1))，u = starHash(id, seed, 13)（4.0 且 ignSeed = 0）或 ignRng.u()，均匀；10_types.js:330 没有显示条件","点火延迟 = 0 时不起作用（但这一项不管点火延迟都会显示）；4.0 下每颗星的随机数固定，改星数不会把别的星重新洗牌；点火随机种子 ≠ 0 时改用那组随机数"
"SCHEMA-050","035-ignSeed","","ignSeed","P.ignSeed","P","当前效果 / 当前层 / 星","number","点火随机种子","点火先后顺序用哪组随机数：0 = 跟本层种子走；非 0 = 用这个数单独决定","命名表说明（可能滞后）；当前条件/换算来自源码，冲突见覆盖报告","引擎字段","1（无量纲）","1（无量纲）","[0,999,1]","","0","P => familyOf(P.type) === 'aerial'","P => P.ignDelay > 0","[{""when"":""P => !(+P.ignDelay > 0) && !isCarrierType(P)"",""reason"":""「点火延迟」是 0 时不起作用（随机的是点火延迟的长短）""},{""when"":""P => isCarrierType(P)"",""reason"":""千轮 / 分裂的星是子弹：子弹飞多久看「子花开花时刻」，子星看「子花 › 燃烧时间」；这一项对它们不起作用""}]","","[""type"",""ignDelay""]","本字段不在LINK_KEYS轨迹同步列表；其他条件/默认联动另见本行","不走TIMING_KEYS通用时间联动","onParam：实时模拟更新，灰度烘焙按自动/手动模式处理","","","[]","不是随机量本身，是「点火延迟随机」用的种子；非 0 时，用同一个数的几层星按星号得到同一组点火时刻（与本层种子无关）","本字段无曲线控件","","参数 / 当前层 / 星 / 生成 / 点火随机种子 [ignSeed]","参数 / 当前层 / 星 / 生成 / 点火随机种子 [ignSeed]","参数 / 当前层 / 星 / 生成 / 点火随机种子 [ignSeed]","参数 / 当前层 / 星 / 时序与数量 / 点火随机种子 [ignSeed]","当前层 P；单层 wbSnap().P，多层 wbSnap().layers[i].P。保存/另存/切效果自动草稿及配方 JSON 保存完整快照。一次拖动/输入提交/选择为一步，全资产60步；输入框内快捷键留给文本撤销。切层/发射器不清历史，打开另一效果/版本重置。行/模块/发射器恢复到打开时与恢复模板默认不同。","tool/src/js/10_types.js:482","","tool/src/js/79_workbench.js:159; tool/src/js/79_undo.js:10","20_sim.js:150 ignRng = ignSeed ? new RNG(ignSeed) : this.rng；20_sim.js:161 4.0 且 ignSeed = 0 用 starHash(id, seed, 13)（不消耗主随机序列），ignSeed ≠ 0 用 ignRng.u() 按星的顺序取；3.7（renderVer < 40）且 ignSeed = 0 时 ignRng 就是主序列，会打乱后面星的初速","点火延迟 > 0 才显示；点火延迟随机 = 0 时不起作用；设 0 也不会打乱星位（每颗星的点火随机按自己的编号算）。"
"SCHEMA-051","036-keepFrac","","keepFrac","P.keepFrac","P","当前效果 / 当前层 / 星","number","发光星比例","只让这一比例的星发光、出火花，其余照样飞但看不见；和同种子的另一层拼成混装星","命名表说明（可能滞后）；当前条件/换算来自源码，冲突见覆盖报告","物理量","×","×","[0.02,1,0.01]","","1","P => familyOf(P.type) === 'aerial'","无字段级条件","[]","","[""type""]","本字段不在LINK_KEYS轨迹同步列表；其他条件/默认联动另见本行","不走TIMING_KEYS通用时间联动","onParam：实时模拟更新，灰度烘焙按自动/手动模式处理","","","[]","每颗星一个固定的 0–1 均匀随机数（由星号 + 种子决定），小于这个比例的星发光；同种子、同星号每次挑中的是同一批星","本字段无曲线控件","","参数 / 当前层 / 星 / 生成 / 发光星比例 [keepFrac]","参数 / 当前层 / 星 / 生成 / 发光星比例 [keepFrac]","参数 / 当前层 / 星 / 生成 / 发光星比例 [keepFrac]","参数 / 当前层 / 星 / 时序与数量 / 发光星比例 [keepFrac]","当前层 P；单层 wbSnap().P，多层 wbSnap().layers[i].P。保存/另存/切效果自动草稿及配方 JSON 保存完整快照。一次拖动/输入提交/选择为一步，全资产60步；输入框内快捷键留给文本撤销。切层/发射器不清历史，打开另一效果/版本重置。行/模块/发射器恢复到打开时与恢复模板默认不同。","tool/src/js/10_types.js:483","","tool/src/js/79_workbench.js:159; tool/src/js/79_undo.js:10","20_sim.js:182 mk() 里 starHash(id, seed, 5) >= keepFrac → s.dark、s.rate = 0（子弹 kind 1、上升 kind 5 除外）；20_sim.js:340 headI 对 dark 返回 0；20_sim.js:324 星烧完触发爆裂时不看 dark；67_fwlcombo.js:111 光点数 = 星数 × keepFrac","子弹（千轮 / 分裂里还在飞的子弹）不受影响，子星受影响；要和另一层对位，两层的种子、星数、初速、终端速度等轨迹参数要一样；被藏起来的星烧完时仍会爆裂（爆裂数量 > 0 时）"
"SCHEMA-052","037-afterBurn","","afterBurn","P.afterBurn","P","当前效果 / 当前层 / 星","number","第二段燃烧时间","分层星内层：主段星头不亮，主段烧完后接着亮这么多秒（如红点灭余烬）；0 = 关","命名表说明（可能滞后）；当前条件/换算来自源码，冲突见覆盖报告","物理量","s","s","[0,8,0.05]","","0","P => familyOf(P.type) === 'aerial'","无字段级条件","[{""when"":""P => isCarrierType(P)"",""reason"":""千轮 / 分裂的星是子弹：子弹飞多久看「子花开花时刻」，子星看「子花 › 燃烧时间」；这一项对它们不起作用""}]","","[""type""]","本字段不在LINK_KEYS轨迹同步列表；其他条件/默认联动另见本行","setTimingParam→timingEdit：空中层依先后关系推移相关时间、时长/入点；可关followOff；同一时刻关联层可粘连（glueOff另控）；具体变动以提示为准。非空中仅直接改值。","onParam：实时模拟更新，灰度烘焙按自动/手动模式处理","","","[""afterJit""]","","本字段无曲线控件","","参数 / 当前层 / 星 / 寿命 / 第二段燃烧时间 [afterBurn]","参数 / 当前层 / 星 / 寿命 / 第二段燃烧时间 [afterBurn]","参数 / 当前层 / 星 / 寿命 / 第二段燃烧时间 [afterBurn]","参数 / 当前层 / 星 / 时序与数量 / 第二段燃烧时间 [afterBurn]","当前层 P；单层 wbSnap().P，多层 wbSnap().layers[i].P。保存/另存/切效果自动草稿及配方 JSON 保存完整快照。一次拖动/输入提交/选择为一步，全资产60步；输入框内快捷键留给文本撤销。切层/发射器不清历史，打开另一效果/版本重置。行/模块/发射器恢复到打开时与恢复模板默认不同。","tool/src/js/10_types.js:484","","tool/src/js/79_workbench.js:159; tool/src/js/79_undo.js:10","20_sim.js:163 st.st1 = st.burn（含延时），st.burn += afterBurn × max(0.2, 1 ± afterJit%)；20_sim.js:339 headI 以 st1 为起点；20_sim.js:285 / 40_gl.js:378-379 火花的出生 / 停止不看 st1（两段都出）；20_sim.js:252 燃烧减质量用 mref（主段）；50_bake.js:133 unitDuration 不含 afterBurn","第二段从「点火延迟 + 寿命」结束时算起；渐隐、熄灭前闪亮、点灭开始、前段压暗都改按第二段计时；火花不分段：火花生成率 > 0 时主段、第二段都出火花（这一层通常把火花关掉）；燃烧减质量只按主段算；千轮 / 分裂里不起作用；单束（unit）序列的时长没算第二段，第二段长时会被截掉"
"SCHEMA-053","038-afterJit","","afterJit","P.afterJit","P","当前效果 / 当前层 / 星","number","第二段随机","每颗星第二段长短不一，让余烬错落熄灭（消え口：熄灭时刻的参差）","命名表说明（可能滞后）；当前条件/换算来自源码，冲突见覆盖报告","物理量","%","%","[0,60,1]","","15","P => familyOf(P.type) === 'aerial'","P => P.afterBurn > 0","[{""when"":""P => isCarrierType(P)"",""reason"":""千轮 / 分裂的星是子弹：子弹飞多久看「子花开花时刻」，子星看「子花 › 燃烧时间」；这一项对它们不起作用""}]","","[""type"",""afterBurn""]","本字段不在LINK_KEYS轨迹同步列表；其他条件/默认联动另见本行","不走TIMING_KEYS通用时间联动","onParam：实时模拟更新，灰度烘焙按自动/手动模式处理","","afterBurn","[]","均匀 ±（不是正态）；每颗星一个固定随机数；第二段时长 × (1 ± 这个百分比)，最少 0.2 倍。默认 15% → 每颗星在 0.85–1.15 倍之间平均分布","本字段无曲线控件","","参数 / 当前层 / 星 / 寿命 / 第二段随机 [afterJit]","参数 / 当前层 / 星 / 寿命 / 第二段燃烧时间 / 随机 / 第二段随机 [afterJit]","参数 / 当前层 / 星 / 寿命 / 第二段燃烧时间 / 随机 / 第二段随机 [afterJit]","参数 / 当前层 / 星 / 时序与数量 / 第二段燃烧时间 / 随机 / 第二段随机 [afterJit]","当前层 P；单层 wbSnap().P，多层 wbSnap().layers[i].P。保存/另存/切效果自动草稿及配方 JSON 保存完整快照。一次拖动/输入提交/选择为一步，全资产60步；输入框内快捷键留给文本撤销。切层/发射器不清历史，打开另一效果/版本重置。行/模块/发射器恢复到打开时与恢复模板默认不同。","tool/src/js/10_types.js:485","","tool/src/js/79_workbench.js:159; tool/src/js/79_undo.js:10","20_sim.js:163 afterBurn × max(0.2, 1 + afterJit/100 × (2·starHash(id, seed, 11) − 1))，均匀","第二段时长 > 0 才显示"
"SCHEMA-054","039-headDim","","headDim","P.headDim","P","当前效果 / 当前层 / 星","number","前段亮度","分层星：外层先烧，那段时间星头暗、主要看到火花尾迹；到「前段结束」以后才亮成正常的星头。这里是前段星头亮度的倍数（1 = 不压暗）。","命名表说明（可能滞后）；当前条件/换算来自源码，冲突见覆盖报告","物理量","×","×","[0,1,0.01]","","1","P => familyOf(P.type) === 'aerial'","无字段级条件","[{""when"":""P => +P.headDim < 1 && !(+P.headDimUntil > 0)"",""reason"":""「前段结束」是 0 时不起作用：先设前段到第几秒结束""},{""when"":""P => !(+P.headBright > 0)"",""reason"":""「星头亮度」是 0（星头不发光，只有尾迹 / 火花）时不起作用""}]","","[""type"",""headDim"",""headDimUntil"",""headBright""]","本字段不在LINK_KEYS轨迹同步列表；其他条件/默认联动另见本行","不走TIMING_KEYS通用时间联动","onParam：实时模拟更新，灰度烘焙按自动/手动模式处理","","","[]","","本字段无曲线控件","","参数 / 当前层 / 星 / 亮度 / 前段亮度 [headDim]","参数 / 当前层 / 星 / 亮度 / 前段亮度 [headDim]","参数 / 当前层 / 星 / 亮度 / 前段亮度 [headDim]","参数 / 当前层 / 星 / 外观与颜色 / 前段亮度 [headDim]","当前层 P；单层 wbSnap().P，多层 wbSnap().layers[i].P。保存/另存/切效果自动草稿及配方 JSON 保存完整快照。一次拖动/输入提交/选择为一步，全资产60步；输入框内快捷键留给文本撤销。切层/发射器不清历史，打开另一效果/版本重置。行/模块/发射器恢复到打开时与恢复模板默认不同。","tool/src/js/10_types.js:486","","tool/src/js/79_workbench.js:159; tool/src/js/79_undo.js:10","20_sim.js:351 headDim < 1 且 headDimUntil > 0 且 kind ≠ 1/5 时 st *= headDim + (1 − headDim)·smoothstep((a − headDimUntil + 0.25)/0.25)","要「前段结束」> 0 才起作用（为 0 时这里 < 1 也不压暗）；子弹不受影响；常和「火花停止时刻」一起用（引先菊：前段金尾，之后星头转色、尾迹停）"
"SCHEMA-055","040-headDimUntil","","headDimUntil","P.headDimUntil","P","当前效果 / 当前层 / 星","number","前段结束","前段（星头暗的那段）到第几秒结束（从点火算），之后 0.25 秒内亮到正常的「星头亮度」。","命名表说明（可能滞后）；当前条件/换算来自源码，冲突见覆盖报告","物理量","s","s","[0,6,0.05]","","0","P => familyOf(P.type) === 'aerial'","无字段级条件","[{""when"":""P => !(+P.headDim < 1)"",""reason"":""「前段亮度」是 1（不压暗）时不起作用：先把前段亮度调到 1 以下""},{""when"":""P => !(+P.headBright > 0)"",""reason"":""「星头亮度」是 0（星头不发光，只有尾迹 / 火花）时不起作用""}]","","[""type"",""headDim"",""headBright""]","本字段不在LINK_KEYS轨迹同步列表；其他条件/默认联动另见本行","setTimingParam→timingEdit：空中层依先后关系推移相关时间、时长/入点；可关followOff；同一时刻关联层可粘连（glueOff另控）；具体变动以提示为准。非空中仅直接改值。","onParam：实时模拟更新，灰度烘焙按自动/手动模式处理","","","[]","","本字段无曲线控件","","参数 / 当前层 / 星 / 亮度 / 前段结束 [headDimUntil]","参数 / 当前层 / 星 / 亮度 / 前段结束 [headDimUntil]","参数 / 当前层 / 星 / 亮度 / 前段结束 [headDimUntil]","参数 / 当前层 / 星 / 外观与颜色 / 前段结束 [headDimUntil]","当前层 P；单层 wbSnap().P，多层 wbSnap().layers[i].P。保存/另存/切效果自动草稿及配方 JSON 保存完整快照。一次拖动/输入提交/选择为一步，全资产60步；输入框内快捷键留给文本撤销。切层/发射器不清历史，打开另一效果/版本重置。行/模块/发射器恢复到打开时与恢复模板默认不同。","tool/src/js/10_types.js:487","","tool/src/js/79_workbench.js:159; tool/src/js/79_undo.js:10","20_sim.js:351 x = clamp((a − headDimUntil + 0.25)/0.25, 0, 1)，a = age − off（off = 点燃时刻，有第二段时 = st1）；79_workbench.js:364 时间轴上的「星头压暗到」","「前段亮度」< 1 才显示；有点火延迟时从点燃算，有第二段时从第二段开始算；比寿命还长时整颗星一直是暗的"
"SCHEMA-056","041-strobeHz","","strobeHz","P.strobeHz","P","当前效果 / 当前层 / 星","number","频率","点灭星：星头一明一灭，每秒闪几次；每颗星频率差 ±15%、相位随机，不会整齐同闪","命名表说明（可能滞后）；当前条件/换算来自源码，冲突见覆盖报告","物理量","Hz","Hz","[0,30,0.1]","","0","P => familyOf(P.type) === 'aerial'","无字段级条件","[{""when"":""P => !(+P.headBright > 0)"",""reason"":""「星头亮度」是 0（星头不发光，只有尾迹 / 火花）时不起作用""}]","","[""type"",""headBright""]","本字段不在LINK_KEYS轨迹同步列表；其他条件/默认联动另见本行","不走TIMING_KEYS通用时间联动","onParam：实时模拟更新，灰度烘焙按自动/手动模式处理","","","[]","","本字段无曲线控件","","参数 / 当前层 / 星 / 点灭 / 频率 [strobeHz]","参数 / 当前层 / 星 / 点灭 / 频率 [strobeHz]","参数 / 当前层 / 星 / 点灭 / 频率 [strobeHz]","参数 / 当前层 / 星 / 事件与特性 / 频率 [strobeHz]","当前层 P；单层 wbSnap().P，多层 wbSnap().layers[i].P。保存/另存/切效果自动草稿及配方 JSON 保存完整快照。一次拖动/输入提交/选择为一步，全资产60步；输入框内快捷键留给文本撤销。切层/发射器不清历史，打开另一效果/版本重置。行/模块/发射器恢复到打开时与恢复模板默认不同。","tool/src/js/10_types.js:488","","tool/src/js/79_workbench.js:159; tool/src/js/79_undo.js:10","20_sim.js:346-347 a > strobeStart × dur 后 ph = (a·Hz·(0.85 + 0.3·ph2) + ph) % 1，亮 1.6 倍 / 灭 0.03 倍，kind 1/5 除外；31_plan40.js:143 点灭期间每帧最多停 floor(12/Hz) 个 tick；79_workbench.js:68 光点不闪提示","子弹不闪（千轮 / 分裂的子星会闪）；帧预算在点灭期间自动提高帧率（要求频率 ≤ 0.4 × 帧率，30 fps 时最多约 12 Hz，更高会混叠）"
"SCHEMA-057","042-strobeDuty","","strobeDuty","P.strobeDuty","P","当前效果 / 当前层 / 星","number","亮占比","每个明灭周期里「亮」占多少（亮时 1.6 倍，灭时几乎全黑 0.03 倍）","命名表说明（可能滞后）；当前条件/换算来自源码，冲突见覆盖报告","物理量","1","1","[0.05,0.9,0.01]","","0.35","P => familyOf(P.type) === 'aerial'","P => P.strobeHz > 0","[{""when"":""P => !(+P.headBright > 0)"",""reason"":""「星头亮度」是 0（星头不发光，只有尾迹 / 火花）时不起作用""}]","","[""type"",""strobeHz"",""headBright""]","本字段不在LINK_KEYS轨迹同步列表；其他条件/默认联动另见本行","不走TIMING_KEYS通用时间联动","onParam：实时模拟更新，灰度烘焙按自动/手动模式处理","","","[]","","本字段无曲线控件","","参数 / 当前层 / 星 / 点灭 / 亮占比 [strobeDuty]","参数 / 当前层 / 星 / 点灭 / 亮占比 [strobeDuty]","参数 / 当前层 / 星 / 点灭 / 亮占比 [strobeDuty]","参数 / 当前层 / 星 / 事件与特性 / 亮占比 [strobeDuty]","当前层 P；单层 wbSnap().P，多层 wbSnap().layers[i].P。保存/另存/切效果自动草稿及配方 JSON 保存完整快照。一次拖动/输入提交/选择为一步，全资产60步；输入框内快捷键留给文本撤销。切层/发射器不清历史，打开另一效果/版本重置。行/模块/发射器恢复到打开时与恢复模板默认不同。","tool/src/js/10_types.js:489","","tool/src/js/79_workbench.js:159; tool/src/js/79_undo.js:10","20_sim.js:347 st = ph < strobeDuty ? 1.6 : 0.03","点灭频率 > 0 才显示"
"SCHEMA-058","043-strobeStart","","strobeStart","P.strobeStart","P","当前效果 / 当前层 / 星","number","开始时刻","星烧到自己燃烧全程的这一比例才开始点灭，之前稳定发光","命名表说明（可能滞后）；当前条件/换算来自源码，冲突见覆盖报告","物理量","×燃烧","×燃烧","[0,1,0.01]","","0.4","P => familyOf(P.type) === 'aerial'","P => P.strobeHz > 0","[{""when"":""P => !(+P.headBright > 0)"",""reason"":""「星头亮度」是 0（星头不发光，只有尾迹 / 火花）时不起作用""}]","","[""type"",""strobeHz"",""headBright""]","本字段不在LINK_KEYS轨迹同步列表；其他条件/默认联动另见本行","不走TIMING_KEYS通用时间联动","onParam：实时模拟更新，灰度烘焙按自动/手动模式处理","","","[]","","本字段无曲线控件","","参数 / 当前层 / 星 / 点灭 / 开始时刻 [strobeStart]","参数 / 当前层 / 星 / 点灭 / 开始时刻 [strobeStart]","参数 / 当前层 / 星 / 点灭 / 开始时刻 [strobeStart]","参数 / 当前层 / 星 / 事件与特性 / 开始时刻 [strobeStart]","当前层 P；单层 wbSnap().P，多层 wbSnap().layers[i].P。保存/另存/切效果自动草稿及配方 JSON 保存完整快照。一次拖动/输入提交/选择为一步，全资产60步；输入框内快捷键留给文本撤销。切层/发射器不清历史，打开另一效果/版本重置。行/模块/发射器恢复到打开时与恢复模板默认不同。","tool/src/js/10_types.js:490","","tool/src/js/79_workbench.js:159; tool/src/js/79_undo.js:10","20_sim.js:346 a > strobeStart × dur（dur = 熄灭 − 点燃，有第二段时为第二段长度）；31_plan40.js:141 帧预算 strobeFrom = strobeStart 直接当成秒用（单位不符）","点灭频率 > 0 才显示；「燃烧全程」= 点燃到熄灭（有第二段时 = 第二段），每颗星按自己的时长算；帧预算却把这个数当成「第几秒」来提高帧率，寿命不是 1 秒时两者对不上"
"SCHEMA-059","044-glitter","","glitter","P.glitter","P","当前效果 / 当前层 / 火花","number","强度","辉星：火花离开星后过一会儿各自「啪」地闪一下（延迟闪光火花）；0 = 关，1 = 最强","命名表说明（可能滞后）；当前条件/换算来自源码，冲突见覆盖报告","物理量","1","1","[0,1,0.01]","","0","P => familyOf(P.type) === 'aerial'","无字段级条件","[]","","[""type""]","本字段不在LINK_KEYS轨迹同步列表；其他条件/默认联动另见本行","不走TIMING_KEYS通用时间联动","onParam：实时模拟更新，灰度烘焙按自动/手动模式处理","","","[]","","本字段无曲线控件","","参数 / 当前层 / 火花 / 辉星 / 强度 [glitter]","参数 / 当前层 / 火花 / 辉星 / 强度 [glitter]","参数 / 当前层 / 火花 / 辉星 / 强度 [glitter]","参数 / 当前层 / 火花 / 事件与特性 / 强度 [glitter]","当前层 P；单层 wbSnap().P，多层 wbSnap().layers[i].P。保存/另存/切效果自动草稿及配方 JSON 保存完整快照。一次拖动/输入提交/选择为一步，全资产60步；输入框内快捷键留给文本撤销。切层/发射器不清历史，打开另一效果/版本重置。行/模块/发射器恢复到打开时与恢复模板默认不同。","tool/src/js/10_types.js:491","","tool/src/js/79_workbench.js:159; tool/src/js/79_undo.js:10","20_sim.js:386（CPU）/ 40_gl.js:202（GPU）g = g·(1 − 0.85·glitter) + glitter·6·exp(−((age − tf)/0.03)²)，tf = glitterDelay·(0.5 + 每粒随机)","火花寿命要比辉星延迟长才看得到闪光（先灭就不闪）；闪光峰值约 6 × 强度，和火花温度无关；GPU / CPU 模拟内核都有"
"SCHEMA-060","045-glitterDelay","","glitterDelay","P.glitterDelay","P","当前效果 / 当前层 / 火花","number","延迟","火花出生后多久闪光（每粒在 0.5–1.5 倍之间均匀随机），每次闪约 0.05 秒","命名表说明（可能滞后）；当前条件/换算来自源码，冲突见覆盖报告","物理量","s","s","[0.05,1.5,0.01]","","0.25","P => familyOf(P.type) === 'aerial'","P => P.glitter > 0","[]","","[""type"",""glitter""]","本字段不在LINK_KEYS轨迹同步列表；其他条件/默认联动另见本行","不走TIMING_KEYS通用时间联动","onParam：实时模拟更新，灰度烘焙按自动/手动模式处理","","","[]","","本字段无曲线控件","","参数 / 当前层 / 火花 / 辉星 / 延迟 [glitterDelay]","参数 / 当前层 / 火花 / 辉星 / 延迟 [glitterDelay]","参数 / 当前层 / 火花 / 辉星 / 延迟 [glitterDelay]","参数 / 当前层 / 火花 / 事件与特性 / 延迟 [glitterDelay]","当前层 P；单层 wbSnap().P，多层 wbSnap().layers[i].P。保存/另存/切效果自动草稿及配方 JSON 保存完整快照。一次拖动/输入提交/选择为一步，全资产60步；输入框内快捷键留给文本撤销。切层/发射器不清历史，打开另一效果/版本重置。行/模块/发射器恢复到打开时与恢复模板默认不同。","tool/src/js/10_types.js:492","","tool/src/js/79_workbench.js:159; tool/src/js/79_undo.js:10","20_sim.js:386 tf = glitterDelay × (0.5 + sp.rnd)；40_gl.js:202 tf = uGlitD × (0.5 + hsh(uid, 17))，均为 0.5–1.5 倍均匀；脉冲 exp(−(Δ/0.03)²) 半高宽 ≈ 0.05 s","辉星强度 > 0 才显示；寿命比这个短的火花不会闪"
"SCHEMA-061","046-crackle","","crackle","P.crackle","P","当前效果 / 当前层 / 爆裂","number","数量","爆裂星（霹雳）：每颗星烧完后在附近炸出这么多个极短的小白闪；0 = 关","命名表说明（可能滞后）；当前条件/换算来自源码，冲突见覆盖报告","物理量","粒","粒","[0,40,1]","","0","P => familyOf(P.type) === 'aerial'","无字段级条件","[]","","[""type""]","本字段不在LINK_KEYS轨迹同步列表；其他条件/默认联动另见本行","不走TIMING_KEYS通用时间联动","onParam：实时模拟更新，灰度烘焙按自动/手动模式处理","","","[]","","本字段无曲线控件","","参数 / 当前层 / 爆裂 / 生成 / 数量 [crackle]","参数 / 当前层 / 爆裂 / 生成 / 数量 [crackle]","参数 / 当前层 / 爆裂 / 生成 / 数量 [crackle]","参数 / 当前层 / 爆裂 / 时序与数量 / 数量 [crackle]","当前层 P；单层 wbSnap().P，多层 wbSnap().layers[i].P。保存/另存/切效果自动草稿及配方 JSON 保存完整快照。一次拖动/输入提交/选择为一步，全资产60步；输入框内快捷键留给文本撤销。切层/发射器不清历史，打开另一效果/版本重置。行/模块/发射器恢复到打开时与恢复模板默认不同。","tool/src/js/10_types.js:493","","tool/src/js/79_workbench.js:159; tool/src/js/79_undo.js:10","20_sim.js:227-233 crackleBurst：crackle 个闪光，离星 r = 0.5 + 3u m，亮度 2.2·(0.6 + 0.8u)，sig 0.35–0.65，τ = 0.012 s、0.07 s 截止；20_sim.js:324 kind 0/2 烧完触发（不看 dark、子弹 kind 1 走子花）","每个小闪直径约 0.7–1.3 m、0.07 秒内灭，亮度 × 0.6–1.4 随机，在「爆裂延迟」的 0.3–1.7 倍时刻随机出现；离星多远看「爆裂范围」，往外飞多快看「爆裂速度」。子弹不爆，千轮 / 分裂的子星会爆；落水的星不爆；有第二段时在第二段结束才爆。"
"SCHEMA-062","047-crackleDelay","","crackleDelay","P.crackleDelay","P","当前效果 / 当前层 / 爆裂","number","延迟","星烧完后多久爆裂；每个小闪在 0.3–1.7 倍之间均匀随机，所以是一串噼啪","命名表说明（可能滞后）；当前条件/换算来自源码，冲突见覆盖报告","物理量","s","s","[0.05,1,0.01]","","0.3","P => familyOf(P.type) === 'aerial'","P => P.crackle > 0","[]","","[""type"",""crackle""]","本字段不在LINK_KEYS轨迹同步列表；其他条件/默认联动另见本行","不走TIMING_KEYS通用时间联动","onParam：实时模拟更新，灰度烘焙按自动/手动模式处理","","","[]","","本字段无曲线控件","","参数 / 当前层 / 爆裂 / 生成 / 延迟 [crackleDelay]","参数 / 当前层 / 爆裂 / 生成 / 延迟 [crackleDelay]","参数 / 当前层 / 爆裂 / 生成 / 延迟 [crackleDelay]","参数 / 当前层 / 爆裂 / 时序与数量 / 延迟 [crackleDelay]","当前层 P；单层 wbSnap().P，多层 wbSnap().layers[i].P。保存/另存/切效果自动草稿及配方 JSON 保存完整快照。一次拖动/输入提交/选择为一步，全资产60步；输入框内快捷键留给文本撤销。切层/发射器不清历史，打开另一效果/版本重置。行/模块/发射器恢复到打开时与恢复模板默认不同。","tool/src/js/10_types.js:494","","tool/src/js/79_workbench.js:159; tool/src/js/79_undo.js:10","20_sim.js:230 dt = crackleDelay × (0.3 + 1.4u)，从星熄灭时刻算；20_sim.js:233 声音节点「噼啪」在 t + crackleDelay","爆裂数量 > 0 才显示；默认 0.3 s → 各小闪在熄灭后 0.09–0.51 s 之间"
"SCHEMA-063","047-crackleR","","crackleR","P.crackleR","P","当前效果 / 当前层 / 爆裂","number","范围","爆裂小闪离星最远多少米（最近是它的 1/7）；默认 3.5 m = 以前固定的 0.5–3.5 m。","命名表说明（可能滞后）；当前条件/换算来自源码，冲突见覆盖报告","物理量","m","m","[0.5,20,0.1]","","3.5","P => familyOf(P.type) === 'aerial'","P => P.crackle > 0","[]","","[""type"",""crackle""]","本字段不在LINK_KEYS轨迹同步列表；其他条件/默认联动另见本行","不走TIMING_KEYS通用时间联动","onParam：实时模拟更新，灰度烘焙按自动/手动模式处理","","","[]","","本字段无曲线控件","","参数 / 当前层 / 爆裂 / 形状 / 范围 [crackleR]","参数 / 当前层 / 爆裂 / 形状 / 范围 [crackleR]","参数 / 当前层 / 爆裂 / 形状 / 范围 [crackleR]","参数 / 当前层 / 爆裂 / 空间与运动 / 范围 [crackleR]","当前层 P；单层 wbSnap().P，多层 wbSnap().layers[i].P。保存/另存/切效果自动草稿及配方 JSON 保存完整快照。一次拖动/输入提交/选择为一步，全资产60步；输入框内快捷键留给文本撤销。切层/发射器不清历史，打开另一效果/版本重置。行/模块/发射器恢复到打开时与恢复模板默认不同。","tool/src/js/10_types.js:495","","tool/src/js/79_workbench.js:159; tool/src/js/79_undo.js:10","20_sim.js crackleBurst：r = (0.5 + 3u) × crackleR / 3.5 + crackleV × dt","爆裂数量 > 0 才显示。"
"SCHEMA-064","047-crackleV","","crackleV","P.crackleV","P","当前效果 / 当前层 / 爆裂","number","速度","爆裂小闪往外飞的速度：越晚炸的离星越远（米/秒）；默认 0 = 以前那样不动。","命名表说明（可能滞后）；当前条件/换算来自源码，冲突见覆盖报告","物理量","m/s","m/s","[0,30,0.5]","","0","P => familyOf(P.type) === 'aerial'","P => P.crackle > 0","[]","","[""type"",""crackle""]","本字段不在LINK_KEYS轨迹同步列表；其他条件/默认联动另见本行","不走TIMING_KEYS通用时间联动","onParam：实时模拟更新，灰度烘焙按自动/手动模式处理","","","[]","","本字段无曲线控件","","参数 / 当前层 / 爆裂 / 初速 / 速度 [crackleV]","参数 / 当前层 / 爆裂 / 初速 / 速度 [crackleV]","参数 / 当前层 / 爆裂 / 初速 / 速度 [crackleV]","参数 / 当前层 / 爆裂 / 空间与运动 / 速度 [crackleV]","当前层 P；单层 wbSnap().P，多层 wbSnap().layers[i].P。保存/另存/切效果自动草稿及配方 JSON 保存完整快照。一次拖动/输入提交/选择为一步，全资产60步；输入框内快捷键留给文本撤销。切层/发射器不清历史，打开另一效果/版本重置。行/模块/发射器恢复到打开时与恢复模板默认不同。","tool/src/js/10_types.js:496","","tool/src/js/79_workbench.js:159; tool/src/js/79_undo.js:10","20_sim.js crackleBurst：r = (0.5 + 3u) × crackleR / 3.5 + crackleV × dt","爆裂数量 > 0 才显示；和「爆裂范围」叠加。"
"SCHEMA-065","048-branch","","branch","P.branch","P","当前效果 / 当前层 / 分叉火花","number","分叉数","松叶：每粒火花在半路分成几支短命的亮枝，像松针；0 = 关（只在 GPU 模拟内核里有）","命名表说明（可能滞后）；当前条件/换算来自源码，冲突见覆盖报告","物理量","支","支","[0,4,1]","","0","P => familyOf(P.type) === 'aerial'","无字段级条件","[{""when"":""P => !isCarrierType(P) && !(+P.sparkRate > 0)"",""reason"":""「火花生成率」是 0（这一层没有火花）时不起作用""},{""when"":""P => isCarrierType(P) && !(+P.carrierTail > 0) && !(+P.subTail > 0)"",""reason"":""「子弹火花率」「子星火花率」都是 0（这一层没有火花）时不起作用""}]","","[""type"",""sparkRate"",""carrierTail"",""subTail""]","本字段不在LINK_KEYS轨迹同步列表；其他条件/默认联动另见本行","不走TIMING_KEYS通用时间联动","onParam：实时模拟更新，灰度烘焙按自动/手动模式处理","","","[]","","本字段无曲线控件","","参数 / 当前层 / 分叉火花 / 生成 / 分叉数 [branch]","参数 / 当前层 / 分叉火花 / 生成 / 分叉数 [branch]","参数 / 当前层 / 分叉火花 / 生成 / 分叉数 [branch]","参数 / 当前层 / 分叉火花 / 时序与数量 / 分叉数 [branch]","当前层 P；单层 wbSnap().P，多层 wbSnap().layers[i].P。保存/另存/切效果自动草稿及配方 JSON 保存完整快照。一次拖动/输入提交/选择为一步，全资产60步；输入框内快捷键留给文本撤销。切层/发射器不清历史，打开另一效果/版本重置。行/模块/发射器恢复到打开时与恢复模板默认不同。","tool/src/js/10_types.js:497","","tool/src/js/79_workbench.js:159; tool/src/js/79_undo.js:10","40_gl.js:156 每粒火花占 1 + uBr 个顶点；40_gl.js:171 余烬要求 uBr == 0；40_gl.js:174-177 母火花在 ts 消失，枝寿命 life2 = 0.16·(0.6 + 0.8h)；40_gl.js:205-209 枝速度 = 母速度 × 0.5 + 随机方向 × (4 + 1.5·sparkSpread)·(0.6–1.4)，亮度 × 1.8·(1 − x)²，大小 × 0.7；30_plan.js:42 取景 +4 m；20_sim.js 的 CPU 火花没有分叉","CPU 模拟内核里不起作用；母火花在分叉那一刻消失（尾迹变短）；枝约 0.1–0.22 秒灭、速度 = 母火花一半 + 随机 (4 + 1.5 × 火花散布) m/s、大小 0.7 倍；开了分叉，余烬就不起作用；取景自动多留 4 m"
"SCHEMA-066","049-branchAt","","branchAt","P.branchAt","P","当前效果 / 当前层 / 分叉火花","number","分叉时刻","火花活到自己寿命的这一比例时分叉（每粒在 0.8–1.2 倍之间均匀随机）","命名表说明（可能滞后）；当前条件/换算来自源码，冲突见覆盖报告","物理量","×寿命","×寿命","[0.1,0.9,0.01]","","0.45","P => familyOf(P.type) === 'aerial'","P => P.branch > 0","[{""when"":""P => !isCarrierType(P) && !(+P.sparkRate > 0)"",""reason"":""「火花生成率」是 0（这一层没有火花）时不起作用""},{""when"":""P => isCarrierType(P) && !(+P.carrierTail > 0) && !(+P.subTail > 0)"",""reason"":""「子弹火花率」「子星火花率」都是 0（这一层没有火花）时不起作用""}]","","[""type"",""branch"",""sparkRate"",""carrierTail"",""subTail""]","本字段不在LINK_KEYS轨迹同步列表；其他条件/默认联动另见本行","不走TIMING_KEYS通用时间联动","onParam：实时模拟更新，灰度烘焙按自动/手动模式处理","","","[]","","本字段无曲线控件","","参数 / 当前层 / 分叉火花 / 生成 / 分叉时刻 [branchAt]","参数 / 当前层 / 分叉火花 / 生成 / 分叉时刻 [branchAt]","参数 / 当前层 / 分叉火花 / 生成 / 分叉时刻 [branchAt]","参数 / 当前层 / 分叉火花 / 时序与数量 / 分叉时刻 [branchAt]","当前层 P；单层 wbSnap().P，多层 wbSnap().layers[i].P。保存/另存/切效果自动草稿及配方 JSON 保存完整快照。一次拖动/输入提交/选择为一步，全资产60步；输入框内快捷键留给文本撤销。切层/发射器不清历史，打开另一效果/版本重置。行/模块/发射器恢复到打开时与恢复模板默认不同。","tool/src/js/10_types.js:498","","tool/src/js/79_workbench.js:159; tool/src/js/79_undo.js:10","40_gl.js:174 ts = life × uBrAt × (0.8 + 0.4·hsh(uid, 21))","松叶分叉数 > 0 才显示；寿命是每粒火花自己的寿命（含火花寿命随机）"
"SCHEMA-067","050-flutter","","flutter","P.flutter","P","当前效果 / 当前层 / 星","number","摆动","落叶：星左右来回飘的速度幅度，同时星头随摆动明暗起伏（0.55–1 倍）；0 = 关","命名表说明（可能滞后）；当前条件/换算来自源码，冲突见覆盖报告","物理量","m/s","m/s","[0,10,0.1]","","0","P => familyOf(P.type) === 'aerial'","无字段级条件","[]","","[""type""]","本字段不在LINK_KEYS轨迹同步列表；其他条件/默认联动另见本行","不走TIMING_KEYS通用时间联动","onParam：实时模拟更新，灰度烘焙按自动/手动模式处理","","","[]","","本字段无曲线控件","","参数 / 当前层 / 星 / 飘落 / 摆动 [flutter]","参数 / 当前层 / 星 / 飘落 / 摆动 [flutter]","参数 / 当前层 / 星 / 飘落 / 摆动 [flutter]","参数 / 当前层 / 星 / 空间与运动 / 摆动 [flutter]","当前层 P；单层 wbSnap().P，多层 wbSnap().layers[i].P。保存/另存/切效果自动草稿及配方 JSON 保存完整快照。一次拖动/输入提交/选择为一步，全资产60步；输入框内快捷键留给文本撤销。切层/发射器不清历史，打开另一效果/版本重置。行/模块/发射器恢复到打开时与恢复模板默认不同。","tool/src/js/10_types.js:499","","tool/src/js/79_workbench.js:159; tool/src/js/79_undo.js:10","20_sim.js:271-273 vx += flutter·w·cos(w·age + φ)·h（w = 2π·Hz·(0.8 + 0.4·ph2)），vz 同理 × 0.6、频率 × 0.7；kind 5 除外；20_sim.js:349 headI × (0.55 + 0.45·|cos(π·Hz·age + φ)|)（所有星）","横向位移幅度约 = 速度幅度 ÷ (2π × 摆动频率)（3 m/s、0.7 Hz ≈ 0.7 m），阻力还会削弱，终端速度小的星（落叶预设 6 m/s）摆得明显；深度方向也摆（正面看不到）；子弹、子星也会摆"
"SCHEMA-068","051-flutterHz","","flutterHz","P.flutterHz","P","当前效果 / 当前层 / 星","number","摆动频率","每秒左右摆几个来回（每颗星在 0.8–1.2 倍之间均匀随机），星头明暗也按这个频率","命名表说明（可能滞后）；当前条件/换算来自源码，冲突见覆盖报告","物理量","Hz","Hz","[0.1,3,0.05]","","0.7","P => familyOf(P.type) === 'aerial'","P => P.flutter > 0","[]","","[""type"",""flutter""]","本字段不在LINK_KEYS轨迹同步列表；其他条件/默认联动另见本行","不走TIMING_KEYS通用时间联动","onParam：实时模拟更新，灰度烘焙按自动/手动模式处理","","","[]","","本字段无曲线控件","","参数 / 当前层 / 星 / 飘落 / 摆动频率 [flutterHz]","参数 / 当前层 / 星 / 飘落 / 摆动频率 [flutterHz]","参数 / 当前层 / 星 / 飘落 / 摆动频率 [flutterHz]","参数 / 当前层 / 星 / 空间与运动 / 摆动频率 [flutterHz]","当前层 P；单层 wbSnap().P，多层 wbSnap().layers[i].P。保存/另存/切效果自动草稿及配方 JSON 保存完整快照。一次拖动/输入提交/选择为一步，全资产60步；输入框内快捷键留给文本撤销。切层/发射器不清历史，打开另一效果/版本重置。行/模块/发射器恢复到打开时与恢复模板默认不同。","tool/src/js/10_types.js:500","","tool/src/js/79_workbench.js:159; tool/src/js/79_undo.js:10","20_sim.js:272 w = 2π·flutterHz·(0.8 + 0.4·ph2)；20_sim.js:349 亮度起伏用 flutterHz（不乘每颗星的随机）","飘落摆动 > 0 才显示；速度幅度不变，所以频率越高左右位移越小"
"SCHEMA-069","460-00-crackleDelayJit","","crackleDelayJit","P.crackleDelayJit","P","当前效果 / 当前层 / 爆裂","number","延迟随机","每个小闪出现的时刻在「爆裂延迟」的 1 ± 这个百分比之间均匀随机；默认 70% = 以前固定的 0.3–1.7 倍。","命名表说明（可能滞后）；当前条件/换算来自源码，冲突见覆盖报告","物理量","%","%","[0,100,1]","","70","P => familyOf(P.type) === 'aerial'","P => P.crackle > 0","[]","","[""type"",""crackle""]","本字段不在LINK_KEYS轨迹同步列表；其他条件/默认联动另见本行","不走TIMING_KEYS通用时间联动","onParam：实时模拟更新，灰度烘焙按自动/手动模式处理","","crackleDelay","[]","","本字段无曲线控件","","参数 / 当前层 / 爆裂 / 生成 / 延迟随机 [crackleDelayJit]","参数 / 当前层 / 爆裂 / 生成 / 延迟 / 随机 / 延迟随机 [crackleDelayJit]","参数 / 当前层 / 爆裂 / 生成 / 延迟 / 随机 / 延迟随机 [crackleDelayJit]","参数 / 当前层 / 爆裂 / 时序与数量 / 延迟 / 随机 / 延迟随机 [crackleDelayJit]","当前层 P；单层 wbSnap().P，多层 wbSnap().layers[i].P。保存/另存/切效果自动草稿及配方 JSON 保存完整快照。一次拖动/输入提交/选择为一步，全资产60步；输入框内快捷键留给文本撤销。切层/发射器不清历史，打开另一效果/版本重置。行/模块/发射器恢复到打开时与恢复模板默认不同。","tool/src/js/10_types.js:501","","tool/src/js/79_workbench.js:159; tool/src/js/79_undo.js:10","20_sim.js crackleBurst：dt = 延迟 × (1 ± j)","4.6.0（5.0 第 1 步）加：以前写死在代码里，默认 = 原来的数。"
"SCHEMA-070","460-01-crackleRIn","","crackleRIn","P.crackleRIn","P","当前效果 / 当前层 / 爆裂","number","最近（× 范围）","小闪离星最近是「爆裂范围」的多少倍；默认 1/7（0.14）= 以前写死的 0.5 m / 3.5 m。","命名表说明（可能滞后）；当前条件/换算来自源码，冲突见覆盖报告","物理量","×","×","[0,1,0.01]","","0.14285714285714285","P => familyOf(P.type) === 'aerial'","P => P.crackle > 0","[]","","[""type"",""crackle""]","本字段不在LINK_KEYS轨迹同步列表；其他条件/默认联动另见本行","不走TIMING_KEYS通用时间联动","onParam：实时模拟更新，灰度烘焙按自动/手动模式处理","","","[]","","本字段无曲线控件","","参数 / 当前层 / 爆裂 / 形状 / 最近（× 范围） [crackleRIn]","参数 / 当前层 / 爆裂 / 形状 / 最近（× 范围） [crackleRIn]","参数 / 当前层 / 爆裂 / 形状 / 最近（× 范围） [crackleRIn]","参数 / 当前层 / 爆裂 / 空间与运动 / 最近（× 范围） [crackleRIn]","当前层 P；单层 wbSnap().P，多层 wbSnap().layers[i].P。保存/另存/切效果自动草稿及配方 JSON 保存完整快照。一次拖动/输入提交/选择为一步，全资产60步；输入框内快捷键留给文本撤销。切层/发射器不清历史，打开另一效果/版本重置。行/模块/发射器恢复到打开时与恢复模板默认不同。","tool/src/js/10_types.js:502","","tool/src/js/79_workbench.js:159; tool/src/js/79_undo.js:10","20_sim.js crackleBurst：r = 范围 × (内 + (1 − 内) u)","4.6.0（5.0 第 1 步）加：以前写死在代码里，默认 = 原来的数。"
"SCHEMA-071","460-02-crackleFollow","","crackleFollow","P.crackleFollow","P","当前效果 / 当前层 / 爆裂","number","跟随星","小闪出现的位置跟着熄灭的星往前带多少（× 星速度 × 延迟）；默认 0.3 = 以前写死的。","命名表说明（可能滞后）；当前条件/换算来自源码，冲突见覆盖报告","物理量","1","1","[0,1,0.01]","","0.3","P => familyOf(P.type) === 'aerial'","P => P.crackle > 0","[]","","[""type"",""crackle""]","本字段不在LINK_KEYS轨迹同步列表；其他条件/默认联动另见本行","不走TIMING_KEYS通用时间联动","onParam：实时模拟更新，灰度烘焙按自动/手动模式处理","","","[]","","本字段无曲线控件","","参数 / 当前层 / 爆裂 / 初速 / 跟随星 [crackleFollow]","参数 / 当前层 / 爆裂 / 初速 / 跟随星 [crackleFollow]","参数 / 当前层 / 爆裂 / 初速 / 跟随星 [crackleFollow]","参数 / 当前层 / 爆裂 / 空间与运动 / 跟随星 [crackleFollow]","当前层 P；单层 wbSnap().P，多层 wbSnap().layers[i].P。保存/另存/切效果自动草稿及配方 JSON 保存完整快照。一次拖动/输入提交/选择为一步，全资产60步；输入框内快捷键留给文本撤销。切层/发射器不清历史，打开另一效果/版本重置。行/模块/发射器恢复到打开时与恢复模板默认不同。","tool/src/js/10_types.js:503","","tool/src/js/79_workbench.js:159; tool/src/js/79_undo.js:10","","4.6.0（5.0 第 1 步）加：以前写死在代码里，默认 = 原来的数。"
"SCHEMA-072","460-03-crackleLife","","crackleLife","P.crackleLife","P","当前效果 / 当前层 / 爆裂","number","寿命","每个小闪最多亮多久（之后直接不画）；默认 0.07 s = 以前写死的。","命名表说明（可能滞后）；当前条件/换算来自源码，冲突见覆盖报告","物理量","s","s","[0.01,1,0.005]","","0.07","P => familyOf(P.type) === 'aerial'","P => P.crackle > 0","[]","","[""type"",""crackle""]","本字段不在LINK_KEYS轨迹同步列表；其他条件/默认联动另见本行","不走TIMING_KEYS通用时间联动","onParam：实时模拟更新，灰度烘焙按自动/手动模式处理","","","[]","","本字段无曲线控件","","参数 / 当前层 / 爆裂 / 寿命 / 寿命 [crackleLife]","参数 / 当前层 / 爆裂 / 寿命 / 寿命 [crackleLife]","参数 / 当前层 / 爆裂 / 寿命 / 寿命 [crackleLife]","参数 / 当前层 / 爆裂 / 时序与数量 / 寿命 [crackleLife]","当前层 P；单层 wbSnap().P，多层 wbSnap().layers[i].P。保存/另存/切效果自动草稿及配方 JSON 保存完整快照。一次拖动/输入提交/选择为一步，全资产60步；输入框内快捷键留给文本撤销。切层/发射器不清历史，打开另一效果/版本重置。行/模块/发射器恢复到打开时与恢复模板默认不同。","tool/src/js/10_types.js:504","","tool/src/js/79_workbench.js:159; tool/src/js/79_undo.js:10","","4.6.0（5.0 第 1 步）加：以前写死在代码里，默认 = 原来的数。"
"SCHEMA-073","460-04-crackleTau","","crackleTau","P.crackleTau","P","当前效果 / 当前层 / 爆裂","number","衰减","小闪亮度按 e^(−时间 / 这个数) 变暗；默认 0.012 s = 以前写死的。","命名表说明（可能滞后）；当前条件/换算来自源码，冲突见覆盖报告","物理量","s","s","[0.002,0.5,0.001]","","0.012","P => familyOf(P.type) === 'aerial'","P => P.crackle > 0","[]","","[""type"",""crackle""]","本字段不在LINK_KEYS轨迹同步列表；其他条件/默认联动另见本行","不走TIMING_KEYS通用时间联动","onParam：实时模拟更新，灰度烘焙按自动/手动模式处理","","","[]","","本字段无曲线控件","","参数 / 当前层 / 爆裂 / 亮度 / 衰减 [crackleTau]","参数 / 当前层 / 爆裂 / 亮度 / 衰减 [crackleTau]","参数 / 当前层 / 爆裂 / 亮度 / 衰减 [crackleTau]","参数 / 当前层 / 爆裂 / 外观与颜色 / 衰减 [crackleTau]","当前层 P；单层 wbSnap().P，多层 wbSnap().layers[i].P。保存/另存/切效果自动草稿及配方 JSON 保存完整快照。一次拖动/输入提交/选择为一步，全资产60步；输入框内快捷键留给文本撤销。切层/发射器不清历史，打开另一效果/版本重置。行/模块/发射器恢复到打开时与恢复模板默认不同。","tool/src/js/10_types.js:505","","tool/src/js/79_workbench.js:159; tool/src/js/79_undo.js:10","","4.6.0（5.0 第 1 步）加：以前写死在代码里，默认 = 原来的数。"
"SCHEMA-074","460-05-crackleBright","","crackleBright","P.crackleBright","P","当前效果 / 当前层 / 爆裂","number","亮度","每个小闪的亮度（和星头亮度同一口径）；默认 2.2 = 以前写死的。","命名表说明（可能滞后）；当前条件/换算来自源码，冲突见覆盖报告","物理量","×","×","[0,10,0.05]","","2.2","P => familyOf(P.type) === 'aerial'","P => P.crackle > 0","[]","","[""type"",""crackle""]","本字段不在LINK_KEYS轨迹同步列表；其他条件/默认联动另见本行","不走TIMING_KEYS通用时间联动","onParam：实时模拟更新，灰度烘焙按自动/手动模式处理","","","[]","","本字段无曲线控件","","参数 / 当前层 / 爆裂 / 亮度 / 亮度 [crackleBright]","参数 / 当前层 / 爆裂 / 亮度 / 亮度 [crackleBright]","参数 / 当前层 / 爆裂 / 亮度 / 亮度 [crackleBright]","参数 / 当前层 / 爆裂 / 外观与颜色 / 亮度 [crackleBright]","当前层 P；单层 wbSnap().P，多层 wbSnap().layers[i].P。保存/另存/切效果自动草稿及配方 JSON 保存完整快照。一次拖动/输入提交/选择为一步，全资产60步；输入框内快捷键留给文本撤销。切层/发射器不清历史，打开另一效果/版本重置。行/模块/发射器恢复到打开时与恢复模板默认不同。","tool/src/js/10_types.js:506","","tool/src/js/79_workbench.js:159; tool/src/js/79_undo.js:10","","4.6.0（5.0 第 1 步）加：以前写死在代码里，默认 = 原来的数。"
"SCHEMA-075","460-06-crackleBrightJit","","crackleBrightJit","P.crackleBrightJit","P","当前效果 / 当前层 / 爆裂","number","亮度随机","每个小闪的亮度在 1 ± 这个百分比之间均匀随机；默认 40% = 以前的 0.6–1.4 倍。","命名表说明（可能滞后）；当前条件/换算来自源码，冲突见覆盖报告","物理量","%","%","[0,100,1]","","40","P => familyOf(P.type) === 'aerial'","P => P.crackle > 0","[]","","[""type"",""crackle""]","本字段不在LINK_KEYS轨迹同步列表；其他条件/默认联动另见本行","不走TIMING_KEYS通用时间联动","onParam：实时模拟更新，灰度烘焙按自动/手动模式处理","","crackleBright","[]","","本字段无曲线控件","","参数 / 当前层 / 爆裂 / 亮度 / 亮度随机 [crackleBrightJit]","参数 / 当前层 / 爆裂 / 亮度 / 亮度 / 随机 / 亮度随机 [crackleBrightJit]","参数 / 当前层 / 爆裂 / 亮度 / 亮度 / 随机 / 亮度随机 [crackleBrightJit]","参数 / 当前层 / 爆裂 / 外观与颜色 / 亮度 / 随机 / 亮度随机 [crackleBrightJit]","当前层 P；单层 wbSnap().P，多层 wbSnap().layers[i].P。保存/另存/切效果自动草稿及配方 JSON 保存完整快照。一次拖动/输入提交/选择为一步，全资产60步；输入框内快捷键留给文本撤销。切层/发射器不清历史，打开另一效果/版本重置。行/模块/发射器恢复到打开时与恢复模板默认不同。","tool/src/js/10_types.js:507","","tool/src/js/79_workbench.js:159; tool/src/js/79_undo.js:10","","4.6.0（5.0 第 1 步）加：以前写死在代码里，默认 = 原来的数。"
"SCHEMA-076","460-07-crackleSize","","crackleSize","P.crackleSize","P","当前效果 / 当前层 / 爆裂","number","大小","每个小闪的光斑尺度（σ，米；画出来直径约 2 倍）；默认 0.5 m = 以前写死的 0.35–0.65 m 的中间值。","命名表说明（可能滞后）；当前条件/换算来自源码，冲突见覆盖报告","物理量","m","m","[0.05,5,0.01]","","0.5","P => familyOf(P.type) === 'aerial'","P => P.crackle > 0","[]","","[""type"",""crackle""]","本字段不在LINK_KEYS轨迹同步列表；其他条件/默认联动另见本行","不走TIMING_KEYS通用时间联动","onParam：实时模拟更新，灰度烘焙按自动/手动模式处理","","","[]","","本字段无曲线控件","","参数 / 当前层 / 爆裂 / 大小 / 大小 [crackleSize]","参数 / 当前层 / 爆裂 / 大小 / 大小 [crackleSize]","参数 / 当前层 / 爆裂 / 大小 / 大小 [crackleSize]","参数 / 当前层 / 爆裂 / 外观与颜色 / 大小 [crackleSize]","当前层 P；单层 wbSnap().P，多层 wbSnap().layers[i].P。保存/另存/切效果自动草稿及配方 JSON 保存完整快照。一次拖动/输入提交/选择为一步，全资产60步；输入框内快捷键留给文本撤销。切层/发射器不清历史，打开另一效果/版本重置。行/模块/发射器恢复到打开时与恢复模板默认不同。","tool/src/js/10_types.js:508","","tool/src/js/79_workbench.js:159; tool/src/js/79_undo.js:10","","4.6.0（5.0 第 1 步）加：以前写死在代码里，默认 = 原来的数。"
"SCHEMA-077","460-08-crackleSizeJit","","crackleSizeJit","P.crackleSizeJit","P","当前效果 / 当前层 / 爆裂","number","大小随机","每个小闪的大小在 1 ± 这个百分比之间均匀随机；默认 30% = 以前的 0.35–0.65 m。","命名表说明（可能滞后）；当前条件/换算来自源码，冲突见覆盖报告","物理量","%","%","[0,100,1]","","30","P => familyOf(P.type) === 'aerial'","P => P.crackle > 0","[]","","[""type"",""crackle""]","本字段不在LINK_KEYS轨迹同步列表；其他条件/默认联动另见本行","不走TIMING_KEYS通用时间联动","onParam：实时模拟更新，灰度烘焙按自动/手动模式处理","","crackleSize","[]","","本字段无曲线控件","","参数 / 当前层 / 爆裂 / 大小 / 大小随机 [crackleSizeJit]","参数 / 当前层 / 爆裂 / 大小 / 大小 / 随机 / 大小随机 [crackleSizeJit]","参数 / 当前层 / 爆裂 / 大小 / 大小 / 随机 / 大小随机 [crackleSizeJit]","参数 / 当前层 / 爆裂 / 外观与颜色 / 大小 / 随机 / 大小随机 [crackleSizeJit]","当前层 P；单层 wbSnap().P，多层 wbSnap().layers[i].P。保存/另存/切效果自动草稿及配方 JSON 保存完整快照。一次拖动/输入提交/选择为一步，全资产60步；输入框内快捷键留给文本撤销。切层/发射器不清历史，打开另一效果/版本重置。行/模块/发射器恢复到打开时与恢复模板默认不同。","tool/src/js/10_types.js:509","","tool/src/js/79_workbench.js:159; tool/src/js/79_undo.js:10","","4.6.0（5.0 第 1 步）加：以前写死在代码里，默认 = 原来的数。"
"SCHEMA-078","460-09-strobeOn","","strobeOn","P.strobeOn","P","当前效果 / 当前层 / 星","number","亮相亮度","点灭「亮」的那一下是平时星头亮度的几倍；默认 1.6 = 以前写死的。","命名表说明（可能滞后）；当前条件/换算来自源码，冲突见覆盖报告","物理量","×","×","[0,5,0.05]","","1.6","P => familyOf(P.type) === 'aerial'","P => P.strobeHz > 0","[]","","[""type"",""strobeHz""]","本字段不在LINK_KEYS轨迹同步列表；其他条件/默认联动另见本行","不走TIMING_KEYS通用时间联动","onParam：实时模拟更新，灰度烘焙按自动/手动模式处理","","","[]","","本字段无曲线控件","","参数 / 当前层 / 星 / 点灭 / 亮相亮度 [strobeOn]","参数 / 当前层 / 星 / 点灭 / 亮相亮度 [strobeOn]","参数 / 当前层 / 星 / 点灭 / 亮相亮度 [strobeOn]","参数 / 当前层 / 星 / 事件与特性 / 亮相亮度 [strobeOn]","当前层 P；单层 wbSnap().P，多层 wbSnap().layers[i].P。保存/另存/切效果自动草稿及配方 JSON 保存完整快照。一次拖动/输入提交/选择为一步，全资产60步；输入框内快捷键留给文本撤销。切层/发射器不清历史，打开另一效果/版本重置。行/模块/发射器恢复到打开时与恢复模板默认不同。","tool/src/js/10_types.js:510","","tool/src/js/79_workbench.js:159; tool/src/js/79_undo.js:10","","4.6.0（5.0 第 1 步）加：以前写死在代码里，默认 = 原来的数。"
"SCHEMA-079","460-10-strobeOff","","strobeOff","P.strobeOff","P","当前效果 / 当前层 / 星","number","暗相亮度","点灭「灭」的时候还剩平时亮度的几倍；默认 0.03 = 以前写死的（几乎全灭）。","命名表说明（可能滞后）；当前条件/换算来自源码，冲突见覆盖报告","物理量","×","×","[0,1,0.01]","","0.03","P => familyOf(P.type) === 'aerial'","P => P.strobeHz > 0","[]","","[""type"",""strobeHz""]","本字段不在LINK_KEYS轨迹同步列表；其他条件/默认联动另见本行","不走TIMING_KEYS通用时间联动","onParam：实时模拟更新，灰度烘焙按自动/手动模式处理","","","[]","","本字段无曲线控件","","参数 / 当前层 / 星 / 点灭 / 暗相亮度 [strobeOff]","参数 / 当前层 / 星 / 点灭 / 暗相亮度 [strobeOff]","参数 / 当前层 / 星 / 点灭 / 暗相亮度 [strobeOff]","参数 / 当前层 / 星 / 事件与特性 / 暗相亮度 [strobeOff]","当前层 P；单层 wbSnap().P，多层 wbSnap().layers[i].P。保存/另存/切效果自动草稿及配方 JSON 保存完整快照。一次拖动/输入提交/选择为一步，全资产60步；输入框内快捷键留给文本撤销。切层/发射器不清历史，打开另一效果/版本重置。行/模块/发射器恢复到打开时与恢复模板默认不同。","tool/src/js/10_types.js:511","","tool/src/js/79_workbench.js:159; tool/src/js/79_undo.js:10","","4.6.0（5.0 第 1 步）加：以前写死在代码里，默认 = 原来的数。"
"SCHEMA-080","460-11-strobeHzJit","","strobeHzJit","P.strobeHzJit","P","当前效果 / 当前层 / 星","number","频率随机","每颗星的点灭频率在 1 ± 这个百分比之间均匀随机；默认 15% = 以前写死的。","命名表说明（可能滞后）；当前条件/换算来自源码，冲突见覆盖报告","物理量","%","%","[0,100,1]","","15","P => familyOf(P.type) === 'aerial'","P => P.strobeHz > 0","[]","","[""type"",""strobeHz""]","本字段不在LINK_KEYS轨迹同步列表；其他条件/默认联动另见本行","不走TIMING_KEYS通用时间联动","onParam：实时模拟更新，灰度烘焙按自动/手动模式处理","","strobeHz","[]","","本字段无曲线控件","","参数 / 当前层 / 星 / 点灭 / 频率随机 [strobeHzJit]","参数 / 当前层 / 星 / 点灭 / 频率 / 随机 / 频率随机 [strobeHzJit]","参数 / 当前层 / 星 / 点灭 / 频率 / 随机 / 频率随机 [strobeHzJit]","参数 / 当前层 / 星 / 事件与特性 / 频率 / 随机 / 频率随机 [strobeHzJit]","当前层 P；单层 wbSnap().P，多层 wbSnap().layers[i].P。保存/另存/切效果自动草稿及配方 JSON 保存完整快照。一次拖动/输入提交/选择为一步，全资产60步；输入框内快捷键留给文本撤销。切层/发射器不清历史，打开另一效果/版本重置。行/模块/发射器恢复到打开时与恢复模板默认不同。","tool/src/js/10_types.js:512","","tool/src/js/79_workbench.js:159; tool/src/js/79_undo.js:10","","4.6.0（5.0 第 1 步）加：以前写死在代码里，默认 = 原来的数。"
"SCHEMA-081","460-12-glitterDelayJit","","glitterDelayJit","P.glitterDelayJit","P","当前效果 / 当前层 / 火花","number","延迟随机","每粒火花闪光的时刻在「辉星闪光延迟」的 1 ± 这个百分比之间均匀随机；默认 50% = 以前的 0.5–1.5 倍。","命名表说明（可能滞后）；当前条件/换算来自源码，冲突见覆盖报告","物理量","%","%","[0,100,1]","","50","P => familyOf(P.type) === 'aerial'","P => P.glitter > 0","[]","","[""type"",""glitter""]","本字段不在LINK_KEYS轨迹同步列表；其他条件/默认联动另见本行","不走TIMING_KEYS通用时间联动","onParam：实时模拟更新，灰度烘焙按自动/手动模式处理","","glitterDelay","[]","","本字段无曲线控件","","参数 / 当前层 / 火花 / 辉星 / 延迟随机 [glitterDelayJit]","参数 / 当前层 / 火花 / 辉星 / 延迟 / 随机 / 延迟随机 [glitterDelayJit]","参数 / 当前层 / 火花 / 辉星 / 延迟 / 随机 / 延迟随机 [glitterDelayJit]","参数 / 当前层 / 火花 / 事件与特性 / 延迟 / 随机 / 延迟随机 [glitterDelayJit]","当前层 P；单层 wbSnap().P，多层 wbSnap().layers[i].P。保存/另存/切效果自动草稿及配方 JSON 保存完整快照。一次拖动/输入提交/选择为一步，全资产60步；输入框内快捷键留给文本撤销。切层/发射器不清历史，打开另一效果/版本重置。行/模块/发射器恢复到打开时与恢复模板默认不同。","tool/src/js/10_types.js:513","","tool/src/js/79_workbench.js:159; tool/src/js/79_undo.js:10","","4.6.0（5.0 第 1 步）加：以前写死在代码里，默认 = 原来的数。"
"SCHEMA-082","460-13-glitterW","","glitterW","P.glitterW","P","当前效果 / 当前层 / 火花","number","闪光宽度","每粒火花那一下闪光持续多久（高斯宽度）；默认 0.03 s = 以前写死的。","命名表说明（可能滞后）；当前条件/换算来自源码，冲突见覆盖报告","物理量","s","s","[0.005,0.3,0.005]","","0.03","P => familyOf(P.type) === 'aerial'","P => P.glitter > 0","[]","","[""type"",""glitter""]","本字段不在LINK_KEYS轨迹同步列表；其他条件/默认联动另见本行","不走TIMING_KEYS通用时间联动","onParam：实时模拟更新，灰度烘焙按自动/手动模式处理","","","[]","","本字段无曲线控件","","参数 / 当前层 / 火花 / 辉星 / 闪光宽度 [glitterW]","参数 / 当前层 / 火花 / 辉星 / 闪光宽度 [glitterW]","参数 / 当前层 / 火花 / 辉星 / 闪光宽度 [glitterW]","参数 / 当前层 / 火花 / 事件与特性 / 闪光宽度 [glitterW]","当前层 P；单层 wbSnap().P，多层 wbSnap().layers[i].P。保存/另存/切效果自动草稿及配方 JSON 保存完整快照。一次拖动/输入提交/选择为一步，全资产60步；输入框内快捷键留给文本撤销。切层/发射器不清历史，打开另一效果/版本重置。行/模块/发射器恢复到打开时与恢复模板默认不同。","tool/src/js/10_types.js:514","","tool/src/js/79_workbench.js:159; tool/src/js/79_undo.js:10","","4.6.0（5.0 第 1 步）加：以前写死在代码里，默认 = 原来的数。"
"SCHEMA-083","460-14-glitterPeak","","glitterPeak","P.glitterPeak","P","当前效果 / 当前层 / 火花","number","闪光亮度","闪光那一下是火花平时亮度的几倍（再乘「辉星」强度）；默认 6 = 以前写死的。","命名表说明（可能滞后）；当前条件/换算来自源码，冲突见覆盖报告","物理量","×","×","[0,20,0.1]","","6","P => familyOf(P.type) === 'aerial'","P => P.glitter > 0","[]","","[""type"",""glitter""]","本字段不在LINK_KEYS轨迹同步列表；其他条件/默认联动另见本行","不走TIMING_KEYS通用时间联动","onParam：实时模拟更新，灰度烘焙按自动/手动模式处理","","","[]","","本字段无曲线控件","","参数 / 当前层 / 火花 / 辉星 / 闪光亮度 [glitterPeak]","参数 / 当前层 / 火花 / 辉星 / 闪光亮度 [glitterPeak]","参数 / 当前层 / 火花 / 辉星 / 闪光亮度 [glitterPeak]","参数 / 当前层 / 火花 / 事件与特性 / 闪光亮度 [glitterPeak]","当前层 P；单层 wbSnap().P，多层 wbSnap().layers[i].P。保存/另存/切效果自动草稿及配方 JSON 保存完整快照。一次拖动/输入提交/选择为一步，全资产60步；输入框内快捷键留给文本撤销。切层/发射器不清历史，打开另一效果/版本重置。行/模块/发射器恢复到打开时与恢复模板默认不同。","tool/src/js/10_types.js:515","","tool/src/js/79_workbench.js:159; tool/src/js/79_undo.js:10","","4.6.0（5.0 第 1 步）加：以前写死在代码里，默认 = 原来的数。"
"SCHEMA-084","460-15-glitterDim","","glitterDim","P.glitterDim","P","当前效果 / 当前层 / 火花","number","闪前压暗","闪光以外的时间，火花亮度压掉多少（× 辉星强度）；默认 0.85 = 以前写死的。","命名表说明（可能滞后）；当前条件/换算来自源码，冲突见覆盖报告","物理量","1","1","[0,1,0.01]","","0.85","P => familyOf(P.type) === 'aerial'","P => P.glitter > 0","[]","","[""type"",""glitter""]","本字段不在LINK_KEYS轨迹同步列表；其他条件/默认联动另见本行","不走TIMING_KEYS通用时间联动","onParam：实时模拟更新，灰度烘焙按自动/手动模式处理","","","[]","","本字段无曲线控件","","参数 / 当前层 / 火花 / 辉星 / 闪前压暗 [glitterDim]","参数 / 当前层 / 火花 / 辉星 / 闪前压暗 [glitterDim]","参数 / 当前层 / 火花 / 辉星 / 闪前压暗 [glitterDim]","参数 / 当前层 / 火花 / 事件与特性 / 闪前压暗 [glitterDim]","当前层 P；单层 wbSnap().P，多层 wbSnap().layers[i].P。保存/另存/切效果自动草稿及配方 JSON 保存完整快照。一次拖动/输入提交/选择为一步，全资产60步；输入框内快捷键留给文本撤销。切层/发射器不清历史，打开另一效果/版本重置。行/模块/发射器恢复到打开时与恢复模板默认不同。","tool/src/js/10_types.js:516","","tool/src/js/79_workbench.js:159; tool/src/js/79_undo.js:10","","4.6.0（5.0 第 1 步）加：以前写死在代码里，默认 = 原来的数。"
"SCHEMA-085","460-16-branchLife","","branchLife","P.branchLife","P","当前效果 / 当前层 / 分叉火花","number","寿命","火花分叉出来的小火花亮多久；默认 0.16 s = 以前写死的。","命名表说明（可能滞后）；当前条件/换算来自源码，冲突见覆盖报告","物理量","s","s","[0.02,2,0.01]","","0.16","P => familyOf(P.type) === 'aerial'","P => P.branch > 0","[]","","[""type"",""branch""]","本字段不在LINK_KEYS轨迹同步列表；其他条件/默认联动另见本行","不走TIMING_KEYS通用时间联动","onParam：实时模拟更新，灰度烘焙按自动/手动模式处理","","","[]","","本字段无曲线控件","","参数 / 当前层 / 分叉火花 / 寿命 / 寿命 [branchLife]","参数 / 当前层 / 分叉火花 / 寿命 / 寿命 [branchLife]","参数 / 当前层 / 分叉火花 / 寿命 / 寿命 [branchLife]","参数 / 当前层 / 分叉火花 / 时序与数量 / 寿命 [branchLife]","当前层 P；单层 wbSnap().P，多层 wbSnap().layers[i].P。保存/另存/切效果自动草稿及配方 JSON 保存完整快照。一次拖动/输入提交/选择为一步，全资产60步；输入框内快捷键留给文本撤销。切层/发射器不清历史，打开另一效果/版本重置。行/模块/发射器恢复到打开时与恢复模板默认不同。","tool/src/js/10_types.js:517","","tool/src/js/79_workbench.js:159; tool/src/js/79_undo.js:10","","4.6.0（5.0 第 1 步）加：以前写死在代码里，默认 = 原来的数。"
"SCHEMA-086","460-17-branchLifeJit","","branchLifeJit","P.branchLifeJit","P","当前效果 / 当前层 / 分叉火花","number","寿命随机","分叉小火花的寿命在 1 ± 这个百分比之间均匀随机；默认 40% = 以前的 0.6–1.4 倍。","命名表说明（可能滞后）；当前条件/换算来自源码，冲突见覆盖报告","物理量","%","%","[0,100,1]","","40","P => familyOf(P.type) === 'aerial'","P => P.branch > 0","[]","","[""type"",""branch""]","本字段不在LINK_KEYS轨迹同步列表；其他条件/默认联动另见本行","不走TIMING_KEYS通用时间联动","onParam：实时模拟更新，灰度烘焙按自动/手动模式处理","","branchLife","[]","","本字段无曲线控件","","参数 / 当前层 / 分叉火花 / 寿命 / 寿命随机 [branchLifeJit]","参数 / 当前层 / 分叉火花 / 寿命 / 寿命 / 随机 / 寿命随机 [branchLifeJit]","参数 / 当前层 / 分叉火花 / 寿命 / 寿命 / 随机 / 寿命随机 [branchLifeJit]","参数 / 当前层 / 分叉火花 / 时序与数量 / 寿命 / 随机 / 寿命随机 [branchLifeJit]","当前层 P；单层 wbSnap().P，多层 wbSnap().layers[i].P。保存/另存/切效果自动草稿及配方 JSON 保存完整快照。一次拖动/输入提交/选择为一步，全资产60步；输入框内快捷键留给文本撤销。切层/发射器不清历史，打开另一效果/版本重置。行/模块/发射器恢复到打开时与恢复模板默认不同。","tool/src/js/10_types.js:518","","tool/src/js/79_workbench.js:159; tool/src/js/79_undo.js:10","","4.6.0（5.0 第 1 步）加：以前写死在代码里，默认 = 原来的数。"
"SCHEMA-087","460-18-branchV","","branchV","P.branchV","P","当前效果 / 当前层 / 分叉火花","number","甩出速度","分叉小火花往外甩的基础速度（再加 1.5 × 火花速度随机）；默认 4 m/s = 以前写死的。","命名表说明（可能滞后）；当前条件/换算来自源码，冲突见覆盖报告","物理量","m/s","m/s","[0,40,0.5]","","4","P => familyOf(P.type) === 'aerial'","P => P.branch > 0","[]","","[""type"",""branch""]","本字段不在LINK_KEYS轨迹同步列表；其他条件/默认联动另见本行","不走TIMING_KEYS通用时间联动","onParam：实时模拟更新，灰度烘焙按自动/手动模式处理","","","[]","","本字段无曲线控件","","参数 / 当前层 / 分叉火花 / 初速 / 甩出速度 [branchV]","参数 / 当前层 / 分叉火花 / 初速 / 甩出速度 [branchV]","参数 / 当前层 / 分叉火花 / 初速 / 甩出速度 [branchV]","参数 / 当前层 / 分叉火花 / 空间与运动 / 甩出速度 [branchV]","当前层 P；单层 wbSnap().P，多层 wbSnap().layers[i].P。保存/另存/切效果自动草稿及配方 JSON 保存完整快照。一次拖动/输入提交/选择为一步，全资产60步；输入框内快捷键留给文本撤销。切层/发射器不清历史，打开另一效果/版本重置。行/模块/发射器恢复到打开时与恢复模板默认不同。","tool/src/js/10_types.js:519","","tool/src/js/79_workbench.js:159; tool/src/js/79_undo.js:10","","4.6.0（5.0 第 1 步）加：以前写死在代码里，默认 = 原来的数。"
"SCHEMA-088","460-19-branchVJit","","branchVJit","P.branchVJit","P","当前效果 / 当前层 / 分叉火花","number","速度随机","甩出速度在 1 ± 这个百分比之间均匀随机；默认 40% = 以前的 0.6–1.4 倍。","命名表说明（可能滞后）；当前条件/换算来自源码，冲突见覆盖报告","物理量","%","%","[0,100,1]","","40","P => familyOf(P.type) === 'aerial'","P => P.branch > 0","[]","","[""type"",""branch""]","本字段不在LINK_KEYS轨迹同步列表；其他条件/默认联动另见本行","不走TIMING_KEYS通用时间联动","onParam：实时模拟更新，灰度烘焙按自动/手动模式处理","","branchV","[]","","本字段无曲线控件","","参数 / 当前层 / 分叉火花 / 初速 / 速度随机 [branchVJit]","参数 / 当前层 / 分叉火花 / 初速 / 甩出速度 / 随机 / 速度随机 [branchVJit]","参数 / 当前层 / 分叉火花 / 初速 / 甩出速度 / 随机 / 速度随机 [branchVJit]","参数 / 当前层 / 分叉火花 / 空间与运动 / 甩出速度 / 随机 / 速度随机 [branchVJit]","当前层 P；单层 wbSnap().P，多层 wbSnap().layers[i].P。保存/另存/切效果自动草稿及配方 JSON 保存完整快照。一次拖动/输入提交/选择为一步，全资产60步；输入框内快捷键留给文本撤销。切层/发射器不清历史，打开另一效果/版本重置。行/模块/发射器恢复到打开时与恢复模板默认不同。","tool/src/js/10_types.js:520","","tool/src/js/79_workbench.js:159; tool/src/js/79_undo.js:10","","4.6.0（5.0 第 1 步）加：以前写死在代码里，默认 = 原来的数。"
"SCHEMA-089","460-20-branchInh","","branchInh","P.branchInh","P","当前效果 / 当前层 / 分叉火花","number","继承速度","分叉那一刻，小火花带走原来火花速度的多少；默认 0.5 = 以前写死的。","命名表说明（可能滞后）；当前条件/换算来自源码，冲突见覆盖报告","物理量","1","1","[0,1,0.01]","","0.5","P => familyOf(P.type) === 'aerial'","P => P.branch > 0","[]","","[""type"",""branch""]","本字段不在LINK_KEYS轨迹同步列表；其他条件/默认联动另见本行","不走TIMING_KEYS通用时间联动","onParam：实时模拟更新，灰度烘焙按自动/手动模式处理","","","[]","","本字段无曲线控件","","参数 / 当前层 / 分叉火花 / 初速 / 继承速度 [branchInh]","参数 / 当前层 / 分叉火花 / 初速 / 继承速度 [branchInh]","参数 / 当前层 / 分叉火花 / 初速 / 继承速度 [branchInh]","参数 / 当前层 / 分叉火花 / 空间与运动 / 继承速度 [branchInh]","当前层 P；单层 wbSnap().P，多层 wbSnap().layers[i].P。保存/另存/切效果自动草稿及配方 JSON 保存完整快照。一次拖动/输入提交/选择为一步，全资产60步；输入框内快捷键留给文本撤销。切层/发射器不清历史，打开另一效果/版本重置。行/模块/发射器恢复到打开时与恢复模板默认不同。","tool/src/js/10_types.js:521","","tool/src/js/79_workbench.js:159; tool/src/js/79_undo.js:10","","4.6.0（5.0 第 1 步）加：以前写死在代码里，默认 = 原来的数。"
"SCHEMA-090","460-21-branchKd","","branchKd","P.branchKd","P","当前效果 / 当前层 / 分叉火花","number","阻力（× 火花）","分叉小火花的阻力是火花阻力的几倍；默认 1.5 = 以前写死的。","命名表说明（可能滞后）；当前条件/换算来自源码，冲突见覆盖报告","物理量","×","×","[0,5,0.05]","","1.5","P => familyOf(P.type) === 'aerial'","P => P.branch > 0","[]","","[""type"",""branch""]","本字段不在LINK_KEYS轨迹同步列表；其他条件/默认联动另见本行","不走TIMING_KEYS通用时间联动","onParam：实时模拟更新，灰度烘焙按自动/手动模式处理","","","[]","","本字段无曲线控件","","参数 / 当前层 / 分叉火花 / 受力 / 阻力（× 火花） [branchKd]","参数 / 当前层 / 分叉火花 / 受力 / 阻力（× 火花） [branchKd]","参数 / 当前层 / 分叉火花 / 受力 / 阻力（× 火花） [branchKd]","参数 / 当前层 / 分叉火花 / 空间与运动 / 阻力（× 火花） [branchKd]","当前层 P；单层 wbSnap().P，多层 wbSnap().layers[i].P。保存/另存/切效果自动草稿及配方 JSON 保存完整快照。一次拖动/输入提交/选择为一步，全资产60步；输入框内快捷键留给文本撤销。切层/发射器不清历史，打开另一效果/版本重置。行/模块/发射器恢复到打开时与恢复模板默认不同。","tool/src/js/10_types.js:522","","tool/src/js/79_workbench.js:159; tool/src/js/79_undo.js:10","","4.6.0（5.0 第 1 步）加：以前写死在代码里，默认 = 原来的数。"
"SCHEMA-091","460-22-branchT","","branchT","P.branchT","P","当前效果 / 当前层 / 分叉火花","number","温度（× 火花）","分叉那一刻小火花的温度是原来火花的几倍（越热越白越亮）；默认 1.08 = 以前写死的。","命名表说明（可能滞后）；当前条件/换算来自源码，冲突见覆盖报告","物理量","×","×","[0.5,1.5,0.01]","","1.08","P => familyOf(P.type) === 'aerial'","P => P.branch > 0","[]","","[""type"",""branch""]","本字段不在LINK_KEYS轨迹同步列表；其他条件/默认联动另见本行","不走TIMING_KEYS通用时间联动","onParam：实时模拟更新，灰度烘焙按自动/手动模式处理","","","[]","","本字段无曲线控件","","参数 / 当前层 / 分叉火花 / 颜色 / 温度（× 火花） [branchT]","参数 / 当前层 / 分叉火花 / 颜色 / 温度（× 火花） [branchT]","参数 / 当前层 / 分叉火花 / 颜色 / 温度（× 火花） [branchT]","参数 / 当前层 / 分叉火花 / 外观与颜色 / 温度（× 火花） [branchT]","当前层 P；单层 wbSnap().P，多层 wbSnap().layers[i].P。保存/另存/切效果自动草稿及配方 JSON 保存完整快照。一次拖动/输入提交/选择为一步，全资产60步；输入框内快捷键留给文本撤销。切层/发射器不清历史，打开另一效果/版本重置。行/模块/发射器恢复到打开时与恢复模板默认不同。","tool/src/js/10_types.js:523","","tool/src/js/79_workbench.js:159; tool/src/js/79_undo.js:10","","4.6.0（5.0 第 1 步）加：以前写死在代码里，默认 = 原来的数。"
"SCHEMA-092","460-23-branchBright","","branchBright","P.branchBright","P","当前效果 / 当前层 / 分叉火花","number","亮度","分叉小火花的亮度倍数；默认 1.8 = 以前写死的。","命名表说明（可能滞后）；当前条件/换算来自源码，冲突见覆盖报告","物理量","×","×","[0,6,0.05]","","1.8","P => familyOf(P.type) === 'aerial'","P => P.branch > 0","[]","","[""type"",""branch""]","本字段不在LINK_KEYS轨迹同步列表；其他条件/默认联动另见本行","不走TIMING_KEYS通用时间联动","onParam：实时模拟更新，灰度烘焙按自动/手动模式处理","","","[]","","本字段无曲线控件","","参数 / 当前层 / 分叉火花 / 亮度 / 亮度 [branchBright]","参数 / 当前层 / 分叉火花 / 亮度 / 亮度 [branchBright]","参数 / 当前层 / 分叉火花 / 亮度 / 亮度 [branchBright]","参数 / 当前层 / 分叉火花 / 外观与颜色 / 亮度 [branchBright]","当前层 P；单层 wbSnap().P，多层 wbSnap().layers[i].P。保存/另存/切效果自动草稿及配方 JSON 保存完整快照。一次拖动/输入提交/选择为一步，全资产60步；输入框内快捷键留给文本撤销。切层/发射器不清历史，打开另一效果/版本重置。行/模块/发射器恢复到打开时与恢复模板默认不同。","tool/src/js/10_types.js:524","","tool/src/js/79_workbench.js:159; tool/src/js/79_undo.js:10","","4.6.0（5.0 第 1 步）加：以前写死在代码里，默认 = 原来的数。"
"SCHEMA-093","460-24-branchFade","","branchFade","P.branchFade","P","当前效果 / 当前层 / 分叉火花","number","变暗（指数）","亮度按 (1 − 寿命比例)^这个数 变暗；默认 2 = 以前写死的。","命名表说明（可能滞后）；当前条件/换算来自源码，冲突见覆盖报告","物理量","1","1","[0.2,6,0.1]","","2","P => familyOf(P.type) === 'aerial'","P => P.branch > 0","[]","","[""type"",""branch""]","本字段不在LINK_KEYS轨迹同步列表；其他条件/默认联动另见本行","不走TIMING_KEYS通用时间联动","onParam：实时模拟更新，灰度烘焙按自动/手动模式处理","","","[]","","本字段无曲线控件","","参数 / 当前层 / 分叉火花 / 亮度 / 变暗（指数） [branchFade]","参数 / 当前层 / 分叉火花 / 亮度 / 变暗（指数） [branchFade]","参数 / 当前层 / 分叉火花 / 亮度 / 变暗（指数） [branchFade]","参数 / 当前层 / 分叉火花 / 外观与颜色 / 变暗（指数） [branchFade]","当前层 P；单层 wbSnap().P，多层 wbSnap().layers[i].P。保存/另存/切效果自动草稿及配方 JSON 保存完整快照。一次拖动/输入提交/选择为一步，全资产60步；输入框内快捷键留给文本撤销。切层/发射器不清历史，打开另一效果/版本重置。行/模块/发射器恢复到打开时与恢复模板默认不同。","tool/src/js/10_types.js:525","","tool/src/js/79_workbench.js:159; tool/src/js/79_undo.js:10","","4.6.0（5.0 第 1 步）加：以前写死在代码里，默认 = 原来的数。"
"SCHEMA-094","460-25-branchSize","","branchSize","P.branchSize","P","当前效果 / 当前层 / 分叉火花","number","大小（× 火花）","分叉小火花的大小是火花的几倍；默认 0.7 = 以前写死的。","命名表说明（可能滞后）；当前条件/换算来自源码，冲突见覆盖报告","物理量","×","×","[0.1,3,0.01]","","0.7","P => familyOf(P.type) === 'aerial'","P => P.branch > 0","[]","","[""type"",""branch""]","本字段不在LINK_KEYS轨迹同步列表；其他条件/默认联动另见本行","不走TIMING_KEYS通用时间联动","onParam：实时模拟更新，灰度烘焙按自动/手动模式处理","","","[]","","本字段无曲线控件","","参数 / 当前层 / 分叉火花 / 大小 / 大小（× 火花） [branchSize]","参数 / 当前层 / 分叉火花 / 大小 / 大小（× 火花） [branchSize]","参数 / 当前层 / 分叉火花 / 大小 / 大小（× 火花） [branchSize]","参数 / 当前层 / 分叉火花 / 外观与颜色 / 大小（× 火花） [branchSize]","当前层 P；单层 wbSnap().P，多层 wbSnap().layers[i].P。保存/另存/切效果自动草稿及配方 JSON 保存完整快照。一次拖动/输入提交/选择为一步，全资产60步；输入框内快捷键留给文本撤销。切层/发射器不清历史，打开另一效果/版本重置。行/模块/发射器恢复到打开时与恢复模板默认不同。","tool/src/js/10_types.js:526","","tool/src/js/79_workbench.js:159; tool/src/js/79_undo.js:10","","4.6.0（5.0 第 1 步）加：以前写死在代码里，默认 = 原来的数。"
"SCHEMA-095","460-92-branchBrightCurve","","branchBrightCurve","P.branchBrightCurve","P","当前效果 / 当前层 / 分叉火花","curve","随寿命","分叉小火花的亮度随它的寿命变化（在变暗指数之上再乘）。几行「时刻:倍数」，时刻是寿命的比例 0–1，在原来的变化上再乘这条曲线；空 = 不乘（和以前一样）。例「0:0.3, 0.2:1, 1:1」= 刚出来小、很快长到正常。","命名表说明（可能滞后）；当前条件/换算来自源码，冲突见覆盖报告","物理量","×（随寿命）","×（随寿命）","","","","P => familyOf(P.type) === 'aerial'","P => P.branch > 0","[]","","[""type"",""branch""]","本字段不在LINK_KEYS轨迹同步列表；其他条件/默认联动另见本行","不走TIMING_KEYS通用时间联动","onParam：实时模拟更新，灰度烘焙按自动/手动模式处理","","","[]","","0–1单粒寿命，文本提交 + 只读折线/表；空=×1；不支持拖点","","参数 / 当前层 / 分叉火花 / 亮度 / 随寿命 [branchBrightCurve]","参数 / 当前层 / 分叉火花 / 亮度 / 随寿命 [branchBrightCurve]","参数 / 当前层 / 分叉火花 / 亮度 / 随寿命 [branchBrightCurve]","参数 / 当前层 / 分叉火花 / 外观与颜色 / 随寿命 [branchBrightCurve]","当前层 P；单层 wbSnap().P，多层 wbSnap().layers[i].P。保存/另存/切效果自动草稿及配方 JSON 保存完整快照。一次拖动/输入提交/选择为一步，全资产60步；输入框内快捷键留给文本撤销。切层/发射器不清历史，打开另一效果/版本重置。行/模块/发射器恢复到打开时与恢复模板默认不同。 注意：rowChanged仅处理数值/select/text，现曲线不计行/模块“改过”、无独立行尾还原按钮；全资产撤销可恢复曲线文本。不伪称这些行级状态已实现。","tool/src/js/10_types.js:527","","tool/src/js/79_workbench.js:159; tool/src/js/79_undo.js:10","","4.6.0（5.0 第 1 步）加：以前写死在代码里，默认 = 原来的数。"
"SCHEMA-096","460-93-crackleSizeCurve","","crackleSizeCurve","P.crackleSizeCurve","P","当前效果 / 当前层 / 爆裂","curve","随寿命","每个小闪的大小随它的寿命变化。几行「时刻:倍数」，时刻是寿命的比例 0–1，在原来的变化上再乘这条曲线；空 = 不乘（和以前一样）。例「0:0.3, 0.2:1, 1:1」= 刚出来小、很快长到正常。","命名表说明（可能滞后）；当前条件/换算来自源码，冲突见覆盖报告","物理量","×（随寿命）","×（随寿命）","","","","P => familyOf(P.type) === 'aerial'","P => P.crackle > 0","[]","","[""type"",""crackle""]","本字段不在LINK_KEYS轨迹同步列表；其他条件/默认联动另见本行","不走TIMING_KEYS通用时间联动","onParam：实时模拟更新，灰度烘焙按自动/手动模式处理","","","[]","","0–1单粒寿命，文本提交 + 只读折线/表；空=×1；不支持拖点","","参数 / 当前层 / 爆裂 / 大小 / 随寿命 [crackleSizeCurve]","参数 / 当前层 / 爆裂 / 大小 / 随寿命 [crackleSizeCurve]","参数 / 当前层 / 爆裂 / 大小 / 随寿命 [crackleSizeCurve]","参数 / 当前层 / 爆裂 / 外观与颜色 / 随寿命 [crackleSizeCurve]","当前层 P；单层 wbSnap().P，多层 wbSnap().layers[i].P。保存/另存/切效果自动草稿及配方 JSON 保存完整快照。一次拖动/输入提交/选择为一步，全资产60步；输入框内快捷键留给文本撤销。切层/发射器不清历史，打开另一效果/版本重置。行/模块/发射器恢复到打开时与恢复模板默认不同。 注意：rowChanged仅处理数值/select/text，现曲线不计行/模块“改过”、无独立行尾还原按钮；全资产撤销可恢复曲线文本。不伪称这些行级状态已实现。","tool/src/js/10_types.js:528","","tool/src/js/79_workbench.js:159; tool/src/js/79_undo.js:10","","4.6.0（5.0 第 1 步）加：以前写死在代码里，默认 = 原来的数。"
"SCHEMA-097","460-94-crackleBrightCurve","","crackleBrightCurve","P.crackleBrightCurve","P","当前效果 / 当前层 / 爆裂","curve","随寿命","每个小闪的亮度随它的寿命变化（在衰减之上再乘）。几行「时刻:倍数」，时刻是寿命的比例 0–1，在原来的变化上再乘这条曲线；空 = 不乘（和以前一样）。例「0:0.3, 0.2:1, 1:1」= 刚出来小、很快长到正常。","命名表说明（可能滞后）；当前条件/换算来自源码，冲突见覆盖报告","物理量","×（随寿命）","×（随寿命）","","","","P => familyOf(P.type) === 'aerial'","P => P.crackle > 0","[]","","[""type"",""crackle""]","本字段不在LINK_KEYS轨迹同步列表；其他条件/默认联动另见本行","不走TIMING_KEYS通用时间联动","onParam：实时模拟更新，灰度烘焙按自动/手动模式处理","","","[]","","0–1单粒寿命，文本提交 + 只读折线/表；空=×1；不支持拖点","","参数 / 当前层 / 爆裂 / 亮度 / 随寿命 [crackleBrightCurve]","参数 / 当前层 / 爆裂 / 亮度 / 随寿命 [crackleBrightCurve]","参数 / 当前层 / 爆裂 / 亮度 / 随寿命 [crackleBrightCurve]","参数 / 当前层 / 爆裂 / 外观与颜色 / 随寿命 [crackleBrightCurve]","当前层 P；单层 wbSnap().P，多层 wbSnap().layers[i].P。保存/另存/切效果自动草稿及配方 JSON 保存完整快照。一次拖动/输入提交/选择为一步，全资产60步；输入框内快捷键留给文本撤销。切层/发射器不清历史，打开另一效果/版本重置。行/模块/发射器恢复到打开时与恢复模板默认不同。 注意：rowChanged仅处理数值/select/text，现曲线不计行/模块“改过”、无独立行尾还原按钮；全资产撤销可恢复曲线文本。不伪称这些行级状态已实现。","tool/src/js/10_types.js:529","","tool/src/js/79_workbench.js:159; tool/src/js/79_undo.js:10","","4.6.0（5.0 第 1 步）加：以前写死在代码里，默认 = 原来的数。"
"SCHEMA-098","460-99-branchSizeCurve","","branchSizeCurve","P.branchSizeCurve","P","当前效果 / 当前层 / 分叉火花","curve","随寿命","分叉小火花的大小随它的寿命变化（在「分叉火花大小」之上再乘）。几行「时刻:倍数」，时刻是寿命的比例 0–1，在原来的变化上再乘这条曲线；空 = 不乘（和以前一样）。例「0:0.3, 0.2:1, 1:1」= 刚出来小、很快长到正常。","命名表说明（可能滞后）；当前条件/换算来自源码，冲突见覆盖报告","物理量","×（随寿命）","×（随寿命）","","","","P => familyOf(P.type) === 'aerial'","P => P.branch > 0","[]","","[""type"",""branch""]","本字段不在LINK_KEYS轨迹同步列表；其他条件/默认联动另见本行","不走TIMING_KEYS通用时间联动","onParam：实时模拟更新，灰度烘焙按自动/手动模式处理","","","[]","","0–1单粒寿命，文本提交 + 只读折线/表；空=×1；不支持拖点","","参数 / 当前层 / 分叉火花 / 大小 / 随寿命 [branchSizeCurve]","参数 / 当前层 / 分叉火花 / 大小 / 随寿命 [branchSizeCurve]","参数 / 当前层 / 分叉火花 / 大小 / 随寿命 [branchSizeCurve]","参数 / 当前层 / 分叉火花 / 外观与颜色 / 随寿命 [branchSizeCurve]","当前层 P；单层 wbSnap().P，多层 wbSnap().layers[i].P。保存/另存/切效果自动草稿及配方 JSON 保存完整快照。一次拖动/输入提交/选择为一步，全资产60步；输入框内快捷键留给文本撤销。切层/发射器不清历史，打开另一效果/版本重置。行/模块/发射器恢复到打开时与恢复模板默认不同。 注意：rowChanged仅处理数值/select/text，现曲线不计行/模块“改过”、无独立行尾还原按钮；全资产撤销可恢复曲线文本。不伪称这些行级状态已实现。","tool/src/js/10_types.js:530","","tool/src/js/79_workbench.js:159; tool/src/js/79_undo.js:10","","4.9.4（5.0，交互宪章 5）加：按寿命曲线，空 = 不乘，画面不变。"
"SCHEMA-099","030-headSize","","headSize","P.headSize","P","当前效果 / 当前层 / 星","number","大小","星头亮核的直径（米，4.0）；3.7 里是高斯颗粒的宽度（2σ）。","命名表说明（可能滞后）；当前条件/换算来自源码，冲突见覆盖报告","引擎字段","m","m","[0.15,6,0.05]","","1","P => !isTrail(P) && !isPhys(P) && !isEmit(P)","无字段级条件","[{""when"":""P => !(+P.headBright > 0)"",""reason"":""「星头亮度」是 0（星头不发光，只有尾迹 / 火花）时不起作用""}]","","[""headBright""]","本字段不在LINK_KEYS轨迹同步列表；其他条件/默认联动另见本行","不走TIMING_KEYS通用时间联动","onParam：实时模拟更新，灰度烘焙按自动/手动模式处理","","","[]","","本字段无曲线控件","","参数 / 当前层 / 星 / 大小 / 大小 [headSize]","参数 / 当前层 / 星 / 大小 / 大小 [headSize]","参数 / 当前层 / 星 / 大小 / 大小 [headSize]","参数 / 当前层 / 星 / 外观与颜色 / 大小 [headSize]","当前层 P；单层 wbSnap().P，多层 wbSnap().layers[i].P。保存/另存/切效果自动草稿及配方 JSON 保存完整快照。一次拖动/输入提交/选择为一步，全资产60步；输入框内快捷键留给文本撤销。切层/发射器不清历史，打开另一效果/版本重置。行/模块/发射器恢复到打开时与恢复模板默认不同。","tool/src/js/10_types.js:533","","tool/src/js/79_workbench.js:159; tool/src/js/79_undo.js:10","20_sim.js:363 sz = headSize（kind 1 / 6 × 0.8）；41_particles40.js:1-12 4.0 = 亮核直径、I 是面亮度；40_gl.js:29 3.7 σ = size/2；67_fwlcombo.js:116、124 光点 size [0.85, 1.15]×","千轮 / 分裂的母星 × 0.8，倒影 × 1.3；光晕在「曝光光晕」里另调。号数会改它。地面类、上升也用它（灯芯、喷口、弹体星头）。"
"SCHEMA-100","4950-01-headSizeJit","","headSizeJit","P.headSizeJit","P","当前效果 / 当前层 / 星","number","大小随机","每颗星的星头一个固定的大小倍数（对数正态，σ = 0.6 × 这个数），平均大小不变：有的星头大、有的小。","命名表说明（可能滞后）；当前条件/换算来自源码，冲突见覆盖报告","物理量","1","1","[0,1,0.01]","","0","P => !isTrail(P) && !isPhys(P) && !isEmit(P)","P => familyOf(P.type) === 'aerial'","[]","","[""type""]","本字段不在LINK_KEYS轨迹同步列表；其他条件/默认联动另见本行","不走TIMING_KEYS通用时间联动","onParam：实时模拟更新，灰度烘焙按自动/手动模式处理","","headSize","[]","","本字段无曲线控件","","参数 / 当前层 / 星 / 大小 / 大小随机 [headSizeJit]","参数 / 当前层 / 星 / 大小 / 大小 / 随机 / 大小随机 [headSizeJit]","参数 / 当前层 / 星 / 大小 / 大小 / 随机 / 大小随机 [headSizeJit]","参数 / 当前层 / 星 / 外观与颜色 / 大小 / 随机 / 大小随机 [headSizeJit]","当前层 P；单层 wbSnap().P，多层 wbSnap().layers[i].P。保存/另存/切效果自动草稿及配方 JSON 保存完整快照。一次拖动/输入提交/选择为一步，全资产60步；输入框内快捷键留给文本撤销。切层/发射器不清历史，打开另一效果/版本重置。行/模块/发射器恢复到打开时与恢复模板默认不同。","tool/src/js/10_types.js:535","","tool/src/js/79_workbench.js:159; tool/src/js/79_undo.js:10","20_sim.js headShapeOf / headShapePush；41_particles40.js hexFS40 / spkStretchVS40；W33","4.9.50（对话框23，用户 10-08 15:56「它的亮核就不是所有都是圆形的……星头大小还无法随机」，16:2x 选拖影亮结 / 边缘起伏 / 双核 / 六边形）加；默认 0 = 以前逐像素不变。"
"SCHEMA-101","4950-02-headStretch","","headStretch","P.headStretch","P","当前效果 / 当前层 / 星","number","拉长","星头沿运动方向拉成短拖影，长度 = 这个数 × 星的速度 × 1/30 s（1 = 30 fps 一帧的相机拖影），拖在星的后面；跑得快拉得长、慢下来变圆。总光量不变：拉得越长，面亮度越低。","命名表说明（可能滞后）；当前条件/换算来自源码，冲突见覆盖报告","物理量","1","1","[0,3,0.01]","","0","P => !isTrail(P) && !isPhys(P) && !isEmit(P)","P => familyOf(P.type) === 'aerial'","[]","","[""type""]","本字段不在LINK_KEYS轨迹同步列表；其他条件/默认联动另见本行","不走TIMING_KEYS通用时间联动","onParam：实时模拟更新，灰度烘焙按自动/手动模式处理","","","[]","","本字段无曲线控件","","参数 / 当前层 / 星 / 大小 / 拉长 [headStretch]","参数 / 当前层 / 星 / 大小 / 拉长 [headStretch]","参数 / 当前层 / 星 / 大小 / 拉长 [headStretch]","参数 / 当前层 / 星 / 外观与颜色 / 拉长 [headStretch]","当前层 P；单层 wbSnap().P，多层 wbSnap().layers[i].P。保存/另存/切效果自动草稿及配方 JSON 保存完整快照。一次拖动/输入提交/选择为一步，全资产60步；输入框内快捷键留给文本撤销。切层/发射器不清历史，打开另一效果/版本重置。行/模块/发射器恢复到打开时与恢复模板默认不同。","tool/src/js/10_types.js:536","","tool/src/js/79_workbench.js:159; tool/src/js/79_undo.js:10","20_sim.js headShapeOf / headShapePush；41_particles40.js hexFS40 / spkStretchVS40；W33","4.9.50（对话框23，用户 10-08 15:56「它的亮核就不是所有都是圆形的……星头大小还无法随机」，16:2x 选拖影亮结 / 边缘起伏 / 双核 / 六边形）加；默认 0 = 以前逐像素不变。"
"SCHEMA-102","4950-03-headStretchJit","","headStretchJit","P.headStretchJit","P","当前效果 / 当前层 / 星","number","拉长随机","每颗星的拉长一个固定倍数（对数正态，σ = 0.6 × 这个数）：有的拖得长、有的短。拉长 > 0 才起作用。","命名表说明（可能滞后）；当前条件/换算来自源码，冲突见覆盖报告","物理量","1","1","[0,1,0.01]","","0","P => !isTrail(P) && !isPhys(P) && !isEmit(P)","P => isAir(P) && +P.headStretch > 0","[]","","[""headStretch""]","本字段不在LINK_KEYS轨迹同步列表；其他条件/默认联动另见本行","不走TIMING_KEYS通用时间联动","onParam：实时模拟更新，灰度烘焙按自动/手动模式处理","","headStretch","[]","","本字段无曲线控件","","参数 / 当前层 / 星 / 大小 / 拉长随机 [headStretchJit]","参数 / 当前层 / 星 / 大小 / 拉长 / 随机 / 拉长随机 [headStretchJit]","参数 / 当前层 / 星 / 大小 / 拉长 / 随机 / 拉长随机 [headStretchJit]","参数 / 当前层 / 星 / 外观与颜色 / 拉长 / 随机 / 拉长随机 [headStretchJit]","当前层 P；单层 wbSnap().P，多层 wbSnap().layers[i].P。保存/另存/切效果自动草稿及配方 JSON 保存完整快照。一次拖动/输入提交/选择为一步，全资产60步；输入框内快捷键留给文本撤销。切层/发射器不清历史，打开另一效果/版本重置。行/模块/发射器恢复到打开时与恢复模板默认不同。","tool/src/js/10_types.js:537","","tool/src/js/79_workbench.js:159; tool/src/js/79_undo.js:10","20_sim.js headShapeOf / headShapePush；41_particles40.js hexFS40 / spkStretchVS40；W33","4.9.50（对话框23，用户 10-08 15:56「它的亮核就不是所有都是圆形的……星头大小还无法随机」，16:2x 选拖影亮结 / 边缘起伏 / 双核 / 六边形）加；默认 0 = 以前逐像素不变。"
"SCHEMA-103","4950-04-headKnots","","headKnots","P.headKnots","P","当前效果 / 当前层 / 星","number","拖影亮结","拖影里的亮度一节一节不匀（像星燃烧时喷一下、暗一下），每颗星不同、随时间走。拉长 > 0 才起作用。","命名表说明（可能滞后）；当前条件/换算来自源码，冲突见覆盖报告","物理量","1","1","[0,1,0.01]","","0","P => !isTrail(P) && !isPhys(P) && !isEmit(P)","P => isAir(P) && +P.headStretch > 0","[]","","[""headStretch""]","本字段不在LINK_KEYS轨迹同步列表；其他条件/默认联动另见本行","不走TIMING_KEYS通用时间联动","onParam：实时模拟更新，灰度烘焙按自动/手动模式处理","","","[]","","本字段无曲线控件","","参数 / 当前层 / 星 / 大小 / 拖影亮结 [headKnots]","参数 / 当前层 / 星 / 大小 / 拖影亮结 [headKnots]","参数 / 当前层 / 星 / 大小 / 拖影亮结 [headKnots]","参数 / 当前层 / 星 / 外观与颜色 / 拖影亮结 [headKnots]","当前层 P；单层 wbSnap().P，多层 wbSnap().layers[i].P。保存/另存/切效果自动草稿及配方 JSON 保存完整快照。一次拖动/输入提交/选择为一步，全资产60步；输入框内快捷键留给文本撤销。切层/发射器不清历史，打开另一效果/版本重置。行/模块/发射器恢复到打开时与恢复模板默认不同。","tool/src/js/10_types.js:538","","tool/src/js/79_workbench.js:159; tool/src/js/79_undo.js:10","20_sim.js headShapeOf / headShapePush；41_particles40.js hexFS40 / spkStretchVS40；W33","4.9.50（对话框23，用户 10-08 15:56「它的亮核就不是所有都是圆形的……星头大小还无法随机」，16:2x 选拖影亮结 / 边缘起伏 / 双核 / 六边形）加；默认 0 = 以前逐像素不变。"
"SCHEMA-104","4950-05-headLumpy","","headLumpy","P.headLumpy","P","当前效果 / 当前层 / 星","number","边缘起伏","亮核边上贴 3–6 个小鼓包，离中心的远近和大小随时间慢慢变：近看是毛边的一块，不是正圆。","命名表说明（可能滞后）；当前条件/换算来自源码，冲突见覆盖报告","物理量","1","1","[0,1,0.01]","","0","P => !isTrail(P) && !isPhys(P) && !isEmit(P)","P => familyOf(P.type) === 'aerial'","[]","","[""type""]","本字段不在LINK_KEYS轨迹同步列表；其他条件/默认联动另见本行","不走TIMING_KEYS通用时间联动","onParam：实时模拟更新，灰度烘焙按自动/手动模式处理","","","[]","","本字段无曲线控件","","参数 / 当前层 / 星 / 大小 / 边缘起伏 [headLumpy]","参数 / 当前层 / 星 / 大小 / 边缘起伏 [headLumpy]","参数 / 当前层 / 星 / 大小 / 边缘起伏 [headLumpy]","参数 / 当前层 / 星 / 外观与颜色 / 边缘起伏 [headLumpy]","当前层 P；单层 wbSnap().P，多层 wbSnap().layers[i].P。保存/另存/切效果自动草稿及配方 JSON 保存完整快照。一次拖动/输入提交/选择为一步，全资产60步；输入框内快捷键留给文本撤销。切层/发射器不清历史，打开另一效果/版本重置。行/模块/发射器恢复到打开时与恢复模板默认不同。","tool/src/js/10_types.js:539","","tool/src/js/79_workbench.js:159; tool/src/js/79_undo.js:10","20_sim.js headShapeOf / headShapePush；41_particles40.js hexFS40 / spkStretchVS40；W33","4.9.50（对话框23，用户 10-08 15:56「它的亮核就不是所有都是圆形的……星头大小还无法随机」，16:2x 选拖影亮结 / 边缘起伏 / 双核 / 六边形）加；默认 0 = 以前逐像素不变。"
"SCHEMA-105","4950-06-headDouble","","headDouble","P.headDouble","P","当前效果 / 当前层 / 星","number","双核","这么多比例的星，亮核由两个错开的小核拼成（第二个核错开 0.45–0.85 个直径，方向慢慢转），像两个点挤在一起。","命名表说明（可能滞后）；当前条件/换算来自源码，冲突见覆盖报告","物理量","1","1","[0,1,0.01]","","0","P => !isTrail(P) && !isPhys(P) && !isEmit(P)","P => familyOf(P.type) === 'aerial'","[]","","[""type""]","本字段不在LINK_KEYS轨迹同步列表；其他条件/默认联动另见本行","不走TIMING_KEYS通用时间联动","onParam：实时模拟更新，灰度烘焙按自动/手动模式处理","","","[]","","本字段无曲线控件","","参数 / 当前层 / 星 / 大小 / 双核 [headDouble]","参数 / 当前层 / 星 / 大小 / 双核 [headDouble]","参数 / 当前层 / 星 / 大小 / 双核 [headDouble]","参数 / 当前层 / 星 / 外观与颜色 / 双核 [headDouble]","当前层 P；单层 wbSnap().P，多层 wbSnap().layers[i].P。保存/另存/切效果自动草稿及配方 JSON 保存完整快照。一次拖动/输入提交/选择为一步，全资产60步；输入框内快捷键留给文本撤销。切层/发射器不清历史，打开另一效果/版本重置。行/模块/发射器恢复到打开时与恢复模板默认不同。","tool/src/js/10_types.js:540","","tool/src/js/79_workbench.js:159; tool/src/js/79_undo.js:10","20_sim.js headShapeOf / headShapePush；41_particles40.js hexFS40 / spkStretchVS40；W33","4.9.50（对话框23，用户 10-08 15:56「它的亮核就不是所有都是圆形的……星头大小还无法随机」，16:2x 选拖影亮结 / 边缘起伏 / 双核 / 六边形）加；默认 0 = 以前逐像素不变。"
"SCHEMA-106","4950-07-headHex","","headHex","P.headHex","P","当前效果 / 当前层 / 星","number","六边形","亮核从圆（0）变到六边形（1），面积不变；像镜头光圈拍出来的样子，这一层所有亮点（星头、爆裂小闪）同一个朝向。亮核小于 3 个像素时看不出来。","命名表说明（可能滞后）；当前条件/换算来自源码，冲突见覆盖报告","物理量","1","1","[0,1,0.01]","","0","P => !isTrail(P) && !isPhys(P) && !isEmit(P)","P => familyOf(P.type) === 'aerial'","[]","","[""type""]","本字段不在LINK_KEYS轨迹同步列表；其他条件/默认联动另见本行","不走TIMING_KEYS通用时间联动","onParam：实时模拟更新，灰度烘焙按自动/手动模式处理","","","[]","","本字段无曲线控件","","参数 / 当前层 / 星 / 大小 / 六边形 [headHex]","参数 / 当前层 / 星 / 大小 / 六边形 [headHex]","参数 / 当前层 / 星 / 大小 / 六边形 [headHex]","参数 / 当前层 / 星 / 外观与颜色 / 六边形 [headHex]","当前层 P；单层 wbSnap().P，多层 wbSnap().layers[i].P。保存/另存/切效果自动草稿及配方 JSON 保存完整快照。一次拖动/输入提交/选择为一步，全资产60步；输入框内快捷键留给文本撤销。切层/发射器不清历史，打开另一效果/版本重置。行/模块/发射器恢复到打开时与恢复模板默认不同。","tool/src/js/10_types.js:541","","tool/src/js/79_workbench.js:159; tool/src/js/79_undo.js:10","20_sim.js headShapeOf / headShapePush；41_particles40.js hexFS40 / spkStretchVS40；W33","4.9.50（对话框23，用户 10-08 15:56「它的亮核就不是所有都是圆形的……星头大小还无法随机」，16:2x 选拖影亮结 / 边缘起伏 / 双核 / 六边形）加；默认 0 = 以前逐像素不变。"
"SCHEMA-107","4950-08-headHexRot","","headHexRot","P.headHexRot","P","当前效果 / 当前层 / 星","number","六边形转角","六边形的朝向（0 = 上下是平边）。六边形 > 0 才起作用。","命名表说明（可能滞后）；当前条件/换算来自源码，冲突见覆盖报告","物理量","°","°","[0,60,1]","","0","P => !isTrail(P) && !isPhys(P) && !isEmit(P)","P => isAir(P) && +P.headHex > 0","[]","","[""headHex""]","本字段不在LINK_KEYS轨迹同步列表；其他条件/默认联动另见本行","不走TIMING_KEYS通用时间联动","onParam：实时模拟更新，灰度烘焙按自动/手动模式处理","","","[]","","本字段无曲线控件","","参数 / 当前层 / 星 / 大小 / 六边形转角 [headHexRot]","参数 / 当前层 / 星 / 大小 / 六边形转角 [headHexRot]","参数 / 当前层 / 星 / 大小 / 六边形转角 [headHexRot]","参数 / 当前层 / 星 / 外观与颜色 / 六边形转角 [headHexRot]","当前层 P；单层 wbSnap().P，多层 wbSnap().layers[i].P。保存/另存/切效果自动草稿及配方 JSON 保存完整快照。一次拖动/输入提交/选择为一步，全资产60步；输入框内快捷键留给文本撤销。切层/发射器不清历史，打开另一效果/版本重置。行/模块/发射器恢复到打开时与恢复模板默认不同。","tool/src/js/10_types.js:542","","tool/src/js/79_workbench.js:159; tool/src/js/79_undo.js:10","20_sim.js headShapeOf / headShapePush；41_particles40.js hexFS40 / spkStretchVS40；W33","4.9.50（对话框23，用户 10-08 15:56「它的亮核就不是所有都是圆形的……星头大小还无法随机」，16:2x 选拖影亮结 / 边缘起伏 / 双核 / 六边形）加；默认 0 = 以前逐像素不变。"
"SCHEMA-108","031-headBright","","headBright","P.headBright","P","当前效果 / 当前层 / 星","number","亮度","星头发光的亮度倍数；0 = 星头不亮，只剩尾迹火花。","命名表说明（可能滞后）；当前条件/换算来自源码，冲突见覆盖报告","物理量","×","×","[0,3,0.05]","","1","P => !isTrail(P) && !isPhys(P) && !isEmit(P)","无字段级条件","[]","","[]","本字段不在LINK_KEYS轨迹同步列表；其他条件/默认联动另见本行","不走TIMING_KEYS通用时间联动","onParam：实时模拟更新，灰度烘焙按自动/手动模式处理","","","[]","","本字段无曲线控件","","参数 / 当前层 / 星 / 亮度 / 亮度 [headBright]","参数 / 当前层 / 星 / 亮度 / 亮度 [headBright]","参数 / 当前层 / 星 / 亮度 / 亮度 [headBright]","参数 / 当前层 / 星 / 外观与颜色 / 亮度 [headBright]","当前层 P；单层 wbSnap().P，多层 wbSnap().layers[i].P。保存/另存/切效果自动草稿及配方 JSON 保存完整快照。一次拖动/输入提交/选择为一步，全资产60步；输入框内快捷键留给文本撤销。切层/发射器不清历史，打开另一效果/版本重置。行/模块/发射器恢复到打开时与恢复模板默认不同。","tool/src/js/10_types.js:543","","tool/src/js/79_workbench.js:159; tool/src/js/79_undo.js:10","20_sim.js:159 s.I = headBright（母星 × carrierHead）、353 headI 乘 s.I；40_gl.js:552-554 combGain（3.7 合并输出自动曝光后乘回）；67_fwlcombo.js:111、116；79_workbench.js:65","不影响火花（火花亮度另调）。千轮 / 分裂母星再乘「子弹亮度」（默认 0.4）。为 0 时 PC 不能用 GPU 光点导出。合并输出时它和火花亮度一起决定星头与尾迹的明暗比例。"
"SCHEMA-109","4958-00-headHaloOwn","","headHaloOwn","P.headHaloOwn","P","当前效果 / 当前层 / 星","select","星头光晕","跟这一层：星头和火花、自定义发射器光点共用「光点与曝光」的光晕占比 / 半径（以前）。星头单独：星头用下面两项，火花照旧用层的——星头要一大团柔光、火花又不想糊时用。","命名表说明（可能滞后）；当前条件/换算来自源码，冲突见覆盖报告","引擎字段","选项","选项","","[[0,""跟这一层（光点与曝光，火花也一样）""],[1,""星头单独设（火花照旧）""]]","0","P => !isTrail(P) && !isPhys(P) && !isEmit(P)","P => familyOf(P.type) === 'aerial'","[]","","[""type""]","本字段不在LINK_KEYS轨迹同步列表；其他条件/默认联动另见本行","不走TIMING_KEYS通用时间联动","onParam：实时模拟更新，灰度烘焙按自动/手动模式处理","","","[]","","本字段无曲线控件","","参数 / 当前层 / 星 / 大小 / 星头光晕 [headHaloOwn]","参数 / 当前层 / 星 / 大小 / 星头光晕 [headHaloOwn]","参数 / 当前层 / 星 / 大小 / 星头光晕 [headHaloOwn]","参数 / 当前层 / 星 / 外观与颜色 / 星头光晕 [headHaloOwn]","当前层 P；单层 wbSnap().P，多层 wbSnap().layers[i].P。保存/另存/切效果自动草稿及配方 JSON 保存完整快照。一次拖动/输入提交/选择为一步，全资产60步；输入框内快捷键留给文本撤销。切层/发射器不清历史，打开另一效果/版本重置。行/模块/发射器恢复到打开时与恢复模板默认不同。","tool/src/js/10_types.js:545","","tool/src/js/79_workbench.js:159; tool/src/js/79_undo.js:10","05_quality.js qualityOf headHalo；40_gl.js drawHeads [0, gHead)；20_sim.js gather gHead","4.9.58 星头单独光晕（对话框FanGold，用户 10-09 21:48 批，火花发射器补全第 2 部分）：缺省 = 跟这一层（逐像素不变）。只在空中花型起作用。"
"SCHEMA-110","4958-01-headHaloFrac","","headHaloFrac","P.headHaloFrac","P","当前效果 / 当前层 / 星","number","星头光晕占比","「星头光晕 = 星头单独」时星头的光晕分走的光量（含义同光点与曝光的光晕占比，只管星头）。亮核小 + 占比大 = 柔的大光晕，不是实心大圆片。","命名表说明（可能滞后）；当前条件/换算来自源码，冲突见覆盖报告","引擎字段","1（无量纲）","1（无量纲）","[0,0.85,0.01]","","0.22","P => !isTrail(P) && !isPhys(P) && !isEmit(P)","P => isAir(P) && +P.headHaloOwn === 1","[]","","[""headHaloOwn""]","本字段不在LINK_KEYS轨迹同步列表；其他条件/默认联动另见本行","不走TIMING_KEYS通用时间联动","onParam：实时模拟更新，灰度烘焙按自动/手动模式处理","","","[]","","本字段无曲线控件","","参数 / 当前层 / 星 / 大小 / 星头光晕占比 [headHaloFrac]","参数 / 当前层 / 星 / 大小 / 星头光晕占比 [headHaloFrac]","参数 / 当前层 / 星 / 大小 / 星头光晕占比 [headHaloFrac]","参数 / 当前层 / 星 / 外观与颜色 / 星头光晕占比 [headHaloFrac]","当前层 P；单层 wbSnap().P，多层 wbSnap().layers[i].P。保存/另存/切效果自动草稿及配方 JSON 保存完整快照。一次拖动/输入提交/选择为一步，全资产60步；输入框内快捷键留给文本撤销。切层/发射器不清历史，打开另一效果/版本重置。行/模块/发射器恢复到打开时与恢复模板默认不同。","tool/src/js/10_types.js:546","","tool/src/js/79_workbench.js:159; tool/src/js/79_undo.js:10","05_quality.js qualityOf headHalo；40_gl.js drawHeads [0, gHead)；20_sim.js gather gHead","4.9.58 星头单独光晕（对话框FanGold，用户 10-09 21:48 批，火花发射器补全第 2 部分）：缺省 = 跟这一层（逐像素不变）。只在空中花型起作用。"
"SCHEMA-111","4958-02-headHaloR","","headHaloR","P.headHaloR","P","当前效果 / 当前层 / 星","number","星头光晕半径","「星头光晕 = 星头单独」时星头光晕的宽度（× 亮核半径；光晕形状照「光点与曝光」）。","命名表说明（可能滞后）；当前条件/换算来自源码，冲突见覆盖报告","引擎字段","×","×","[1,8,0.1]","","3","P => !isTrail(P) && !isPhys(P) && !isEmit(P)","P => isAir(P) && +P.headHaloOwn === 1","[]","","[""headHaloOwn""]","本字段不在LINK_KEYS轨迹同步列表；其他条件/默认联动另见本行","不走TIMING_KEYS通用时间联动","onParam：实时模拟更新，灰度烘焙按自动/手动模式处理","","","[]","","本字段无曲线控件","","参数 / 当前层 / 星 / 大小 / 星头光晕半径 [headHaloR]","参数 / 当前层 / 星 / 大小 / 星头光晕半径 [headHaloR]","参数 / 当前层 / 星 / 大小 / 星头光晕半径 [headHaloR]","参数 / 当前层 / 星 / 外观与颜色 / 星头光晕半径 [headHaloR]","当前层 P；单层 wbSnap().P，多层 wbSnap().layers[i].P。保存/另存/切效果自动草稿及配方 JSON 保存完整快照。一次拖动/输入提交/选择为一步，全资产60步；输入框内快捷键留给文本撤销。切层/发射器不清历史，打开另一效果/版本重置。行/模块/发射器恢复到打开时与恢复模板默认不同。","tool/src/js/10_types.js:547","","tool/src/js/79_workbench.js:159; tool/src/js/79_undo.js:10","05_quality.js qualityOf headHalo；40_gl.js drawHeads [0, gHead)；20_sim.js gather gHead","4.9.58 星头单独光晕（对话框FanGold，用户 10-09 21:48 批，火花发射器补全第 2 部分）：缺省 = 跟这一层（逐像素不变）。只在空中花型起作用。"
"SCHEMA-112","032-flicker","","flicker","P.flicker","P","当前效果 / 当前层 / 星","number","闪烁","星头亮度随时间无规律地起伏（燃烧不均匀），数值是起伏的幅度。","命名表说明（可能滞后）；当前条件/换算来自源码，冲突见覆盖报告","物理量","1","1","[0,1,0.01]","","0.25","P => !isTrail(P) && !isPhys(P) && !isEmit(P)","无字段级条件","[{""when"":""P => !(+P.headBright > 0)"",""reason"":""「星头亮度」是 0（星头不发光，只有尾迹 / 火花）时不起作用""}]","","[""headBright""]","本字段不在LINK_KEYS轨迹同步列表；其他条件/默认联动另见本行","不走TIMING_KEYS通用时间联动","onParam：实时模拟更新，灰度烘焙按自动/手动模式处理","","","[]","随机游走：每颗星自己的亮度倍数每一小步加一点正态随机，夹在 1 − x 到 1 + 0.4x 之间（0.25 → 0.75–1.1 倍，平均约 0.92）；地面灯芯每帧在 1 ± x 里均匀取，上升星头循环 1 ± 0.8x","本字段无曲线控件","","参数 / 当前层 / 星 / 亮度 / 闪烁 [flicker]","参数 / 当前层 / 星 / 亮度 / 闪烁 [flicker]","参数 / 当前层 / 星 / 亮度 / 闪烁 [flicker]","参数 / 当前层 / 星 / 外观与颜色 / 闪烁 [flicker]","当前层 P；单层 wbSnap().P，多层 wbSnap().layers[i].P。保存/另存/切效果自动草稿及配方 JSON 保存完整快照。一次拖动/输入提交/选择为一步，全资产60步；输入框内快捷键留给文本撤销。切层/发射器不清历史，打开另一效果/版本重置。行/模块/发射器恢复到打开时与恢复模板默认不同。","tool/src/js/10_types.js:548","","tool/src/js/79_workbench.js:159; tool/src/js/79_undo.js:10","20_sim.js:282 flick = clamp(flick + n()·√h·2.2·flicker, 1 − flicker, 1 + 0.4·flicker)；50_bake.js:18 上升循环 ±0.8×；40_gl.js:287 地面 VS_EHEAD 均匀 ±；数值模拟 0.25 → 均值 0.92","只管星头。火花的闪烁是「火花」模块的「火花闪烁」（Sparkler Flicker）。"
"SCHEMA-113","460-87-starSizeCurve","","starSizeCurve","P.starSizeCurve","P","当前效果 / 当前层 / 星","curve","随寿命","星头大小随燃烧进度变化（寿命 = 燃烧时间）。几行「时刻:倍数」，时刻是寿命的比例 0–1，在原来的变化上再乘这条曲线；空 = 不乘（和以前一样）。例「0:0.3, 0.2:1, 1:1」= 刚出来小、很快长到正常。","命名表说明（可能滞后）；当前条件/换算来自源码，冲突见覆盖报告","物理量","×（随寿命）","×（随寿命）","","","","P => !isTrail(P) && !isPhys(P) && !isEmit(P)","无字段级条件","[{""when"":""P => familyOf(P.type) === 'ground' && !(typeof hasComets === 'function' && hasComets(P))"",""reason"":""地面的喷口 / 灯芯亮点一直亮着，没有寿命；只有扇形、连发的彗星按「彗星燃烧」算寿命""}]","","[""type""]","本字段不在LINK_KEYS轨迹同步列表；其他条件/默认联动另见本行","不走TIMING_KEYS通用时间联动","onParam：实时模拟更新，灰度烘焙按自动/手动模式处理","","","[]","","0–1单粒寿命，文本提交 + 只读折线/表；空=×1；不支持拖点","","参数 / 当前层 / 星 / 大小 / 随寿命 [starSizeCurve]","参数 / 当前层 / 星 / 大小 / 随寿命 [starSizeCurve]","参数 / 当前层 / 星 / 大小 / 随寿命 [starSizeCurve]","参数 / 当前层 / 星 / 外观与颜色 / 随寿命 [starSizeCurve]","当前层 P；单层 wbSnap().P，多层 wbSnap().layers[i].P。保存/另存/切效果自动草稿及配方 JSON 保存完整快照。一次拖动/输入提交/选择为一步，全资产60步；输入框内快捷键留给文本撤销。切层/发射器不清历史，打开另一效果/版本重置。行/模块/发射器恢复到打开时与恢复模板默认不同。 注意：rowChanged仅处理数值/select/text，现曲线不计行/模块“改过”、无独立行尾还原按钮；全资产撤销可恢复曲线文本。不伪称这些行级状态已实现。","tool/src/js/10_types.js:549","","tool/src/js/79_workbench.js:159; tool/src/js/79_undo.js:10","","4.6.0（5.0 第 1 步）加：以前写死在代码里，默认 = 原来的数。"
"SCHEMA-114","460-88-starBrightCurve","","starBrightCurve","P.starBrightCurve","P","当前效果 / 当前层 / 星","curve","随寿命","星头亮度随燃烧进度变化（在渐隐、熄灭前闪亮之上再乘）。几行「时刻:倍数」，时刻是寿命的比例 0–1，在原来的变化上再乘这条曲线；空 = 不乘（和以前一样）。例「0:0.3, 0.2:1, 1:1」= 刚出来小、很快长到正常。","命名表说明（可能滞后）；当前条件/换算来自源码，冲突见覆盖报告","物理量","×（随寿命）","×（随寿命）","","","","P => !isTrail(P) && !isPhys(P) && !isEmit(P)","无字段级条件","[{""when"":""P => familyOf(P.type) === 'ground' && !(typeof hasComets === 'function' && hasComets(P))"",""reason"":""地面的喷口 / 灯芯亮点一直亮着，没有寿命；只有扇形、连发的彗星按「彗星燃烧」算寿命""}]","","[""type""]","本字段不在LINK_KEYS轨迹同步列表；其他条件/默认联动另见本行","不走TIMING_KEYS通用时间联动","onParam：实时模拟更新，灰度烘焙按自动/手动模式处理","","","[]","","0–1单粒寿命，文本提交 + 只读折线/表；空=×1；不支持拖点","","参数 / 当前层 / 星 / 亮度 / 随寿命 [starBrightCurve]","参数 / 当前层 / 星 / 亮度 / 随寿命 [starBrightCurve]","参数 / 当前层 / 星 / 亮度 / 随寿命 [starBrightCurve]","参数 / 当前层 / 星 / 外观与颜色 / 随寿命 [starBrightCurve]","当前层 P；单层 wbSnap().P，多层 wbSnap().layers[i].P。保存/另存/切效果自动草稿及配方 JSON 保存完整快照。一次拖动/输入提交/选择为一步，全资产60步；输入框内快捷键留给文本撤销。切层/发射器不清历史，打开另一效果/版本重置。行/模块/发射器恢复到打开时与恢复模板默认不同。 注意：rowChanged仅处理数值/select/text，现曲线不计行/模块“改过”、无独立行尾还原按钮；全资产撤销可恢复曲线文本。不伪称这些行级状态已实现。","tool/src/js/10_types.js:550","","tool/src/js/79_workbench.js:159; tool/src/js/79_undo.js:10","","4.6.0（5.0 第 1 步）加：以前写死在代码里，默认 = 原来的数。"
"SCHEMA-115","fanspk-00-sparkRateBy","","sparkRateBy","P.sparkRateBy","P","当前效果 / 当前层 / 火花","select","生成方式","每秒：每颗星每秒出「火花密度」颗（燃烧速度恒定，星快的地方每米少、线稀）；每米：星每走 1 m 出「每米火花数」颗（线一样密）。","命名表说明（可能滞后）；当前条件/换算来自源码，冲突见覆盖报告","物理量","选项","选项","","[[""sec"",""每秒（燃烧多久出多少，星快的地方稀）""],[""m"",""每米（星走多远出多少，线一样密）""]]","sec","P => !isTrail(P) && !isPhys(P) && !isEmit(P)","P => familyOf(P.type) === 'aerial'","[]","","[""type""]","本字段不在LINK_KEYS轨迹同步列表；其他条件/默认联动另见本行","不走TIMING_KEYS通用时间联动","onParam：实时模拟更新，灰度烘焙按自动/手动模式处理","","","[]","","本字段无曲线控件","","参数 / 当前层 / 火花 / 生成 / 生成方式 [sparkRateBy]","参数 / 当前层 / 火花 / 生成 / 生成方式 [sparkRateBy]","参数 / 当前层 / 火花 / 生成 / 生成方式 [sparkRateBy]","参数 / 当前层 / 火花 / 时序与数量 / 生成方式 [sparkRateBy]","当前层 P；单层 wbSnap().P，多层 wbSnap().layers[i].P。保存/另存/切效果自动草稿及配方 JSON 保存完整快照。一次拖动/输入提交/选择为一步，全资产60步；输入框内快捷键留给文本撤销。切层/发射器不清历史，打开另一效果/版本重置。行/模块/发射器恢复到打开时与恢复模板默认不同。","tool/src/js/10_types.js:554","","tool/src/js/79_workbench.js:159; tool/src/js/79_undo.js:10","20_sim.js sparkPerMOf、step 里 Poisson(每米 × 速度 × h)；40_gl.js buildTrackRun 路程贴图 uLen、VS_SPK lenAt / timeAtLen","火花发射器补全（对话框FanGold，用户 10-09 21:48 批）：缺省 = 以前的行为（逐像素不变）。只在空中花型起作用。"
"SCHEMA-116","070-sparkRate","","sparkRate","P.sparkRate","P","当前效果 / 当前层 / 火花","number","生成率","每颗星每秒喷出多少粒炭火火花，决定尾迹的密度和总亮度。","命名表说明（可能滞后）；当前条件/换算来自源码，冲突见覆盖报告","物理量","个/秒","个/秒","[0,3000,1]","","95","P => !isTrail(P) && !isPhys(P) && !isEmit(P)","P => !(isAir(P) && P.sparkRateBy === 'm')","[{""when"":""P => isCarrierType(P)"",""reason"":""千轮 / 分裂：子弹的火花看「子弹火花率」，子星的火花看「子星火花率」；这一项不起作用""}]","","[""sparkRateBy""]","本字段不在LINK_KEYS轨迹同步列表；其他条件/默认联动另见本行","不走TIMING_KEYS通用时间联动","onParam：实时模拟更新，灰度烘焙按自动/手动模式处理","","","[]","","本字段无曲线控件","","参数 / 当前层 / 火花 / 生成 / 生成率 [sparkRate]","参数 / 当前层 / 火花 / 生成 / 生成率 [sparkRate]","参数 / 当前层 / 火花 / 生成 / 生成率 [sparkRate]","参数 / 当前层 / 火花 / 时序与数量 / 生成率 [sparkRate]","当前层 P；单层 wbSnap().P，多层 wbSnap().layers[i].P。保存/另存/切效果自动草稿及配方 JSON 保存完整快照。一次拖动/输入提交/选择为一步，全资产60步；输入框内快捷键留给文本撤销。切层/发射器不清历史，打开另一效果/版本重置。行/模块/发射器恢复到打开时与恢复模板默认不同。","tool/src/js/10_types.js:555","","tool/src/js/79_workbench.js:159; tool/src/js/79_undo.js:10","20_sim.js:159 星的 rate = sparkRate（carrier 用 carrierTail，子花 20_sim.js:208 用 subTail）；20_sim.js:288 每步 Poisson(rate·h)；40_gl.js:161-163 GPU 按编号反解出生时刻；40_gl.js:457 地面循环 E.rate","千轮 / 分裂不用它：母弹用「子弹火花率」、子花用「子星火花率」。「发光星比例」关掉的星不出火花。地面类是每个喷口（彗星）每秒的火花数。"
"SCHEMA-117","fanspk-01-sparkPerM","","sparkPerM","P.sparkPerM","P","当前效果 / 当前层 / 火花","number","每米火花数","「生成方式 = 每米」时，星每走 1 m 出几颗火花（子星 / 载体尾按它们的生成率比例缩放）。这时「火花密度」「末段火花密度」不用。","命名表说明（可能滞后）；当前条件/换算来自源码，冲突见覆盖报告","物理量","个/m","个/m","[0,100,0.1]","","5","P => !isTrail(P) && !isPhys(P) && !isEmit(P)","P => isAir(P) && P.sparkRateBy === 'm'","[]","","[""sparkRateBy""]","本字段不在LINK_KEYS轨迹同步列表；其他条件/默认联动另见本行","不走TIMING_KEYS通用时间联动","onParam：实时模拟更新，灰度烘焙按自动/手动模式处理","","","[]","","本字段无曲线控件","","参数 / 当前层 / 火花 / 生成 / 每米火花数 [sparkPerM]","参数 / 当前层 / 火花 / 生成 / 每米火花数 [sparkPerM]","参数 / 当前层 / 火花 / 生成 / 每米火花数 [sparkPerM]","参数 / 当前层 / 火花 / 时序与数量 / 每米火花数 [sparkPerM]","当前层 P；单层 wbSnap().P，多层 wbSnap().layers[i].P。保存/另存/切效果自动草稿及配方 JSON 保存完整快照。一次拖动/输入提交/选择为一步，全资产60步；输入框内快捷键留给文本撤销。切层/发射器不清历史，打开另一效果/版本重置。行/模块/发射器恢复到打开时与恢复模板默认不同。","tool/src/js/10_types.js:556","","tool/src/js/79_workbench.js:159; tool/src/js/79_undo.js:10","20_sim.js sparkPerMOf；40_gl.js info 第 3 位 = 这颗星的每米火花数","火花发射器补全（对话框FanGold，用户 10-09 21:48 批）：缺省 = 以前的行为（逐像素不变）。只在空中花型起作用。"
"SCHEMA-118","071-sparkRateEnd","","sparkRateEnd","P.sparkRateEnd","P","当前效果 / 当前层 / 火花","number","末段生成率","燃烧结束时的火花生成率是开始时的几倍，中间按燃烧进度线性过渡。","命名表说明（可能滞后）；当前条件/换算来自源码，冲突见覆盖报告","物理量","×","×","[0,2,0.01]","","1","P => !isTrail(P) && !isPhys(P) && !isEmit(P)","P => isAir(P) && P.sparkRateBy !== 'm'","[{""when"":""P => !isCarrierType(P) && !(+P.sparkRate > 0)"",""reason"":""「火花生成率」是 0（这一层没有火花）时不起作用""},{""when"":""P => isCarrierType(P) && !(+P.carrierTail > 0) && !(+P.subTail > 0)"",""reason"":""「子弹火花率」「子星火花率」都是 0（这一层没有火花）时不起作用""}]","","[""sparkRateBy"",""sparkRate"",""carrierTail"",""subTail""]","本字段不在LINK_KEYS轨迹同步列表；其他条件/默认联动另见本行","不走TIMING_KEYS通用时间联动","onParam：实时模拟更新，灰度烘焙按自动/手动模式处理","","","[]","","本字段无曲线控件","","参数 / 当前层 / 火花 / 生成 / 末段生成率 [sparkRateEnd]","参数 / 当前层 / 火花 / 生成 / 末段生成率 [sparkRateEnd]","参数 / 当前层 / 火花 / 生成 / 末段生成率 [sparkRateEnd]","参数 / 当前层 / 火花 / 时序与数量 / 末段生成率 [sparkRateEnd]","当前层 P；单层 wbSnap().P，多层 wbSnap().layers[i].P。保存/另存/切效果自动草稿及配方 JSON 保存完整快照。一次拖动/输入提交/选择为一步，全资产60步；输入框内快捷键留给文本撤销。切层/发射器不清历史，打开另一效果/版本重置。行/模块/发射器恢复到打开时与恢复模板默认不同。","tool/src/js/10_types.js:557","","tool/src/js/79_workbench.js:159; tool/src/js/79_undo.js:10","20_sim.js:286 CPU 按 (age−ign)/(燃烧−ign) 线性；40_gl.js:383-384 GPU 累计数 N = r0·t + a·t²，从 ign+sparkStart 起算（sparkStart>0 时和 CPU 起点不同，差别小）；kind 5 上升弹体固定 1；VS_EMIT 不用","过渡按整段燃烧算，不按「火花停止时刻」截断后的时长，所以设了停止时刻时到不了这个倍数。上升（曲导）、地面类不起作用。"
"SCHEMA-119","072-sparkStop","","sparkStop","P.sparkStop","P","当前效果 / 当前层 / 火花","number","停止时刻","每颗星点火后过几秒停止喷火花（星头照亮），用于分层星外层的尾迹先停。","命名表说明（可能滞后）；当前条件/换算来自源码，冲突见覆盖报告","物理量","s","s","[0,3,0.01]","","0","P => !isTrail(P) && !isPhys(P) && !isEmit(P)","P => familyOf(P.type) === 'aerial'","[{""when"":""P => !isCarrierType(P) && !(+P.sparkRate > 0)"",""reason"":""「火花生成率」是 0（这一层没有火花）时不起作用""},{""when"":""P => isCarrierType(P) && !(+P.carrierTail > 0) && !(+P.subTail > 0)"",""reason"":""「子弹火花率」「子星火花率」都是 0（这一层没有火花）时不起作用""}]","","[""type"",""sparkRate"",""carrierTail"",""subTail""]","本字段不在LINK_KEYS轨迹同步列表；其他条件/默认联动另见本行","setTimingParam→timingEdit：空中层依先后关系推移相关时间、时长/入点；可关followOff；同一时刻关联层可粘连（glueOff另控）；具体变动以提示为准。非空中仅直接改值。","onParam：实时模拟更新，灰度烘焙按自动/手动模式处理","","","[]","","本字段无曲线控件","","参数 / 当前层 / 火花 / 生成 / 停止时刻 [sparkStop]","参数 / 当前层 / 火花 / 生成 / 停止时刻 [sparkStop]","参数 / 当前层 / 火花 / 生成 / 停止时刻 [sparkStop]","参数 / 当前层 / 火花 / 时序与数量 / 停止时刻 [sparkStop]","当前层 P；单层 wbSnap().P，多层 wbSnap().layers[i].P。保存/另存/切效果自动草稿及配方 JSON 保存完整快照。一次拖动/输入提交/选择为一步，全资产60步；输入框内快捷键留给文本撤销。切层/发射器不清历史，打开另一效果/版本重置。行/模块/发射器恢复到打开时与恢复模板默认不同。","tool/src/js/10_types.js:558","","tool/src/js/79_workbench.js:159; tool/src/js/79_undo.js:10","20_sim.js:284 hotOff = age−ign > sparkStop（kind 5 除外）；40_gl.js:379 GPU death = ig + sparkStop","从每颗星自己的点火时刻算起（点火延迟的星往后推，千轮子花从子花出生算）。开「余烬贯穿全程」时只停普通火花。上升（曲导）、地面类不起作用。"
"SCHEMA-120","073-sparkStart","","sparkStart","P.sparkStart","P","当前效果 / 当前层 / 火花","number","开始时刻","每颗星点火后过几秒才开始喷火花，前面只有星头，用于分层星内层或末段才出的短尾。","命名表说明（可能滞后）；当前条件/换算来自源码，冲突见覆盖报告","物理量","s","s","[0,6,0.01]","","0","P => !isTrail(P) && !isPhys(P) && !isEmit(P)","P => familyOf(P.type) === 'aerial'","[{""when"":""P => !isCarrierType(P) && !(+P.sparkRate > 0)"",""reason"":""「火花生成率」是 0（这一层没有火花）时不起作用""},{""when"":""P => isCarrierType(P) && !(+P.carrierTail > 0) && !(+P.subTail > 0)"",""reason"":""「子弹火花率」「子星火花率」都是 0（这一层没有火花）时不起作用""}]","","[""type"",""sparkRate"",""carrierTail"",""subTail""]","本字段不在LINK_KEYS轨迹同步列表；其他条件/默认联动另见本行","setTimingParam→timingEdit：空中层依先后关系推移相关时间、时长/入点；可关followOff；同一时刻关联层可粘连（glueOff另控）；具体变动以提示为准。非空中仅直接改值。","onParam：实时模拟更新，灰度烘焙按自动/手动模式处理","","","[]","","本字段无曲线控件","","参数 / 当前层 / 火花 / 生成 / 开始时刻 [sparkStart]","参数 / 当前层 / 火花 / 生成 / 开始时刻 [sparkStart]","参数 / 当前层 / 火花 / 生成 / 开始时刻 [sparkStart]","参数 / 当前层 / 火花 / 时序与数量 / 开始时刻 [sparkStart]","当前层 P；单层 wbSnap().P，多层 wbSnap().layers[i].P。保存/另存/切效果自动草稿及配方 JSON 保存完整快照。一次拖动/输入提交/选择为一步，全资产60步；输入框内快捷键留给文本撤销。切层/发射器不清历史，打开另一效果/版本重置。行/模块/发射器恢复到打开时与恢复模板默认不同。","tool/src/js/10_types.js:559","","tool/src/js/79_workbench.js:159; tool/src/js/79_undo.js:10","20_sim.js:285 age−ign < sparkStart 时不发射；40_gl.js:378 GPU born = ig + sparkStart（kind 5 除外）","从每颗星自己的点火时刻算起；「火花起势」从这一刻开始计时。上升（曲导）、地面类不起作用。"
"SCHEMA-121","074-sparkRamp","","sparkRamp","P.sparkRamp","P","当前效果 / 当前层 / 火花","number","起势","开始喷火花后用几秒从零星几粒涨到满密度（S 形曲线），先零零星星再连成线。","命名表说明（可能滞后）；当前条件/换算来自源码，冲突见覆盖报告","物理量","s","s","[0,2,0.01]","","0","P => !isTrail(P) && !isPhys(P) && !isEmit(P)","P => familyOf(P.type) === 'aerial'","[{""when"":""P => !isCarrierType(P) && !(+P.sparkRate > 0)"",""reason"":""「火花生成率」是 0（这一层没有火花）时不起作用""},{""when"":""P => isCarrierType(P) && !(+P.carrierTail > 0) && !(+P.subTail > 0)"",""reason"":""「子弹火花率」「子星火花率」都是 0（这一层没有火花）时不起作用""}]","","[""type"",""sparkRate"",""carrierTail"",""subTail""]","本字段不在LINK_KEYS轨迹同步列表；其他条件/默认联动另见本行","不走TIMING_KEYS通用时间联动","onParam：实时模拟更新，灰度烘焙按自动/手动模式处理","","","[""sparkRampJit""]","","本字段无曲线控件","","参数 / 当前层 / 火花 / 生成 / 起势 [sparkRamp]","参数 / 当前层 / 火花 / 生成 / 起势 [sparkRamp]","参数 / 当前层 / 火花 / 生成 / 起势 [sparkRamp]","参数 / 当前层 / 火花 / 时序与数量 / 起势 [sparkRamp]","当前层 P；单层 wbSnap().P，多层 wbSnap().layers[i].P。保存/另存/切效果自动草稿及配方 JSON 保存完整快照。一次拖动/输入提交/选择为一步，全资产60步；输入框内快捷键留给文本撤销。切层/发射器不清历史，打开另一效果/版本重置。行/模块/发射器恢复到打开时与恢复模板默认不同。","tool/src/js/10_types.js:561","","tool/src/js/79_workbench.js:159; tool/src/js/79_undo.js:10","20_sim.js:96-99 sparkRampT / sparkRampAt（smoothstep），20_sim.js:287 乘到发射率；40_gl.js:166 GPU 按出生时刻的密度比例抽稀。GPU 对上升弹体 kind 5 也生效、CPU 不生效（20_sim.js:287 有 kind≠5）","从「火花开始时刻」之后算起；每颗星的起势时长再由「起势随机」打散。4.2.17 新增。上升（曲导）的循环贴图、地面类不起作用。"
"SCHEMA-122","075-sparkRampJit","","sparkRampJit","P.sparkRampJit","P","当前效果 / 当前层 / 火花","number","起势随机","每颗星的起势时长各不相同：有的星尾迹先连成线，有的慢一些。","命名表说明（可能滞后）；当前条件/换算来自源码，冲突见覆盖报告","物理量","%","%","[0,100,1]","","30","P => !isTrail(P) && !isPhys(P) && !isEmit(P)","P => isAir(P) && +P.sparkRamp > 0","[{""when"":""P => !isCarrierType(P) && !(+P.sparkRate > 0)"",""reason"":""「火花生成率」是 0（这一层没有火花）时不起作用""},{""when"":""P => isCarrierType(P) && !(+P.carrierTail > 0) && !(+P.subTail > 0)"",""reason"":""「子弹火花率」「子星火花率」都是 0（这一层没有火花）时不起作用""}]","","[""sparkRamp"",""sparkRate"",""carrierTail"",""subTail""]","本字段不在LINK_KEYS轨迹同步列表；其他条件/默认联动另见本行","不走TIMING_KEYS通用时间联动","onParam：实时模拟更新，灰度烘焙按自动/手动模式处理","","sparkRamp","[]","均匀分布 ±数值%，每颗星一个（同种子固定）；起势时长 = 火花起势时间 × (1 ± x%)，最短 0.01 s。30% = 0.7–1.3 倍。","本字段无曲线控件","","参数 / 当前层 / 火花 / 生成 / 起势随机 [sparkRampJit]","参数 / 当前层 / 火花 / 生成 / 起势 / 随机 / 起势随机 [sparkRampJit]","参数 / 当前层 / 火花 / 生成 / 起势 / 随机 / 起势随机 [sparkRampJit]","参数 / 当前层 / 火花 / 时序与数量 / 起势 / 随机 / 起势随机 [sparkRampJit]","当前层 P；单层 wbSnap().P，多层 wbSnap().layers[i].P。保存/另存/切效果自动草稿及配方 JSON 保存完整快照。一次拖动/输入提交/选择为一步，全资产60步；输入框内快捷键留给文本撤销。切层/发射器不清历史，打开另一效果/版本重置。行/模块/发射器恢复到打开时与恢复模板默认不同。","tool/src/js/10_types.js:562","","tool/src/js/79_workbench.js:159; tool/src/js/79_undo.js:10","20_sim.js:98 T = sparkRamp·(1 + j·(2·starHash(id,seed,17)−1))，max 0.01；40_gl.js:166 GPU 用同一个哈希 starHashG(s,17)；40_gl.js:415 clamp 0–1","只在「火花起势」> 0 时起作用。"
"SCHEMA-123","076-sparkLife","","sparkLife","P.sparkLife","P","当前效果 / 当前层 / 火花","number","寿命","每粒火花从喷出到消失的时间（中位数），基本决定尾迹的可见长度。","命名表说明（可能滞后）；当前条件/换算来自源码，冲突见覆盖报告","物理量","s","s","[0.05,4,0.01]","","0.55","P => !isTrail(P) && !isPhys(P) && !isEmit(P)","无字段级条件","[{""when"":""P => !isCarrierType(P) && !(+P.sparkRate > 0)"",""reason"":""「火花生成率」是 0（这一层没有火花）时不起作用""},{""when"":""P => isCarrierType(P) && !(+P.carrierTail > 0) && !(+P.subTail > 0)"",""reason"":""「子弹火花率」「子星火花率」都是 0（这一层没有火花）时不起作用""}]","","[""sparkRate"",""carrierTail"",""subTail""]","本字段不在LINK_KEYS轨迹同步列表；其他条件/默认联动另见本行","setTimingParam→timingEdit：空中层依先后关系推移相关时间、时长/入点；可关followOff；同一时刻关联层可粘连（glueOff另控）；具体变动以提示为准。非空中仅直接改值。","onParam：实时模拟更新，灰度烘焙按自动/手动模式处理","","","[""sparkLifeJit""]","","本字段无曲线控件","","参数 / 当前层 / 火花 / 寿命 / 寿命 [sparkLife]","参数 / 当前层 / 火花 / 寿命 / 寿命 [sparkLife]","参数 / 当前层 / 火花 / 寿命 / 寿命 [sparkLife]","参数 / 当前层 / 火花 / 时序与数量 / 寿命 [sparkLife]","当前层 P；单层 wbSnap().P，多层 wbSnap().layers[i].P。保存/另存/切效果自动草稿及配方 JSON 保存完整快照。一次拖动/输入提交/选择为一步，全资产60步；输入框内快捷键留给文本撤销。切层/发射器不清历史，打开另一效果/版本重置。行/模块/发射器恢复到打开时与恢复模板默认不同。","tool/src/js/10_types.js:563","","tool/src/js/79_workbench.js:159; tool/src/js/79_undo.js:10","20_sim.js:299 lfe = sparkLife·lifeScale·exp(lj·N)；40_gl.js:168 GPU 同式；40_gl.js:392 sparkEff 银竜 ×1.5；65_cascade.js:193","看得见的长度还受「火花冷却」影响（冷却快时寿命后段已经很暗）。每粒实际寿命再乘「末段火花寿命」和「火花寿命随机」；银竜上升 × 1.5。"
"SCHEMA-124","077-sparkLifeEnd","","sparkLifeEnd","P.sparkLifeEnd","P","当前效果 / 当前层 / 火花","number","末段寿命","燃烧末段喷出的火花寿命是开头的几倍，中间按出生时的燃烧进度线性过渡。","命名表说明（可能滞后）；当前条件/换算来自源码，冲突见覆盖报告","物理量","×","×","[0.05,2,0.01]","","1","P => !isTrail(P) && !isPhys(P) && !isEmit(P)","P => familyOf(P.type) === 'aerial'","[{""when"":""P => !isCarrierType(P) && !(+P.sparkRate > 0)"",""reason"":""「火花生成率」是 0（这一层没有火花）时不起作用""},{""when"":""P => isCarrierType(P) && !(+P.carrierTail > 0) && !(+P.subTail > 0)"",""reason"":""「子弹火花率」「子星火花率」都是 0（这一层没有火花）时不起作用""}]","","[""type"",""sparkRate"",""carrierTail"",""subTail""]","本字段不在LINK_KEYS轨迹同步列表；其他条件/默认联动另见本行","setTimingParam→timingEdit：空中层依先后关系推移相关时间、时长/入点；可关followOff；同一时刻关联层可粘连（glueOff另控）；具体变动以提示为准。非空中仅直接改值。","onParam：实时模拟更新，灰度烘焙按自动/手动模式处理","","","[]","","本字段无曲线控件","","参数 / 当前层 / 火花 / 寿命 / 末段寿命 [sparkLifeEnd]","参数 / 当前层 / 火花 / 寿命 / 末段寿命 [sparkLifeEnd]","参数 / 当前层 / 火花 / 寿命 / 末段寿命 [sparkLifeEnd]","参数 / 当前层 / 火花 / 时序与数量 / 末段寿命 [sparkLifeEnd]","当前层 P；单层 wbSnap().P，多层 wbSnap().layers[i].P。保存/另存/切效果自动草稿及配方 JSON 保存完整快照。一次拖动/输入提交/选择为一步，全资产60步；输入框内快捷键留给文本撤销。切层/发射器不清历史，打开另一效果/版本重置。行/模块/发射器恢复到打开时与恢复模板默认不同。","tool/src/js/10_types.js:564","","tool/src/js/79_workbench.js:159; tool/src/js/79_undo.js:10","20_sim.js:293-298 lifeScale = 1+(le−1)·phase，phase 从 sparkStart 到 min(燃烧, sparkStop)；40_gl.js:167-168 GPU phase = (tb−born)/(death−born)；40_gl.js:408 上升固定 1","只改后来出生的火花，已经喷出的不变；进度从「火花开始时刻」算到「火花停止时刻」或燃烧结束。只对空中花型显示。"
"SCHEMA-125","078-sparkLifeJit","","sparkLifeJit","P.sparkLifeJit","P","当前效果 / 当前层 / 火花","number","寿命随机","每粒火花寿命的随机幅度，让火花错落熄灭，尾迹末端不是一刀切。","命名表说明（可能滞后）；当前条件/换算来自源码，冲突见覆盖报告","物理量","%","%","[0,80,1]","","45","P => !isTrail(P) && !isPhys(P) && !isEmit(P)","P => familyOf(P.type) === 'aerial'","[{""when"":""P => !isCarrierType(P) && !(+P.sparkRate > 0)"",""reason"":""「火花生成率」是 0（这一层没有火花）时不起作用""},{""when"":""P => isCarrierType(P) && !(+P.carrierTail > 0) && !(+P.subTail > 0)"",""reason"":""「子弹火花率」「子星火花率」都是 0（这一层没有火花）时不起作用""}]","","[""type"",""sparkRate"",""carrierTail"",""subTail""]","本字段不在LINK_KEYS轨迹同步列表；其他条件/默认联动另见本行","不走TIMING_KEYS通用时间联动","onParam：实时模拟更新，灰度烘焙按自动/手动模式处理","","sparkLife","[]","对数正态：寿命 × e^(x·N)，N 为标准正态，x = 数值/100，每粒火花独立；中位数仍是「火花寿命」。45% = 约 2/3 的火花在 0.64–1.57 倍之间。","本字段无曲线控件","","参数 / 当前层 / 火花 / 寿命 / 寿命随机 [sparkLifeJit]","参数 / 当前层 / 火花 / 寿命 / 寿命 / 随机 / 寿命随机 [sparkLifeJit]","参数 / 当前层 / 火花 / 寿命 / 寿命 / 随机 / 寿命随机 [sparkLifeJit]","参数 / 当前层 / 火花 / 时序与数量 / 寿命 / 随机 / 寿命随机 [sparkLifeJit]","当前层 P；单层 wbSnap().P，多层 wbSnap().layers[i].P。保存/另存/切效果自动草稿及配方 JSON 保存完整快照。一次拖动/输入提交/选择为一步，全资产60步；输入框内快捷键留给文本撤销。切层/发射器不清历史，打开另一效果/版本重置。行/模块/发射器恢复到打开时与恢复模板默认不同。","tool/src/js/10_types.js:565","","tool/src/js/79_workbench.js:159; tool/src/js/79_undo.js:10","40_gl.js:409 uLifeJit = sparkLifeJit/100；40_gl.js:168 exp(uLifeJit·gss)；20_sim.js:294,299 CPU 同；40_gl.js:266 VS_EMIT 固定 0.45","只对空中花型显示；上升（曲导）和地面类固定按 45%。余烬不受它影响（余烬固定 ±20% 对数正态）。"
"SCHEMA-126","079-sparkSpread","","sparkSpread","P.sparkSpread","P","当前效果 / 当前层 / 火花","number","线条宽度","尾迹线条有多宽（米）：约 2/3 的火花在这么宽里。存的是火花向旁边散开的速度（m/s），右栏按阻力和寿命换成米显示和输入：宽度 = 2 × 散开速度 × (1 − e^(−阻力 × 寿命)) ÷ 阻力；改阻力 / 寿命时宽度跟着变。","命名表说明（可能滞后）；当前条件/换算来自源码，冲突见覆盖报告","物理量","m","m/s（面板换算为m）","[0,8,0.01]","","2.5","P => !isTrail(P) && !isPhys(P) && !isEmit(P)","无字段级条件","[{""when"":""P => !isCarrierType(P) && !(+P.sparkRate > 0)"",""reason"":""「火花生成率」是 0（这一层没有火花）时不起作用""},{""when"":""P => isCarrierType(P) && !(+P.carrierTail > 0) && !(+P.subTail > 0)"",""reason"":""「子弹火花率」「子星火花率」都是 0（这一层没有火花）时不起作用""}]","","[""sparkRate"",""carrierTail"",""subTail""]","本字段不在LINK_KEYS轨迹同步列表；其他条件/默认联动另见本行","不走TIMING_KEYS通用时间联动","onParam：实时模拟更新，灰度烘焙按自动/手动模式处理","","","[]","正态：x / y / z 每轴 σ = 散开速度 m/s，每粒火花独立，加在继承速度上。","本字段无曲线控件","{""get"":""(P, v) => +((+v || 0) * spreadW(P)).toFixed(4)"",""set"":""(P, w) => +((+w || 0) / spreadW(P)).toFixed(5)""}","参数 / 当前层 / 火花 / 大小 / 线条宽度 [sparkSpread]","参数 / 当前层 / 火花 / 大小 / 线条宽度 [sparkSpread]","参数 / 当前层 / 火花 / 大小 / 线条宽度 [sparkSpread]","参数 / 当前层 / 火花 / 外观与颜色 / 线条宽度 [sparkSpread]","当前层 P；单层 wbSnap().P，多层 wbSnap().layers[i].P。保存/另存/切效果自动草稿及配方 JSON 保存完整快照。一次拖动/输入提交/选择为一步，全资产60步；输入框内快捷键留给文本撤销。切层/发射器不清历史，打开另一效果/版本重置。行/模块/发射器恢复到打开时与恢复模板默认不同。","tool/src/js/10_types.js:567","","tool/src/js/79_workbench.js:159; tool/src/js/79_undo.js:10","20_sim.js:301 v += rng.n()·spr（每轴）；40_gl.js:185 gss·uSpread；30_plan.js:42 取景按它估范围；65_cascade.js:194","尾迹实际粗细 ≈ 本值 ÷「火花阻力」再加「火花大小」；「尾迹粗细」「两端收尖」在它的基础上再缩放。"
"SCHEMA-127","080-sparkSize","","sparkSize","P.sparkSize","P","当前效果 / 当前层 / 火花","number","颗粒大小","每粒火花颗粒的直径（米，4.0 渲染下是亮核直径）：决定颗粒感；线条有多宽看「线条宽度」。","命名表说明（可能滞后）；当前条件/换算来自源码，冲突见覆盖报告","引擎字段","m","m","[0.05,2,0.01]","","0.35","P => !isTrail(P) && !isPhys(P) && !isEmit(P)","无字段级条件","[{""when"":""P => !isCarrierType(P) && !(+P.sparkRate > 0)"",""reason"":""「火花生成率」是 0（这一层没有火花）时不起作用""},{""when"":""P => isCarrierType(P) && !(+P.carrierTail > 0) && !(+P.subTail > 0)"",""reason"":""「子弹火花率」「子星火花率」都是 0（这一层没有火花）时不起作用""}]","","[""sparkRate"",""carrierTail"",""subTail""]","本字段不在LINK_KEYS轨迹同步列表；其他条件/默认联动另见本行","不走TIMING_KEYS通用时间联动","onParam：实时模拟更新，灰度烘焙按自动/手动模式处理","","","[]","","本字段无曲线控件","","参数 / 当前层 / 火花 / 大小 / 颗粒大小 [sparkSize]","参数 / 当前层 / 火花 / 大小 / 颗粒大小 [sparkSize]","参数 / 当前层 / 火花 / 大小 / 颗粒大小 [sparkSize]","参数 / 当前层 / 火花 / 外观与颜色 / 颗粒大小 [sparkSize]","当前层 P；单层 wbSnap().P，多层 wbSnap().layers[i].P。保存/另存/切效果自动草稿及配方 JSON 保存完整快照。一次拖动/输入提交/选择为一步，全资产60步；输入框内快捷键留给文本撤销。切层/发射器不清历史，打开另一效果/版本重置。行/模块/发射器恢复到打开时与恢复模板默认不同。","tool/src/js/10_types.js:568","","tool/src/js/79_workbench.js:159; tool/src/js/79_undo.js:10","41_particles40.js:5-11 emitCore40：size = 实心亮核直径，输出 = I × 覆盖面积；20_sim.js:355 注释；40_gl.js:126 3.7 σ = size/2；65_cascade.js:196","4.0 渲染按「面亮度 × 面积」出光，变大会变亮；3.7 渲染是高斯颗粒的 2σ，总光量不随大小变。余烬再乘「余烬大小」。"
"SCHEMA-128","4950-09-sparkStretch","","sparkStretch","P.sparkStretch","P","当前效果 / 当前层 / 火花","number","拉长","每粒火花沿飞行方向拉成小椭圆，长度 = 这个数 × 火花速度 × 1/30 s（1 = 30 fps 一帧的相机拖影），拖在后面；总光量不变。分叉火花不拉。","命名表说明（可能滞后）；当前条件/换算来自源码，冲突见覆盖报告","物理量","1","1","[0,3,0.01]","","0","P => !isTrail(P) && !isPhys(P) && !isEmit(P)","P => familyOf(P.type) === 'aerial'","[{""when"":""P => !isCarrierType(P) && !(+P.sparkRate > 0)"",""reason"":""「火花生成率」是 0（这一层没有火花）时不起作用""},{""when"":""P => isCarrierType(P) && !(+P.carrierTail > 0) && !(+P.subTail > 0)"",""reason"":""「子弹火花率」「子星火花率」都是 0（这一层没有火花）时不起作用""}]","","[""type"",""sparkRate"",""carrierTail"",""subTail""]","本字段不在LINK_KEYS轨迹同步列表；其他条件/默认联动另见本行","不走TIMING_KEYS通用时间联动","onParam：实时模拟更新，灰度烘焙按自动/手动模式处理","","","[]","","本字段无曲线控件","","参数 / 当前层 / 火花 / 大小 / 拉长 [sparkStretch]","参数 / 当前层 / 火花 / 大小 / 拉长 [sparkStretch]","参数 / 当前层 / 火花 / 大小 / 拉长 [sparkStretch]","参数 / 当前层 / 火花 / 外观与颜色 / 拉长 [sparkStretch]","当前层 P；单层 wbSnap().P，多层 wbSnap().layers[i].P。保存/另存/切效果自动草稿及配方 JSON 保存完整快照。一次拖动/输入提交/选择为一步，全资产60步；输入框内快捷键留给文本撤销。切层/发射器不清历史，打开另一效果/版本重置。行/模块/发射器恢复到打开时与恢复模板默认不同。","tool/src/js/10_types.js:569","","tool/src/js/79_workbench.js:159; tool/src/js/79_undo.js:10","20_sim.js headShapeOf / headShapePush；41_particles40.js hexFS40 / spkStretchVS40；W33","4.9.50（对话框23，用户 10-08 15:56「它的亮核就不是所有都是圆形的……星头大小还无法随机」，16:2x 选拖影亮结 / 边缘起伏 / 双核 / 六边形）加；默认 0 = 以前逐像素不变。"
"SCHEMA-129","4950-10-sparkStretchJit","","sparkStretchJit","P.sparkStretchJit","P","当前效果 / 当前层 / 火花","number","拉长随机","每粒火花的拉长一个倍数（对数正态，σ = 0.6 × 这个数）。火花拉长 > 0 才起作用。","命名表说明（可能滞后）；当前条件/换算来自源码，冲突见覆盖报告","物理量","1","1","[0,1,0.01]","","0","P => !isTrail(P) && !isPhys(P) && !isEmit(P)","P => isAir(P) && +P.sparkStretch > 0","[{""when"":""P => !isCarrierType(P) && !(+P.sparkRate > 0)"",""reason"":""「火花生成率」是 0（这一层没有火花）时不起作用""},{""when"":""P => isCarrierType(P) && !(+P.carrierTail > 0) && !(+P.subTail > 0)"",""reason"":""「子弹火花率」「子星火花率」都是 0（这一层没有火花）时不起作用""}]","","[""sparkStretch"",""sparkRate"",""carrierTail"",""subTail""]","本字段不在LINK_KEYS轨迹同步列表；其他条件/默认联动另见本行","不走TIMING_KEYS通用时间联动","onParam：实时模拟更新，灰度烘焙按自动/手动模式处理","","sparkStretch","[]","","本字段无曲线控件","","参数 / 当前层 / 火花 / 大小 / 拉长随机 [sparkStretchJit]","参数 / 当前层 / 火花 / 大小 / 拉长 / 随机 / 拉长随机 [sparkStretchJit]","参数 / 当前层 / 火花 / 大小 / 拉长 / 随机 / 拉长随机 [sparkStretchJit]","参数 / 当前层 / 火花 / 外观与颜色 / 拉长 / 随机 / 拉长随机 [sparkStretchJit]","当前层 P；单层 wbSnap().P，多层 wbSnap().layers[i].P。保存/另存/切效果自动草稿及配方 JSON 保存完整快照。一次拖动/输入提交/选择为一步，全资产60步；输入框内快捷键留给文本撤销。切层/发射器不清历史，打开另一效果/版本重置。行/模块/发射器恢复到打开时与恢复模板默认不同。","tool/src/js/10_types.js:570","","tool/src/js/79_workbench.js:159; tool/src/js/79_undo.js:10","20_sim.js headShapeOf / headShapePush；41_particles40.js hexFS40 / spkStretchVS40；W33","4.9.50（对话框23，用户 10-08 15:56「它的亮核就不是所有都是圆形的……星头大小还无法随机」，16:2x 选拖影亮结 / 边缘起伏 / 双核 / 六边形）加；默认 0 = 以前逐像素不变。"
"SCHEMA-130","4957-01-sparkShape","","sparkShape","P.sparkShape","P","当前效果 / 当前层 / 火花","select","形状","每粒火花画成什么形状：圆（以前），或不规则多边形——每粒 4–7 条边、顶点远近和间隔随机、朝向随机，像 Blender 里随机朝向的小碎块；边缘按像素 4 × 4 取样，锐利不糊。总光量和同直径的圆一样。亮核半径不到 0.6 像素时形状看不出来，照旧按圆算。","命名表说明（可能滞后）；当前条件/换算来自源码，冲突见覆盖报告","物理量","1","1","","[[0,""圆（以前）""],[1,""不规则多边形（每粒形状、朝向不同，边缘锐利）""]]","0","P => !isTrail(P) && !isPhys(P) && !isEmit(P)","P => isSeq(P) && (familyOf(P.type) === 'ground' || P.engine === 'gpu' || P.form === 'riseLoop')","[]","","[""type"",""engine"",""form""]","本字段不在LINK_KEYS轨迹同步列表；其他条件/默认联动另见本行","不走TIMING_KEYS通用时间联动","onParam：实时模拟更新，灰度烘焙按自动/手动模式处理","","","[]","","本字段无曲线控件","","参数 / 当前层 / 火花 / 大小 / 形状 [sparkShape]","参数 / 当前层 / 火花 / 大小 / 形状 [sparkShape]","参数 / 当前层 / 火花 / 大小 / 形状 [sparkShape]","参数 / 当前层 / 火花 / 外观与颜色 / 形状 [sparkShape]","当前层 P；单层 wbSnap().P，多层 wbSnap().layers[i].P。保存/另存/切效果自动草稿及配方 JSON 保存完整快照。一次拖动/输入提交/选择为一步，全资产60步；输入框内快捷键留给文本撤销。切层/发射器不清历史，打开另一效果/版本重置。行/模块/发射器恢复到打开时与恢复模板默认不同。","tool/src/js/10_types.js:572","","tool/src/js/79_workbench.js:159; tool/src/js/79_undo.js:10","41_particles40.js polyVS40 / polyCov40 / spkPolyProgram40；40_gl.js drawSparksGPU；基准回归；40_gl.js drawEmit；10_types.js sparkPolyShown；analysis/scripts/火花形状检查.py","4.9.57（对话框相机渲染，用户 10-09 23:20）加；缺省圆 / 不随机 = 以前逐像素不变。依据 analysis/probe/星头光晕诊断_2026-10-09/诊断.md 第 8 节（Blender R4 火花 = 随机朝向的小多面体、平面自发光削顶、无运动模糊）。 4.9.59 起适用全部 GPU 火花 + 地面花型 / 上升循环火花（drawEmit），并修了渐变亮核时开亮度随机变圆盘的 bug；CPU 火花（物理尾缀、RT6、旧 CPU 内核）和 Cascade 光点层仍是圆、面板不显示。"
"SCHEMA-131","4957-02-sparkShapeIrr","","sparkShapeIrr","P.sparkShapeIrr","P","当前效果 / 当前层 / 火花","number","不规则","0 = 正多边形；越大顶点离中心的远近、顶点之间的间隔差得越多，形状越像碎片。火花形状 = 多边形才起作用。","命名表说明（可能滞后）；当前条件/换算来自源码，冲突见覆盖报告","物理量","1","1","[0,1,0.01]","","0.6","P => !isTrail(P) && !isPhys(P) && !isEmit(P)","P => sparkPolyShown(P) && +P.sparkShape === 1","[]","","[""sparkShape""]","本字段不在LINK_KEYS轨迹同步列表；其他条件/默认联动另见本行","不走TIMING_KEYS通用时间联动","onParam：实时模拟更新，灰度烘焙按自动/手动模式处理","","","[]","","本字段无曲线控件","","参数 / 当前层 / 火花 / 大小 / 不规则 [sparkShapeIrr]","参数 / 当前层 / 火花 / 大小 / 不规则 [sparkShapeIrr]","参数 / 当前层 / 火花 / 大小 / 不规则 [sparkShapeIrr]","参数 / 当前层 / 火花 / 外观与颜色 / 不规则 [sparkShapeIrr]","当前层 P；单层 wbSnap().P，多层 wbSnap().layers[i].P。保存/另存/切效果自动草稿及配方 JSON 保存完整快照。一次拖动/输入提交/选择为一步，全资产60步；输入框内快捷键留给文本撤销。切层/发射器不清历史，打开另一效果/版本重置。行/模块/发射器恢复到打开时与恢复模板默认不同。","tool/src/js/10_types.js:573","","tool/src/js/79_workbench.js:159; tool/src/js/79_undo.js:10","41_particles40.js polyVS40 / polyCov40 / spkPolyProgram40；40_gl.js drawSparksGPU；基准回归；40_gl.js drawEmit；10_types.js sparkPolyShown；analysis/scripts/火花形状检查.py","4.9.57（对话框相机渲染，用户 10-09 23:20）加；缺省圆 / 不随机 = 以前逐像素不变。依据 analysis/probe/星头光晕诊断_2026-10-09/诊断.md 第 8 节（Blender R4 火花 = 随机朝向的小多面体、平面自发光削顶、无运动模糊）。 4.9.59 起适用全部 GPU 火花 + 地面花型 / 上升循环火花（drawEmit），并修了渐变亮核时开亮度随机变圆盘的 bug；CPU 火花（物理尾缀、RT6、旧 CPU 内核）和 Cascade 光点层仍是圆、面板不显示。"
"SCHEMA-132","4957-03-sparkShapeSpin","","sparkShapeSpin","P.sparkShapeSpin","P","当前效果 / 当前层 / 火花","number","翻转","每粒火花一边飞一边转，转速在 ± 这么多圈 / 秒里随机（每粒固定），所以同一粒的轮廓在帧之间慢慢变。火花形状 = 多边形才起作用。","命名表说明（可能滞后）；当前条件/换算来自源码，冲突见覆盖报告","物理量","圈/s","圈/s","[0,3,0.05]","","0.5","P => !isTrail(P) && !isPhys(P) && !isEmit(P)","P => sparkPolyShown(P) && +P.sparkShape === 1","[]","","[""sparkShape""]","本字段不在LINK_KEYS轨迹同步列表；其他条件/默认联动另见本行","不走TIMING_KEYS通用时间联动","onParam：实时模拟更新，灰度烘焙按自动/手动模式处理","","","[]","","本字段无曲线控件","","参数 / 当前层 / 火花 / 大小 / 翻转 [sparkShapeSpin]","参数 / 当前层 / 火花 / 大小 / 翻转 [sparkShapeSpin]","参数 / 当前层 / 火花 / 大小 / 翻转 [sparkShapeSpin]","参数 / 当前层 / 火花 / 外观与颜色 / 翻转 [sparkShapeSpin]","当前层 P；单层 wbSnap().P，多层 wbSnap().layers[i].P。保存/另存/切效果自动草稿及配方 JSON 保存完整快照。一次拖动/输入提交/选择为一步，全资产60步；输入框内快捷键留给文本撤销。切层/发射器不清历史，打开另一效果/版本重置。行/模块/发射器恢复到打开时与恢复模板默认不同。","tool/src/js/10_types.js:574","","tool/src/js/79_workbench.js:159; tool/src/js/79_undo.js:10","41_particles40.js polyVS40 / polyCov40 / spkPolyProgram40；40_gl.js drawSparksGPU；基准回归；40_gl.js drawEmit；10_types.js sparkPolyShown；analysis/scripts/火花形状检查.py","4.9.57（对话框相机渲染，用户 10-09 23:20）加；缺省圆 / 不随机 = 以前逐像素不变。依据 analysis/probe/星头光晕诊断_2026-10-09/诊断.md 第 8 节（Blender R4 火花 = 随机朝向的小多面体、平面自发光削顶、无运动模糊）。 4.9.59 起适用全部 GPU 火花 + 地面花型 / 上升循环火花（drawEmit），并修了渐变亮核时开亮度随机变圆盘的 bug；CPU 火花（物理尾缀、RT6、旧 CPU 内核）和 Cascade 光点层仍是圆、面板不显示。"
"SCHEMA-133","4957-04-sparkBrightJit","","sparkBrightJit","P.sparkBrightJit","P","当前效果 / 当前层 / 火花","number","亮度随机","每粒火花一个固定的亮度倍数（对数正态，σ = 这个数，均值 1）：有的很亮、有的暗。和「火花闪烁」（随时间变）不同，这个跟着这粒火花一辈子。Blender 的 R4 火花是 0.3–1.8 倍。","命名表说明（可能滞后）；当前条件/换算来自源码，冲突见覆盖报告","物理量","1","1","[0,1.5,0.01]","","0","P => !isTrail(P) && !isPhys(P) && !isEmit(P)","P => isSeq(P) && (familyOf(P.type) === 'ground' || P.engine === 'gpu' || P.form === 'riseLoop')","[]","","[""type"",""engine"",""form""]","本字段不在LINK_KEYS轨迹同步列表；其他条件/默认联动另见本行","不走TIMING_KEYS通用时间联动","onParam：实时模拟更新，灰度烘焙按自动/手动模式处理","","sparkBright","[]","","本字段无曲线控件","","参数 / 当前层 / 火花 / 大小 / 亮度随机 [sparkBrightJit]","参数 / 当前层 / 火花 / 亮度 / 亮度 / 随机 / 亮度随机 [sparkBrightJit]","参数 / 当前层 / 火花 / 亮度 / 亮度 / 随机 / 亮度随机 [sparkBrightJit]","参数 / 当前层 / 火花 / 外观与颜色 / 亮度 / 随机 / 亮度随机 [sparkBrightJit]","当前层 P；单层 wbSnap().P，多层 wbSnap().layers[i].P。保存/另存/切效果自动草稿及配方 JSON 保存完整快照。一次拖动/输入提交/选择为一步，全资产60步；输入框内快捷键留给文本撤销。切层/发射器不清历史，打开另一效果/版本重置。行/模块/发射器恢复到打开时与恢复模板默认不同。","tool/src/js/10_types.js:575","","tool/src/js/79_workbench.js:159; tool/src/js/79_undo.js:10","41_particles40.js polyVS40 / polyCov40 / spkPolyProgram40；40_gl.js drawSparksGPU；基准回归；40_gl.js drawEmit；10_types.js sparkPolyShown；analysis/scripts/火花形状检查.py","4.9.57（对话框相机渲染，用户 10-09 23:20）加；缺省圆 / 不随机 = 以前逐像素不变。依据 analysis/probe/星头光晕诊断_2026-10-09/诊断.md 第 8 节（Blender R4 火花 = 随机朝向的小多面体、平面自发光削顶、无运动模糊）。 4.9.59 起适用全部 GPU 火花 + 地面花型 / 上升循环火花（drawEmit），并修了渐变亮核时开亮度随机变圆盘的 bug；CPU 火花（物理尾缀、RT6、旧 CPU 内核）和 Cascade 光点层仍是圆、面板不显示。"
"SCHEMA-134","081-sparkInherit","","sparkInherit","P.sparkInherit","P","当前效果 / 当前层 / 火花","number","继承速度","火花出生时带走星体速度的比例，决定火花跟着星跑还是留在原地。","命名表说明（可能滞后）；当前条件/换算来自源码，冲突见覆盖报告","物理量","1","1","[0,1,0.01]","","0.2","P => !isTrail(P) && !isPhys(P) && !isEmit(P)","无字段级条件","[{""when"":""P => !isCarrierType(P) && !(+P.sparkRate > 0)"",""reason"":""「火花生成率」是 0（这一层没有火花）时不起作用""},{""when"":""P => isCarrierType(P) && !(+P.carrierTail > 0) && !(+P.subTail > 0)"",""reason"":""「子弹火花率」「子星火花率」都是 0（这一层没有火花）时不起作用""}]","","[""sparkRate"",""carrierTail"",""subTail""]","本字段不在LINK_KEYS轨迹同步列表；其他条件/默认联动另见本行","不走TIMING_KEYS通用时间联动","onParam：实时模拟更新，灰度烘焙按自动/手动模式处理","","","[""sparkInhJit""]","","本字段无曲线控件","","参数 / 当前层 / 火花 / 初速 / 继承速度 [sparkInherit]","参数 / 当前层 / 火花 / 初速 / 继承速度 [sparkInherit]","参数 / 当前层 / 火花 / 初速 / 继承速度 [sparkInherit]","参数 / 当前层 / 火花 / 空间与运动 / 继承速度 [sparkInherit]","当前层 P；单层 wbSnap().P，多层 wbSnap().layers[i].P。保存/另存/切效果自动草稿及配方 JSON 保存完整快照。一次拖动/输入提交/选择为一步，全资产60步；输入框内快捷键留给文本撤销。切层/发射器不清历史，打开另一效果/版本重置。行/模块/发射器恢复到打开时与恢复模板默认不同。","tool/src/js/10_types.js:576","","tool/src/js/79_workbench.js:159; tool/src/js/79_undo.js:10","20_sim.js:290 inh = sparkInherit·(0.3+1.4u)；40_gl.js:184 同；40_gl.js:260-263 VS_EMIT 模式 0 / 1 不用 uInh；65_cascade.js:191","每粒火花另有 × 0.3–1.7 的均匀随机（平均仍是本值）。喷泉 / 瀑布 / 仕掛け / 转轮的喷口火花不继承，本值不起作用。"
"SCHEMA-135","fanspk-02-sparkJet","","sparkJet","P.sparkJet","P","当前效果 / 当前层 / 火花","number","向后喷速度","火花相对星往运动反方向喷出的速度（燃气把火花颗粒往后吹），叠在「跟随星体」和速度随机（线条宽度）上。0 = 不喷（以前）。","命名表说明（可能滞后）；当前条件/换算来自源码，冲突见覆盖报告","物理量","m/s","m/s","[0,200,0.5]","","0","P => !isTrail(P) && !isPhys(P) && !isEmit(P)","P => familyOf(P.type) === 'aerial'","[]","","[""type""]","本字段不在LINK_KEYS轨迹同步列表；其他条件/默认联动另见本行","不走TIMING_KEYS通用时间联动","onParam：实时模拟更新，灰度烘焙按自动/手动模式处理","","","[]","","本字段无曲线控件","","参数 / 当前层 / 火花 / 初速 / 向后喷速度 [sparkJet]","参数 / 当前层 / 火花 / 初速 / 向后喷速度 [sparkJet]","参数 / 当前层 / 火花 / 初速 / 向后喷速度 [sparkJet]","参数 / 当前层 / 火花 / 空间与运动 / 向后喷速度 [sparkJet]","当前层 P；单层 wbSnap().P，多层 wbSnap().layers[i].P。保存/另存/切效果自动草稿及配方 JSON 保存完整快照。一次拖动/输入提交/选择为一步，全资产60步；输入框内快捷键留给文本撤销。切层/发射器不清历史，打开另一效果/版本重置。行/模块/发射器恢复到打开时与恢复模板默认不同。","tool/src/js/10_types.js:577","","tool/src/js/79_workbench.js:159; tool/src/js/79_undo.js:10","20_sim.js jetDir、step；40_gl.js VS_SPK uJet / uJetC","火花发射器补全（对话框FanGold，用户 10-09 21:48 批）：缺省 = 以前的行为（逐像素不变）。只在空中花型起作用。"
"SCHEMA-136","fanspk-03-sparkJetCone","","sparkJetCone","P.sparkJetCone","P","当前效果 / 当前层 / 火花","number","喷射锥角","向后喷的方向在正后方这个半角的锥里随机（按立体角大致均匀）。0 = 正后方。","命名表说明（可能滞后）；当前条件/换算来自源码，冲突见覆盖报告","物理量","°","°","[0,90,0.5]","","0","P => !isTrail(P) && !isPhys(P) && !isEmit(P)","P => isAir(P) && +P.sparkJet > 0","[]","","[""sparkJet""]","本字段不在LINK_KEYS轨迹同步列表；其他条件/默认联动另见本行","不走TIMING_KEYS通用时间联动","onParam：实时模拟更新，灰度烘焙按自动/手动模式处理","","","[]","","本字段无曲线控件","","参数 / 当前层 / 火花 / 初速 / 喷射锥角 [sparkJetCone]","参数 / 当前层 / 火花 / 初速 / 喷射锥角 [sparkJetCone]","参数 / 当前层 / 火花 / 初速 / 喷射锥角 [sparkJetCone]","参数 / 当前层 / 火花 / 空间与运动 / 喷射锥角 [sparkJetCone]","当前层 P；单层 wbSnap().P，多层 wbSnap().layers[i].P。保存/另存/切效果自动草稿及配方 JSON 保存完整快照。一次拖动/输入提交/选择为一步，全资产60步；输入框内快捷键留给文本撤销。切层/发射器不清历史，打开另一效果/版本重置。行/模块/发射器恢复到打开时与恢复模板默认不同。","tool/src/js/10_types.js:578","","tool/src/js/79_workbench.js:159; tool/src/js/79_undo.js:10","20_sim.js jetDir；40_gl.js VS_SPK","火花发射器补全（对话框FanGold，用户 10-09 21:48 批）：缺省 = 以前的行为（逐像素不变）。只在空中花型起作用。"
"SCHEMA-137","fanspk-04-sparkSpawnR","","sparkSpawnR","P.sparkSpawnR","P","当前效果 / 当前层 / 火花","number","起始半径","火花在以星心为中心、这个半径的球里均匀出生。0 = 星心一点（以前）。和自定义发射器的「起始半径」同一个意思（那个是球面）。","命名表说明（可能滞后）；当前条件/换算来自源码，冲突见覆盖报告","物理量","m","m","[0,30,0.01]","","0","P => !isTrail(P) && !isPhys(P) && !isEmit(P)","P => familyOf(P.type) === 'aerial'","[]","","[""type""]","本字段不在LINK_KEYS轨迹同步列表；其他条件/默认联动另见本行","不走TIMING_KEYS通用时间联动","onParam：实时模拟更新，灰度烘焙按自动/手动模式处理","","","[]","","本字段无曲线控件","","参数 / 当前层 / 火花 / 形状 / 起始半径 [sparkSpawnR]","参数 / 当前层 / 火花 / 形状 / 起始半径 [sparkSpawnR]","参数 / 当前层 / 火花 / 形状 / 起始半径 [sparkSpawnR]","参数 / 当前层 / 火花 / 空间与运动 / 起始半径 [sparkSpawnR]","当前层 P；单层 wbSnap().P，多层 wbSnap().layers[i].P。保存/另存/切效果自动草稿及配方 JSON 保存完整快照。一次拖动/输入提交/选择为一步，全资产60步；输入框内快捷键留给文本撤销。切层/发射器不清历史，打开另一效果/版本重置。行/模块/发射器恢复到打开时与恢复模板默认不同。","tool/src/js/10_types.js:579","","tool/src/js/79_workbench.js:159; tool/src/js/79_undo.js:10","20_sim.js sparkSpawnRAt；40_gl.js VS_SPK uSpR","火花发射器补全（对话框FanGold，用户 10-09 21:48 批）：缺省 = 以前的行为（逐像素不变）。只在空中花型起作用。"
"SCHEMA-138","fanspk-05-sparkSpawnHead","","sparkSpawnHead","P.sparkSpawnHead","P","当前效果 / 当前层 / 火花","number","跟星头大小","起始半径再加上 这个倍数 × 星头半径（这颗星此刻画的星头：星头大小、子星 × 0.8、星头大小随机、星头 / 子星大小随寿命）。1 = 火花从星头圆片里出来；星头大了根部跟着粗。","命名表说明（可能滞后）；当前条件/换算来自源码，冲突见覆盖报告","物理量","×","×","[0,3,0.01]","","0","P => !isTrail(P) && !isPhys(P) && !isEmit(P)","P => familyOf(P.type) === 'aerial'","[]","","[""type""]","本字段不在LINK_KEYS轨迹同步列表；其他条件/默认联动另见本行","不走TIMING_KEYS通用时间联动","onParam：实时模拟更新，灰度烘焙按自动/手动模式处理","","","[]","","本字段无曲线控件","","参数 / 当前层 / 火花 / 形状 / 跟星头大小 [sparkSpawnHead]","参数 / 当前层 / 火花 / 形状 / 跟星头大小 [sparkSpawnHead]","参数 / 当前层 / 火花 / 形状 / 跟星头大小 [sparkSpawnHead]","参数 / 当前层 / 火花 / 空间与运动 / 跟星头大小 [sparkSpawnHead]","当前层 P；单层 wbSnap().P，多层 wbSnap().layers[i].P。保存/另存/切效果自动草稿及配方 JSON 保存完整快照。一次拖动/输入提交/选择为一步，全资产60步；输入框内快捷键留给文本撤销。切层/发射器不清历史，打开另一效果/版本重置。行/模块/发射器恢复到打开时与恢复模板默认不同。","tool/src/js/10_types.js:580","","tool/src/js/79_workbench.js:159; tool/src/js/79_undo.js:10","20_sim.js sparkHeadBase / sparkHeadWin / sparkSpawnRAt；40_gl.js uInfo 第 2 格 + uCvHsS / uCvHsU","火花发射器补全（对话框FanGold，用户 10-09 21:48 批）：缺省 = 以前的行为（逐像素不变）。只在空中花型起作用。"
"SCHEMA-139","082-sparkDrag","","sparkDrag","P.sparkDrag","P","当前效果 / 当前层 / 火花","number","阻力","火花相对空气的线性阻力系数，决定火花喷出后多快停下。","命名表说明（可能滞后）；当前条件/换算来自源码，冲突见覆盖报告","物理量","1/s","1/s","[0,8,0.05]","","2.2","P => !isTrail(P) && !isPhys(P) && !isEmit(P)","无字段级条件","[{""when"":""P => !isCarrierType(P) && !(+P.sparkRate > 0)"",""reason"":""「火花生成率」是 0（这一层没有火花）时不起作用""},{""when"":""P => isCarrierType(P) && !(+P.carrierTail > 0) && !(+P.subTail > 0)"",""reason"":""「子弹火花率」「子星火花率」都是 0（这一层没有火花）时不起作用""}]","","[""sparkRate"",""carrierTail"",""subTail""]","本字段不在LINK_KEYS轨迹同步列表；其他条件/默认联动另见本行","不走TIMING_KEYS通用时间联动","onParam：实时模拟更新，灰度烘焙按自动/手动模式处理","","","[]","","本字段无曲线控件","","参数 / 当前层 / 火花 / 受力 / 阻力 [sparkDrag]","参数 / 当前层 / 火花 / 受力 / 阻力 [sparkDrag]","参数 / 当前层 / 火花 / 受力 / 阻力 [sparkDrag]","参数 / 当前层 / 火花 / 空间与运动 / 阻力 [sparkDrag]","当前层 P；单层 wbSnap().P，多层 wbSnap().layers[i].P。保存/另存/切效果自动草稿及配方 JSON 保存完整快照。一次拖动/输入提交/选择为一步，全资产60步；输入框内快捷键留给文本撤销。切层/发射器不清历史，打开另一效果/版本重置。行/模块/发射器恢复到打开时与恢复模板默认不同。","tool/src/js/10_types.js:581","","tool/src/js/79_workbench.js:159; tool/src/js/79_undo.js:10","20_sim.js:333 dv = −d·(v−air)·h；40_gl.js:122 mot() 线性阻力 + 重力 + 气流的解析解","速度每过 1/阻力 秒衰减到 37%（默认约 0.45 s）；下落极限速度 = 9.81 × 火花重力倍率 ÷ 阻力（默认约 4.5 m/s）。风、湍流通过它把火花拉向空气速度。"
"SCHEMA-140","083-sparkGrav","","sparkGrav","P.sparkGrav","P","当前效果 / 当前层 / 火花","number","重力倍率","火花受的重力是标准重力（9.81 m/s²）的几倍，决定尾迹往下垂多少。","命名表说明（可能滞后）；当前条件/换算来自源码，冲突见覆盖报告","物理量","×","×","[0,3,0.05]","","1","P => !isTrail(P) && !isPhys(P) && !isEmit(P)","无字段级条件","[{""when"":""P => !isCarrierType(P) && !(+P.sparkRate > 0)"",""reason"":""「火花生成率」是 0（这一层没有火花）时不起作用""},{""when"":""P => isCarrierType(P) && !(+P.carrierTail > 0) && !(+P.subTail > 0)"",""reason"":""「子弹火花率」「子星火花率」都是 0（这一层没有火花）时不起作用""}]","","[""sparkRate"",""carrierTail"",""subTail""]","本字段不在LINK_KEYS轨迹同步列表；其他条件/默认联动另见本行","不走TIMING_KEYS通用时间联动","onParam：实时模拟更新，灰度烘焙按自动/手动模式处理","","","[]","","本字段无曲线控件","","参数 / 当前层 / 火花 / 受力 / 重力倍率 [sparkGrav]","参数 / 当前层 / 火花 / 受力 / 重力倍率 [sparkGrav]","参数 / 当前层 / 火花 / 受力 / 重力倍率 [sparkGrav]","参数 / 当前层 / 火花 / 空间与运动 / 重力倍率 [sparkGrav]","当前层 P；单层 wbSnap().P，多层 wbSnap().layers[i].P。保存/另存/切效果自动草稿及配方 JSON 保存完整快照。一次拖动/输入提交/选择为一步，全资产60步；输入框内快捷键留给文本撤销。切层/发射器不清历史，打开另一效果/版本重置。行/模块/发射器恢复到打开时与恢复模板默认不同。","tool/src/js/10_types.js:582","","tool/src/js/79_workbench.js:159; tool/src/js/79_undo.js:10","20_sim.js:328 g2 = −G·sparkGrav；40_gl.js:410 uG = G·sparkGrav；65_cascade.js:195","和「阻力重力」模块的「重力倍率」不重复：星和火花是两个发射器（像 Cascade 里母发射器、子发射器各有自己的 Const Acceleration）——星的重力管星飞出的弧线，火花的重力管火花离开星以后往下垂多少。下垂幅度还取决于「火花阻力」。"
"SCHEMA-141","084-T0","","T0","P.T0","P","当前效果 / 当前层 / 火花","number","温度","火花刚喷出时的黑体温度：按温度算亮度，再由 Ramp 贴图按亮度上色（越亮越白）。","命名表说明（可能滞后）；当前条件/换算来自源码，冲突见覆盖报告","物理量","K","K","[1500,2800,10]","","2050","P => !isTrail(P) && !isPhys(P) && !isEmit(P)","无字段级条件","[{""when"":""P => !isCarrierType(P) && !(+P.sparkRate > 0)"",""reason"":""「火花生成率」是 0（这一层没有火花）时不起作用""},{""when"":""P => isCarrierType(P) && !(+P.carrierTail > 0) && !(+P.subTail > 0)"",""reason"":""「子弹火花率」「子星火花率」都是 0（这一层没有火花）时不起作用""}]","","[""sparkRate"",""carrierTail"",""subTail""]","本字段不在LINK_KEYS轨迹同步列表；其他条件/默认联动另见本行","不走TIMING_KEYS通用时间联动","onParam：实时模拟更新，灰度烘焙按自动/手动模式处理","","","[]","","本字段无曲线控件","","参数 / 当前层 / 火花 / 颜色 / 温度 [T0]","参数 / 当前层 / 火花 / 颜色 / 温度 [T0]","参数 / 当前层 / 火花 / 颜色 / 温度 [T0]","参数 / 当前层 / 火花 / 外观与颜色 / 温度 [T0]","当前层 P；单层 wbSnap().P，多层 wbSnap().layers[i].P。保存/另存/切效果自动草稿及配方 JSON 保存完整快照。一次拖动/输入提交/选择为一步，全资产60步；输入框内快捷键留给文本撤销。切层/发射器不清历史，打开另一效果/版本重置。行/模块/发射器恢复到打开时与恢复模板默认不同。","tool/src/js/10_types.js:583","","tool/src/js/79_workbench.js:159; tool/src/js/79_undo.js:10","40_gl.js:120 glowOf；40_gl.js:187 T0 = uT0 + 120·gss；20_sim.js:302、383-384；40_gl.js:392 sparkEff；65_cascade.js:172","亮度 ∝ ((温度−900)/1150)³：2050 K = 1，2400 K ≈ 2.2，1800 K ≈ 0.48，900 K 以下不发光。每粒火花另有 ±120 K（正态 σ）随机；银竜上升 +250 K。"
"SCHEMA-142","085-cooling","","cooling","P.cooling","P","当前效果 / 当前层 / 火花","number","冷却","火花一生里温度下降的比例（按寿命线性降温），决定火花沿尾迹变暗的快慢。","命名表说明（可能滞后）；当前条件/换算来自源码，冲突见覆盖报告","物理量","1","1","[0,0.8,0.01]","","0.42","P => !isTrail(P) && !isPhys(P) && !isEmit(P)","无字段级条件","[{""when"":""P => !isCarrierType(P) && !(+P.sparkRate > 0)"",""reason"":""「火花生成率」是 0（这一层没有火花）时不起作用""},{""when"":""P => isCarrierType(P) && !(+P.carrierTail > 0) && !(+P.subTail > 0)"",""reason"":""「子弹火花率」「子星火花率」都是 0（这一层没有火花）时不起作用""}]","","[""sparkRate"",""carrierTail"",""subTail""]","本字段不在LINK_KEYS轨迹同步列表；其他条件/默认联动另见本行","不走TIMING_KEYS通用时间联动","onParam：实时模拟更新，灰度烘焙按自动/手动模式处理","","","[]","","本字段无曲线控件","","参数 / 当前层 / 火花 / 颜色 / 冷却 [cooling]","参数 / 当前层 / 火花 / 颜色 / 冷却 [cooling]","参数 / 当前层 / 火花 / 颜色 / 冷却 [cooling]","参数 / 当前层 / 火花 / 外观与颜色 / 冷却 [cooling]","当前层 P；单层 wbSnap().P，多层 wbSnap().layers[i].P。保存/另存/切效果自动草稿及配方 JSON 保存完整快照。一次拖动/输入提交/选择为一步，全资产60步；输入框内快捷键留给文本撤销。切层/发射器不清历史，打开另一效果/版本重置。行/模块/发射器恢复到打开时与恢复模板默认不同。","tool/src/js/10_types.js:584","","tool/src/js/79_workbench.js:159; tool/src/js/79_undo.js:10","20_sim.js:383 T = T0·(1−cooling·age/life)；40_gl.js:200 glowOf(T0·(1−uCool·age/life))；65_cascade.js:172 coolKeys","温度 = 初始温度 × (1 − 本值 × 年龄/寿命)。默认 0.42：寿命 28% 处亮度减半，寿命结束时剩约 1.6%。它不是每秒降多少：寿命越长，每秒降得越慢。"
"SCHEMA-143","086-sparkBright","","sparkBright","P.sparkBright","P","当前效果 / 当前层 / 火花","number","亮度","所有火花（含余烬）的亮度倍数，只改明暗，不改形状。","命名表说明（可能滞后）；当前条件/换算来自源码，冲突见覆盖报告","物理量","×","×","[0,3,0.05]","","1","P => !isTrail(P) && !isPhys(P) && !isEmit(P)","无字段级条件","[{""when"":""P => !isCarrierType(P) && !(+P.sparkRate > 0)"",""reason"":""「火花生成率」是 0（这一层没有火花）时不起作用""},{""when"":""P => isCarrierType(P) && !(+P.carrierTail > 0) && !(+P.subTail > 0)"",""reason"":""「子弹火花率」「子星火花率」都是 0（这一层没有火花）时不起作用""}]","","[""sparkRate"",""carrierTail"",""subTail""]","本字段不在LINK_KEYS轨迹同步列表；其他条件/默认联动另见本行","不走TIMING_KEYS通用时间联动","onParam：实时模拟更新，灰度烘焙按自动/手动模式处理","","","[""twinkle"",""twinkleHz"",""starBright""]","","本字段无曲线控件","","参数 / 当前层 / 火花 / 亮度 / 亮度 [sparkBright]","参数 / 当前层 / 火花 / 亮度 / 亮度 [sparkBright]","参数 / 当前层 / 火花 / 亮度 / 亮度 [sparkBright]","参数 / 当前层 / 火花 / 外观与颜色 / 亮度 [sparkBright]","当前层 P；单层 wbSnap().P，多层 wbSnap().layers[i].P。保存/另存/切效果自动草稿及配方 JSON 保存完整快照。一次拖动/输入提交/选择为一步，全资产60步；输入框内快捷键留给文本撤销。切层/发射器不清历史，打开另一效果/版本重置。行/模块/发射器恢复到打开时与恢复模板默认不同。","tool/src/js/10_types.js:585","","tool/src/js/79_workbench.js:159; tool/src/js/79_undo.js:10","40_gl.js:217 I·uBright·0.6；20_sim.js:389；40_gl.js:554 combGain；40_gl.js:488 地面 / 上升循环同","合并输出（星头、火花在同一张灰度图）时，它和「星头亮度」一起决定两者的明暗比例。颜色仍由 Ramp 按亮度给，调亮会更偏白。"
"SCHEMA-144","087-emberFrac","","emberFrac","P.emberFrac","P","当前效果 / 当前层 / 余烬","number","比例（占火花）","余烬不是烟雾：是另一批更暗、留得更久的火花（锦冠木炭的暗橙长线、被照亮的烟迹），画法和火花一样。这里定喷出的火花里多少比例变成余烬。","命名表说明（可能滞后）；当前条件/换算来自源码，冲突见覆盖报告","物理量","1","1","[0,0.9,0.01]","","0","P => !isTrail(P) && !isPhys(P) && !isEmit(P)","P => familyOf(P.type) === 'aerial'","[{""when"":""P => !isCarrierType(P) && !(+P.sparkRate > 0)"",""reason"":""「火花生成率」是 0（这一层没有火花）时不起作用""},{""when"":""P => isCarrierType(P) && !(+P.carrierTail > 0) && !(+P.subTail > 0)"",""reason"":""「子弹火花率」「子星火花率」都是 0（这一层没有火花）时不起作用""},{""when"":""P => +P.branch > 0"",""reason"":""「松叶分叉数」> 0 时不出余烬（分叉的火花占了余烬那一路）""}]","","[""type"",""sparkRate"",""carrierTail"",""subTail"",""branch""]","本字段不在LINK_KEYS轨迹同步列表；其他条件/默认联动另见本行","不走TIMING_KEYS通用时间联动","onParam：实时模拟更新，灰度烘焙按自动/手动模式处理","","","[]","","本字段无曲线控件","","参数 / 当前层 / 余烬 / 生成 / 比例（占火花） [emberFrac]","参数 / 当前层 / 余烬 / 生成 / 比例（占火花） [emberFrac]","参数 / 当前层 / 余烬 / 生成 / 比例（占火花） [emberFrac]","参数 / 当前层 / 余烬 / 时序与数量 / 比例（占火花） [emberFrac]","当前层 P；单层 wbSnap().P，多层 wbSnap().layers[i].P。保存/另存/切效果自动草稿及配方 JSON 保存完整快照。一次拖动/输入提交/选择为一步，全资产60步；输入框内快捷键留给文本撤销。切层/发射器不清历史，打开另一效果/版本重置。行/模块/发射器恢复到打开时与恢复模板默认不同。","tool/src/js/10_types.js:586","","tool/src/js/79_workbench.js:159; tool/src/js/79_undo.js:10","20_sim.js:299 emb = rd < emberFrac（kind 5 除外）；40_gl.js:171 emb = hsh < uEmb && uBr==0（GPU 不排除 kind 5）；VS_EMIT 无余烬","从普通火花里分出来，不是另加：0.1 = 每粒火花 10% 概率变成余烬。用于锦冠木炭余烬 / 受光烟迹。开「松叶分叉」时 GPU 不出余烬；上升（曲导）循环贴图、地面类不起作用。"
"SCHEMA-145","088-emberLife","","emberLife","P.emberLife","P","当前效果 / 当前层 / 余烬","number","寿命","余烬的寿命（中位数），决定暗长线拖多长、留多久。","命名表说明（可能滞后）；当前条件/换算来自源码，冲突见覆盖报告","物理量","s","s","[0.3,8,0.05]","","3","P => !isTrail(P) && !isPhys(P) && !isEmit(P)","P => isAir(P) && P.emberFrac > 0","[{""when"":""P => +P.branch > 0"",""reason"":""「松叶分叉数」> 0 时不出余烬（分叉的火花占了余烬那一路）""}]","","[""emberFrac"",""branch""]","本字段不在LINK_KEYS轨迹同步列表；其他条件/默认联动另见本行","setTimingParam→timingEdit：空中层依先后关系推移相关时间、时长/入点；可关followOff；同一时刻关联层可粘连（glueOff另控）；具体变动以提示为准。非空中仅直接改值。","onParam：实时模拟更新，灰度烘焙按自动/手动模式处理","","","[]","","本字段无曲线控件","","参数 / 当前层 / 余烬 / 寿命 / 寿命 [emberLife]","参数 / 当前层 / 余烬 / 寿命 / 寿命 [emberLife]","参数 / 当前层 / 余烬 / 寿命 / 寿命 [emberLife]","参数 / 当前层 / 余烬 / 时序与数量 / 寿命 [emberLife]","当前层 P；单层 wbSnap().P，多层 wbSnap().layers[i].P。保存/另存/切效果自动草稿及配方 JSON 保存完整快照。一次拖动/输入提交/选择为一步，全资产60步；输入框内快捷键留给文本撤销。切层/发射器不清历史，打开另一效果/版本重置。行/模块/发射器恢复到打开时与恢复模板默认不同。","tool/src/js/10_types.js:587","","tool/src/js/79_workbench.js:159; tool/src/js/79_undo.js:10","20_sim.js:302 emberLife·exp(0.2·N)；40_gl.js:171 uEmbL·exp(.2·gss)","每粒另有对数正态随机 e^(0.2·N)（约 2/3 在 0.82–1.22 倍）；不受「末段火花寿命」「火花寿命随机」影响。寿命长的余烬会被重力拖着往下沉。"
"SCHEMA-146","089-emberBright","","emberBright","P.emberBright","P","当前效果 / 当前层 / 余烬","number","亮度","余烬刚喷出时的亮度，是同温度新火花的几倍；之后随寿命指数变暗。","命名表说明（可能滞后）；当前条件/换算来自源码，冲突见覆盖报告","物理量","×","×","[0.005,1,0.005]","","0.1","P => !isTrail(P) && !isPhys(P) && !isEmit(P)","P => isAir(P) && P.emberFrac > 0","[{""when"":""P => +P.branch > 0"",""reason"":""「松叶分叉数」> 0 时不出余烬（分叉的火花占了余烬那一路）""}]","","[""emberFrac"",""branch""]","本字段不在LINK_KEYS轨迹同步列表；其他条件/默认联动另见本行","不走TIMING_KEYS通用时间联动","onParam：实时模拟更新，灰度烘焙按自动/手动模式处理","","","[]","","本字段无曲线控件","","参数 / 当前层 / 余烬 / 亮度 / 亮度 [emberBright]","参数 / 当前层 / 余烬 / 亮度 / 亮度 [emberBright]","参数 / 当前层 / 余烬 / 亮度 / 亮度 [emberBright]","参数 / 当前层 / 余烬 / 外观与颜色 / 亮度 [emberBright]","当前层 P；单层 wbSnap().P，多层 wbSnap().layers[i].P。保存/另存/切效果自动草稿及配方 JSON 保存完整快照。一次拖动/输入提交/选择为一步，全资产60步；输入框内快捷键留给文本撤销。切层/发射器不清历史，打开另一效果/版本重置。行/模块/发射器恢复到打开时与恢复模板默认不同。","tool/src/js/10_types.js:588","","tool/src/js/79_workbench.js:159; tool/src/js/79_undo.js:10","20_sim.js:383-385 emb 时 T = T0 不冷却，g·emberBright·exp(−2x)·(1−ss((x−.75)/.25))；40_gl.js:200 同","亮度随寿命 × e^(−2·年龄/寿命)（结束时约 13.5%），最后 25% 寿命再平滑淡到 0。余烬不降温，不受「火花冷却」影响；还要乘「火花亮度」。"
"SCHEMA-147","090-emberFollow","","emberFollow","P.emberFollow","P","当前效果 / 当前层 / 余烬","number","随星淡出","星停止喷火花后，余烬在几秒内一起淡掉（受光烟迹：照亮它的星灭了就看不见）。","命名表说明（可能滞后）；当前条件/换算来自源码，冲突见覆盖报告","物理量","s","s","[0,3,0.05]","","0","P => !isTrail(P) && !isPhys(P) && !isEmit(P)","P => isAir(P) && P.emberFrac > 0","[{""when"":""P => +P.branch > 0"",""reason"":""「松叶分叉数」> 0 时不出余烬（分叉的火花占了余烬那一路）""}]","","[""emberFrac"",""branch""]","本字段不在LINK_KEYS轨迹同步列表；其他条件/默认联动另见本行","不走TIMING_KEYS通用时间联动","onParam：实时模拟更新，灰度烘焙按自动/手动模式处理","","","[]","","本字段无曲线控件","","参数 / 当前层 / 余烬 / 亮度 / 随星淡出 [emberFollow]","参数 / 当前层 / 余烬 / 亮度 / 随星淡出 [emberFollow]","参数 / 当前层 / 余烬 / 亮度 / 随星淡出 [emberFollow]","参数 / 当前层 / 余烬 / 外观与颜色 / 随星淡出 [emberFollow]","当前层 P；单层 wbSnap().P，多层 wbSnap().layers[i].P。保存/另存/切效果自动草稿及配方 JSON 保存完整快照。一次拖动/输入提交/选择为一步，全资产60步；输入框内快捷键留给文本撤销。切层/发射器不清历史，打开另一效果/版本重置。行/模块/发射器恢复到打开时与恢复模板默认不同。","tool/src/js/10_types.js:589","","tool/src/js/79_workbench.js:159; tool/src/js/79_undo.js:10","20_sim.js:302 pd = 星燃烧结束，385 1−ss((t−pd+0.15)/(F+0.15))；40_gl.js:200 smoothstep(inf.y−.15, inf.y+uEmbF, uT)，inf.y = deathAt（40_gl.js:379 含 sparkStop 截断、tDead）","淡出从星结束前 0.15 s 开始。GPU 内核以「火花停止时刻」为准，CPU 内核以星燃烧结束为准：设了「火花停止时刻」又没开「余烬贯穿全程」时两者不同。"
"SCHEMA-148","091-emberSize","","emberSize","P.emberSize","P","当前效果 / 当前层 / 余烬","number","大小","余烬颗粒的大小是普通火花的几倍，决定暗长线的粗细。","命名表说明（可能滞后）；当前条件/换算来自源码，冲突见覆盖报告","物理量","×","×","[0.2,2,0.01]","","1","P => !isTrail(P) && !isPhys(P) && !isEmit(P)","P => isAir(P) && P.emberFrac > 0","[{""when"":""P => +P.branch > 0"",""reason"":""「松叶分叉数」> 0 时不出余烬（分叉的火花占了余烬那一路）""}]","","[""emberFrac"",""branch""]","本字段不在LINK_KEYS轨迹同步列表；其他条件/默认联动另见本行","不走TIMING_KEYS通用时间联动","onParam：实时模拟更新，灰度烘焙按自动/手动模式处理","","","[]","","本字段无曲线控件","","参数 / 当前层 / 余烬 / 大小 / 大小 [emberSize]","参数 / 当前层 / 余烬 / 大小 / 大小 [emberSize]","参数 / 当前层 / 余烬 / 大小 / 大小 [emberSize]","参数 / 当前层 / 余烬 / 外观与颜色 / 大小 [emberSize]","当前层 P；单层 wbSnap().P，多层 wbSnap().layers[i].P。保存/另存/切效果自动草稿及配方 JSON 保存完整快照。一次拖动/输入提交/选择为一步，全资产60步；输入框内快捷键留给文本撤销。切层/发射器不清历史，打开另一效果/版本重置。行/模块/发射器恢复到打开时与恢复模板默认不同。","tool/src/js/10_types.js:590","","tool/src/js/79_workbench.js:159; tool/src/js/79_undo.js:10","40_gl.js:201 size = uSize·uEmbS；20_sim.js:390","实际大小 = 火花大小 × 本值。"
"SCHEMA-149","092-emberEnd","","emberEnd","P.emberEnd","P","当前效果 / 当前层 / 余烬","number","熄灭时刻","开花后第几秒让所有余烬一起暗掉（星转点灭、色光变弱后烟迹一起消失）。","命名表说明（可能滞后）；当前条件/换算来自源码，冲突见覆盖报告","物理量","s","s","[0,10,0.05]","","0","P => !isTrail(P) && !isPhys(P) && !isEmit(P)","P => isAir(P) && P.emberFrac > 0","[{""when"":""P => +P.branch > 0"",""reason"":""「松叶分叉数」> 0 时不出余烬（分叉的火花占了余烬那一路）""}]","","[""emberFrac"",""branch""]","本字段不在LINK_KEYS轨迹同步列表；其他条件/默认联动另见本行","setTimingParam→timingEdit：空中层依先后关系推移相关时间、时长/入点；可关followOff；同一时刻关联层可粘连（glueOff另控）；具体变动以提示为准。非空中仅直接改值。","onParam：实时模拟更新，灰度烘焙按自动/手动模式处理","","","[]","","本字段无曲线控件","","参数 / 当前层 / 余烬 / 寿命 / 熄灭时刻 [emberEnd]","参数 / 当前层 / 余烬 / 寿命 / 熄灭时刻 [emberEnd]","参数 / 当前层 / 余烬 / 寿命 / 熄灭时刻 [emberEnd]","参数 / 当前层 / 余烬 / 时序与数量 / 熄灭时刻 [emberEnd]","当前层 P；单层 wbSnap().P，多层 wbSnap().layers[i].P。保存/另存/切效果自动草稿及配方 JSON 保存完整快照。一次拖动/输入提交/选择为一步，全资产60步；输入框内快捷键留给文本撤销。切层/发射器不清历史，打开另一效果/版本重置。行/模块/发射器恢复到打开时与恢复模板默认不同。","tool/src/js/10_types.js:591","","tool/src/js/79_workbench.js:159; tool/src/js/79_undo.js:10","20_sim.js:385 1−ss((t−emberEnd+0.6)/0.9)；40_gl.js:200 1−smoothstep(uEmbE−.6, uEmbE+.3, uT)","按开花后的绝对时间算（不是每颗星自己的时间）：该时刻前 0.6 s 开始淡，后 0.3 s 完全消失。"
"SCHEMA-150","093-emberAll","","emberAll","P.emberAll","P","当前效果 / 当前层 / 余烬","number","贯穿全程","开关：1 = 「火花停止时刻」只停普通火花，余烬一直喷到星烧完、一直跟到星头。","命名表说明（可能滞后）；当前条件/换算来自源码，冲突见覆盖报告","物理量","1","1","[0,1,1]","","0","P => !isTrail(P) && !isPhys(P) && !isEmit(P)","P => isAir(P) && P.emberFrac > 0","[{""when"":""P => !(+P.sparkStop > 0)"",""reason"":""「火花停止时刻」是 0 时不起作用（火花本来就全程都有，余烬也一样）""},{""when"":""P => +P.branch > 0"",""reason"":""「松叶分叉数」> 0 时不出余烬（分叉的火花占了余烬那一路）""}]","","[""emberFrac"",""sparkStop"",""branch""]","本字段不在LINK_KEYS轨迹同步列表；其他条件/默认联动另见本行","不走TIMING_KEYS通用时间联动","onParam：实时模拟更新，灰度烘焙按自动/手动模式处理","","","[]","","本字段无曲线控件","","参数 / 当前层 / 余烬 / 寿命 / 贯穿全程 [emberAll]","参数 / 当前层 / 余烬 / 寿命 / 贯穿全程 [emberAll]","参数 / 当前层 / 余烬 / 寿命 / 贯穿全程 [emberAll]","参数 / 当前层 / 余烬 / 时序与数量 / 贯穿全程 [emberAll]","当前层 P；单层 wbSnap().P，多层 wbSnap().layers[i].P。保存/另存/切效果自动草稿及配方 JSON 保存完整快照。一次拖动/输入提交/选择为一步，全资产60步；输入框内快捷键留给文本撤销。切层/发射器不清历史，打开另一效果/版本重置。行/模块/发射器恢复到打开时与恢复模板默认不同。","tool/src/js/10_types.js:592","","tool/src/js/79_workbench.js:159; tool/src/js/79_undo.js:10","20_sim.js:284-300 embAll 时继续发射、hotOff 后只留 emb；40_gl.js:379 death 不截断，414 uHotStop = sparkStop，173 tb−inf.x > uHotStop（inf.x = ig+sparkStart）","只在「火花停止时刻」> 0 时有区别；停止后余烬密度 = 火花生成率 × 余烬比例。GPU 内核里同时设了「火花开始时刻」时，普通火花的停止会多推后一个开始延迟（CPU 不会）。"
"SCHEMA-151","094-twinkle","","twinkle","P.twinkle","P","当前效果 / 当前层 / 火花","number","闪烁","每粒火花亮度的快速随机跳动，模拟炭火火花闪烁的颗粒感。","命名表说明（可能滞后）；当前条件/换算来自源码，冲突见覆盖报告","物理量","1","1","[0,1,0.01]","","0.6","P => !isTrail(P) && !isPhys(P) && !isEmit(P)","无字段级条件","[{""when"":""P => !isCarrierType(P) && !(+P.sparkRate > 0)"",""reason"":""「火花生成率」是 0（这一层没有火花）时不起作用""},{""when"":""P => isCarrierType(P) && !(+P.carrierTail > 0) && !(+P.subTail > 0)"",""reason"":""「子弹火花率」「子星火花率」都是 0（这一层没有火花）时不起作用""}]","","[""sparkRate"",""carrierTail"",""subTail""]","本字段不在LINK_KEYS轨迹同步列表；其他条件/默认联动另见本行","不走TIMING_KEYS通用时间联动","onParam：实时模拟更新，灰度烘焙按自动/手动模式处理","","sparkBright","[]","均匀分布 ±数值：亮度 × (1 ± x)，每粒火花独立，4.0 下每 1/240 秒重抽一次。0.6 = 亮度在 0.4–1.6 倍之间跳。","本字段无曲线控件","","参数 / 当前层 / 火花 / 亮度 / 闪烁 [twinkle]","参数 / 当前层 / 火花 / 亮度 / 亮度 / 随机 / 闪烁 [twinkle]","参数 / 当前层 / 火花 / 亮度 / 亮度 / 随机 / 闪烁 [twinkle]","参数 / 当前层 / 火花 / 外观与颜色 / 亮度 / 随机 / 闪烁 [twinkle]","当前层 P；单层 wbSnap().P，多层 wbSnap().layers[i].P。保存/另存/切效果自动草稿及配方 JSON 保存完整快照。一次拖动/输入提交/选择为一步，全资产60步；输入框内快捷键留给文本撤销。切层/发射器不清历史，打开另一效果/版本重置。行/模块/发射器恢复到打开时与恢复模板默认不同。","tool/src/js/10_types.js:593","","tool/src/js/79_workbench.js:159; tool/src/js/79_undo.js:10","40_gl.js:217 I·(1+uTwk·(2·hsh(u2,tw·16+13)−1))；48_render40.js:24 tick = floor(ts·240)；20_sim.js:389 CPU 每次取样重抽","一帧的快门时间内会采好几次再平均，贴图里的闪烁比数值看起来小，快门越长越平。星头的闪烁是「星头」模块的「星头闪烁」（Head Flicker）。"
"SCHEMA-152","094b-twinkleHz","","twinkleHz","P.twinkleHz","P","当前效果 / 当前层 / 火花","number","闪烁频率","火花闪烁的快慢：0 = 以前的做法（每个时间片各自随机，像白噪声，引擎里做不出来）；> 0 = 每颗火花按这个频率明暗起伏，相位各自随机。","命名表说明（可能滞后）；当前条件/换算来自源码，冲突见覆盖报告","物理量","Hz","Hz","[0,30,0.5]","","0","P => !isTrail(P) && !isPhys(P) && !isEmit(P)","P => +P.twinkle > 0","[{""when"":""P => !isCarrierType(P) && !(+P.sparkRate > 0)"",""reason"":""「火花生成率」是 0（这一层没有火花）时不起作用""},{""when"":""P => isCarrierType(P) && !(+P.carrierTail > 0) && !(+P.subTail > 0)"",""reason"":""「子弹火花率」「子星火花率」都是 0（这一层没有火花）时不起作用""}]","","[""twinkle"",""sparkRate"",""carrierTail"",""subTail""]","本字段不在LINK_KEYS轨迹同步列表；其他条件/默认联动另见本行","不走TIMING_KEYS通用时间联动","onParam：实时模拟更新，灰度烘焙按自动/手动模式处理","","sparkBright","[]","","本字段无曲线控件","","参数 / 当前层 / 火花 / 亮度 / 闪烁频率 [twinkleHz]","参数 / 当前层 / 火花 / 亮度 / 亮度 / 随机 / 闪烁频率 [twinkleHz]","参数 / 当前层 / 火花 / 亮度 / 亮度 / 随机 / 闪烁频率 [twinkleHz]","参数 / 当前层 / 火花 / 外观与颜色 / 亮度 / 随机 / 闪烁频率 [twinkleHz]","当前层 P；单层 wbSnap().P，多层 wbSnap().layers[i].P。保存/另存/切效果自动草稿及配方 JSON 保存完整快照。一次拖动/输入提交/选择为一步，全资产60步；输入框内快捷键留给文本撤销。切层/发射器不清历史，打开另一效果/版本重置。行/模块/发射器恢复到打开时与恢复模板默认不同。","tool/src/js/10_types.js:594","","tool/src/js/79_workbench.js:159; tool/src/js/79_undo.js:10","40_gl.js VS_SPK uTwHz；20_sim.js 同一条","只在「火花闪烁」> 0 时起作用。用户 2026-10-04 09:58 定的（渲染基础问题 E6）。"
"SCHEMA-153","460-32-sparkInhJit","","sparkInhJit","P.sparkInhJit","P","当前效果 / 当前层 / 火花","number","跟随随机","每粒火花「跟随星体」的比例在 1 ± 这个百分比之间均匀随机；默认 70% = 以前的 0.3–1.7 倍。","命名表说明（可能滞后）；当前条件/换算来自源码，冲突见覆盖报告","物理量","%","%","[0,100,1]","","70","P => !isTrail(P) && !isPhys(P) && !isEmit(P)","无字段级条件","[]","","[]","本字段不在LINK_KEYS轨迹同步列表；其他条件/默认联动另见本行","不走TIMING_KEYS通用时间联动","onParam：实时模拟更新，灰度烘焙按自动/手动模式处理","","sparkInherit","[]","","本字段无曲线控件","","参数 / 当前层 / 火花 / 初速 / 跟随随机 [sparkInhJit]","参数 / 当前层 / 火花 / 初速 / 继承速度 / 随机 / 跟随随机 [sparkInhJit]","参数 / 当前层 / 火花 / 初速 / 继承速度 / 随机 / 跟随随机 [sparkInhJit]","参数 / 当前层 / 火花 / 空间与运动 / 继承速度 / 随机 / 跟随随机 [sparkInhJit]","当前层 P；单层 wbSnap().P，多层 wbSnap().layers[i].P。保存/另存/切效果自动草稿及配方 JSON 保存完整快照。一次拖动/输入提交/选择为一步，全资产60步；输入框内快捷键留给文本撤销。切层/发射器不清历史，打开另一效果/版本重置。行/模块/发射器恢复到打开时与恢复模板默认不同。","tool/src/js/10_types.js:595","","tool/src/js/79_workbench.js:159; tool/src/js/79_undo.js:10","","4.6.0（5.0 第 1 步）加：以前写死在代码里，默认 = 原来的数。"
"SCHEMA-154","460-33-T0Jit","","T0Jit","P.T0Jit","P","当前效果 / 当前层 / 火花","number","温度随机","每粒火花初始温度的正态随机（标准差，开尔文）；默认 120 K = 以前写死的。","命名表说明（可能滞后）；当前条件/换算来自源码，冲突见覆盖报告","物理量","K","K","[0,400,5]","","120","P => !isTrail(P) && !isPhys(P) && !isEmit(P)","无字段级条件","[]","","[]","本字段不在LINK_KEYS轨迹同步列表；其他条件/默认联动另见本行","不走TIMING_KEYS通用时间联动","onParam：实时模拟更新，灰度烘焙按自动/手动模式处理","","T0","[]","","本字段无曲线控件","","参数 / 当前层 / 火花 / 颜色 / 温度随机 [T0Jit]","参数 / 当前层 / 火花 / 颜色 / 温度 / 随机 / 温度随机 [T0Jit]","参数 / 当前层 / 火花 / 颜色 / 温度 / 随机 / 温度随机 [T0Jit]","参数 / 当前层 / 火花 / 外观与颜色 / 温度 / 随机 / 温度随机 [T0Jit]","当前层 P；单层 wbSnap().P，多层 wbSnap().layers[i].P。保存/另存/切效果自动草稿及配方 JSON 保存完整快照。一次拖动/输入提交/选择为一步，全资产60步；输入框内快捷键留给文本撤销。切层/发射器不清历史，打开另一效果/版本重置。行/模块/发射器恢复到打开时与恢复模板默认不同。","tool/src/js/10_types.js:596","","tool/src/js/79_workbench.js:159; tool/src/js/79_undo.js:10","","4.6.0（5.0 第 1 步）加：以前写死在代码里，默认 = 原来的数。"
"SCHEMA-155","460-34-emberLifeJit","","emberLifeJit","P.emberLifeJit","P","当前效果 / 当前层 / 余烬","number","寿命随机","余烬寿命的对数标准差；默认 0.2 = 以前写死的。","命名表说明（可能滞后）；当前条件/换算来自源码，冲突见覆盖报告","物理量","%","%","[0,1,0.01]","","0.2","P => !isTrail(P) && !isPhys(P) && !isEmit(P)","P => isAir(P) && P.emberFrac > 0","[]","","[""emberFrac""]","本字段不在LINK_KEYS轨迹同步列表；其他条件/默认联动另见本行","不走TIMING_KEYS通用时间联动","onParam：实时模拟更新，灰度烘焙按自动/手动模式处理","","emberLife","[]","","本字段无曲线控件","","参数 / 当前层 / 余烬 / 寿命 / 寿命随机 [emberLifeJit]","参数 / 当前层 / 余烬 / 寿命 / 寿命 / 随机 / 寿命随机 [emberLifeJit]","参数 / 当前层 / 余烬 / 寿命 / 寿命 / 随机 / 寿命随机 [emberLifeJit]","参数 / 当前层 / 余烬 / 时序与数量 / 寿命 / 随机 / 寿命随机 [emberLifeJit]","当前层 P；单层 wbSnap().P，多层 wbSnap().layers[i].P。保存/另存/切效果自动草稿及配方 JSON 保存完整快照。一次拖动/输入提交/选择为一步，全资产60步；输入框内快捷键留给文本撤销。切层/发射器不清历史，打开另一效果/版本重置。行/模块/发射器恢复到打开时与恢复模板默认不同。","tool/src/js/10_types.js:597","","tool/src/js/79_workbench.js:159; tool/src/js/79_undo.js:10","","4.6.0（5.0 第 1 步）加：以前写死在代码里，默认 = 原来的数。"
"SCHEMA-156","460-35-emberDecay","","emberDecay","P.emberDecay","P","当前效果 / 当前层 / 余烬","number","变暗快慢","余烬亮度按 e^(−这个数 × 寿命比例) 变暗；默认 2 = 以前写死的。","命名表说明（可能滞后）；当前条件/换算来自源码，冲突见覆盖报告","物理量","1","1","[0,8,0.1]","","2","P => !isTrail(P) && !isPhys(P) && !isEmit(P)","P => isAir(P) && P.emberFrac > 0","[]","","[""emberFrac""]","本字段不在LINK_KEYS轨迹同步列表；其他条件/默认联动另见本行","不走TIMING_KEYS通用时间联动","onParam：实时模拟更新，灰度烘焙按自动/手动模式处理","","","[]","","本字段无曲线控件","","参数 / 当前层 / 余烬 / 亮度 / 变暗快慢 [emberDecay]","参数 / 当前层 / 余烬 / 亮度 / 变暗快慢 [emberDecay]","参数 / 当前层 / 余烬 / 亮度 / 变暗快慢 [emberDecay]","参数 / 当前层 / 余烬 / 外观与颜色 / 变暗快慢 [emberDecay]","当前层 P；单层 wbSnap().P，多层 wbSnap().layers[i].P。保存/另存/切效果自动草稿及配方 JSON 保存完整快照。一次拖动/输入提交/选择为一步，全资产60步；输入框内快捷键留给文本撤销。切层/发射器不清历史，打开另一效果/版本重置。行/模块/发射器恢复到打开时与恢复模板默认不同。","tool/src/js/10_types.js:598","","tool/src/js/79_workbench.js:159; tool/src/js/79_undo.js:10","","4.6.0（5.0 第 1 步）加：以前写死在代码里，默认 = 原来的数。"
"SCHEMA-157","460-36-emberFadeAt","","emberFadeAt","P.emberFadeAt","P","当前效果 / 当前层 / 余烬","number","淡出开始","余烬到寿命的这个比例开始淡出到 0；默认 0.75 = 以前写死的。","命名表说明（可能滞后）；当前条件/换算来自源码，冲突见覆盖报告","物理量","×","×","[0.3,1,0.01]","","0.75","P => !isTrail(P) && !isPhys(P) && !isEmit(P)","P => isAir(P) && P.emberFrac > 0","[]","","[""emberFrac""]","本字段不在LINK_KEYS轨迹同步列表；其他条件/默认联动另见本行","不走TIMING_KEYS通用时间联动","onParam：实时模拟更新，灰度烘焙按自动/手动模式处理","","","[]","","本字段无曲线控件","","参数 / 当前层 / 余烬 / 亮度 / 淡出开始 [emberFadeAt]","参数 / 当前层 / 余烬 / 亮度 / 淡出开始 [emberFadeAt]","参数 / 当前层 / 余烬 / 亮度 / 淡出开始 [emberFadeAt]","参数 / 当前层 / 余烬 / 外观与颜色 / 淡出开始 [emberFadeAt]","当前层 P；单层 wbSnap().P，多层 wbSnap().layers[i].P。保存/另存/切效果自动草稿及配方 JSON 保存完整快照。一次拖动/输入提交/选择为一步，全资产60步；输入框内快捷键留给文本撤销。切层/发射器不清历史，打开另一效果/版本重置。行/模块/发射器恢复到打开时与恢复模板默认不同。","tool/src/js/10_types.js:599","","tool/src/js/79_workbench.js:159; tool/src/js/79_undo.js:10","","4.6.0（5.0 第 1 步）加：以前写死在代码里，默认 = 原来的数。"
"SCHEMA-158","460-89-sparkSizeCurve","","sparkSizeCurve","P.sparkSizeCurve","P","当前效果 / 当前层 / 火花","curve","随寿命","每粒火花的大小随它的寿命变化（梭形 / 尾迹粗细用这一条做：用户 10-05 20:45 定）。几行「时刻:倍数」，时刻是寿命的比例 0–1，在原来的变化上再乘这条曲线；空 = 不乘（和以前一样）。例「0:0.3, 0.2:1, 1:1」= 刚出来小、很快长到正常。","命名表说明（可能滞后）；当前条件/换算来自源码，冲突见覆盖报告","物理量","×（随寿命）","×（随寿命）","","","","P => !isTrail(P) && !isPhys(P) && !isEmit(P)","无字段级条件","[]","","[]","本字段不在LINK_KEYS轨迹同步列表；其他条件/默认联动另见本行","不走TIMING_KEYS通用时间联动","onParam：实时模拟更新，灰度烘焙按自动/手动模式处理","","","[]","","0–1单粒寿命，文本提交 + 只读折线/表；空=×1；不支持拖点","","参数 / 当前层 / 火花 / 大小 / 随寿命 [sparkSizeCurve]","参数 / 当前层 / 火花 / 大小 / 随寿命 [sparkSizeCurve]","参数 / 当前层 / 火花 / 大小 / 随寿命 [sparkSizeCurve]","参数 / 当前层 / 火花 / 外观与颜色 / 随寿命 [sparkSizeCurve]","当前层 P；单层 wbSnap().P，多层 wbSnap().layers[i].P。保存/另存/切效果自动草稿及配方 JSON 保存完整快照。一次拖动/输入提交/选择为一步，全资产60步；输入框内快捷键留给文本撤销。切层/发射器不清历史，打开另一效果/版本重置。行/模块/发射器恢复到打开时与恢复模板默认不同。 注意：rowChanged仅处理数值/select/text，现曲线不计行/模块“改过”、无独立行尾还原按钮；全资产撤销可恢复曲线文本。不伪称这些行级状态已实现。","tool/src/js/10_types.js:600","","tool/src/js/79_workbench.js:159; tool/src/js/79_undo.js:10","","4.6.0（5.0 第 1 步）加：以前写死在代码里，默认 = 原来的数。"
"SCHEMA-159","460-90-sparkBrightCurve","","sparkBrightCurve","P.sparkBrightCurve","P","当前效果 / 当前层 / 火花","curve","随寿命","每粒火花的亮度随它的寿命变化（在温度冷却之上再乘）。几行「时刻:倍数」，时刻是寿命的比例 0–1，在原来的变化上再乘这条曲线；空 = 不乘（和以前一样）。例「0:0.3, 0.2:1, 1:1」= 刚出来小、很快长到正常。","命名表说明（可能滞后）；当前条件/换算来自源码，冲突见覆盖报告","物理量","×（随寿命）","×（随寿命）","","","","P => !isTrail(P) && !isPhys(P) && !isEmit(P)","无字段级条件","[]","","[]","本字段不在LINK_KEYS轨迹同步列表；其他条件/默认联动另见本行","不走TIMING_KEYS通用时间联动","onParam：实时模拟更新，灰度烘焙按自动/手动模式处理","","","[]","","0–1单粒寿命，文本提交 + 只读折线/表；空=×1；不支持拖点","","参数 / 当前层 / 火花 / 亮度 / 随寿命 [sparkBrightCurve]","参数 / 当前层 / 火花 / 亮度 / 随寿命 [sparkBrightCurve]","参数 / 当前层 / 火花 / 亮度 / 随寿命 [sparkBrightCurve]","参数 / 当前层 / 火花 / 外观与颜色 / 随寿命 [sparkBrightCurve]","当前层 P；单层 wbSnap().P，多层 wbSnap().layers[i].P。保存/另存/切效果自动草稿及配方 JSON 保存完整快照。一次拖动/输入提交/选择为一步，全资产60步；输入框内快捷键留给文本撤销。切层/发射器不清历史，打开另一效果/版本重置。行/模块/发射器恢复到打开时与恢复模板默认不同。 注意：rowChanged仅处理数值/select/text，现曲线不计行/模块“改过”、无独立行尾还原按钮；全资产撤销可恢复曲线文本。不伪称这些行级状态已实现。","tool/src/js/10_types.js:601","","tool/src/js/79_workbench.js:159; tool/src/js/79_undo.js:10","","4.6.0（5.0 第 1 步）加：以前写死在代码里，默认 = 原来的数。"
"SCHEMA-160","460-91-emberBrightCurve","","emberBrightCurve","P.emberBrightCurve","P","当前效果 / 当前层 / 余烬","curve","随寿命","余烬亮度随它的寿命变化（在变暗快慢之上再乘）。几行「时刻:倍数」，时刻是寿命的比例 0–1，在原来的变化上再乘这条曲线；空 = 不乘（和以前一样）。例「0:0.3, 0.2:1, 1:1」= 刚出来小、很快长到正常。","命名表说明（可能滞后）；当前条件/换算来自源码，冲突见覆盖报告","物理量","×（随寿命）","×（随寿命）","","","","P => !isTrail(P) && !isPhys(P) && !isEmit(P)","P => isAir(P) && P.emberFrac > 0","[]","","[""emberFrac""]","本字段不在LINK_KEYS轨迹同步列表；其他条件/默认联动另见本行","不走TIMING_KEYS通用时间联动","onParam：实时模拟更新，灰度烘焙按自动/手动模式处理","","","[]","","0–1单粒寿命，文本提交 + 只读折线/表；空=×1；不支持拖点","","参数 / 当前层 / 余烬 / 亮度 / 随寿命 [emberBrightCurve]","参数 / 当前层 / 余烬 / 亮度 / 随寿命 [emberBrightCurve]","参数 / 当前层 / 余烬 / 亮度 / 随寿命 [emberBrightCurve]","参数 / 当前层 / 余烬 / 外观与颜色 / 随寿命 [emberBrightCurve]","当前层 P；单层 wbSnap().P，多层 wbSnap().layers[i].P。保存/另存/切效果自动草稿及配方 JSON 保存完整快照。一次拖动/输入提交/选择为一步，全资产60步；输入框内快捷键留给文本撤销。切层/发射器不清历史，打开另一效果/版本重置。行/模块/发射器恢复到打开时与恢复模板默认不同。 注意：rowChanged仅处理数值/select/text，现曲线不计行/模块“改过”、无独立行尾还原按钮；全资产撤销可恢复曲线文本。不伪称这些行级状态已实现。","tool/src/js/10_types.js:602","","tool/src/js/79_workbench.js:159; tool/src/js/79_undo.js:10","","4.6.0（5.0 第 1 步）加：以前写死在代码里，默认 = 原来的数。"
"SCHEMA-161","460-98-emberSizeCurve","","emberSizeCurve","P.emberSizeCurve","P","当前效果 / 当前层 / 余烬","curve","随寿命","余烬的大小随它的寿命变化（在「余烬大小」之上再乘）。几行「时刻:倍数」，时刻是寿命的比例 0–1，在原来的变化上再乘这条曲线；空 = 不乘（和以前一样）。例「0:0.3, 0.2:1, 1:1」= 刚出来小、很快长到正常。","命名表说明（可能滞后）；当前条件/换算来自源码，冲突见覆盖报告","物理量","×（随寿命）","×（随寿命）","","","","P => !isTrail(P) && !isPhys(P) && !isEmit(P)","P => isAir(P) && P.emberFrac > 0","[]","","[""emberFrac""]","本字段不在LINK_KEYS轨迹同步列表；其他条件/默认联动另见本行","不走TIMING_KEYS通用时间联动","onParam：实时模拟更新，灰度烘焙按自动/手动模式处理","","","[]","","0–1单粒寿命，文本提交 + 只读折线/表；空=×1；不支持拖点","","参数 / 当前层 / 余烬 / 大小 / 随寿命 [emberSizeCurve]","参数 / 当前层 / 余烬 / 大小 / 随寿命 [emberSizeCurve]","参数 / 当前层 / 余烬 / 大小 / 随寿命 [emberSizeCurve]","参数 / 当前层 / 余烬 / 外观与颜色 / 随寿命 [emberSizeCurve]","当前层 P；单层 wbSnap().P，多层 wbSnap().layers[i].P。保存/另存/切效果自动草稿及配方 JSON 保存完整快照。一次拖动/输入提交/选择为一步，全资产60步；输入框内快捷键留给文本撤销。切层/发射器不清历史，打开另一效果/版本重置。行/模块/发射器恢复到打开时与恢复模板默认不同。 注意：rowChanged仅处理数值/select/text，现曲线不计行/模块“改过”、无独立行尾还原按钮；全资产撤销可恢复曲线文本。不伪称这些行级状态已实现。","tool/src/js/10_types.js:603","","tool/src/js/79_workbench.js:159; tool/src/js/79_undo.js:10","","4.9.4（5.0，交互宪章 5）加：按寿命曲线，空 = 不乘，画面不变。"
"SCHEMA-162","4930-01-tempo","","tempo","P.tempo","P","整个效果（空中层一起改写制作参数）","number","节奏","同一朵花放快 / 放慢：时刻和时长 ÷ 倍数、速度 × 倍数、重力 × 倍数²、频率 / 生成率 / 线性阻力 × 倍数，变色时刻跟着；大小、形状、颜色、亮度不变。整个效果一个值：多层时所有空中层一起换算，层的开始时间跟着。","命名表说明（可能滞后）；当前条件/换算来自源码，冲突见覆盖报告","物理量","×","×","[0.3,3,0.01]","","1","P => isSeq(P) && familyOf(P.type) === 'aerial'","无字段级条件","[]","","[""type""]","本字段不在LINK_KEYS轨迹同步列表；其他条件/默认联动另见本行","不走TIMING_KEYS通用时间联动","onParam：实时模拟更新，灰度烘焙按自动/手动模式处理","","","[]","","本字段无曲线控件","","参数 / 当前层 / 效果 / 整体调整 / 节奏 [tempo]","参数 / 当前层 / 效果 / 整体调整 / 节奏 [tempo]","参数 / 当前层 / 效果 / 整体调整 / 节奏 [tempo]","参数 / 当前层 / 效果 / 最终整体调整 / 节奏 [tempo]","当前层 P；单层 wbSnap().P，多层 wbSnap().layers[i].P。保存/另存/切效果自动草稿及配方 JSON 保存完整快照。一次拖动/输入提交/选择为一步，全资产60步；输入框内快捷键留给文本撤销。切层/发射器不清历史，打开另一效果/版本重置。行/模块/发射器恢复到打开时与恢复模板默认不同。 applyTempo同时改各空中层和开始时间；区别L.rate。","tool/src/js/10_types.js:607","","tool/src/js/79_workbench.js:159; tool/src/js/79_undo.js:10","12_tempo.js retimeP / retimeM / applyTempo；10_types.js applyShellNo 末尾 retimeShellKeys；70_ui.js 滑杆 tempo 分支、info 行 tempoInfo；检查 analysis/scripts/节奏检查.py","4.9.30（对话框新花型，用户 10-07 12:58「有些预设你做出来的我想要一个整体快一些的，我要调好多参数」、13:31「1.加」）加：整个效果一个值，多层所有空中层一起；直接改写存的参数（和号数一样）。参数宪章第 3 条例外 3。"
"SCHEMA-163","4930-02-info:tempoInfo","","info:tempoInfo","derived:info:tempoInfo","READ","当前效果 / 当前层 / 效果","info","整段与帧率","只读：现在的节奏、整段几秒、这一层烘了几帧几张、平均几 fps；可以直接填「整段想要几秒」、点几个常用节奏，或试算几档节奏下的帧数 / 张数 / 最慢 fps / 每帧最多跳几像素（不烘，只排帧）。","命名表说明（可能滞后）；当前条件/换算来自源码，冲突见覆盖报告","只读","选项","选项","","","","P => isSeq(P) && familyOf(P.type) === 'aerial'","无字段级条件","[]","","[""type""]","本字段不在LINK_KEYS轨迹同步列表；其他条件/默认联动另见本行","不走TIMING_KEYS通用时间联动","信息/规格容器；其中原有快捷动作见infoActions","无直接编辑动作","","[]","","本字段无曲线控件","","参数 / 当前层 / 效果 / 整体调整 / 整段与帧率 [info:tempoInfo]","参数 / 当前层 / 效果 / 整体调整 / 整段与帧率 [info:tempoInfo]","参数 / 当前层 / 效果 / 整体调整 / 整段与帧率 [info:tempoInfo]","参数 / 当前层 / 效果 / 最终整体调整 / 整段与帧率 [info:tempoInfo]","只读结果/容器，无直接保存或撤销；受上游配方与成功烘焙影响。","tool/src/js/10_types.js:608","","tool/src/js/79_workbench.js:159; tool/src/js/79_undo.js:10","12_tempo.js retimeP / retimeM / applyTempo；10_types.js applyShellNo 末尾 retimeShellKeys；70_ui.js 滑杆 tempo 分支、info 行 tempoInfo；检查 analysis/scripts/节奏检查.py","4.9.30（对话框新花型，用户 10-07 12:58「有些预设你做出来的我想要一个整体快一些的，我要调好多参数」、13:31「1.加」）加：整个效果一个值，多层所有空中层一起；直接改写存的参数（和号数一样）。参数宪章第 3 条例外 3。"
"SCHEMA-164","4921-01-adjTailLen","","adjTailLen","P.adjTailLen","P","当前效果 / 当前层 / 效果","number","尾长","这一层的火花寿命和余烬寿命一起乘这个数：整条尾迹（含余烬暗长线）一起变长 / 变短。","命名表说明（可能滞后）；当前条件/换算来自源码，冲突见覆盖报告","物理量","×","×","[0.3,3,0.01]","","1","P => isSeq(P) && familyOf(P.type) === 'aerial'","无字段级条件","[]","","[""type""]","本字段不在LINK_KEYS轨迹同步列表；其他条件/默认联动另见本行","不走TIMING_KEYS通用时间联动","onParam：实时模拟更新，灰度烘焙按自动/手动模式处理","","","[]","","本字段无曲线控件","","参数 / 当前层 / 效果 / 整体调整 / 尾长 [adjTailLen]","参数 / 当前层 / 效果 / 整体调整 / 尾长 [adjTailLen]","参数 / 当前层 / 效果 / 整体调整 / 尾长 [adjTailLen]","参数 / 当前层 / 效果 / 最终整体调整 / 尾长 [adjTailLen]","当前层 P；单层 wbSnap().P，多层 wbSnap().layers[i].P。保存/另存/切效果自动草稿及配方 JSON 保存完整快照。一次拖动/输入提交/选择为一步，全资产60步；输入框内快捷键留给文本撤销。切层/发射器不清历史，打开另一效果/版本重置。行/模块/发射器恢复到打开时与恢复模板默认不同。","tool/src/js/10_types.js:609","","tool/src/js/79_workbench.js:159; tool/src/js/79_undo.js:10","10_types.js fxP / ADJ_DEF；入口：20_sim.js Sim、40_gl.js buildTrack、50_bake.js bake / makeRenderer、30_plan.js measure / plan、48_render40.js 实时模拟、80_render.js 多层实时、79_curves.js sparkTailEnd、79_workbench.js layerEndOf、67_fwlcombo.js dotsES","4.9.21（对话框23，用户 10-06 21:51「就按照之前的全局风格帮我加回去，放在效果层里，类似一个最后的全局调整」）加：照 4.1.1 全局风格层，每层一份；1 = 原样（不进新代码）。只给人手调，AI 拟合 / 配方保持 1（参数宪章第 3 条例外 2）。"
"SCHEMA-165","4921-02-adjSparkSize","","adjSparkSize","P.adjSparkSize","P","当前效果 / 当前层 / 效果","number","颗粒大小 ×","这一层的火花大小乘这个数；余烬（× 余烬大小）、分叉火花（× 分叉火花大小倍数）按比例跟着变。","命名表说明（可能滞后）；当前条件/换算来自源码，冲突见覆盖报告","物理量","×","×","[0.3,3,0.01]","","1","P => isSeq(P) && familyOf(P.type) === 'aerial'","无字段级条件","[]","","[""type""]","本字段不在LINK_KEYS轨迹同步列表；其他条件/默认联动另见本行","不走TIMING_KEYS通用时间联动","onParam：实时模拟更新，灰度烘焙按自动/手动模式处理","","","[]","","本字段无曲线控件","","参数 / 当前层 / 效果 / 整体调整 / 颗粒大小 × [adjSparkSize]","参数 / 当前层 / 效果 / 整体调整 / 颗粒大小 × [adjSparkSize]","参数 / 当前层 / 效果 / 整体调整 / 颗粒大小 × [adjSparkSize]","参数 / 当前层 / 效果 / 最终整体调整 / 颗粒大小 × [adjSparkSize]","当前层 P；单层 wbSnap().P，多层 wbSnap().layers[i].P。保存/另存/切效果自动草稿及配方 JSON 保存完整快照。一次拖动/输入提交/选择为一步，全资产60步；输入框内快捷键留给文本撤销。切层/发射器不清历史，打开另一效果/版本重置。行/模块/发射器恢复到打开时与恢复模板默认不同。","tool/src/js/10_types.js:610","","tool/src/js/79_workbench.js:159; tool/src/js/79_undo.js:10","10_types.js fxP / ADJ_DEF；入口：20_sim.js Sim、40_gl.js buildTrack、50_bake.js bake / makeRenderer、30_plan.js measure / plan、48_render40.js 实时模拟、80_render.js 多层实时、79_curves.js sparkTailEnd、79_workbench.js layerEndOf、67_fwlcombo.js dotsES","4.9.21（对话框23，用户 10-06 21:51「就按照之前的全局风格帮我加回去，放在效果层里，类似一个最后的全局调整」）加：照 4.1.1 全局风格层，每层一份；1 = 原样（不进新代码）。只给人手调，AI 拟合 / 配方保持 1（参数宪章第 3 条例外 2）。"
"SCHEMA-166","4921-03-adjSpread","","adjSpread","P.adjSpread","P","当前效果 / 当前层 / 效果","number","线条宽度 ×","这一层的火花速度随机乘这个数：火花离开星时向四周散得更开或更收。","命名表说明（可能滞后）；当前条件/换算来自源码，冲突见覆盖报告","物理量","×","×","[0.3,3,0.01]","","1","P => isSeq(P) && familyOf(P.type) === 'aerial'","无字段级条件","[]","","[""type""]","本字段不在LINK_KEYS轨迹同步列表；其他条件/默认联动另见本行","不走TIMING_KEYS通用时间联动","onParam：实时模拟更新，灰度烘焙按自动/手动模式处理","","","[]","","本字段无曲线控件","","参数 / 当前层 / 效果 / 整体调整 / 线条宽度 × [adjSpread]","参数 / 当前层 / 效果 / 整体调整 / 线条宽度 × [adjSpread]","参数 / 当前层 / 效果 / 整体调整 / 线条宽度 × [adjSpread]","参数 / 当前层 / 效果 / 最终整体调整 / 线条宽度 × [adjSpread]","当前层 P；单层 wbSnap().P，多层 wbSnap().layers[i].P。保存/另存/切效果自动草稿及配方 JSON 保存完整快照。一次拖动/输入提交/选择为一步，全资产60步；输入框内快捷键留给文本撤销。切层/发射器不清历史，打开另一效果/版本重置。行/模块/发射器恢复到打开时与恢复模板默认不同。","tool/src/js/10_types.js:611","","tool/src/js/79_workbench.js:159; tool/src/js/79_undo.js:10","10_types.js fxP / ADJ_DEF；入口：20_sim.js Sim、40_gl.js buildTrack、50_bake.js bake / makeRenderer、30_plan.js measure / plan、48_render40.js 实时模拟、80_render.js 多层实时、79_curves.js sparkTailEnd、79_workbench.js layerEndOf、67_fwlcombo.js dotsES","4.9.21（对话框23，用户 10-06 21:51「就按照之前的全局风格帮我加回去，放在效果层里，类似一个最后的全局调整」）加：照 4.1.1 全局风格层，每层一份；1 = 原样（不进新代码）。只给人手调，AI 拟合 / 配方保持 1（参数宪章第 3 条例外 2）。"
"SCHEMA-167","4921-04-adjHeadSize","","adjHeadSize","P.adjHeadSize","P","当前效果 / 当前层 / 效果","number","星头大小","这一层的星头大小乘这个数（千轮 / 分裂子星跟着主星大小的也跟着变）。","命名表说明（可能滞后）；当前条件/换算来自源码，冲突见覆盖报告","物理量","×","×","[0.3,3,0.01]","","1","P => isSeq(P) && familyOf(P.type) === 'aerial'","无字段级条件","[]","","[""type""]","本字段不在LINK_KEYS轨迹同步列表；其他条件/默认联动另见本行","不走TIMING_KEYS通用时间联动","onParam：实时模拟更新，灰度烘焙按自动/手动模式处理","","","[]","","本字段无曲线控件","","参数 / 当前层 / 效果 / 整体调整 / 星头大小 [adjHeadSize]","参数 / 当前层 / 效果 / 整体调整 / 星头大小 [adjHeadSize]","参数 / 当前层 / 效果 / 整体调整 / 星头大小 [adjHeadSize]","参数 / 当前层 / 效果 / 最终整体调整 / 星头大小 [adjHeadSize]","当前层 P；单层 wbSnap().P，多层 wbSnap().layers[i].P。保存/另存/切效果自动草稿及配方 JSON 保存完整快照。一次拖动/输入提交/选择为一步，全资产60步；输入框内快捷键留给文本撤销。切层/发射器不清历史，打开另一效果/版本重置。行/模块/发射器恢复到打开时与恢复模板默认不同。","tool/src/js/10_types.js:612","","tool/src/js/79_workbench.js:159; tool/src/js/79_undo.js:10","10_types.js fxP / ADJ_DEF；入口：20_sim.js Sim、40_gl.js buildTrack、50_bake.js bake / makeRenderer、30_plan.js measure / plan、48_render40.js 实时模拟、80_render.js 多层实时、79_curves.js sparkTailEnd、79_workbench.js layerEndOf、67_fwlcombo.js dotsES","4.9.21（对话框23，用户 10-06 21:51「就按照之前的全局风格帮我加回去，放在效果层里，类似一个最后的全局调整」）加：照 4.1.1 全局风格层，每层一份；1 = 原样（不进新代码）。只给人手调，AI 拟合 / 配方保持 1（参数宪章第 3 条例外 2）。"
"SCHEMA-168","4921-05-adjSparkBright","","adjSparkBright","P.adjSparkBright","P","当前效果 / 当前层 / 效果","number","火花亮度","这一层的火花亮度（含余烬）乘这个数，只改明暗不改形状。","命名表说明（可能滞后）；当前条件/换算来自源码，冲突见覆盖报告","物理量","×","×","[0.3,3,0.01]","","1","P => isSeq(P) && familyOf(P.type) === 'aerial'","无字段级条件","[]","","[""type""]","本字段不在LINK_KEYS轨迹同步列表；其他条件/默认联动另见本行","不走TIMING_KEYS通用时间联动","onParam：实时模拟更新，灰度烘焙按自动/手动模式处理","","","[]","","本字段无曲线控件","","参数 / 当前层 / 效果 / 整体调整 / 火花亮度 [adjSparkBright]","参数 / 当前层 / 效果 / 整体调整 / 火花亮度 [adjSparkBright]","参数 / 当前层 / 效果 / 整体调整 / 火花亮度 [adjSparkBright]","参数 / 当前层 / 效果 / 最终整体调整 / 火花亮度 [adjSparkBright]","当前层 P；单层 wbSnap().P，多层 wbSnap().layers[i].P。保存/另存/切效果自动草稿及配方 JSON 保存完整快照。一次拖动/输入提交/选择为一步，全资产60步；输入框内快捷键留给文本撤销。切层/发射器不清历史，打开另一效果/版本重置。行/模块/发射器恢复到打开时与恢复模板默认不同。","tool/src/js/10_types.js:613","","tool/src/js/79_workbench.js:159; tool/src/js/79_undo.js:10","10_types.js fxP / ADJ_DEF；入口：20_sim.js Sim、40_gl.js buildTrack、50_bake.js bake / makeRenderer、30_plan.js measure / plan、48_render40.js 实时模拟、80_render.js 多层实时、79_curves.js sparkTailEnd、79_workbench.js layerEndOf、67_fwlcombo.js dotsES","4.9.21（对话框23，用户 10-06 21:51「就按照之前的全局风格帮我加回去，放在效果层里，类似一个最后的全局调整」）加：照 4.1.1 全局风格层，每层一份；1 = 原样（不进新代码）。只给人手调，AI 拟合 / 配方保持 1（参数宪章第 3 条例外 2）。"
"SCHEMA-169","4921-06-adjTwinkle","","adjTwinkle","P.adjTwinkle","P","当前效果 / 当前层 / 效果","number","闪烁","这一层的火花闪烁乘这个数；乘完最多到 1（再大亮度会出负数）。","命名表说明（可能滞后）；当前条件/换算来自源码，冲突见覆盖报告","物理量","×","×","[0,3,0.01]","","1","P => isSeq(P) && familyOf(P.type) === 'aerial'","无字段级条件","[]","","[""type""]","本字段不在LINK_KEYS轨迹同步列表；其他条件/默认联动另见本行","不走TIMING_KEYS通用时间联动","onParam：实时模拟更新，灰度烘焙按自动/手动模式处理","","","[]","","本字段无曲线控件","","参数 / 当前层 / 效果 / 整体调整 / 闪烁 [adjTwinkle]","参数 / 当前层 / 效果 / 整体调整 / 闪烁 [adjTwinkle]","参数 / 当前层 / 效果 / 整体调整 / 闪烁 [adjTwinkle]","参数 / 当前层 / 效果 / 最终整体调整 / 闪烁 [adjTwinkle]","当前层 P；单层 wbSnap().P，多层 wbSnap().layers[i].P。保存/另存/切效果自动草稿及配方 JSON 保存完整快照。一次拖动/输入提交/选择为一步，全资产60步；输入框内快捷键留给文本撤销。切层/发射器不清历史，打开另一效果/版本重置。行/模块/发射器恢复到打开时与恢复模板默认不同。","tool/src/js/10_types.js:614","","tool/src/js/79_workbench.js:159; tool/src/js/79_undo.js:10","10_types.js fxP / ADJ_DEF；入口：20_sim.js Sim、40_gl.js buildTrack、50_bake.js bake / makeRenderer、30_plan.js measure / plan、48_render40.js 实时模拟、80_render.js 多层实时、79_curves.js sparkTailEnd、79_workbench.js layerEndOf、67_fwlcombo.js dotsES","4.9.21（对话框23，用户 10-06 21:51「就按照之前的全局风格帮我加回去，放在效果层里，类似一个最后的全局调整」）加：照 4.1.1 全局风格层，每层一份；1 = 原样（不进新代码）。只给人手调，AI 拟合 / 配方保持 1（参数宪章第 3 条例外 2）。"
"SCHEMA-170","095-tailJit","","tailJit","P.tailJit","P","当前效果 / 当前层 / 火花","number","大小随机","让星与星、火花与火花的颗粒大小不同：有的尾迹粗有的细，同一条里颗粒也有大有小。","命名表说明（可能滞后）；当前条件/换算来自源码，冲突见覆盖报告","物理量","%","%","[0,1,0.01]","","0","P => isSeq(P) && familyOf(P.type) === 'aerial'","无字段级条件","[{""when"":""P => !isCarrierType(P) && !(+P.sparkRate > 0)"",""reason"":""「火花生成率」是 0（这一层没有火花）时不起作用""},{""when"":""P => isCarrierType(P) && !(+P.carrierTail > 0) && !(+P.subTail > 0)"",""reason"":""「子弹火花率」「子星火花率」都是 0（这一层没有火花）时不起作用""}]","","[""type"",""sparkRate"",""carrierTail"",""subTail""]","本字段不在LINK_KEYS轨迹同步列表；其他条件/默认联动另见本行","不走TIMING_KEYS通用时间联动","onParam：实时模拟更新，灰度烘焙按自动/手动模式处理","","tail","[]","两层相乘：每颗星一个倍数，均匀分布 ±0.6×数值（最小 0.15 倍）；每粒火花再乘对数正态 e^(0.35×数值×N)。1 = 每颗星 0.4–1.6 倍。","本字段无曲线控件","","参数 / 当前层 / 火花 / 大小 / 大小随机 [tailJit]","参数 / 当前层 / 火花 / 大小 / 大小随机 [tailJit]","参数 / 当前层 / 火花 / 大小 / 大小随机 [tailJit]","参数 / 当前层 / 火花 / 外观与颜色 / 大小随机 [tailJit]","当前层 P；单层 wbSnap().P，多层 wbSnap().layers[i].P。保存/另存/切效果自动草稿及配方 JSON 保存完整快照。一次拖动/输入提交/选择为一步，全资产60步；输入框内快捷键留给文本撤销。切层/发射器不清历史，打开另一效果/版本重置。行/模块/发射器恢复到打开时与恢复模板默认不同。","tool/src/js/10_types.js:617","","tool/src/js/79_workbench.js:159; tool/src/js/79_undo.js:10","40_gl.js:224 size·exp(uTailJit·.35·gss(uid,61))·max(.15, 1+uTailJit·1.2·(hsh(s,62)−.5))；20_sim.js gather 无此项","只改颗粒大小，不改横向散开；4.0 下大的也更亮。只在 GPU 内核里有（CPU 内核不起作用）；余烬、分叉火花也受影响。"
"SCHEMA-171","096-tailShoulder","","tailShoulder","P.tailShoulder","P","当前效果 / 当前层 / 效果","number","亮肩","按火花年龄改大小和亮度：正值让刚喷出的（靠星头）火花更大更亮，老火花更细更暗。","命名表说明（可能滞后）；当前条件/换算来自源码，冲突见覆盖报告","物理量","1","1","[-1,1,0.01]","","0","P => isSeq(P) && familyOf(P.type) === 'aerial'","无字段级条件","[{""when"":""P => !isCarrierType(P) && !(+P.sparkRate > 0)"",""reason"":""「火花生成率」是 0（这一层没有火花）时不起作用""},{""when"":""P => isCarrierType(P) && !(+P.carrierTail > 0) && !(+P.subTail > 0)"",""reason"":""「子弹火花率」「子星火花率」都是 0（这一层没有火花）时不起作用""}]","","[""type"",""sparkRate"",""carrierTail"",""subTail""]","本字段不在LINK_KEYS轨迹同步列表；其他条件/默认联动另见本行","不走TIMING_KEYS通用时间联动","onParam：实时模拟更新，灰度烘焙按自动/手动模式处理","","","[]","","本字段无曲线控件","","参数 / 当前层 / 效果 / 整体调整 / 亮肩 [tailShoulder]","参数 / 当前层 / 效果 / 整体调整 / 亮肩 [tailShoulder]","参数 / 当前层 / 效果 / 整体调整 / 亮肩 [tailShoulder]","参数 / 当前层 / 效果 / 最终整体调整 / 亮肩 [tailShoulder]","当前层 P；单层 wbSnap().P，多层 wbSnap().layers[i].P。保存/另存/切效果自动草稿及配方 JSON 保存完整快照。一次拖动/输入提交/选择为一步，全资产60步；输入框内快捷键留给文本撤销。切层/发射器不清历史，打开另一效果/版本重置。行/模块/发射器恢复到打开时与恢复模板默认不同。","tool/src/js/10_types.js:618","","tool/src/js/79_workbench.js:159; tool/src/js/79_undo.js:10","40_gl.js:225 sh = uShoulder·(.8−1.6·age/life)，size·max(.1,1+sh)，I·max(.15,1+.6·sh)，仅 c==0","0.5 = 新火花大小 ×1.4、亮度 ×1.24，寿命末大小 ×0.6、亮度 ×0.76。按年龄不按位置。只在 GPU 内核里有；余烬也受影响，分叉火花不受。"
"SCHEMA-172","097-tailWidth","","tailWidth","P.tailWidth","P","当前效果 / 当前层 / 火花","number","粗细","旧（4.9.50 起）：整条尾迹的横向粗细倍数——火花横向散开 × 这个数、颗粒 × √这个数；和「线条宽度」「颗粒大小」重了，新做的用那两个米数。你的效果里用着的照常算。","命名表说明（可能滞后）；当前条件/换算来自源码，冲突见覆盖报告","旧（待删）","×","×","[0.3,3,0.01]","","1","P => isSeq(P) && familyOf(P.type) === 'aerial'","无字段级条件","[{""when"":""P => !isCarrierType(P) && !(+P.sparkRate > 0)"",""reason"":""「火花生成率」是 0（这一层没有火花）时不起作用""},{""when"":""P => isCarrierType(P) && !(+P.carrierTail > 0) && !(+P.subTail > 0)"",""reason"":""「子弹火花率」「子星火花率」都是 0（这一层没有火花）时不起作用""}]","","[""type"",""sparkRate"",""carrierTail"",""subTail""]","本字段不在LINK_KEYS轨迹同步列表；其他条件/默认联动另见本行","不走TIMING_KEYS通用时间联动","onParam：实时模拟更新，灰度烘焙按自动/手动模式处理","","","[]","","本字段无曲线控件","","参数 / 当前层 / 火花 / 大小 / 粗细 [tailWidth]","参数 / 当前层 / 火花 / 大小 / 粗细 [tailWidth]","参数 / 当前层 / 火花 / 大小 / 粗细 [tailWidth]","参数 / 当前层 / 火花 / 外观与颜色 / 粗细 [tailWidth]","当前层 P；单层 wbSnap().P，多层 wbSnap().layers[i].P。保存/另存/切效果自动草稿及配方 JSON 保存完整快照。一次拖动/输入提交/选择为一步，全资产60步；输入框内快捷键留给文本撤销。切层/发射器不清历史，打开另一效果/版本重置。行/模块/发射器恢复到打开时与恢复模板默认不同。","tool/src/js/10_types.js:619","","tool/src/js/79_workbench.js:159; tool/src/js/79_undo.js:10","30_plan.js:3-6 tailShapeOf；40_gl.js:196-199 p += (W−1)·散开位移，W = uWidth·wq；40_gl.js:226 size·√uWidth·(.5+.5wq)；40_gl.js:215 尾迹扩散 ×W","2 = 散开距离 ×2、颗粒 ×1.41。和「火花速度随机」相乘，「尾迹扩散」的漂移也乘它。只在 GPU 内核里有；余烬不受影响。"
"SCHEMA-173","098-tailPinchHead","","tailPinchHead","P.tailPinchHead","P","当前效果 / 当前层 / 火花","number","星头端收尖","梭形尾迹：靠星头那一截收细（散开变窄、颗粒变小），往「最粗处位置」逐渐放开。","命名表说明（可能滞后）；当前条件/换算来自源码，冲突见覆盖报告","物理量","1","1","[0,1,0.01]","","0","P => isSeq(P) && familyOf(P.type) === 'aerial'","无字段级条件","[{""when"":""P => !isCarrierType(P) && !(+P.sparkRate > 0)"",""reason"":""「火花生成率」是 0（这一层没有火花）时不起作用""},{""when"":""P => isCarrierType(P) && !(+P.carrierTail > 0) && !(+P.subTail > 0)"",""reason"":""「子弹火花率」「子星火花率」都是 0（这一层没有火花）时不起作用""}]","","[""type"",""sparkRate"",""carrierTail"",""subTail""]","本字段不在LINK_KEYS轨迹同步列表；其他条件/默认联动另见本行","不走TIMING_KEYS通用时间联动","onParam：实时模拟更新，灰度烘焙按自动/手动模式处理","","","[]","","本字段无曲线控件","","参数 / 当前层 / 火花 / 大小 / 星头端收尖 [tailPinchHead]","参数 / 当前层 / 火花 / 大小 / 星头端收尖 [tailPinchHead]","参数 / 当前层 / 火花 / 大小 / 星头端收尖 [tailPinchHead]","参数 / 当前层 / 火花 / 外观与颜色 / 星头端收尖 [tailPinchHead]","当前层 P；单层 wbSnap().P，多层 wbSnap().layers[i].P。保存/另存/切效果自动草稿及配方 JSON 保存完整快照。一次拖动/输入提交/选择为一步，全资产60步；输入框内快捷键留给文本撤销。切层/发射器不清历史，打开另一效果/版本重置。行/模块/发射器恢复到打开时与恢复模板默认不同。","tool/src/js/10_types.js:620","","tool/src/js/79_workbench.js:159; tool/src/js/79_undo.js:10","40_gl.js:196-198 a = |星头−出生点| / |星头−星在 sparkLife 秒前的位置|，a<uBelly 时 wq = 1−uPinH·(1−smoothstep(0,uBelly,a))","位置按火花出生点离星头的距离算（不按年龄）。只在 GPU 内核里有；余烬不受影响。"
"SCHEMA-174","099-tailPinchTail","","tailPinchTail","P.tailPinchTail","P","当前效果 / 当前层 / 火花","number","尾端收尖","梭形尾迹：尾迹末端收细，最粗处之后那半段也稍微变暗。","命名表说明（可能滞后）；当前条件/换算来自源码，冲突见覆盖报告","物理量","1","1","[0,1,0.01]","","0","P => isSeq(P) && familyOf(P.type) === 'aerial'","无字段级条件","[{""when"":""P => !isCarrierType(P) && !(+P.sparkRate > 0)"",""reason"":""「火花生成率」是 0（这一层没有火花）时不起作用""},{""when"":""P => isCarrierType(P) && !(+P.carrierTail > 0) && !(+P.subTail > 0)"",""reason"":""「子弹火花率」「子星火花率」都是 0（这一层没有火花）时不起作用""}]","","[""type"",""sparkRate"",""carrierTail"",""subTail""]","本字段不在LINK_KEYS轨迹同步列表；其他条件/默认联动另见本行","不走TIMING_KEYS通用时间联动","onParam：实时模拟更新，灰度烘焙按自动/手动模式处理","","","[]","","本字段无曲线控件","","参数 / 当前层 / 火花 / 大小 / 尾端收尖 [tailPinchTail]","参数 / 当前层 / 火花 / 大小 / 尾端收尖 [tailPinchTail]","参数 / 当前层 / 火花 / 大小 / 尾端收尖 [tailPinchTail]","参数 / 当前层 / 火花 / 外观与颜色 / 尾端收尖 [tailPinchTail]","当前层 P；单层 wbSnap().P，多层 wbSnap().layers[i].P。保存/另存/切效果自动草稿及配方 JSON 保存完整快照。一次拖动/输入提交/选择为一步，全资产60步；输入框内快捷键留给文本撤销。切层/发射器不清历史，打开另一效果/版本重置。行/模块/发射器恢复到打开时与恢复模板默认不同。","tool/src/js/10_types.js:621","","tool/src/js/79_workbench.js:159; tool/src/js/79_undo.js:10","40_gl.js:198 a>uBelly 时 wq = 1−uPinT·smoothstep(uBelly,1,a)；40_gl.js:226 尾段 I·(.6+.4wq)","位置按火花出生点离星头的距离算（不按年龄）。只在 GPU 内核里有；余烬不受影响。"
"SCHEMA-175","100-tailBellyAt","","tailBellyAt","P.tailBellyAt","P","当前效果 / 当前层 / 火花","number","最粗处位置","梭形尾迹最粗的地方在尾迹上的位置：0 = 星头，1 = 尾端。","命名表说明（可能滞后）；当前条件/换算来自源码，冲突见覆盖报告","物理量","1","1","[0.1,0.9,0.01]","","0.45","P => isSeq(P) && familyOf(P.type) === 'aerial'","P => +P.tailPinchHead > 0 || +P.tailPinchTail > 0","[{""when"":""P => !isCarrierType(P) && !(+P.sparkRate > 0)"",""reason"":""「火花生成率」是 0（这一层没有火花）时不起作用""},{""when"":""P => isCarrierType(P) && !(+P.carrierTail > 0) && !(+P.subTail > 0)"",""reason"":""「子弹火花率」「子星火花率」都是 0（这一层没有火花）时不起作用""}]","","[""type"",""tailPinchHead"",""tailPinchTail"",""sparkRate"",""carrierTail"",""subTail""]","本字段不在LINK_KEYS轨迹同步列表；其他条件/默认联动另见本行","不走TIMING_KEYS通用时间联动","onParam：实时模拟更新，灰度烘焙按自动/手动模式处理","","","[]","","本字段无曲线控件","","参数 / 当前层 / 火花 / 大小 / 最粗处位置 [tailBellyAt]","参数 / 当前层 / 火花 / 大小 / 最粗处位置 [tailBellyAt]","参数 / 当前层 / 火花 / 大小 / 最粗处位置 [tailBellyAt]","参数 / 当前层 / 火花 / 外观与颜色 / 最粗处位置 [tailBellyAt]","当前层 P；单层 wbSnap().P，多层 wbSnap().layers[i].P。保存/另存/切效果自动草稿及配方 JSON 保存完整快照。一次拖动/输入提交/选择为一步，全资产60步；输入框内快捷键留给文本撤销。切层/发射器不清历史，打开另一效果/版本重置。行/模块/发射器恢复到打开时与恢复模板默认不同。","tool/src/js/10_types.js:622","","tool/src/js/79_workbench.js:159; tool/src/js/79_undo.js:10","40_gl.js:196 t0 = max(born, uT − uLife·max(1,uLifeEnd))，a 归一化；30_plan.js:4 夹在 0.05–0.95","只在「星头端收尖」或「尾端收尖」> 0 时起作用。尾迹全长按星在「火花寿命」× max(1, 末段火花寿命) 秒内走过的直线距离估计。"
"SCHEMA-176","101-headTear","","headTear","P.headTear","P","当前效果 / 当前层 / 效果","number","泪滴星头","在星头后面沿运动反方向补几颗渐小渐暗的颗粒，把圆星头拉成泪滴形。","命名表说明（可能滞后）；当前条件/换算来自源码，冲突见覆盖报告","物理量","1","1","[0,1,0.01]","","0","P => isSeq(P) && familyOf(P.type) === 'aerial'","无字段级条件","[{""when"":""P => !(+P.headBright > 0)"",""reason"":""「星头亮度」是 0（星头不发光，只有尾迹 / 火花）时不起作用""}]","","[""type"",""headBright""]","本字段不在LINK_KEYS轨迹同步列表；其他条件/默认联动另见本行","不走TIMING_KEYS通用时间联动","onParam：实时模拟更新，灰度烘焙按自动/手动模式处理","","","[]","","本字段无曲线控件","","参数 / 当前层 / 效果 / 整体调整 / 泪滴星头 [headTear]","参数 / 当前层 / 效果 / 整体调整 / 泪滴星头 [headTear]","参数 / 当前层 / 效果 / 整体调整 / 泪滴星头 [headTear]","参数 / 当前层 / 效果 / 最终整体调整 / 泪滴星头 [headTear]","当前层 P；单层 wbSnap().P，多层 wbSnap().layers[i].P。保存/另存/切效果自动草稿及配方 JSON 保存完整快照。一次拖动/输入提交/选择为一步，全资产60步；输入框内快捷键留给文本撤销。切层/发射器不清历史，打开另一效果/版本重置。行/模块/发射器恢复到打开时与恢复模板默认不同。","tool/src/js/10_types.js:623","","tool/src/js/79_workbench.js:159; tool/src/js/79_undo.js:10","20_sim.js:365-367 gather 里沿 −v 补 4 点，len = headTear·(sz·2 + v·0.025)，I·(1−.75f)，sz·(1−.7f)","长度 = 数值 × (2 × 星头大小 + 0.025 × 星速)：取 1、星头 1 m、100 m/s 约 4.5 m；补 4 颗点，亮度降到 25%、大小降到 30%。改的是星头不是火花，CPU / GPU 内核都有。"
"SCHEMA-177","102-sparkRise","","sparkRise","P.sparkRise","P","当前效果 / 当前层 / 火花","number","烧旺时间","火花刚离开星时还没烧旺，亮度要过一段时间才升上来，所以靠星头那截偏暗。","命名表说明（可能滞后）；当前条件/换算来自源码，冲突见覆盖报告","物理量","s","s","[0,1,0.01]","","0","P => isSeq(P) && familyOf(P.type) === 'aerial'","无字段级条件","[{""when"":""P => !isCarrierType(P) && !(+P.sparkRate > 0)"",""reason"":""「火花生成率」是 0（这一层没有火花）时不起作用""},{""when"":""P => isCarrierType(P) && !(+P.carrierTail > 0) && !(+P.subTail > 0)"",""reason"":""「子弹火花率」「子星火花率」都是 0（这一层没有火花）时不起作用""}]","","[""type"",""sparkRate"",""carrierTail"",""subTail""]","本字段不在LINK_KEYS轨迹同步列表；其他条件/默认联动另见本行","不走TIMING_KEYS通用时间联动","onParam：实时模拟更新，灰度烘焙按自动/手动模式处理","","","[]","","本字段无曲线控件","","参数 / 当前层 / 火花 / 亮度 / 烧旺时间 [sparkRise]","参数 / 当前层 / 火花 / 亮度 / 烧旺时间 [sparkRise]","参数 / 当前层 / 火花 / 亮度 / 烧旺时间 [sparkRise]","参数 / 当前层 / 火花 / 外观与颜色 / 烧旺时间 [sparkRise]","当前层 P；单层 wbSnap().P，多层 wbSnap().layers[i].P。保存/另存/切效果自动草稿及配方 JSON 保存完整快照。一次拖动/输入提交/选择为一步，全资产60步；输入框内快捷键留给文本撤销。切层/发射器不清历史，打开另一效果/版本重置。行/模块/发射器恢复到打开时与恢复模板默认不同。","tool/src/js/10_types.js:624","","tool/src/js/79_workbench.js:159; tool/src/js/79_undo.js:10","40_gl.js:219 I·(1−exp(−age/uRise))，仅 c==0 且非余烬","亮度 × (1 − e^(−年龄/本值))：年龄到本值时 63%，3 倍时 95%。不改温度，「偏红」来自 Ramp 把暗处映成橙红。只在 GPU 内核里有；余烬、分叉火花不受影响。"
"SCHEMA-178","103-starBright","","starBright","P.starBright","P","当前效果 / 当前层 / 火花","number","每星亮度随机","每颗星的整条尾迹一个亮度倍数，让有的线亮、有的线暗；星头亮度不变。","命名表说明（可能滞后）；当前条件/换算来自源码，冲突见覆盖报告","物理量","1","1","[0,1,0.01]","","0","P => isSeq(P) && familyOf(P.type) === 'aerial'","无字段级条件","[{""when"":""P => !isCarrierType(P) && !(+P.sparkRate > 0)"",""reason"":""「火花生成率」是 0（这一层没有火花）时不起作用""},{""when"":""P => isCarrierType(P) && !(+P.carrierTail > 0) && !(+P.subTail > 0)"",""reason"":""「子弹火花率」「子星火花率」都是 0（这一层没有火花）时不起作用""}]","","[""type"",""sparkRate"",""carrierTail"",""subTail""]","本字段不在LINK_KEYS轨迹同步列表；其他条件/默认联动另见本行","不走TIMING_KEYS通用时间联动","onParam：实时模拟更新，灰度烘焙按自动/手动模式处理","","sparkBright","[]","对数正态，σ = 数值（对数标准差），每颗星一个，平均亮度保持不变。0.5 = 约 2/3 的星尾迹亮度在 0.53–1.46 倍。","本字段无曲线控件","","参数 / 当前层 / 火花 / 亮度 / 每星亮度随机 [starBright]","参数 / 当前层 / 火花 / 亮度 / 亮度 / 随机 / 每星亮度随机 [starBright]","参数 / 当前层 / 火花 / 亮度 / 亮度 / 随机 / 每星亮度随机 [starBright]","参数 / 当前层 / 火花 / 外观与颜色 / 亮度 / 随机 / 每星亮度随机 [starBright]","当前层 P；单层 wbSnap().P，多层 wbSnap().layers[i].P。保存/另存/切效果自动草稿及配方 JSON 保存完整快照。一次拖动/输入提交/选择为一步，全资产60步；输入框内快捷键留给文本撤销。切层/发射器不清历史，打开另一效果/版本重置。行/模块/发射器恢复到打开时与恢复模板默认不同。","tool/src/js/10_types.js:625","","tool/src/js/79_workbench.js:159; tool/src/js/79_undo.js:10","40_gl.js:220 I·exp(uStarB·gss(s,64)−.5·uStarB²)；星头走 20_sim.js gather，没有这一项","只改火花（含余烬、分叉火花），不改星头。只在 GPU 内核里有。"
"SCHEMA-179","104-tailHaze","","tailHaze","P.tailHaze","P","当前效果 / 当前层 / 火花","number","线间底光","把尾迹的光大范围模糊后按比例加回去，像受光的烟或分辨不出的细火花，填一点线间的黑。","命名表说明（可能滞后）；当前条件/换算来自源码，冲突见覆盖报告","物理量","1","1","[0,0.2,0.001]","","0","P => isSeq(P) && familyOf(P.type) === 'aerial'","无字段级条件","[{""when"":""P => !isCarrierType(P) && !(+P.sparkRate > 0)"",""reason"":""「火花生成率」是 0（这一层没有火花）时不起作用""},{""when"":""P => isCarrierType(P) && !(+P.carrierTail > 0) && !(+P.subTail > 0)"",""reason"":""「子弹火花率」「子星火花率」都是 0（这一层没有火花）时不起作用""}]","","[""type"",""sparkRate"",""carrierTail"",""subTail""]","本字段不在LINK_KEYS轨迹同步列表；其他条件/默认联动另见本行","不走TIMING_KEYS通用时间联动","onParam：实时模拟更新，灰度烘焙按自动/手动模式处理","","","[]","","本字段无曲线控件","","参数 / 当前层 / 火花 / 亮度 / 线间底光 [tailHaze]","参数 / 当前层 / 火花 / 亮度 / 线间底光 [tailHaze]","参数 / 当前层 / 火花 / 亮度 / 线间底光 [tailHaze]","参数 / 当前层 / 火花 / 外观与颜色 / 线间底光 [tailHaze]","当前层 P；单层 wbSnap().P，多层 wbSnap().layers[i].P。保存/另存/切效果自动草稿及配方 JSON 保存完整快照。一次拖动/输入提交/选择为一步，全资产60步；输入框内快捷键留给文本撤销。切层/发射器不清历史，打开另一效果/版本重置。行/模块/发射器恢复到打开时与恢复模板默认不同。","tool/src/js/10_types.js:626","","tool/src/js/79_workbench.js:159; tool/src/js/79_undo.js:10","40_gl.js:532-540 hazeSamples40：G 通道两遍高斯模糊 ×k 加回；40_gl.js:328-329 FS_HAZE；50_bake.js:169、80_render.js:393 只在 renderVersion≥40 调用","加上的光量 = 本值 × 尾迹总光量（0.02 = 2%）。只作用于火花，不含星头；只在 4.0 渲染、空中花型里有，CPU / GPU 内核都有。"
"SCHEMA-180","105-tailHazeR","","tailHazeR","P.tailHazeR","P","当前效果 / 当前层 / 火花","number","底光半径","线间底光晕开的范围：底光从每条尾迹向外铺多远。","命名表说明（可能滞后）；当前条件/换算来自源码，冲突见覆盖报告","物理量","m","m","[1,30,0.5]","","6","P => isSeq(P) && familyOf(P.type) === 'aerial'","P => +P.tailHaze > 0","[{""when"":""P => !isCarrierType(P) && !(+P.sparkRate > 0)"",""reason"":""「火花生成率」是 0（这一层没有火花）时不起作用""},{""when"":""P => isCarrierType(P) && !(+P.carrierTail > 0) && !(+P.subTail > 0)"",""reason"":""「子弹火花率」「子星火花率」都是 0（这一层没有火花）时不起作用""}]","","[""type"",""tailHaze"",""sparkRate"",""carrierTail"",""subTail""]","本字段不在LINK_KEYS轨迹同步列表；其他条件/默认联动另见本行","不走TIMING_KEYS通用时间联动","onParam：实时模拟更新，灰度烘焙按自动/手动模式处理","","","[]","","本字段无曲线控件","","参数 / 当前层 / 火花 / 亮度 / 底光半径 [tailHazeR]","参数 / 当前层 / 火花 / 亮度 / 底光半径 [tailHazeR]","参数 / 当前层 / 火花 / 亮度 / 底光半径 [tailHazeR]","参数 / 当前层 / 火花 / 外观与颜色 / 底光半径 [tailHazeR]","当前层 P；单层 wbSnap().P，多层 wbSnap().layers[i].P。保存/另存/切效果自动草稿及配方 JSON 保存完整快照。一次拖动/输入提交/选择为一步，全资产60步；输入框内快捷键留给文本撤销。切层/发射器不清历史，打开另一效果/版本重置。行/模块/发射器恢复到打开时与恢复模板默认不同。","tool/src/js/10_types.js:627","","tool/src/js/79_workbench.js:159; tool/src/js/79_undo.js:10","40_gl.js:534 sig = tailHazeR·ppm/2","高斯 σ = 半径 ÷ 2（默认 σ = 3 m）。只在「线间底光」> 0 时起作用。"
"SCHEMA-181","052-subPattern","","subPattern","P.subPattern","P","当前效果 / 当前层 / 子花","select","排布","子花的星怎么排：小球 = 千轮（开成小圆花）；十字 = 分裂（垂直飞行方向分几支）","命名表说明（可能滞后）；当前条件/换算来自源码，冲突见覆盖报告","物理量","选项","选项","","[[""sphere"",""小球（千轮）""],[""cross"",""十字（分裂）""]]","sphere","P => P.type === 'senrin' || P.type === 'crossette'","无字段级条件","[]","","[""type""]","本字段不在LINK_KEYS轨迹同步列表；其他条件/默认联动另见本行","不走TIMING_KEYS通用时间联动","onParam：实时模拟更新，灰度烘焙按自动/手动模式处理","","","[]","","本字段无曲线控件","","参数 / 当前层 / 子花 / 形状 / 排布 [subPattern]","参数 / 当前层 / 子花 / 形状 / 排布 [subPattern]","参数 / 当前层 / 子花 / 形状 / 排布 [subPattern]","参数 / 当前层 / 子花 / 空间与运动 / 排布 [subPattern]","当前层 P；单层 wbSnap().P，多层 wbSnap().layers[i].P。保存/另存/切效果自动草稿及配方 JSON 保存完整快照。一次拖动/输入提交/选择为一步，全资产60步；输入框内快捷键留给文本撤销。切层/发射器不清历史，打开另一效果/版本重置。行/模块/发射器恢复到打开时与恢复模板默认不同。","tool/src/js/10_types.js:630","","tool/src/js/79_workbench.js:159; tool/src/js/79_undo.js:10","20_sim.js:193-199 cross：在垂直于子弹速度的平面里等分 subStars 个方向、整体随机转角；20_sim.js:200 sphere：fibDirs(subStars, …, dirJit × 2)；20_sim.js:201 继承默认 0.25 / 0.35；20_sim.js:214 声音节点 crack / pop","继承子弹速度的默认值跟着变（小球 0.35、十字 0.25）；小球的子星方向随机 = 主层方向随机 × 2；十字的各支没有方向随机"
"SCHEMA-182","053-subDelay","","subDelay","P.subDelay","P","当前效果 / 当前层 / 子花","number","开花时刻","主花开花后，子弹飞多少秒再开成子花，即子弹的寿命","命名表说明（可能滞后）；当前条件/换算来自源码，冲突见覆盖报告","物理量","s","s","[0.2,8,0.01]","","0.9","P => P.type === 'senrin' || P.type === 'crossette'","无字段级条件","[]","","[""type""]","本字段不在LINK_KEYS轨迹同步列表；其他条件/默认联动另见本行","不走TIMING_KEYS通用时间联动","onParam：实时模拟更新，灰度烘焙按自动/手动模式处理","","","[""subJit""]","","本字段无曲线控件","","参数 / 当前层 / 子花 / 生成 / 开花时刻 [subDelay]","参数 / 当前层 / 子花 / 生成 / 开花时刻 [subDelay]","参数 / 当前层 / 子花 / 生成 / 开花时刻 [subDelay]","参数 / 当前层 / 子花 / 时序与数量 / 开花时刻 [subDelay]","当前层 P；单层 wbSnap().P，多层 wbSnap().layers[i].P。保存/另存/切效果自动草稿及配方 JSON 保存完整快照。一次拖动/输入提交/选择为一步，全资产60步；输入框内快捷键留给文本撤销。切层/发射器不清历史，打开另一效果/版本重置。行/模块/发射器恢复到打开时与恢复模板默认不同。","tool/src/js/10_types.js:631","","tool/src/js/79_workbench.js:159; tool/src/js/79_undo.js:10","20_sim.js:154 子弹 burn = subDelay × (1 + subJit/100 × sr.n())（从主花开花 t = 0 算）；20_sim.js:321 子弹烧完调用 subBurst；10_types.js:260 号数缩放","千轮 / 分裂里主层的寿命、寿命随机不用在子弹上，由这一项和「开花时刻随机」代替；点火延迟、第二段对子弹不起作用；改号数时按比例缩放（千轮预设 0.85 s）"
"SCHEMA-183","054-subJit","","subJit","P.subJit","P","当前效果 / 当前层 / 子花","number","开花时刻随机","各颗子弹开花的时刻错开多少，让子花有先有后地开","命名表说明（可能滞后）；当前条件/换算来自源码，冲突见覆盖报告","物理量","%","%","[0,40,0.5]","","10","P => P.type === 'senrin' || P.type === 'crossette'","无字段级条件","[]","","[""type""]","本字段不在LINK_KEYS轨迹同步列表；其他条件/默认联动另见本行","不走TIMING_KEYS通用时间联动","onParam：实时模拟更新，灰度烘焙按自动/手动模式处理","","subDelay","[]","正态（σ = 这个百分比）；每颗子弹一个；开花时刻 = 子花开花时刻 × (1 + σ × 正态随机数)，最少 0.05 s。默认 10% → 约 2/3 的子花在 0.9 ± 0.09 s 内开","本字段无曲线控件","","参数 / 当前层 / 子花 / 生成 / 开花时刻随机 [subJit]","参数 / 当前层 / 子花 / 生成 / 开花时刻 / 随机 / 开花时刻随机 [subJit]","参数 / 当前层 / 子花 / 生成 / 开花时刻 / 随机 / 开花时刻随机 [subJit]","参数 / 当前层 / 子花 / 时序与数量 / 开花时刻 / 随机 / 开花时刻随机 [subJit]","当前层 P；单层 wbSnap().P，多层 wbSnap().layers[i].P。保存/另存/切效果自动草稿及配方 JSON 保存完整快照。一次拖动/输入提交/选择为一步，全资产60步；输入框内快捷键留给文本撤销。切层/发射器不清历史，打开另一效果/版本重置。行/模块/发射器恢复到打开时与恢复模板默认不同。","tool/src/js/10_types.js:632","","tool/src/js/79_workbench.js:159; tool/src/js/79_undo.js:10","20_sim.js:154 subDelay × (1 + subJit/100 × sr.n())，sr.n() 为正态；4.0 用 starRng(id, seed, 21)；最少 0.05 s（20_sim.js:159）",""
"SCHEMA-184","055-subStars","","subStars","P.subStars","P","当前效果 / 当前层 / 子花","number","星数","每朵子花有几颗子星；十字（分裂）时是分成几支（4 = 十字）","命名表说明（可能滞后）；当前条件/换算来自源码，冲突见覆盖报告","物理量","颗","颗","[2,120,1]","","36","P => P.type === 'senrin' || P.type === 'crossette'","无字段级条件","[]","","[""type""]","本字段不在LINK_KEYS轨迹同步列表；其他条件/默认联动另见本行","不走TIMING_KEYS通用时间联动","onParam：实时模拟更新，灰度烘焙按自动/手动模式处理","","","[]","","本字段无曲线控件","","参数 / 当前层 / 子花 / 生成 / 星数 [subStars]","参数 / 当前层 / 子花 / 生成 / 星数 [subStars]","参数 / 当前层 / 子花 / 生成 / 星数 [subStars]","参数 / 当前层 / 子花 / 时序与数量 / 星数 [subStars]","当前层 P；单层 wbSnap().P，多层 wbSnap().layers[i].P。保存/另存/切效果自动草稿及配方 JSON 保存完整快照。一次拖动/输入提交/选择为一步，全资产60步；输入框内快捷键留给文本撤销。切层/发射器不清历史，打开另一效果/版本重置。行/模块/发射器恢复到打开时与恢复模板默认不同。","tool/src/js/10_types.js:633","","tool/src/js/79_workbench.js:159; tool/src/js/79_undo.js:10","20_sim.js:199-200 cross / sphere 都生成 subStars 个方向；20_sim.js:204-211 每个方向一颗子星","总子星数 = 主层星数 × 这个数，太大烘焙会变慢（千轮预设 40、分裂预设 4）"
"SCHEMA-185","056-subSpeed","","subSpeed","P.subSpeed","P","当前效果 / 当前层 / 子花","number","初速","子弹开花时子星的初速，决定每朵子花开多大。","命名表说明（可能滞后）；当前条件/换算来自源码，冲突见覆盖报告","物理量","m/s","m/s","[5,120,1]","","40","P => P.type === 'senrin' || P.type === 'crossette'","无字段级条件","[]","","[""type""]","本字段不在LINK_KEYS轨迹同步列表；其他条件/默认联动另见本行","不走TIMING_KEYS通用时间联动","onParam：实时模拟更新，灰度烘焙按自动/手动模式处理","","","[""subSpeedJit"",""subScaleJit""]","","本字段无曲线控件","","参数 / 当前层 / 子花 / 初速 / 初速 [subSpeed]","参数 / 当前层 / 子花 / 初速 / 初速 [subSpeed]","参数 / 当前层 / 子花 / 初速 / 初速 [subSpeed]","参数 / 当前层 / 子花 / 空间与运动 / 初速 [subSpeed]","当前层 P；单层 wbSnap().P，多层 wbSnap().layers[i].P。保存/另存/切效果自动草稿及配方 JSON 保存完整快照。一次拖动/输入提交/选择为一步，全资产60步；输入框内快捷键留给文本撤销。切层/发射器不清历史，打开另一效果/版本重置。行/模块/发射器恢复到打开时与恢复模板默认不同。","tool/src/js/10_types.js:634","","tool/src/js/79_workbench.js:159; tool/src/js/79_undo.js:10","20_sim.js:205 sp = subSpeed × fs × (1 + jit/100 × n)；20_sim.js:207 速度 = 子弹速度 × keep + 方向 × sp；20_sim.js:213 子花闪光 sig = max(1, subSpeed × 0.05)","子星速度 = 子弹速度 × 继承子弹速度 + 方向 × 子花初速 × 子花大小随机 × (1 + 子星初速随机)；子花开花闪光的大小也跟着变"
"SCHEMA-186","057-subBurn","","subBurn","P.subBurn","P","当前效果 / 当前层 / 子花","number","燃烧时间","子星从子花开花起烧多少秒熄灭","命名表说明（可能滞后）；当前条件/换算来自源码，冲突见覆盖报告","物理量","s","s","[0.2,8,0.05]","","0.9","P => P.type === 'senrin' || P.type === 'crossette'","无字段级条件","[]","","[""type""]","本字段不在LINK_KEYS轨迹同步列表；其他条件/默认联动另见本行","不走TIMING_KEYS通用时间联动","onParam：实时模拟更新，灰度烘焙按自动/手动模式处理","","","[]","","本字段无曲线控件","","参数 / 当前层 / 子花 / 寿命 / 燃烧时间 [subBurn]","参数 / 当前层 / 子花 / 寿命 / 燃烧时间 [subBurn]","参数 / 当前层 / 子花 / 寿命 / 燃烧时间 [subBurn]","参数 / 当前层 / 子花 / 时序与数量 / 燃烧时间 [subBurn]","当前层 P；单层 wbSnap().P，多层 wbSnap().layers[i].P。保存/另存/切效果自动草稿及配方 JSON 保存完整快照。一次拖动/输入提交/选择为一步，全资产60步；输入框内快捷键留给文本撤销。切层/发射器不清历史，打开另一效果/版本重置。行/模块/发射器恢复到打开时与恢复模板默认不同。","tool/src/js/10_types.js:635","","tool/src/js/79_workbench.js:159; tool/src/js/79_undo.js:10","20_sim.js:206 b = subBurn × (1 + burnJit/100 × rng.n())，最少 0.05 s","每颗子星还会乘 (1 + 主层寿命随机 × 正态随机数)（借用主层的 burnJit）；子星的渐隐、熄灭前闪亮、点灭、爆裂照常"
"SCHEMA-187","058-subTail","","subTail","P.subTail","P","当前效果 / 当前层 / 子花","number","火花生成率","每颗子星每秒喷出几粒炭火火花，就是子花的尾迹；0 = 子星只有星头","命名表说明（可能滞后）；当前条件/换算来自源码，冲突见覆盖报告","物理量","个/秒","个/秒","[0,400,1]","","0","P => P.type === 'senrin' || P.type === 'crossette'","无字段级条件","[]","","[""type""]","本字段不在LINK_KEYS轨迹同步列表；其他条件/默认联动另见本行","不走TIMING_KEYS通用时间联动","onParam：实时模拟更新，灰度烘焙按自动/手动模式处理","","","[]","","本字段无曲线控件","","参数 / 当前层 / 子花 / 火花 / 火花生成率 [subTail]","参数 / 当前层 / 子花 / 火花 / 火花生成率 [subTail]","参数 / 当前层 / 子花 / 火花 / 火花生成率 [subTail]","参数 / 当前层 / 子花 / 时序与数量 / 火花生成率 [subTail]","当前层 P；单层 wbSnap().P，多层 wbSnap().layers[i].P。保存/另存/切效果自动草稿及配方 JSON 保存完整快照。一次拖动/输入提交/选择为一步，全资产60步；输入框内快捷键留给文本撤销。切层/发射器不清历史，打开另一效果/版本重置。行/模块/发射器恢复到打开时与恢复模板默认不同。","tool/src/js/10_types.js:636","","tool/src/js/79_workbench.js:159; tool/src/js/79_undo.js:10","20_sim.js:207-208 mk(…, kind 2, P.subTail, headBright) 用作子星的火花发射率","火花的寿命、颜色、阻力等用「火花」模块的参数，和子弹共用；千轮 / 分裂里主层的火花生成率不起作用"
"SCHEMA-188","059-carrierTail","","carrierTail","P.carrierTail","P","当前效果 / 当前层 / 火花","number","生成率（子弹）","子弹（主花开花时抛出、飞一段再开成子花）飞行时每秒喷出的火花数。","命名表说明（可能滞后）；当前条件/换算来自源码，冲突见覆盖报告","物理量","个/秒","个/秒","[0,400,1]","","30","P => P.type === 'senrin' || P.type === 'crossette'","无字段级条件","[]","","[""type""]","本字段不在LINK_KEYS轨迹同步列表；其他条件/默认联动另见本行","不走TIMING_KEYS通用时间联动","onParam：实时模拟更新，灰度烘焙按自动/手动模式处理","","","[]","","本字段无曲线控件","","参数 / 当前层 / 火花 / 生成 / 生成率（子弹） [carrierTail]","参数 / 当前层 / 火花 / 生成 / 生成率（子弹） [carrierTail]","参数 / 当前层 / 火花 / 生成 / 生成率（子弹） [carrierTail]","参数 / 当前层 / 火花 / 时序与数量 / 生成率（子弹） [carrierTail]","当前层 P；单层 wbSnap().P，多层 wbSnap().layers[i].P。保存/另存/切效果自动草稿及配方 JSON 保存完整快照。一次拖动/输入提交/选择为一步，全资产60步；输入框内快捷键留给文本撤销。切层/发射器不清历史，打开另一效果/版本重置。行/模块/发射器恢复到打开时与恢复模板默认不同。","tool/src/js/10_types.js:637","","tool/src/js/79_workbench.js:159; tool/src/js/79_undo.js:10","20_sim.js:159 发射率 = carrier ? P.carrierTail : P.sparkRate","火花参数和子星共用「火花」模块"
"SCHEMA-189","060-carrierHead","","carrierHead","P.carrierHead","P","当前效果 / 当前层 / 星","number","亮度（子弹）","子弹飞行时的星头亮度（乘在星头亮度上）；0 = 飞行时看不见，只看到子花","命名表说明（可能滞后）；当前条件/换算来自源码，冲突见覆盖报告","物理量","×","×","[0,1,0.01]","","0.4","P => P.type === 'senrin' || P.type === 'crossette'","无字段级条件","[{""when"":""P => !(+P.headBright > 0)"",""reason"":""「星头亮度」是 0（星头不发光，只有尾迹 / 火花）时不起作用""}]","","[""type"",""headBright""]","本字段不在LINK_KEYS轨迹同步列表；其他条件/默认联动另见本行","不走TIMING_KEYS通用时间联动","onParam：实时模拟更新，灰度烘焙按自动/手动模式处理","","","[]","","本字段无曲线控件","","参数 / 当前层 / 星 / 亮度 / 亮度（子弹） [carrierHead]","参数 / 当前层 / 星 / 亮度 / 亮度（子弹） [carrierHead]","参数 / 当前层 / 星 / 亮度 / 亮度（子弹） [carrierHead]","参数 / 当前层 / 星 / 外观与颜色 / 亮度（子弹） [carrierHead]","当前层 P；单层 wbSnap().P，多层 wbSnap().layers[i].P。保存/另存/切效果自动草稿及配方 JSON 保存完整快照。一次拖动/输入提交/选择为一步，全资产60步；输入框内快捷键留给文本撤销。切层/发射器不清历史，打开另一效果/版本重置。行/模块/发射器恢复到打开时与恢复模板默认不同。","tool/src/js/10_types.js:638","","tool/src/js/79_workbench.js:159; tool/src/js/79_undo.js:10","20_sim.js:159 I = headBright × carrierHead；20_sim.js:343-351 kind 1 跳过渐隐 / 熄灭前闪亮 / 点灭 / 前段压暗；20_sim.js:363 kind 1 尺寸 × 0.8","子弹星头大小 = 星头大小 × 0.8；子弹不受渐隐、熄灭前闪亮、点灭、前段压暗影响（飘落摆动的明暗会）"
"SCHEMA-190","061-subKeep","","subKeep","P.subKeep","P","当前效果 / 当前层 / 子花","number","继承子弹速度","子花开花时子星带上子弹多少比例的速度：0 = 原地开，1 = 整朵继续往外飞；勾「用默认」= 小球 0.35、十字 0.25（存成 -1）","命名表说明（可能滞后）；当前条件/换算来自源码，冲突见覆盖报告","物理量","1","1","[-1,1,0.01]","","-1","P => P.type === 'senrin' || P.type === 'crossette'","无字段级条件","[]","{""source"":""按子花样式：千轮 0.35，分裂 0.25"",""calculate"":""P => P.subPattern === 'cross' ? 0.25 : 0.35"",""sentinel"":-1,""linkedWhen"":""autoLinked(subKeep,v)"",""behavior"":""直接编辑断开；跟着算固定当前计算值；接回存哨兵，均进入快照撤销""}","[""type"",""subPattern""]","本字段不在LINK_KEYS轨迹同步列表；其他条件/默认联动另见本行","不走TIMING_KEYS通用时间联动","onParam：实时模拟更新，灰度烘焙按自动/手动模式处理","","","[]","","本字段无曲线控件","","参数 / 当前层 / 子花 / 初速 / 继承子弹速度 [subKeep]","参数 / 当前层 / 子花 / 初速 / 继承子弹速度 [subKeep]","参数 / 当前层 / 子花 / 初速 / 继承子弹速度 [subKeep]","参数 / 当前层 / 子花 / 空间与运动 / 继承子弹速度 [subKeep]","当前层 P；单层 wbSnap().P，多层 wbSnap().layers[i].P。保存/另存/切效果自动草稿及配方 JSON 保存完整快照。一次拖动/输入提交/选择为一步，全资产60步；输入框内快捷键留给文本撤销。切层/发射器不清历史，打开另一效果/版本重置。行/模块/发射器恢复到打开时与恢复模板默认不同。","tool/src/js/10_types.js:639","","tool/src/js/79_workbench.js:159; tool/src/js/79_undo.js:10","20_sim.js:201 keep = subKeep >= 0 ? subKeep : (cross ? 0.25 : 0.35)","存成负数（-1）时都按默认：小球（千轮）0.35、十字（分裂）0.25。（4.3.2 起面板上是「用默认」勾选，滑杆只在有效范围）"
"SCHEMA-191","062-subScaleJit","","subScaleJit","P.subScaleJit","P","当前效果 / 当前层 / 子花","number","大小随机","每朵子花大小不一（子弹的装药量不同）","命名表说明（可能滞后）；当前条件/换算来自源码，冲突见覆盖报告","物理量","%","%","[0,50,1]","","0","P => P.type === 'senrin' || P.type === 'crossette'","无字段级条件","[]","","[""type""]","本字段不在LINK_KEYS轨迹同步列表；其他条件/默认联动另见本行","不走TIMING_KEYS通用时间联动","onParam：实时模拟更新，灰度烘焙按自动/手动模式处理","","subSpeed","[]","正态（σ = 这个百分比）；每朵子花一个；这一朵所有子星的初速 × max(0.4, 1 + σ × 正态随机数)。例 20% → 约 2/3 的子花大小在 0.8–1.2 倍","本字段无曲线控件","","参数 / 当前层 / 子花 / 形状 / 大小随机 [subScaleJit]","参数 / 当前层 / 子花 / 初速 / 初速 / 随机 / 大小随机 [subScaleJit]","参数 / 当前层 / 子花 / 初速 / 初速 / 随机 / 大小随机 [subScaleJit]","参数 / 当前层 / 子花 / 空间与运动 / 初速 / 随机 / 大小随机 [subScaleJit]","当前层 P；单层 wbSnap().P，多层 wbSnap().layers[i].P。保存/另存/切效果自动草稿及配方 JSON 保存完整快照。一次拖动/输入提交/选择为一步，全资产60步；输入框内快捷键留给文本撤销。切层/发射器不清历史，打开另一效果/版本重置。行/模块/发射器恢复到打开时与恢复模板默认不同。","tool/src/js/10_types.js:640","","tool/src/js/79_workbench.js:159; tool/src/js/79_undo.js:10","20_sim.js:203 fs = max(0.4, 1 + subScaleJit/100 × rng.n())，每朵子花一个；20_sim.js:205 乘在 subSpeed 上",""
"SCHEMA-192","063-subSpeedJit","","subSpeedJit","P.subSpeedJit","P","当前效果 / 当前层 / 子花","number","初速随机","同一朵子花里各子星初速差多少，决定子花边缘整不整齐；勾「用默认」= 跟主层（存成 -1）","命名表说明（可能滞后）；当前条件/换算来自源码，冲突见覆盖报告","物理量","%","%","[-1,40,1]","","-1","P => P.type === 'senrin' || P.type === 'crossette'","无字段级条件","[]","{""source"":""同主层的「初速随机」"",""calculate"":""P => +P.speedJit || 0"",""sentinel"":-1,""linkedWhen"":""autoLinked(subSpeedJit,v)"",""behavior"":""直接编辑断开；跟着算固定当前计算值；接回存哨兵，均进入快照撤销""}","[""type"",""speedJit""]","本字段不在LINK_KEYS轨迹同步列表；其他条件/默认联动另见本行","不走TIMING_KEYS通用时间联动","onParam：实时模拟更新，灰度烘焙按自动/手动模式处理","","subSpeed","[]","正态（σ = 这个百分比）；每颗子星一个；子星初速 × (1 + σ × 正态随机数)。负数时用主层「初速随机」（默认 3%）。例 10% → 约 2/3 的子星初速在 ±10% 内","本字段无曲线控件","","参数 / 当前层 / 子花 / 初速 / 初速随机 [subSpeedJit]","参数 / 当前层 / 子花 / 初速 / 初速 / 随机 / 初速随机 [subSpeedJit]","参数 / 当前层 / 子花 / 初速 / 初速 / 随机 / 初速随机 [subSpeedJit]","参数 / 当前层 / 子花 / 空间与运动 / 初速 / 随机 / 初速随机 [subSpeedJit]","当前层 P；单层 wbSnap().P，多层 wbSnap().layers[i].P。保存/另存/切效果自动草稿及配方 JSON 保存完整快照。一次拖动/输入提交/选择为一步，全资产60步；输入框内快捷键留给文本撤销。切层/发射器不清历史，打开另一效果/版本重置。行/模块/发射器恢复到打开时与恢复模板默认不同。","tool/src/js/10_types.js:641","","tool/src/js/79_workbench.js:159; tool/src/js/79_undo.js:10","20_sim.js:205 (subSpeedJit >= 0 ? subSpeedJit : speedJit)/100 × rng.n()","存成负数（-1）时都等于「跟主层」（4.3.2 起面板上是「用默认」勾选，滑杆只在有效范围）"
"SCHEMA-193","064-subVt","","subVt","P.subVt","P","当前效果 / 当前层 / 子花","number","终端速度","子星的空气阻力，用终端速度（自由下落最终的速度）表示，越小减速越快；0 = 同主层","命名表说明（可能滞后）；当前条件/换算来自源码，冲突见覆盖报告","物理量","m/s","m/s","[0,80,0.5]","","0","P => P.type === 'senrin' || P.type === 'crossette'","无字段级条件","[]","{""source"":""同主层的「终端速度」"",""calculate"":""P => +(+P.vt || 0).toFixed(1)"",""sentinel"":0,""linkedWhen"":""autoLinked(subVt,v)"",""behavior"":""直接编辑断开；跟着算固定当前计算值；接回存哨兵，均进入快照撤销""}","[""type"",""vt""]","本字段不在LINK_KEYS轨迹同步列表；其他条件/默认联动另见本行","不走TIMING_KEYS通用时间联动","onParam：实时模拟更新，灰度烘焙按自动/手动模式处理","","","[]","","本字段无曲线控件","","参数 / 当前层 / 子花 / 受力 / 终端速度 [subVt]","参数 / 当前层 / 子花 / 受力 / 终端速度 [subVt]","参数 / 当前层 / 子花 / 受力 / 终端速度 [subVt]","参数 / 当前层 / 子花 / 空间与运动 / 终端速度 [subVt]","当前层 P；单层 wbSnap().P，多层 wbSnap().layers[i].P。保存/另存/切效果自动草稿及配方 JSON 保存完整快照。一次拖动/输入提交/选择为一步，全资产60步；输入框内快捷键留给文本撤销。切层/发射器不清历史，打开另一效果/版本重置。行/模块/发射器恢复到打开时与恢复模板默认不同。","tool/src/js/10_types.js:642","","tool/src/js/79_workbench.js:159; tool/src/js/79_undo.js:10","20_sim.js:209 ch.c = G / subVt²；20_sim.js:252-256 二次阻力用 s.c","0 时用主层的终端速度；只作用于子星，不作用于子弹和火花"
"SCHEMA-194","065-subGrav","","subGrav","P.subGrav","P","当前效果 / 当前层 / 子花","number","重力倍率","子星受的重力倍数（1 = 正常重力）；勾「用默认」= 同主层（存成 -1）","命名表说明（可能滞后）；当前条件/换算来自源码，冲突见覆盖报告","物理量","×","×","[-1,3,0.05]","","-1","P => P.type === 'senrin' || P.type === 'crossette'","无字段级条件","[]","{""source"":""同主层的「重力倍率」"",""calculate"":""P => P.grav == null ? 1 : +P.grav"",""sentinel"":-1,""linkedWhen"":""autoLinked(subGrav,v)"",""behavior"":""直接编辑断开；跟着算固定当前计算值；接回存哨兵，均进入快照撤销""}","[""type"",""grav""]","本字段不在LINK_KEYS轨迹同步列表；其他条件/默认联动另见本行","不走TIMING_KEYS通用时间联动","onParam：实时模拟更新，灰度烘焙按自动/手动模式处理","","","[]","","本字段无曲线控件","","参数 / 当前层 / 子花 / 受力 / 重力倍率 [subGrav]","参数 / 当前层 / 子花 / 受力 / 重力倍率 [subGrav]","参数 / 当前层 / 子花 / 受力 / 重力倍率 [subGrav]","参数 / 当前层 / 子花 / 空间与运动 / 重力倍率 [subGrav]","当前层 P；单层 wbSnap().P，多层 wbSnap().layers[i].P。保存/另存/切效果自动草稿及配方 JSON 保存完整快照。一次拖动/输入提交/选择为一步，全资产60步；输入框内快捷键留给文本撤销。切层/发射器不清历史，打开另一效果/版本重置。行/模块/发射器恢复到打开时与恢复模板默认不同。","tool/src/js/10_types.js:643","","tool/src/js/79_workbench.js:159; tool/src/js/79_undo.js:10","20_sim.js:210 ch.grav = subGrav（>= 0 时）；20_sim.js:256 重力 = s.grav != null ? −G·grav : 主层 gy","存成负数（-1）时都等于「同主层」；不影响火花的下坠（4.3.2 起面板上是「用默认」勾选，滑杆只在有效范围）"
"SCHEMA-195","066-subFlash","","subFlash","P.subFlash","P","当前效果 / 当前层 / 子花","number","开花闪光","每朵子花开花那一刻的一团闪光亮度；勾「用默认」= 主层开花闪光 × 0.3（存成 -1）","命名表说明（可能滞后）；当前条件/换算来自源码，冲突见覆盖报告","物理量","1","1","[-1,1,0.01]","","-1","P => P.type === 'senrin' || P.type === 'crossette'","无字段级条件","[]","{""source"":""主层开花闪光的 0.3 倍"",""calculate"":""P => +(+P.flash * 0.3).toFixed(3)"",""sentinel"":-1,""linkedWhen"":""autoLinked(subFlash,v)"",""behavior"":""直接编辑断开；跟着算固定当前计算值；接回存哨兵，均进入快照撤销""}","[""type"",""flash""]","本字段不在LINK_KEYS轨迹同步列表；其他条件/默认联动另见本行","不走TIMING_KEYS通用时间联动","onParam：实时模拟更新，灰度烘焙按自动/手动模式处理","","","[]","","本字段无曲线控件","","参数 / 当前层 / 子花 / 闪光 / 开花闪光 [subFlash]","参数 / 当前层 / 子花 / 闪光 / 开花闪光 [subFlash]","参数 / 当前层 / 子花 / 闪光 / 开花闪光 [subFlash]","参数 / 当前层 / 子花 / 事件与特性 / 开花闪光 [subFlash]","当前层 P；单层 wbSnap().P，多层 wbSnap().layers[i].P。保存/另存/切效果自动草稿及配方 JSON 保存完整快照。一次拖动/输入提交/选择为一步，全资产60步；输入框内快捷键留给文本撤销。切层/发射器不清历史，打开另一效果/版本重置。行/模块/发射器恢复到打开时与恢复模板默认不同。","tool/src/js/10_types.js:644","","tool/src/js/79_workbench.js:159; tool/src/js/79_undo.js:10","20_sim.js:213 I = subFlash >= 0 ? subFlash : flash × 0.3，sig = max(1, subSpeed × 0.05)；20_sim.js:371-373 exp(−a/0.035)、0.25 s 截止；48_render40.js:121 自动曝光时 subFlash = 0","存成负数（-1）时都按默认；闪光大小 = max(1, 0.05 × 子花初速) m，约 0.035 秒衰减、0.25 秒内结束；自动曝光测量时不算这个闪光（4.3.2 起面板上是「用默认」勾选，滑杆只在有效范围）"
"SCHEMA-196","460-29-subSize","","subSize","P.subSize","P","当前效果 / 当前层 / 子花","number","大小","子花每颗子星的星头大小；勾「用默认」= 和主星「大小」一样（存成 -1）。","命名表说明（可能滞后）；当前条件/换算来自源码，冲突见覆盖报告","物理量","m","m","[-1,6,0.05]","","-1","P => P.type === 'senrin' || P.type === 'crossette'","无字段级条件","[]","{""source"":""同主星的大小"",""calculate"":""P => +(+P.headSize || 1).toFixed(2)"",""sentinel"":-1,""linkedWhen"":""autoLinked(subSize,v)"",""behavior"":""直接编辑断开；跟着算固定当前计算值；接回存哨兵，均进入快照撤销""}","[""type"",""headSize""]","本字段不在LINK_KEYS轨迹同步列表；其他条件/默认联动另见本行","不走TIMING_KEYS通用时间联动","onParam：实时模拟更新，灰度烘焙按自动/手动模式处理","","","[]","","本字段无曲线控件","","参数 / 当前层 / 子花 / 大小 / 大小 [subSize]","参数 / 当前层 / 子花 / 大小 / 大小 [subSize]","参数 / 当前层 / 子花 / 大小 / 大小 [subSize]","参数 / 当前层 / 子花 / 外观与颜色 / 大小 [subSize]","当前层 P；单层 wbSnap().P，多层 wbSnap().layers[i].P。保存/另存/切效果自动草稿及配方 JSON 保存完整快照。一次拖动/输入提交/选择为一步，全资产60步；输入框内快捷键留给文本撤销。切层/发射器不清历史，打开另一效果/版本重置。行/模块/发射器恢复到打开时与恢复模板默认不同。","tool/src/js/10_types.js:645","","tool/src/js/79_workbench.js:159; tool/src/js/79_undo.js:10","","4.6.0（5.0 第 1 步）加：以前写死在代码里，默认 = 原来的数。"
"SCHEMA-197","460-30-subBright","","subBright","P.subBright","P","当前效果 / 当前层 / 子花","number","亮度","子花每颗子星的星头亮度；勾「用默认」= 和主星「亮度」一样（存成 -1）。","命名表说明（可能滞后）；当前条件/换算来自源码，冲突见覆盖报告","物理量","×","×","[-1,3,0.05]","","-1","P => P.type === 'senrin' || P.type === 'crossette'","无字段级条件","[]","{""source"":""同主星的亮度"",""calculate"":""P => +(+P.headBright).toFixed(2)"",""sentinel"":-1,""linkedWhen"":""autoLinked(subBright,v)"",""behavior"":""直接编辑断开；跟着算固定当前计算值；接回存哨兵，均进入快照撤销""}","[""type"",""headBright""]","本字段不在LINK_KEYS轨迹同步列表；其他条件/默认联动另见本行","不走TIMING_KEYS通用时间联动","onParam：实时模拟更新，灰度烘焙按自动/手动模式处理","","","[]","","本字段无曲线控件","","参数 / 当前层 / 子花 / 亮度 / 亮度 [subBright]","参数 / 当前层 / 子花 / 亮度 / 亮度 [subBright]","参数 / 当前层 / 子花 / 亮度 / 亮度 [subBright]","参数 / 当前层 / 子花 / 外观与颜色 / 亮度 [subBright]","当前层 P；单层 wbSnap().P，多层 wbSnap().layers[i].P。保存/另存/切效果自动草稿及配方 JSON 保存完整快照。一次拖动/输入提交/选择为一步，全资产60步；输入框内快捷键留给文本撤销。切层/发射器不清历史，打开另一效果/版本重置。行/模块/发射器恢复到打开时与恢复模板默认不同。","tool/src/js/10_types.js:646","","tool/src/js/79_workbench.js:159; tool/src/js/79_undo.js:10","","4.6.0（5.0 第 1 步）加：以前写死在代码里，默认 = 原来的数。"
"SCHEMA-198","460-31-subFlashR","","subFlashR","P.subFlashR","P","当前效果 / 当前层 / 子花","number","闪光半径","每朵子花开花那团闪光的半径（σ，米）；勾「用默认」= 跟子花初速：max(1 m, 0.05 × 子花初速)（存成 -1）。","命名表说明（可能滞后）；当前条件/换算来自源码，冲突见覆盖报告","物理量","m","m","[-1,30,0.1]","","-1","P => P.type === 'senrin' || P.type === 'crossette'","无字段级条件","[]","{""source"":""按子花初速：子花初速 × 0.05，至少 1 m"",""calculate"":""P => +Math.max(1, (+P.subSpeed || 0) * 0.05).toFixed(2)"",""sentinel"":-1,""linkedWhen"":""autoLinked(subFlashR,v)"",""behavior"":""直接编辑断开；跟着算固定当前计算值；接回存哨兵，均进入快照撤销""}","[""type"",""subSpeed""]","本字段不在LINK_KEYS轨迹同步列表；其他条件/默认联动另见本行","不走TIMING_KEYS通用时间联动","onParam：实时模拟更新，灰度烘焙按自动/手动模式处理","","","[]","","本字段无曲线控件","","参数 / 当前层 / 子花 / 闪光 / 闪光半径 [subFlashR]","参数 / 当前层 / 子花 / 闪光 / 闪光半径 [subFlashR]","参数 / 当前层 / 子花 / 闪光 / 闪光半径 [subFlashR]","参数 / 当前层 / 子花 / 事件与特性 / 闪光半径 [subFlashR]","当前层 P；单层 wbSnap().P，多层 wbSnap().layers[i].P。保存/另存/切效果自动草稿及配方 JSON 保存完整快照。一次拖动/输入提交/选择为一步，全资产60步；输入框内快捷键留给文本撤销。切层/发射器不清历史，打开另一效果/版本重置。行/模块/发射器恢复到打开时与恢复模板默认不同。","tool/src/js/10_types.js:647","","tool/src/js/79_workbench.js:159; tool/src/js/79_undo.js:10","","4.6.0（5.0 第 1 步）加：以前写死在代码里，默认 = 原来的数。"
"SCHEMA-199","460-96-subSizeCurve","","subSizeCurve","P.subSizeCurve","P","当前效果 / 当前层 / 子花","curve","随寿命","子花每颗子星的大小随燃烧进度变化。几行「时刻:倍数」，时刻是寿命的比例 0–1，在原来的变化上再乘这条曲线；空 = 不乘（和以前一样）。例「0:0.3, 0.2:1, 1:1」= 刚出来小、很快长到正常。","命名表说明（可能滞后）；当前条件/换算来自源码，冲突见覆盖报告","物理量","×（随寿命）","×（随寿命）","","","","P => P.type === 'senrin' || P.type === 'crossette'","无字段级条件","[]","","[""type""]","本字段不在LINK_KEYS轨迹同步列表；其他条件/默认联动另见本行","不走TIMING_KEYS通用时间联动","onParam：实时模拟更新，灰度烘焙按自动/手动模式处理","","","[]","","0–1单粒寿命，文本提交 + 只读折线/表；空=×1；不支持拖点","","参数 / 当前层 / 子花 / 大小 / 随寿命 [subSizeCurve]","参数 / 当前层 / 子花 / 大小 / 随寿命 [subSizeCurve]","参数 / 当前层 / 子花 / 大小 / 随寿命 [subSizeCurve]","参数 / 当前层 / 子花 / 外观与颜色 / 随寿命 [subSizeCurve]","当前层 P；单层 wbSnap().P，多层 wbSnap().layers[i].P。保存/另存/切效果自动草稿及配方 JSON 保存完整快照。一次拖动/输入提交/选择为一步，全资产60步；输入框内快捷键留给文本撤销。切层/发射器不清历史，打开另一效果/版本重置。行/模块/发射器恢复到打开时与恢复模板默认不同。 注意：rowChanged仅处理数值/select/text，现曲线不计行/模块“改过”、无独立行尾还原按钮；全资产撤销可恢复曲线文本。不伪称这些行级状态已实现。","tool/src/js/10_types.js:648","","tool/src/js/79_workbench.js:159; tool/src/js/79_undo.js:10","","4.6.0（5.0 第 1 步）加：以前写死在代码里，默认 = 原来的数。"
"SCHEMA-200","460-97-subBrightCurve","","subBrightCurve","P.subBrightCurve","P","当前效果 / 当前层 / 子花","curve","随寿命","子花每颗子星的亮度随燃烧进度变化。几行「时刻:倍数」，时刻是寿命的比例 0–1，在原来的变化上再乘这条曲线；空 = 不乘（和以前一样）。例「0:0.3, 0.2:1, 1:1」= 刚出来小、很快长到正常。","命名表说明（可能滞后）；当前条件/换算来自源码，冲突见覆盖报告","物理量","×（随寿命）","×（随寿命）","","","","P => P.type === 'senrin' || P.type === 'crossette'","无字段级条件","[]","","[""type""]","本字段不在LINK_KEYS轨迹同步列表；其他条件/默认联动另见本行","不走TIMING_KEYS通用时间联动","onParam：实时模拟更新，灰度烘焙按自动/手动模式处理","","","[]","","0–1单粒寿命，文本提交 + 只读折线/表；空=×1；不支持拖点","","参数 / 当前层 / 子花 / 亮度 / 随寿命 [subBrightCurve]","参数 / 当前层 / 子花 / 亮度 / 随寿命 [subBrightCurve]","参数 / 当前层 / 子花 / 亮度 / 随寿命 [subBrightCurve]","参数 / 当前层 / 子花 / 外观与颜色 / 随寿命 [subBrightCurve]","当前层 P；单层 wbSnap().P，多层 wbSnap().layers[i].P。保存/另存/切效果自动草稿及配方 JSON 保存完整快照。一次拖动/输入提交/选择为一步，全资产60步；输入框内快捷键留给文本撤销。切层/发射器不清历史，打开另一效果/版本重置。行/模块/发射器恢复到打开时与恢复模板默认不同。 注意：rowChanged仅处理数值/select/text，现曲线不计行/模块“改过”、无独立行尾还原按钮；全资产撤销可恢复曲线文本。不伪称这些行级状态已实现。","tool/src/js/10_types.js:649","","tool/src/js/79_workbench.js:159; tool/src/js/79_undo.js:10","","4.6.0（5.0 第 1 步）加：以前写死在代码里，默认 = 原来的数。"
"SCHEMA-201","460-37-x1Event","","x1Event","P.x1Event","P","当前效果 / 当前层 / 自定义 1","select","什么时候","挂在星的哪个时刻：星熄灭时（像爆裂、落火）/ 开花时（每颗星出生）/ 开花后某个时刻 / 星燃烧时沿路（像火花）。","命名表说明（可能滞后）；当前条件/换算来自源码，冲突见覆盖报告","引擎字段","选项","选项","","[[""death"",""星熄灭时""],[""birth"",""开花时（星出生）""],[""time"",""开花后某个时刻""],[""trail"",""星燃烧时沿路""]]","death","P => isAir(P) && +P.x1On > 0","无字段级条件","[]","","[""x1On""]","本字段不在LINK_KEYS轨迹同步列表；其他条件/默认联动另见本行","不走TIMING_KEYS通用时间联动","onParam：实时模拟更新，灰度烘焙按自动/手动模式处理","","","[]","","本字段无曲线控件","","参数 / 当前层 / 自定义 1 / 生成 / 什么时候 [x1Event]","参数 / 当前层 / 自定义 1 / 生成 / 什么时候 [x1Event]","参数 / 当前层 / 自定义 1 / 生成 / 什么时候 [x1Event]","参数 / 当前层 / 自定义 1 / 时序与数量 / 什么时候 [x1Event]","当前层 P；单层 wbSnap().P，多层 wbSnap().layers[i].P。保存/另存/切效果自动草稿及配方 JSON 保存完整快照。一次拖动/输入提交/选择为一步，全资产60步；输入框内快捷键留给文本撤销。切层/发射器不清历史，打开另一效果/版本重置。行/模块/发射器恢复到打开时与恢复模板默认不同。","tool/src/js/10_types.js:652","","tool/src/js/79_workbench.js:159; tool/src/js/79_undo.js:10","","4.6.0（5.0 第 1 步）自定义发射器：资产栏下面发射器标签行「＋ 加发射器」打开。"
"SCHEMA-202","460-38-x1T","","x1T","P.x1T","P","当前效果 / 当前层 / 自定义 1","number","时刻","选「开花后某个时刻」时，第几秒在每颗还亮着的星上生成。","命名表说明（可能滞后）；当前条件/换算来自源码，冲突见覆盖报告","物理量","s","s","[0,10,0.05]","","1","P => isAir(P) && +P.x1On > 0","P => P.x1Event === 'time'","[]","","[""x1On"",""x1Event""]","本字段不在LINK_KEYS轨迹同步列表；其他条件/默认联动另见本行","不走TIMING_KEYS通用时间联动","onParam：实时模拟更新，灰度烘焙按自动/手动模式处理","","","[]","","本字段无曲线控件","","参数 / 当前层 / 自定义 1 / 生成 / 时刻 [x1T]","参数 / 当前层 / 自定义 1 / 生成 / 时刻 [x1T]","参数 / 当前层 / 自定义 1 / 生成 / 时刻 [x1T]","参数 / 当前层 / 自定义 1 / 时序与数量 / 时刻 [x1T]","当前层 P；单层 wbSnap().P，多层 wbSnap().layers[i].P。保存/另存/切效果自动草稿及配方 JSON 保存完整快照。一次拖动/输入提交/选择为一步，全资产60步；输入框内快捷键留给文本撤销。切层/发射器不清历史，打开另一效果/版本重置。行/模块/发射器恢复到打开时与恢复模板默认不同。","tool/src/js/10_types.js:653","","tool/src/js/79_workbench.js:159; tool/src/js/79_undo.js:10","","4.6.0（5.0 第 1 步）自定义发射器：资产栏下面发射器标签行「＋ 加发射器」打开。"
"SCHEMA-203","460-39-x1Kind","","x1Kind","P.x1Kind","P","当前效果 / 当前层 / 自定义 1","select","生成什么","光点：一个亮点，按下面的大小、亮度、寿命曲线画（小闪、碎光、落火）。星：一颗会烧的星，带火花（用「火花」那一页的火花参数），像子花。","命名表说明（可能滞后）；当前条件/换算来自源码，冲突见覆盖报告","引擎字段","选项","选项","","[[""dot"",""光点（小闪、碎光、落火）""],[""star"",""星（会烧、带火花，像子花）""]]","dot","P => isAir(P) && +P.x1On > 0","无字段级条件","[]","","[""x1On""]","本字段不在LINK_KEYS轨迹同步列表；其他条件/默认联动另见本行","不走TIMING_KEYS通用时间联动","onParam：实时模拟更新，灰度烘焙按自动/手动模式处理","","","[]","","本字段无曲线控件","","参数 / 当前层 / 自定义 1 / 生成 / 生成什么 [x1Kind]","参数 / 当前层 / 自定义 1 / 生成 / 生成什么 [x1Kind]","参数 / 当前层 / 自定义 1 / 生成 / 生成什么 [x1Kind]","参数 / 当前层 / 自定义 1 / 时序与数量 / 生成什么 [x1Kind]","当前层 P；单层 wbSnap().P，多层 wbSnap().layers[i].P。保存/另存/切效果自动草稿及配方 JSON 保存完整快照。一次拖动/输入提交/选择为一步，全资产60步；输入框内快捷键留给文本撤销。切层/发射器不清历史，打开另一效果/版本重置。行/模块/发射器恢复到打开时与恢复模板默认不同。","tool/src/js/10_types.js:654","","tool/src/js/79_workbench.js:159; tool/src/js/79_undo.js:10","","4.6.0（5.0 第 1 步）自定义发射器：资产栏下面发射器标签行「＋ 加发射器」打开。"
"SCHEMA-204","460-40-x1N","","x1N","P.x1N","P","当前效果 / 当前层 / 自定义 1","number","数量","每颗星在那个时刻生成几个。","命名表说明（可能滞后）；当前条件/换算来自源码，冲突见覆盖报告","物理量","个","个","[0,200,1]","","8","P => isAir(P) && +P.x1On > 0","P => P.x1Event !== 'trail'","[]","","[""x1On"",""x1Event""]","本字段不在LINK_KEYS轨迹同步列表；其他条件/默认联动另见本行","不走TIMING_KEYS通用时间联动","onParam：实时模拟更新，灰度烘焙按自动/手动模式处理","","","[]","","本字段无曲线控件","","参数 / 当前层 / 自定义 1 / 生成 / 数量 [x1N]","参数 / 当前层 / 自定义 1 / 生成 / 数量 [x1N]","参数 / 当前层 / 自定义 1 / 生成 / 数量 [x1N]","参数 / 当前层 / 自定义 1 / 时序与数量 / 数量 [x1N]","当前层 P；单层 wbSnap().P，多层 wbSnap().layers[i].P。保存/另存/切效果自动草稿及配方 JSON 保存完整快照。一次拖动/输入提交/选择为一步，全资产60步；输入框内快捷键留给文本撤销。切层/发射器不清历史，打开另一效果/版本重置。行/模块/发射器恢复到打开时与恢复模板默认不同。","tool/src/js/10_types.js:655","","tool/src/js/79_workbench.js:159; tool/src/js/79_undo.js:10","","4.6.0（5.0 第 1 步）自定义发射器：资产栏下面发射器标签行「＋ 加发射器」打开。"
"SCHEMA-205","460-41-x1Rate","","x1Rate","P.x1Rate","P","当前效果 / 当前层 / 自定义 1","number","每秒","选「星燃烧时沿路」时，每颗星每秒生成几个（泊松随机）。","命名表说明（可能滞后）；当前条件/换算来自源码，冲突见覆盖报告","物理量","个/秒","个/秒","[0,500,1]","","20","P => isAir(P) && +P.x1On > 0","P => P.x1Event === 'trail'","[]","","[""x1On"",""x1Event""]","本字段不在LINK_KEYS轨迹同步列表；其他条件/默认联动另见本行","不走TIMING_KEYS通用时间联动","onParam：实时模拟更新，灰度烘焙按自动/手动模式处理","","","[]","","本字段无曲线控件","","参数 / 当前层 / 自定义 1 / 生成 / 每秒 [x1Rate]","参数 / 当前层 / 自定义 1 / 生成 / 每秒 [x1Rate]","参数 / 当前层 / 自定义 1 / 生成 / 每秒 [x1Rate]","参数 / 当前层 / 自定义 1 / 时序与数量 / 每秒 [x1Rate]","当前层 P；单层 wbSnap().P，多层 wbSnap().layers[i].P。保存/另存/切效果自动草稿及配方 JSON 保存完整快照。一次拖动/输入提交/选择为一步，全资产60步；输入框内快捷键留给文本撤销。切层/发射器不清历史，打开另一效果/版本重置。行/模块/发射器恢复到打开时与恢复模板默认不同。","tool/src/js/10_types.js:656","","tool/src/js/79_workbench.js:159; tool/src/js/79_undo.js:10","","4.6.0（5.0 第 1 步）自定义发射器：资产栏下面发射器标签行「＋ 加发射器」打开。"
"SCHEMA-206","460-42-x1Prob","","x1Prob","P.x1Prob","P","当前效果 / 当前层 / 自定义 1","number","触发比例","每个要生成的粒子以这个概率真的生成（1 = 全部，0.3 = 三成）。","命名表说明（可能滞后）；当前条件/换算来自源码，冲突见覆盖报告","物理量","1","1","[0,1,0.01]","","1","P => isAir(P) && +P.x1On > 0","无字段级条件","[]","","[""x1On""]","本字段不在LINK_KEYS轨迹同步列表；其他条件/默认联动另见本行","不走TIMING_KEYS通用时间联动","onParam：实时模拟更新，灰度烘焙按自动/手动模式处理","","","[]","","本字段无曲线控件","","参数 / 当前层 / 自定义 1 / 生成 / 触发比例 [x1Prob]","参数 / 当前层 / 自定义 1 / 生成 / 触发比例 [x1Prob]","参数 / 当前层 / 自定义 1 / 生成 / 触发比例 [x1Prob]","参数 / 当前层 / 自定义 1 / 时序与数量 / 触发比例 [x1Prob]","当前层 P；单层 wbSnap().P，多层 wbSnap().layers[i].P。保存/另存/切效果自动草稿及配方 JSON 保存完整快照。一次拖动/输入提交/选择为一步，全资产60步；输入框内快捷键留给文本撤销。切层/发射器不清历史，打开另一效果/版本重置。行/模块/发射器恢复到打开时与恢复模板默认不同。","tool/src/js/10_types.js:657","","tool/src/js/79_workbench.js:159; tool/src/js/79_undo.js:10","","4.6.0（5.0 第 1 步）自定义发射器：资产栏下面发射器标签行「＋ 加发射器」打开。"
"SCHEMA-207","460-43-x1Delay","","x1Delay","P.x1Delay","P","当前效果 / 当前层 / 自定义 1","number","延迟","事件发生后过几秒才出现。","命名表说明（可能滞后）；当前条件/换算来自源码，冲突见覆盖报告","物理量","s","s","[0,3,0.01]","","0","P => isAir(P) && +P.x1On > 0","无字段级条件","[]","","[""x1On""]","本字段不在LINK_KEYS轨迹同步列表；其他条件/默认联动另见本行","不走TIMING_KEYS通用时间联动","onParam：实时模拟更新，灰度烘焙按自动/手动模式处理","","","[]","","本字段无曲线控件","","参数 / 当前层 / 自定义 1 / 生成 / 延迟 [x1Delay]","参数 / 当前层 / 自定义 1 / 生成 / 延迟 [x1Delay]","参数 / 当前层 / 自定义 1 / 生成 / 延迟 [x1Delay]","参数 / 当前层 / 自定义 1 / 时序与数量 / 延迟 [x1Delay]","当前层 P；单层 wbSnap().P，多层 wbSnap().layers[i].P。保存/另存/切效果自动草稿及配方 JSON 保存完整快照。一次拖动/输入提交/选择为一步，全资产60步；输入框内快捷键留给文本撤销。切层/发射器不清历史，打开另一效果/版本重置。行/模块/发射器恢复到打开时与恢复模板默认不同。","tool/src/js/10_types.js:658","","tool/src/js/79_workbench.js:159; tool/src/js/79_undo.js:10","","4.6.0（5.0 第 1 步）自定义发射器：资产栏下面发射器标签行「＋ 加发射器」打开。"
"SCHEMA-208","460-44-x1DelayJit","","x1DelayJit","P.x1DelayJit","P","当前效果 / 当前层 / 自定义 1","number","延迟随机","延迟在 1 ± 这个百分比之间均匀随机。","命名表说明（可能滞后）；当前条件/换算来自源码，冲突见覆盖报告","物理量","%","%","[0,100,1]","","0","P => isAir(P) && +P.x1On > 0","无字段级条件","[]","","[""x1On""]","本字段不在LINK_KEYS轨迹同步列表；其他条件/默认联动另见本行","不走TIMING_KEYS通用时间联动","onParam：实时模拟更新，灰度烘焙按自动/手动模式处理","","x1Delay","[]","","本字段无曲线控件","","参数 / 当前层 / 自定义 1 / 生成 / 延迟随机 [x1DelayJit]","参数 / 当前层 / 自定义 1 / 生成 / 延迟 / 随机 / 延迟随机 [x1DelayJit]","参数 / 当前层 / 自定义 1 / 生成 / 延迟 / 随机 / 延迟随机 [x1DelayJit]","参数 / 当前层 / 自定义 1 / 时序与数量 / 延迟 / 随机 / 延迟随机 [x1DelayJit]","当前层 P；单层 wbSnap().P，多层 wbSnap().layers[i].P。保存/另存/切效果自动草稿及配方 JSON 保存完整快照。一次拖动/输入提交/选择为一步，全资产60步；输入框内快捷键留给文本撤销。切层/发射器不清历史，打开另一效果/版本重置。行/模块/发射器恢复到打开时与恢复模板默认不同。","tool/src/js/10_types.js:659","","tool/src/js/79_workbench.js:159; tool/src/js/79_undo.js:10","","4.6.0（5.0 第 1 步）自定义发射器：资产栏下面发射器标签行「＋ 加发射器」打开。"
"SCHEMA-209","460-45-x1Spark","","x1Spark","P.x1Spark","P","当前效果 / 当前层 / 自定义 1","number","火花密度","生成的是「星」时，每颗星每秒喷多少火花（火花的寿命、颜色、阻力用「火花」那一页）。0 = 不带火花。","命名表说明（可能滞后）；当前条件/换算来自源码，冲突见覆盖报告","物理量","个/秒","个/秒","[0,2000,1]","","0","P => isAir(P) && +P.x1On > 0","P => P.x1Kind === 'star'","[]","","[""x1On"",""x1Kind""]","本字段不在LINK_KEYS轨迹同步列表；其他条件/默认联动另见本行","不走TIMING_KEYS通用时间联动","onParam：实时模拟更新，灰度烘焙按自动/手动模式处理","","","[]","","本字段无曲线控件","","参数 / 当前层 / 自定义 1 / 生成 / 火花密度 [x1Spark]","参数 / 当前层 / 自定义 1 / 生成 / 火花密度 [x1Spark]","参数 / 当前层 / 自定义 1 / 生成 / 火花密度 [x1Spark]","参数 / 当前层 / 自定义 1 / 时序与数量 / 火花密度 [x1Spark]","当前层 P；单层 wbSnap().P，多层 wbSnap().layers[i].P。保存/另存/切效果自动草稿及配方 JSON 保存完整快照。一次拖动/输入提交/选择为一步，全资产60步；输入框内快捷键留给文本撤销。切层/发射器不清历史，打开另一效果/版本重置。行/模块/发射器恢复到打开时与恢复模板默认不同。","tool/src/js/10_types.js:660","","tool/src/js/79_workbench.js:159; tool/src/js/79_undo.js:10","","4.6.0（5.0 第 1 步）自定义发射器：资产栏下面发射器标签行「＋ 加发射器」打开。"
"SCHEMA-210","460-46-x1R","","x1R","P.x1R","P","当前效果 / 当前层 / 自定义 1","number","起始半径","从星的位置往外多少米的球面上出生（0 = 就在星上）。","命名表说明（可能滞后）；当前条件/换算来自源码，冲突见覆盖报告","物理量","m","m","[0,30,0.1]","","0","P => isAir(P) && +P.x1On > 0","无字段级条件","[]","","[""x1On""]","本字段不在LINK_KEYS轨迹同步列表；其他条件/默认联动另见本行","不走TIMING_KEYS通用时间联动","onParam：实时模拟更新，灰度烘焙按自动/手动模式处理","","","[]","","本字段无曲线控件","","参数 / 当前层 / 自定义 1 / 形状 / 起始半径 [x1R]","参数 / 当前层 / 自定义 1 / 形状 / 起始半径 [x1R]","参数 / 当前层 / 自定义 1 / 形状 / 起始半径 [x1R]","参数 / 当前层 / 自定义 1 / 空间与运动 / 起始半径 [x1R]","当前层 P；单层 wbSnap().P，多层 wbSnap().layers[i].P。保存/另存/切效果自动草稿及配方 JSON 保存完整快照。一次拖动/输入提交/选择为一步，全资产60步；输入框内快捷键留给文本撤销。切层/发射器不清历史，打开另一效果/版本重置。行/模块/发射器恢复到打开时与恢复模板默认不同。","tool/src/js/10_types.js:661","","tool/src/js/79_workbench.js:159; tool/src/js/79_undo.js:10","","4.6.0（5.0 第 1 步）自定义发射器：资产栏下面发射器标签行「＋ 加发射器」打开。"
"SCHEMA-211","460-47-x1V","","x1V","P.x1V","P","当前效果 / 当前层 / 自定义 1","number","初速","往四周随机方向飞出的速度。","命名表说明（可能滞后）；当前条件/换算来自源码，冲突见覆盖报告","物理量","m/s","m/s","[0,200,0.5]","","8","P => isAir(P) && +P.x1On > 0","无字段级条件","[]","","[""x1On""]","本字段不在LINK_KEYS轨迹同步列表；其他条件/默认联动另见本行","不走TIMING_KEYS通用时间联动","onParam：实时模拟更新，灰度烘焙按自动/手动模式处理","","","[]","","本字段无曲线控件","","参数 / 当前层 / 自定义 1 / 初速 / 初速 [x1V]","参数 / 当前层 / 自定义 1 / 初速 / 初速 [x1V]","参数 / 当前层 / 自定义 1 / 初速 / 初速 [x1V]","参数 / 当前层 / 自定义 1 / 空间与运动 / 初速 [x1V]","当前层 P；单层 wbSnap().P，多层 wbSnap().layers[i].P。保存/另存/切效果自动草稿及配方 JSON 保存完整快照。一次拖动/输入提交/选择为一步，全资产60步；输入框内快捷键留给文本撤销。切层/发射器不清历史，打开另一效果/版本重置。行/模块/发射器恢复到打开时与恢复模板默认不同。","tool/src/js/10_types.js:662","","tool/src/js/79_workbench.js:159; tool/src/js/79_undo.js:10","","4.6.0（5.0 第 1 步）自定义发射器：资产栏下面发射器标签行「＋ 加发射器」打开。"
"SCHEMA-212","460-48-x1VJit","","x1VJit","P.x1VJit","P","当前效果 / 当前层 / 自定义 1","number","初速随机","初速的正态随机（标准差，百分比）。","命名表说明（可能滞后）；当前条件/换算来自源码，冲突见覆盖报告","物理量","%","%","[0,100,1]","","30","P => isAir(P) && +P.x1On > 0","无字段级条件","[]","","[""x1On""]","本字段不在LINK_KEYS轨迹同步列表；其他条件/默认联动另见本行","不走TIMING_KEYS通用时间联动","onParam：实时模拟更新，灰度烘焙按自动/手动模式处理","","x1V","[]","","本字段无曲线控件","","参数 / 当前层 / 自定义 1 / 初速 / 初速随机 [x1VJit]","参数 / 当前层 / 自定义 1 / 初速 / 初速 / 随机 / 初速随机 [x1VJit]","参数 / 当前层 / 自定义 1 / 初速 / 初速 / 随机 / 初速随机 [x1VJit]","参数 / 当前层 / 自定义 1 / 空间与运动 / 初速 / 随机 / 初速随机 [x1VJit]","当前层 P；单层 wbSnap().P，多层 wbSnap().layers[i].P。保存/另存/切效果自动草稿及配方 JSON 保存完整快照。一次拖动/输入提交/选择为一步，全资产60步；输入框内快捷键留给文本撤销。切层/发射器不清历史，打开另一效果/版本重置。行/模块/发射器恢复到打开时与恢复模板默认不同。","tool/src/js/10_types.js:663","","tool/src/js/79_workbench.js:159; tool/src/js/79_undo.js:10","","4.6.0（5.0 第 1 步）自定义发射器：资产栏下面发射器标签行「＋ 加发射器」打开。"
"SCHEMA-213","460-49-x1Inh","","x1Inh","P.x1Inh","P","当前效果 / 当前层 / 自定义 1","number","继承速度","出生时带走星速度的多少（0 = 原地，1 = 跟着星飞）。","命名表说明（可能滞后）；当前条件/换算来自源码，冲突见覆盖报告","物理量","1","1","[0,1,0.01]","","0.3","P => isAir(P) && +P.x1On > 0","无字段级条件","[]","","[""x1On""]","本字段不在LINK_KEYS轨迹同步列表；其他条件/默认联动另见本行","不走TIMING_KEYS通用时间联动","onParam：实时模拟更新，灰度烘焙按自动/手动模式处理","","","[]","","本字段无曲线控件","","参数 / 当前层 / 自定义 1 / 初速 / 继承速度 [x1Inh]","参数 / 当前层 / 自定义 1 / 初速 / 继承速度 [x1Inh]","参数 / 当前层 / 自定义 1 / 初速 / 继承速度 [x1Inh]","参数 / 当前层 / 自定义 1 / 空间与运动 / 继承速度 [x1Inh]","当前层 P；单层 wbSnap().P，多层 wbSnap().layers[i].P。保存/另存/切效果自动草稿及配方 JSON 保存完整快照。一次拖动/输入提交/选择为一步，全资产60步；输入框内快捷键留给文本撤销。切层/发射器不清历史，打开另一效果/版本重置。行/模块/发射器恢复到打开时与恢复模板默认不同。","tool/src/js/10_types.js:664","","tool/src/js/79_workbench.js:159; tool/src/js/79_undo.js:10","","4.6.0（5.0 第 1 步）自定义发射器：资产栏下面发射器标签行「＋ 加发射器」打开。"
"SCHEMA-214","460-50-x1Grav","","x1Grav","P.x1Grav","P","当前效果 / 当前层 / 自定义 1","number","重力","× 9.8 m/s²（负数 = 往上飘）。","命名表说明（可能滞后）；当前条件/换算来自源码，冲突见覆盖报告","物理量","×","×","[-1,3,0.05]","","1","P => isAir(P) && +P.x1On > 0","无字段级条件","[]","","[""x1On""]","本字段不在LINK_KEYS轨迹同步列表；其他条件/默认联动另见本行","不走TIMING_KEYS通用时间联动","onParam：实时模拟更新，灰度烘焙按自动/手动模式处理","","","[]","","本字段无曲线控件","","参数 / 当前层 / 自定义 1 / 受力 / 重力 [x1Grav]","参数 / 当前层 / 自定义 1 / 受力 / 重力 [x1Grav]","参数 / 当前层 / 自定义 1 / 受力 / 重力 [x1Grav]","参数 / 当前层 / 自定义 1 / 空间与运动 / 重力 [x1Grav]","当前层 P；单层 wbSnap().P，多层 wbSnap().layers[i].P。保存/另存/切效果自动草稿及配方 JSON 保存完整快照。一次拖动/输入提交/选择为一步，全资产60步；输入框内快捷键留给文本撤销。切层/发射器不清历史，打开另一效果/版本重置。行/模块/发射器恢复到打开时与恢复模板默认不同。","tool/src/js/10_types.js:665","","tool/src/js/79_workbench.js:159; tool/src/js/79_undo.js:10","","4.6.0（5.0 第 1 步）自定义发射器：资产栏下面发射器标签行「＋ 加发射器」打开。"
"SCHEMA-215","460-51-x1Drag","","x1Drag","P.x1Drag","P","当前效果 / 当前层 / 自定义 1","number","阻力","线性阻力（和 Cascade Drag 一样）：越大越快停下。","命名表说明（可能滞后）；当前条件/换算来自源码，冲突见覆盖报告","物理量","1/s","1/s","[0,20,0.05]","","1.5","P => isAir(P) && +P.x1On > 0","无字段级条件","[]","","[""x1On""]","本字段不在LINK_KEYS轨迹同步列表；其他条件/默认联动另见本行","不走TIMING_KEYS通用时间联动","onParam：实时模拟更新，灰度烘焙按自动/手动模式处理","","","[]","","本字段无曲线控件","","参数 / 当前层 / 自定义 1 / 受力 / 阻力 [x1Drag]","参数 / 当前层 / 自定义 1 / 受力 / 阻力 [x1Drag]","参数 / 当前层 / 自定义 1 / 受力 / 阻力 [x1Drag]","参数 / 当前层 / 自定义 1 / 空间与运动 / 阻力 [x1Drag]","当前层 P；单层 wbSnap().P，多层 wbSnap().layers[i].P。保存/另存/切效果自动草稿及配方 JSON 保存完整快照。一次拖动/输入提交/选择为一步，全资产60步；输入框内快捷键留给文本撤销。切层/发射器不清历史，打开另一效果/版本重置。行/模块/发射器恢复到打开时与恢复模板默认不同。","tool/src/js/10_types.js:666","","tool/src/js/79_workbench.js:159; tool/src/js/79_undo.js:10","","4.6.0（5.0 第 1 步）自定义发射器：资产栏下面发射器标签行「＋ 加发射器」打开。"
"SCHEMA-216","460-52-x1Life","","x1Life","P.x1Life","P","当前效果 / 当前层 / 自定义 1","number","寿命","每个粒子亮多久（生成的是星时 = 燃烧时间）。","命名表说明（可能滞后）；当前条件/换算来自源码，冲突见覆盖报告","物理量","s","s","[0.01,10,0.01]","","0.5","P => isAir(P) && +P.x1On > 0","无字段级条件","[]","","[""x1On""]","本字段不在LINK_KEYS轨迹同步列表；其他条件/默认联动另见本行","不走TIMING_KEYS通用时间联动","onParam：实时模拟更新，灰度烘焙按自动/手动模式处理","","","[]","","本字段无曲线控件","","参数 / 当前层 / 自定义 1 / 寿命 / 寿命 [x1Life]","参数 / 当前层 / 自定义 1 / 寿命 / 寿命 [x1Life]","参数 / 当前层 / 自定义 1 / 寿命 / 寿命 [x1Life]","参数 / 当前层 / 自定义 1 / 时序与数量 / 寿命 [x1Life]","当前层 P；单层 wbSnap().P，多层 wbSnap().layers[i].P。保存/另存/切效果自动草稿及配方 JSON 保存完整快照。一次拖动/输入提交/选择为一步，全资产60步；输入框内快捷键留给文本撤销。切层/发射器不清历史，打开另一效果/版本重置。行/模块/发射器恢复到打开时与恢复模板默认不同。","tool/src/js/10_types.js:667","","tool/src/js/79_workbench.js:159; tool/src/js/79_undo.js:10","","4.6.0（5.0 第 1 步）自定义发射器：资产栏下面发射器标签行「＋ 加发射器」打开。"
"SCHEMA-217","460-53-x1LifeJit","","x1LifeJit","P.x1LifeJit","P","当前效果 / 当前层 / 自定义 1","number","寿命随机","寿命的正态随机（标准差，百分比）。","命名表说明（可能滞后）；当前条件/换算来自源码，冲突见覆盖报告","物理量","%","%","[0,100,1]","","20","P => isAir(P) && +P.x1On > 0","无字段级条件","[]","","[""x1On""]","本字段不在LINK_KEYS轨迹同步列表；其他条件/默认联动另见本行","不走TIMING_KEYS通用时间联动","onParam：实时模拟更新，灰度烘焙按自动/手动模式处理","","x1Life","[]","","本字段无曲线控件","","参数 / 当前层 / 自定义 1 / 寿命 / 寿命随机 [x1LifeJit]","参数 / 当前层 / 自定义 1 / 寿命 / 寿命 / 随机 / 寿命随机 [x1LifeJit]","参数 / 当前层 / 自定义 1 / 寿命 / 寿命 / 随机 / 寿命随机 [x1LifeJit]","参数 / 当前层 / 自定义 1 / 时序与数量 / 寿命 / 随机 / 寿命随机 [x1LifeJit]","当前层 P；单层 wbSnap().P，多层 wbSnap().layers[i].P。保存/另存/切效果自动草稿及配方 JSON 保存完整快照。一次拖动/输入提交/选择为一步，全资产60步；输入框内快捷键留给文本撤销。切层/发射器不清历史，打开另一效果/版本重置。行/模块/发射器恢复到打开时与恢复模板默认不同。","tool/src/js/10_types.js:668","","tool/src/js/79_workbench.js:159; tool/src/js/79_undo.js:10","","4.6.0（5.0 第 1 步）自定义发射器：资产栏下面发射器标签行「＋ 加发射器」打开。"
"SCHEMA-218","460-54-x1Size","","x1Size","P.x1Size","P","当前效果 / 当前层 / 自定义 1","number","大小","亮核直径（米，和星头大小同一口径）。","命名表说明（可能滞后）；当前条件/换算来自源码，冲突见覆盖报告","物理量","m","m","[0.01,10,0.01]","","0.6","P => isAir(P) && +P.x1On > 0","无字段级条件","[]","","[""x1On""]","本字段不在LINK_KEYS轨迹同步列表；其他条件/默认联动另见本行","不走TIMING_KEYS通用时间联动","onParam：实时模拟更新，灰度烘焙按自动/手动模式处理","","","[]","","本字段无曲线控件","","参数 / 当前层 / 自定义 1 / 大小 / 大小 [x1Size]","参数 / 当前层 / 自定义 1 / 大小 / 大小 [x1Size]","参数 / 当前层 / 自定义 1 / 大小 / 大小 [x1Size]","参数 / 当前层 / 自定义 1 / 外观与颜色 / 大小 [x1Size]","当前层 P；单层 wbSnap().P，多层 wbSnap().layers[i].P。保存/另存/切效果自动草稿及配方 JSON 保存完整快照。一次拖动/输入提交/选择为一步，全资产60步；输入框内快捷键留给文本撤销。切层/发射器不清历史，打开另一效果/版本重置。行/模块/发射器恢复到打开时与恢复模板默认不同。","tool/src/js/10_types.js:669","","tool/src/js/79_workbench.js:159; tool/src/js/79_undo.js:10","","4.6.0（5.0 第 1 步）自定义发射器：资产栏下面发射器标签行「＋ 加发射器」打开。"
"SCHEMA-219","460-55-x1SizeJit","","x1SizeJit","P.x1SizeJit","P","当前效果 / 当前层 / 自定义 1","number","大小随机","大小的正态随机（标准差，百分比）。","命名表说明（可能滞后）；当前条件/换算来自源码，冲突见覆盖报告","物理量","%","%","[0,100,1]","","20","P => isAir(P) && +P.x1On > 0","无字段级条件","[]","","[""x1On""]","本字段不在LINK_KEYS轨迹同步列表；其他条件/默认联动另见本行","不走TIMING_KEYS通用时间联动","onParam：实时模拟更新，灰度烘焙按自动/手动模式处理","","x1Size","[]","","本字段无曲线控件","","参数 / 当前层 / 自定义 1 / 大小 / 大小随机 [x1SizeJit]","参数 / 当前层 / 自定义 1 / 大小 / 大小 / 随机 / 大小随机 [x1SizeJit]","参数 / 当前层 / 自定义 1 / 大小 / 大小 / 随机 / 大小随机 [x1SizeJit]","参数 / 当前层 / 自定义 1 / 外观与颜色 / 大小 / 随机 / 大小随机 [x1SizeJit]","当前层 P；单层 wbSnap().P，多层 wbSnap().layers[i].P。保存/另存/切效果自动草稿及配方 JSON 保存完整快照。一次拖动/输入提交/选择为一步，全资产60步；输入框内快捷键留给文本撤销。切层/发射器不清历史，打开另一效果/版本重置。行/模块/发射器恢复到打开时与恢复模板默认不同。","tool/src/js/10_types.js:670","","tool/src/js/79_workbench.js:159; tool/src/js/79_undo.js:10","","4.6.0（5.0 第 1 步）自定义发射器：资产栏下面发射器标签行「＋ 加发射器」打开。"
"SCHEMA-220","460-56-x1SizeCurve","","x1SizeCurve","P.x1SizeCurve","P","当前效果 / 当前层 / 自定义 1","curve","随寿命","几行「时刻:倍数」，时刻是寿命的比例 0–1，例「0:1, 1:0.3」= 越烧越小；空 = 不变。","命名表说明（可能滞后）；当前条件/换算来自源码，冲突见覆盖报告","物理量","×（随寿命）","×（随寿命）","","","","P => isAir(P) && +P.x1On > 0","无字段级条件","[]","","[""x1On""]","本字段不在LINK_KEYS轨迹同步列表；其他条件/默认联动另见本行","不走TIMING_KEYS通用时间联动","onParam：实时模拟更新，灰度烘焙按自动/手动模式处理","","","[]","","0–1单粒寿命，文本提交 + 只读折线/表；空=×1；不支持拖点","","参数 / 当前层 / 自定义 1 / 大小 / 随寿命 [x1SizeCurve]","参数 / 当前层 / 自定义 1 / 大小 / 随寿命 [x1SizeCurve]","参数 / 当前层 / 自定义 1 / 大小 / 随寿命 [x1SizeCurve]","参数 / 当前层 / 自定义 1 / 外观与颜色 / 随寿命 [x1SizeCurve]","当前层 P；单层 wbSnap().P，多层 wbSnap().layers[i].P。保存/另存/切效果自动草稿及配方 JSON 保存完整快照。一次拖动/输入提交/选择为一步，全资产60步；输入框内快捷键留给文本撤销。切层/发射器不清历史，打开另一效果/版本重置。行/模块/发射器恢复到打开时与恢复模板默认不同。 注意：rowChanged仅处理数值/select/text，现曲线不计行/模块“改过”、无独立行尾还原按钮；全资产撤销可恢复曲线文本。不伪称这些行级状态已实现。","tool/src/js/10_types.js:671","","tool/src/js/79_workbench.js:159; tool/src/js/79_undo.js:10","","4.6.0（5.0 第 1 步）自定义发射器：资产栏下面发射器标签行「＋ 加发射器」打开。"
"SCHEMA-221","460-57-x1Bright","","x1Bright","P.x1Bright","P","当前效果 / 当前层 / 自定义 1","number","亮度","亮度（和星头亮度同一口径）。","命名表说明（可能滞后）；当前条件/换算来自源码，冲突见覆盖报告","物理量","×","×","[0,10,0.05]","","1","P => isAir(P) && +P.x1On > 0","无字段级条件","[]","","[""x1On""]","本字段不在LINK_KEYS轨迹同步列表；其他条件/默认联动另见本行","不走TIMING_KEYS通用时间联动","onParam：实时模拟更新，灰度烘焙按自动/手动模式处理","","","[]","","本字段无曲线控件","","参数 / 当前层 / 自定义 1 / 亮度 / 亮度 [x1Bright]","参数 / 当前层 / 自定义 1 / 亮度 / 亮度 [x1Bright]","参数 / 当前层 / 自定义 1 / 亮度 / 亮度 [x1Bright]","参数 / 当前层 / 自定义 1 / 外观与颜色 / 亮度 [x1Bright]","当前层 P；单层 wbSnap().P，多层 wbSnap().layers[i].P。保存/另存/切效果自动草稿及配方 JSON 保存完整快照。一次拖动/输入提交/选择为一步，全资产60步；输入框内快捷键留给文本撤销。切层/发射器不清历史，打开另一效果/版本重置。行/模块/发射器恢复到打开时与恢复模板默认不同。","tool/src/js/10_types.js:672","","tool/src/js/79_workbench.js:159; tool/src/js/79_undo.js:10","","4.6.0（5.0 第 1 步）自定义发射器：资产栏下面发射器标签行「＋ 加发射器」打开。"
"SCHEMA-222","460-58-x1BrightJit","","x1BrightJit","P.x1BrightJit","P","当前效果 / 当前层 / 自定义 1","number","亮度随机","亮度的正态随机（标准差，百分比）。","命名表说明（可能滞后）；当前条件/换算来自源码，冲突见覆盖报告","物理量","%","%","[0,100,1]","","20","P => isAir(P) && +P.x1On > 0","无字段级条件","[]","","[""x1On""]","本字段不在LINK_KEYS轨迹同步列表；其他条件/默认联动另见本行","不走TIMING_KEYS通用时间联动","onParam：实时模拟更新，灰度烘焙按自动/手动模式处理","","x1Bright","[]","","本字段无曲线控件","","参数 / 当前层 / 自定义 1 / 亮度 / 亮度随机 [x1BrightJit]","参数 / 当前层 / 自定义 1 / 亮度 / 亮度 / 随机 / 亮度随机 [x1BrightJit]","参数 / 当前层 / 自定义 1 / 亮度 / 亮度 / 随机 / 亮度随机 [x1BrightJit]","参数 / 当前层 / 自定义 1 / 外观与颜色 / 亮度 / 随机 / 亮度随机 [x1BrightJit]","当前层 P；单层 wbSnap().P，多层 wbSnap().layers[i].P。保存/另存/切效果自动草稿及配方 JSON 保存完整快照。一次拖动/输入提交/选择为一步，全资产60步；输入框内快捷键留给文本撤销。切层/发射器不清历史，打开另一效果/版本重置。行/模块/发射器恢复到打开时与恢复模板默认不同。","tool/src/js/10_types.js:673","","tool/src/js/79_workbench.js:159; tool/src/js/79_undo.js:10","","4.6.0（5.0 第 1 步）自定义发射器：资产栏下面发射器标签行「＋ 加发射器」打开。"
"SCHEMA-223","460-59-x1BrightCurve","","x1BrightCurve","P.x1BrightCurve","P","当前效果 / 当前层 / 自定义 1","curve","随寿命","几行「时刻:倍数」，时刻是寿命的比例 0–1；默认「0:1, 0.7:1, 1:0」= 最后三成寿命淡出。","命名表说明（可能滞后）；当前条件/换算来自源码，冲突见覆盖报告","物理量","×（随寿命）","×（随寿命）","","","0:1, 0.7:1, 1:0","P => isAir(P) && +P.x1On > 0","无字段级条件","[]","","[""x1On""]","本字段不在LINK_KEYS轨迹同步列表；其他条件/默认联动另见本行","不走TIMING_KEYS通用时间联动","onParam：实时模拟更新，灰度烘焙按自动/手动模式处理","","","[]","","0–1单粒寿命，文本提交 + 只读折线/表；空=×1；不支持拖点","","参数 / 当前层 / 自定义 1 / 亮度 / 随寿命 [x1BrightCurve]","参数 / 当前层 / 自定义 1 / 亮度 / 随寿命 [x1BrightCurve]","参数 / 当前层 / 自定义 1 / 亮度 / 随寿命 [x1BrightCurve]","参数 / 当前层 / 自定义 1 / 外观与颜色 / 随寿命 [x1BrightCurve]","当前层 P；单层 wbSnap().P，多层 wbSnap().layers[i].P。保存/另存/切效果自动草稿及配方 JSON 保存完整快照。一次拖动/输入提交/选择为一步，全资产60步；输入框内快捷键留给文本撤销。切层/发射器不清历史，打开另一效果/版本重置。行/模块/发射器恢复到打开时与恢复模板默认不同。 注意：rowChanged仅处理数值/select/text，现曲线不计行/模块“改过”、无独立行尾还原按钮；全资产撤销可恢复曲线文本。不伪称这些行级状态已实现。","tool/src/js/10_types.js:674","","tool/src/js/79_workbench.js:159; tool/src/js/79_undo.js:10","","4.6.0（5.0 第 1 步）自定义发射器：资产栏下面发射器标签行「＋ 加发射器」打开。"
"SCHEMA-224","460-60-x1Flick","","x1Flick","P.x1Flick","P","当前效果 / 当前层 / 自定义 1","number","幅度","亮度按正弦起伏的幅度（0 = 不闪，1 = 亮灭）。","命名表说明（可能滞后）；当前条件/换算来自源码，冲突见覆盖报告","物理量","1","1","[0,1,0.01]","","0","P => isAir(P) && +P.x1On > 0","无字段级条件","[]","","[""x1On""]","本字段不在LINK_KEYS轨迹同步列表；其他条件/默认联动另见本行","不走TIMING_KEYS通用时间联动","onParam：实时模拟更新，灰度烘焙按自动/手动模式处理","","","[]","","本字段无曲线控件","","参数 / 当前层 / 自定义 1 / 闪烁 / 幅度 [x1Flick]","参数 / 当前层 / 自定义 1 / 闪烁 / 幅度 [x1Flick]","参数 / 当前层 / 自定义 1 / 闪烁 / 幅度 [x1Flick]","参数 / 当前层 / 自定义 1 / 事件与特性 / 幅度 [x1Flick]","当前层 P；单层 wbSnap().P，多层 wbSnap().layers[i].P。保存/另存/切效果自动草稿及配方 JSON 保存完整快照。一次拖动/输入提交/选择为一步，全资产60步；输入框内快捷键留给文本撤销。切层/发射器不清历史，打开另一效果/版本重置。行/模块/发射器恢复到打开时与恢复模板默认不同。","tool/src/js/10_types.js:675","","tool/src/js/79_workbench.js:159; tool/src/js/79_undo.js:10","","4.6.0（5.0 第 1 步）自定义发射器：资产栏下面发射器标签行「＋ 加发射器」打开。"
"SCHEMA-225","460-61-x1FlickHz","","x1FlickHz","P.x1FlickHz","P","当前效果 / 当前层 / 自定义 1","number","频率","每秒闪几次（每个粒子相位随机）。","命名表说明（可能滞后）；当前条件/换算来自源码，冲突见覆盖报告","物理量","Hz","Hz","[0,40,0.5]","","8","P => isAir(P) && +P.x1On > 0","P => +P.x1Flick > 0","[]","","[""x1On"",""x1Flick""]","本字段不在LINK_KEYS轨迹同步列表；其他条件/默认联动另见本行","不走TIMING_KEYS通用时间联动","onParam：实时模拟更新，灰度烘焙按自动/手动模式处理","","","[]","","本字段无曲线控件","","参数 / 当前层 / 自定义 1 / 闪烁 / 频率 [x1FlickHz]","参数 / 当前层 / 自定义 1 / 闪烁 / 频率 [x1FlickHz]","参数 / 当前层 / 自定义 1 / 闪烁 / 频率 [x1FlickHz]","参数 / 当前层 / 自定义 1 / 事件与特性 / 频率 [x1FlickHz]","当前层 P；单层 wbSnap().P，多层 wbSnap().layers[i].P。保存/另存/切效果自动草稿及配方 JSON 保存完整快照。一次拖动/输入提交/选择为一步，全资产60步；输入框内快捷键留给文本撤销。切层/发射器不清历史，打开另一效果/版本重置。行/模块/发射器恢复到打开时与恢复模板默认不同。","tool/src/js/10_types.js:676","","tool/src/js/79_workbench.js:159; tool/src/js/79_undo.js:10","","4.6.0（5.0 第 1 步）自定义发射器：资产栏下面发射器标签行「＋ 加发射器」打开。"
"SCHEMA-226","460-ex1-info:exColor1","","info:exColor1","derived:info:exColor1","READ","当前效果 / 当前层 / 自定义 1","info","颜色","跟这一层的颜色（灰度贴图 + 渐变图 + 颜色曲线）；要不同颜色就放进另一层。","命名表说明（可能滞后）；当前条件/换算来自源码，冲突见覆盖报告","只读","选项","选项","","","","P => isAir(P) && +P.x1On > 0","无字段级条件","[]","","[""x1On""]","本字段不在LINK_KEYS轨迹同步列表；其他条件/默认联动另见本行","不走TIMING_KEYS通用时间联动","信息/规格容器；其中原有快捷动作见infoActions","无直接编辑动作","","[]","","本字段无曲线控件","","参数 / 当前层 / 自定义 1 / 颜色 / 颜色 [info:exColor1]","参数 / 当前层 / 自定义 1 / 颜色 / 颜色 [info:exColor1]","参数 / 当前层 / 自定义 1 / 颜色 / 颜色 [info:exColor1]","参数 / 当前层 / 自定义 1 / 外观与颜色 / 颜色 [info:exColor1]","只读结果/容器，无直接保存或撤销；受上游配方与成功烘焙影响。","tool/src/js/10_types.js:677","","tool/src/js/79_workbench.js:159; tool/src/js/79_undo.js:10","70_ui.js exColorHTML","4.6.0（5.0 第 1 步）。只读说明行，带「去掉这个发射器」按钮。"
"SCHEMA-227","460-62-x2Event","","x2Event","P.x2Event","P","当前效果 / 当前层 / 自定义 2","select","什么时候","挂在星的哪个时刻：星熄灭时（像爆裂、落火）/ 开花时（每颗星出生）/ 开花后某个时刻 / 星燃烧时沿路（像火花）。","命名表说明（可能滞后）；当前条件/换算来自源码，冲突见覆盖报告","引擎字段","选项","选项","","[[""death"",""星熄灭时""],[""birth"",""开花时（星出生）""],[""time"",""开花后某个时刻""],[""trail"",""星燃烧时沿路""]]","death","P => isAir(P) && +P.x2On > 0","无字段级条件","[]","","[""x2On""]","本字段不在LINK_KEYS轨迹同步列表；其他条件/默认联动另见本行","不走TIMING_KEYS通用时间联动","onParam：实时模拟更新，灰度烘焙按自动/手动模式处理","","","[]","","本字段无曲线控件","","参数 / 当前层 / 自定义 2 / 生成 / 什么时候 [x2Event]","参数 / 当前层 / 自定义 2 / 生成 / 什么时候 [x2Event]","参数 / 当前层 / 自定义 2 / 生成 / 什么时候 [x2Event]","参数 / 当前层 / 自定义 2 / 时序与数量 / 什么时候 [x2Event]","当前层 P；单层 wbSnap().P，多层 wbSnap().layers[i].P。保存/另存/切效果自动草稿及配方 JSON 保存完整快照。一次拖动/输入提交/选择为一步，全资产60步；输入框内快捷键留给文本撤销。切层/发射器不清历史，打开另一效果/版本重置。行/模块/发射器恢复到打开时与恢复模板默认不同。","tool/src/js/10_types.js:680","","tool/src/js/79_workbench.js:159; tool/src/js/79_undo.js:10","","4.6.0（5.0 第 1 步）自定义发射器：资产栏下面发射器标签行「＋ 加发射器」打开。"
"SCHEMA-228","460-63-x2T","","x2T","P.x2T","P","当前效果 / 当前层 / 自定义 2","number","时刻","选「开花后某个时刻」时，第几秒在每颗还亮着的星上生成。","命名表说明（可能滞后）；当前条件/换算来自源码，冲突见覆盖报告","物理量","s","s","[0,10,0.05]","","1","P => isAir(P) && +P.x2On > 0","P => P.x2Event === 'time'","[]","","[""x2On"",""x2Event""]","本字段不在LINK_KEYS轨迹同步列表；其他条件/默认联动另见本行","不走TIMING_KEYS通用时间联动","onParam：实时模拟更新，灰度烘焙按自动/手动模式处理","","","[]","","本字段无曲线控件","","参数 / 当前层 / 自定义 2 / 生成 / 时刻 [x2T]","参数 / 当前层 / 自定义 2 / 生成 / 时刻 [x2T]","参数 / 当前层 / 自定义 2 / 生成 / 时刻 [x2T]","参数 / 当前层 / 自定义 2 / 时序与数量 / 时刻 [x2T]","当前层 P；单层 wbSnap().P，多层 wbSnap().layers[i].P。保存/另存/切效果自动草稿及配方 JSON 保存完整快照。一次拖动/输入提交/选择为一步，全资产60步；输入框内快捷键留给文本撤销。切层/发射器不清历史，打开另一效果/版本重置。行/模块/发射器恢复到打开时与恢复模板默认不同。","tool/src/js/10_types.js:681","","tool/src/js/79_workbench.js:159; tool/src/js/79_undo.js:10","","4.6.0（5.0 第 1 步）自定义发射器：资产栏下面发射器标签行「＋ 加发射器」打开。"
"SCHEMA-229","460-64-x2Kind","","x2Kind","P.x2Kind","P","当前效果 / 当前层 / 自定义 2","select","生成什么","光点：一个亮点，按下面的大小、亮度、寿命曲线画（小闪、碎光、落火）。星：一颗会烧的星，带火花（用「火花」那一页的火花参数），像子花。","命名表说明（可能滞后）；当前条件/换算来自源码，冲突见覆盖报告","引擎字段","选项","选项","","[[""dot"",""光点（小闪、碎光、落火）""],[""star"",""星（会烧、带火花，像子花）""]]","dot","P => isAir(P) && +P.x2On > 0","无字段级条件","[]","","[""x2On""]","本字段不在LINK_KEYS轨迹同步列表；其他条件/默认联动另见本行","不走TIMING_KEYS通用时间联动","onParam：实时模拟更新，灰度烘焙按自动/手动模式处理","","","[]","","本字段无曲线控件","","参数 / 当前层 / 自定义 2 / 生成 / 生成什么 [x2Kind]","参数 / 当前层 / 自定义 2 / 生成 / 生成什么 [x2Kind]","参数 / 当前层 / 自定义 2 / 生成 / 生成什么 [x2Kind]","参数 / 当前层 / 自定义 2 / 时序与数量 / 生成什么 [x2Kind]","当前层 P；单层 wbSnap().P，多层 wbSnap().layers[i].P。保存/另存/切效果自动草稿及配方 JSON 保存完整快照。一次拖动/输入提交/选择为一步，全资产60步；输入框内快捷键留给文本撤销。切层/发射器不清历史，打开另一效果/版本重置。行/模块/发射器恢复到打开时与恢复模板默认不同。","tool/src/js/10_types.js:682","","tool/src/js/79_workbench.js:159; tool/src/js/79_undo.js:10","","4.6.0（5.0 第 1 步）自定义发射器：资产栏下面发射器标签行「＋ 加发射器」打开。"
"SCHEMA-230","460-65-x2N","","x2N","P.x2N","P","当前效果 / 当前层 / 自定义 2","number","数量","每颗星在那个时刻生成几个。","命名表说明（可能滞后）；当前条件/换算来自源码，冲突见覆盖报告","物理量","个","个","[0,200,1]","","8","P => isAir(P) && +P.x2On > 0","P => P.x2Event !== 'trail'","[]","","[""x2On"",""x2Event""]","本字段不在LINK_KEYS轨迹同步列表；其他条件/默认联动另见本行","不走TIMING_KEYS通用时间联动","onParam：实时模拟更新，灰度烘焙按自动/手动模式处理","","","[]","","本字段无曲线控件","","参数 / 当前层 / 自定义 2 / 生成 / 数量 [x2N]","参数 / 当前层 / 自定义 2 / 生成 / 数量 [x2N]","参数 / 当前层 / 自定义 2 / 生成 / 数量 [x2N]","参数 / 当前层 / 自定义 2 / 时序与数量 / 数量 [x2N]","当前层 P；单层 wbSnap().P，多层 wbSnap().layers[i].P。保存/另存/切效果自动草稿及配方 JSON 保存完整快照。一次拖动/输入提交/选择为一步，全资产60步；输入框内快捷键留给文本撤销。切层/发射器不清历史，打开另一效果/版本重置。行/模块/发射器恢复到打开时与恢复模板默认不同。","tool/src/js/10_types.js:683","","tool/src/js/79_workbench.js:159; tool/src/js/79_undo.js:10","","4.6.0（5.0 第 1 步）自定义发射器：资产栏下面发射器标签行「＋ 加发射器」打开。"
"SCHEMA-231","460-66-x2Rate","","x2Rate","P.x2Rate","P","当前效果 / 当前层 / 自定义 2","number","每秒","选「星燃烧时沿路」时，每颗星每秒生成几个（泊松随机）。","命名表说明（可能滞后）；当前条件/换算来自源码，冲突见覆盖报告","物理量","个/秒","个/秒","[0,500,1]","","20","P => isAir(P) && +P.x2On > 0","P => P.x2Event === 'trail'","[]","","[""x2On"",""x2Event""]","本字段不在LINK_KEYS轨迹同步列表；其他条件/默认联动另见本行","不走TIMING_KEYS通用时间联动","onParam：实时模拟更新，灰度烘焙按自动/手动模式处理","","","[]","","本字段无曲线控件","","参数 / 当前层 / 自定义 2 / 生成 / 每秒 [x2Rate]","参数 / 当前层 / 自定义 2 / 生成 / 每秒 [x2Rate]","参数 / 当前层 / 自定义 2 / 生成 / 每秒 [x2Rate]","参数 / 当前层 / 自定义 2 / 时序与数量 / 每秒 [x2Rate]","当前层 P；单层 wbSnap().P，多层 wbSnap().layers[i].P。保存/另存/切效果自动草稿及配方 JSON 保存完整快照。一次拖动/输入提交/选择为一步，全资产60步；输入框内快捷键留给文本撤销。切层/发射器不清历史，打开另一效果/版本重置。行/模块/发射器恢复到打开时与恢复模板默认不同。","tool/src/js/10_types.js:684","","tool/src/js/79_workbench.js:159; tool/src/js/79_undo.js:10","","4.6.0（5.0 第 1 步）自定义发射器：资产栏下面发射器标签行「＋ 加发射器」打开。"
"SCHEMA-232","460-67-x2Prob","","x2Prob","P.x2Prob","P","当前效果 / 当前层 / 自定义 2","number","触发比例","每个要生成的粒子以这个概率真的生成（1 = 全部，0.3 = 三成）。","命名表说明（可能滞后）；当前条件/换算来自源码，冲突见覆盖报告","物理量","1","1","[0,1,0.01]","","1","P => isAir(P) && +P.x2On > 0","无字段级条件","[]","","[""x2On""]","本字段不在LINK_KEYS轨迹同步列表；其他条件/默认联动另见本行","不走TIMING_KEYS通用时间联动","onParam：实时模拟更新，灰度烘焙按自动/手动模式处理","","","[]","","本字段无曲线控件","","参数 / 当前层 / 自定义 2 / 生成 / 触发比例 [x2Prob]","参数 / 当前层 / 自定义 2 / 生成 / 触发比例 [x2Prob]","参数 / 当前层 / 自定义 2 / 生成 / 触发比例 [x2Prob]","参数 / 当前层 / 自定义 2 / 时序与数量 / 触发比例 [x2Prob]","当前层 P；单层 wbSnap().P，多层 wbSnap().layers[i].P。保存/另存/切效果自动草稿及配方 JSON 保存完整快照。一次拖动/输入提交/选择为一步，全资产60步；输入框内快捷键留给文本撤销。切层/发射器不清历史，打开另一效果/版本重置。行/模块/发射器恢复到打开时与恢复模板默认不同。","tool/src/js/10_types.js:685","","tool/src/js/79_workbench.js:159; tool/src/js/79_undo.js:10","","4.6.0（5.0 第 1 步）自定义发射器：资产栏下面发射器标签行「＋ 加发射器」打开。"
"SCHEMA-233","460-68-x2Delay","","x2Delay","P.x2Delay","P","当前效果 / 当前层 / 自定义 2","number","延迟","事件发生后过几秒才出现。","命名表说明（可能滞后）；当前条件/换算来自源码，冲突见覆盖报告","物理量","s","s","[0,3,0.01]","","0","P => isAir(P) && +P.x2On > 0","无字段级条件","[]","","[""x2On""]","本字段不在LINK_KEYS轨迹同步列表；其他条件/默认联动另见本行","不走TIMING_KEYS通用时间联动","onParam：实时模拟更新，灰度烘焙按自动/手动模式处理","","","[]","","本字段无曲线控件","","参数 / 当前层 / 自定义 2 / 生成 / 延迟 [x2Delay]","参数 / 当前层 / 自定义 2 / 生成 / 延迟 [x2Delay]","参数 / 当前层 / 自定义 2 / 生成 / 延迟 [x2Delay]","参数 / 当前层 / 自定义 2 / 时序与数量 / 延迟 [x2Delay]","当前层 P；单层 wbSnap().P，多层 wbSnap().layers[i].P。保存/另存/切效果自动草稿及配方 JSON 保存完整快照。一次拖动/输入提交/选择为一步，全资产60步；输入框内快捷键留给文本撤销。切层/发射器不清历史，打开另一效果/版本重置。行/模块/发射器恢复到打开时与恢复模板默认不同。","tool/src/js/10_types.js:686","","tool/src/js/79_workbench.js:159; tool/src/js/79_undo.js:10","","4.6.0（5.0 第 1 步）自定义发射器：资产栏下面发射器标签行「＋ 加发射器」打开。"
"SCHEMA-234","460-69-x2DelayJit","","x2DelayJit","P.x2DelayJit","P","当前效果 / 当前层 / 自定义 2","number","延迟随机","延迟在 1 ± 这个百分比之间均匀随机。","命名表说明（可能滞后）；当前条件/换算来自源码，冲突见覆盖报告","物理量","%","%","[0,100,1]","","0","P => isAir(P) && +P.x2On > 0","无字段级条件","[]","","[""x2On""]","本字段不在LINK_KEYS轨迹同步列表；其他条件/默认联动另见本行","不走TIMING_KEYS通用时间联动","onParam：实时模拟更新，灰度烘焙按自动/手动模式处理","","x2Delay","[]","","本字段无曲线控件","","参数 / 当前层 / 自定义 2 / 生成 / 延迟随机 [x2DelayJit]","参数 / 当前层 / 自定义 2 / 生成 / 延迟 / 随机 / 延迟随机 [x2DelayJit]","参数 / 当前层 / 自定义 2 / 生成 / 延迟 / 随机 / 延迟随机 [x2DelayJit]","参数 / 当前层 / 自定义 2 / 时序与数量 / 延迟 / 随机 / 延迟随机 [x2DelayJit]","当前层 P；单层 wbSnap().P，多层 wbSnap().layers[i].P。保存/另存/切效果自动草稿及配方 JSON 保存完整快照。一次拖动/输入提交/选择为一步，全资产60步；输入框内快捷键留给文本撤销。切层/发射器不清历史，打开另一效果/版本重置。行/模块/发射器恢复到打开时与恢复模板默认不同。","tool/src/js/10_types.js:687","","tool/src/js/79_workbench.js:159; tool/src/js/79_undo.js:10","","4.6.0（5.0 第 1 步）自定义发射器：资产栏下面发射器标签行「＋ 加发射器」打开。"
"SCHEMA-235","460-70-x2Spark","","x2Spark","P.x2Spark","P","当前效果 / 当前层 / 自定义 2","number","火花密度","生成的是「星」时，每颗星每秒喷多少火花（火花的寿命、颜色、阻力用「火花」那一页）。0 = 不带火花。","命名表说明（可能滞后）；当前条件/换算来自源码，冲突见覆盖报告","物理量","个/秒","个/秒","[0,2000,1]","","0","P => isAir(P) && +P.x2On > 0","P => P.x2Kind === 'star'","[]","","[""x2On"",""x2Kind""]","本字段不在LINK_KEYS轨迹同步列表；其他条件/默认联动另见本行","不走TIMING_KEYS通用时间联动","onParam：实时模拟更新，灰度烘焙按自动/手动模式处理","","","[]","","本字段无曲线控件","","参数 / 当前层 / 自定义 2 / 生成 / 火花密度 [x2Spark]","参数 / 当前层 / 自定义 2 / 生成 / 火花密度 [x2Spark]","参数 / 当前层 / 自定义 2 / 生成 / 火花密度 [x2Spark]","参数 / 当前层 / 自定义 2 / 时序与数量 / 火花密度 [x2Spark]","当前层 P；单层 wbSnap().P，多层 wbSnap().layers[i].P。保存/另存/切效果自动草稿及配方 JSON 保存完整快照。一次拖动/输入提交/选择为一步，全资产60步；输入框内快捷键留给文本撤销。切层/发射器不清历史，打开另一效果/版本重置。行/模块/发射器恢复到打开时与恢复模板默认不同。","tool/src/js/10_types.js:688","","tool/src/js/79_workbench.js:159; tool/src/js/79_undo.js:10","","4.6.0（5.0 第 1 步）自定义发射器：资产栏下面发射器标签行「＋ 加发射器」打开。"
"SCHEMA-236","460-71-x2R","","x2R","P.x2R","P","当前效果 / 当前层 / 自定义 2","number","起始半径","从星的位置往外多少米的球面上出生（0 = 就在星上）。","命名表说明（可能滞后）；当前条件/换算来自源码，冲突见覆盖报告","物理量","m","m","[0,30,0.1]","","0","P => isAir(P) && +P.x2On > 0","无字段级条件","[]","","[""x2On""]","本字段不在LINK_KEYS轨迹同步列表；其他条件/默认联动另见本行","不走TIMING_KEYS通用时间联动","onParam：实时模拟更新，灰度烘焙按自动/手动模式处理","","","[]","","本字段无曲线控件","","参数 / 当前层 / 自定义 2 / 形状 / 起始半径 [x2R]","参数 / 当前层 / 自定义 2 / 形状 / 起始半径 [x2R]","参数 / 当前层 / 自定义 2 / 形状 / 起始半径 [x2R]","参数 / 当前层 / 自定义 2 / 空间与运动 / 起始半径 [x2R]","当前层 P；单层 wbSnap().P，多层 wbSnap().layers[i].P。保存/另存/切效果自动草稿及配方 JSON 保存完整快照。一次拖动/输入提交/选择为一步，全资产60步；输入框内快捷键留给文本撤销。切层/发射器不清历史，打开另一效果/版本重置。行/模块/发射器恢复到打开时与恢复模板默认不同。","tool/src/js/10_types.js:689","","tool/src/js/79_workbench.js:159; tool/src/js/79_undo.js:10","","4.6.0（5.0 第 1 步）自定义发射器：资产栏下面发射器标签行「＋ 加发射器」打开。"
"SCHEMA-237","460-72-x2V","","x2V","P.x2V","P","当前效果 / 当前层 / 自定义 2","number","初速","往四周随机方向飞出的速度。","命名表说明（可能滞后）；当前条件/换算来自源码，冲突见覆盖报告","物理量","m/s","m/s","[0,200,0.5]","","8","P => isAir(P) && +P.x2On > 0","无字段级条件","[]","","[""x2On""]","本字段不在LINK_KEYS轨迹同步列表；其他条件/默认联动另见本行","不走TIMING_KEYS通用时间联动","onParam：实时模拟更新，灰度烘焙按自动/手动模式处理","","","[]","","本字段无曲线控件","","参数 / 当前层 / 自定义 2 / 初速 / 初速 [x2V]","参数 / 当前层 / 自定义 2 / 初速 / 初速 [x2V]","参数 / 当前层 / 自定义 2 / 初速 / 初速 [x2V]","参数 / 当前层 / 自定义 2 / 空间与运动 / 初速 [x2V]","当前层 P；单层 wbSnap().P，多层 wbSnap().layers[i].P。保存/另存/切效果自动草稿及配方 JSON 保存完整快照。一次拖动/输入提交/选择为一步，全资产60步；输入框内快捷键留给文本撤销。切层/发射器不清历史，打开另一效果/版本重置。行/模块/发射器恢复到打开时与恢复模板默认不同。","tool/src/js/10_types.js:690","","tool/src/js/79_workbench.js:159; tool/src/js/79_undo.js:10","","4.6.0（5.0 第 1 步）自定义发射器：资产栏下面发射器标签行「＋ 加发射器」打开。"
"SCHEMA-238","460-73-x2VJit","","x2VJit","P.x2VJit","P","当前效果 / 当前层 / 自定义 2","number","初速随机","初速的正态随机（标准差，百分比）。","命名表说明（可能滞后）；当前条件/换算来自源码，冲突见覆盖报告","物理量","%","%","[0,100,1]","","30","P => isAir(P) && +P.x2On > 0","无字段级条件","[]","","[""x2On""]","本字段不在LINK_KEYS轨迹同步列表；其他条件/默认联动另见本行","不走TIMING_KEYS通用时间联动","onParam：实时模拟更新，灰度烘焙按自动/手动模式处理","","x2V","[]","","本字段无曲线控件","","参数 / 当前层 / 自定义 2 / 初速 / 初速随机 [x2VJit]","参数 / 当前层 / 自定义 2 / 初速 / 初速 / 随机 / 初速随机 [x2VJit]","参数 / 当前层 / 自定义 2 / 初速 / 初速 / 随机 / 初速随机 [x2VJit]","参数 / 当前层 / 自定义 2 / 空间与运动 / 初速 / 随机 / 初速随机 [x2VJit]","当前层 P；单层 wbSnap().P，多层 wbSnap().layers[i].P。保存/另存/切效果自动草稿及配方 JSON 保存完整快照。一次拖动/输入提交/选择为一步，全资产60步；输入框内快捷键留给文本撤销。切层/发射器不清历史，打开另一效果/版本重置。行/模块/发射器恢复到打开时与恢复模板默认不同。","tool/src/js/10_types.js:691","","tool/src/js/79_workbench.js:159; tool/src/js/79_undo.js:10","","4.6.0（5.0 第 1 步）自定义发射器：资产栏下面发射器标签行「＋ 加发射器」打开。"
"SCHEMA-239","460-74-x2Inh","","x2Inh","P.x2Inh","P","当前效果 / 当前层 / 自定义 2","number","继承速度","出生时带走星速度的多少（0 = 原地，1 = 跟着星飞）。","命名表说明（可能滞后）；当前条件/换算来自源码，冲突见覆盖报告","物理量","1","1","[0,1,0.01]","","0.3","P => isAir(P) && +P.x2On > 0","无字段级条件","[]","","[""x2On""]","本字段不在LINK_KEYS轨迹同步列表；其他条件/默认联动另见本行","不走TIMING_KEYS通用时间联动","onParam：实时模拟更新，灰度烘焙按自动/手动模式处理","","","[]","","本字段无曲线控件","","参数 / 当前层 / 自定义 2 / 初速 / 继承速度 [x2Inh]","参数 / 当前层 / 自定义 2 / 初速 / 继承速度 [x2Inh]","参数 / 当前层 / 自定义 2 / 初速 / 继承速度 [x2Inh]","参数 / 当前层 / 自定义 2 / 空间与运动 / 继承速度 [x2Inh]","当前层 P；单层 wbSnap().P，多层 wbSnap().layers[i].P。保存/另存/切效果自动草稿及配方 JSON 保存完整快照。一次拖动/输入提交/选择为一步，全资产60步；输入框内快捷键留给文本撤销。切层/发射器不清历史，打开另一效果/版本重置。行/模块/发射器恢复到打开时与恢复模板默认不同。","tool/src/js/10_types.js:692","","tool/src/js/79_workbench.js:159; tool/src/js/79_undo.js:10","","4.6.0（5.0 第 1 步）自定义发射器：资产栏下面发射器标签行「＋ 加发射器」打开。"
"SCHEMA-240","460-75-x2Grav","","x2Grav","P.x2Grav","P","当前效果 / 当前层 / 自定义 2","number","重力","× 9.8 m/s²（负数 = 往上飘）。","命名表说明（可能滞后）；当前条件/换算来自源码，冲突见覆盖报告","物理量","×","×","[-1,3,0.05]","","1","P => isAir(P) && +P.x2On > 0","无字段级条件","[]","","[""x2On""]","本字段不在LINK_KEYS轨迹同步列表；其他条件/默认联动另见本行","不走TIMING_KEYS通用时间联动","onParam：实时模拟更新，灰度烘焙按自动/手动模式处理","","","[]","","本字段无曲线控件","","参数 / 当前层 / 自定义 2 / 受力 / 重力 [x2Grav]","参数 / 当前层 / 自定义 2 / 受力 / 重力 [x2Grav]","参数 / 当前层 / 自定义 2 / 受力 / 重力 [x2Grav]","参数 / 当前层 / 自定义 2 / 空间与运动 / 重力 [x2Grav]","当前层 P；单层 wbSnap().P，多层 wbSnap().layers[i].P。保存/另存/切效果自动草稿及配方 JSON 保存完整快照。一次拖动/输入提交/选择为一步，全资产60步；输入框内快捷键留给文本撤销。切层/发射器不清历史，打开另一效果/版本重置。行/模块/发射器恢复到打开时与恢复模板默认不同。","tool/src/js/10_types.js:693","","tool/src/js/79_workbench.js:159; tool/src/js/79_undo.js:10","","4.6.0（5.0 第 1 步）自定义发射器：资产栏下面发射器标签行「＋ 加发射器」打开。"
"SCHEMA-241","460-76-x2Drag","","x2Drag","P.x2Drag","P","当前效果 / 当前层 / 自定义 2","number","阻力","线性阻力（和 Cascade Drag 一样）：越大越快停下。","命名表说明（可能滞后）；当前条件/换算来自源码，冲突见覆盖报告","物理量","1/s","1/s","[0,20,0.05]","","1.5","P => isAir(P) && +P.x2On > 0","无字段级条件","[]","","[""x2On""]","本字段不在LINK_KEYS轨迹同步列表；其他条件/默认联动另见本行","不走TIMING_KEYS通用时间联动","onParam：实时模拟更新，灰度烘焙按自动/手动模式处理","","","[]","","本字段无曲线控件","","参数 / 当前层 / 自定义 2 / 受力 / 阻力 [x2Drag]","参数 / 当前层 / 自定义 2 / 受力 / 阻力 [x2Drag]","参数 / 当前层 / 自定义 2 / 受力 / 阻力 [x2Drag]","参数 / 当前层 / 自定义 2 / 空间与运动 / 阻力 [x2Drag]","当前层 P；单层 wbSnap().P，多层 wbSnap().layers[i].P。保存/另存/切效果自动草稿及配方 JSON 保存完整快照。一次拖动/输入提交/选择为一步，全资产60步；输入框内快捷键留给文本撤销。切层/发射器不清历史，打开另一效果/版本重置。行/模块/发射器恢复到打开时与恢复模板默认不同。","tool/src/js/10_types.js:694","","tool/src/js/79_workbench.js:159; tool/src/js/79_undo.js:10","","4.6.0（5.0 第 1 步）自定义发射器：资产栏下面发射器标签行「＋ 加发射器」打开。"
"SCHEMA-242","460-77-x2Life","","x2Life","P.x2Life","P","当前效果 / 当前层 / 自定义 2","number","寿命","每个粒子亮多久（生成的是星时 = 燃烧时间）。","命名表说明（可能滞后）；当前条件/换算来自源码，冲突见覆盖报告","物理量","s","s","[0.01,10,0.01]","","0.5","P => isAir(P) && +P.x2On > 0","无字段级条件","[]","","[""x2On""]","本字段不在LINK_KEYS轨迹同步列表；其他条件/默认联动另见本行","不走TIMING_KEYS通用时间联动","onParam：实时模拟更新，灰度烘焙按自动/手动模式处理","","","[]","","本字段无曲线控件","","参数 / 当前层 / 自定义 2 / 寿命 / 寿命 [x2Life]","参数 / 当前层 / 自定义 2 / 寿命 / 寿命 [x2Life]","参数 / 当前层 / 自定义 2 / 寿命 / 寿命 [x2Life]","参数 / 当前层 / 自定义 2 / 时序与数量 / 寿命 [x2Life]","当前层 P；单层 wbSnap().P，多层 wbSnap().layers[i].P。保存/另存/切效果自动草稿及配方 JSON 保存完整快照。一次拖动/输入提交/选择为一步，全资产60步；输入框内快捷键留给文本撤销。切层/发射器不清历史，打开另一效果/版本重置。行/模块/发射器恢复到打开时与恢复模板默认不同。","tool/src/js/10_types.js:695","","tool/src/js/79_workbench.js:159; tool/src/js/79_undo.js:10","","4.6.0（5.0 第 1 步）自定义发射器：资产栏下面发射器标签行「＋ 加发射器」打开。"
"SCHEMA-243","460-78-x2LifeJit","","x2LifeJit","P.x2LifeJit","P","当前效果 / 当前层 / 自定义 2","number","寿命随机","寿命的正态随机（标准差，百分比）。","命名表说明（可能滞后）；当前条件/换算来自源码，冲突见覆盖报告","物理量","%","%","[0,100,1]","","20","P => isAir(P) && +P.x2On > 0","无字段级条件","[]","","[""x2On""]","本字段不在LINK_KEYS轨迹同步列表；其他条件/默认联动另见本行","不走TIMING_KEYS通用时间联动","onParam：实时模拟更新，灰度烘焙按自动/手动模式处理","","x2Life","[]","","本字段无曲线控件","","参数 / 当前层 / 自定义 2 / 寿命 / 寿命随机 [x2LifeJit]","参数 / 当前层 / 自定义 2 / 寿命 / 寿命 / 随机 / 寿命随机 [x2LifeJit]","参数 / 当前层 / 自定义 2 / 寿命 / 寿命 / 随机 / 寿命随机 [x2LifeJit]","参数 / 当前层 / 自定义 2 / 时序与数量 / 寿命 / 随机 / 寿命随机 [x2LifeJit]","当前层 P；单层 wbSnap().P，多层 wbSnap().layers[i].P。保存/另存/切效果自动草稿及配方 JSON 保存完整快照。一次拖动/输入提交/选择为一步，全资产60步；输入框内快捷键留给文本撤销。切层/发射器不清历史，打开另一效果/版本重置。行/模块/发射器恢复到打开时与恢复模板默认不同。","tool/src/js/10_types.js:696","","tool/src/js/79_workbench.js:159; tool/src/js/79_undo.js:10","","4.6.0（5.0 第 1 步）自定义发射器：资产栏下面发射器标签行「＋ 加发射器」打开。"
"SCHEMA-244","460-79-x2Size","","x2Size","P.x2Size","P","当前效果 / 当前层 / 自定义 2","number","大小","亮核直径（米，和星头大小同一口径）。","命名表说明（可能滞后）；当前条件/换算来自源码，冲突见覆盖报告","物理量","m","m","[0.01,10,0.01]","","0.6","P => isAir(P) && +P.x2On > 0","无字段级条件","[]","","[""x2On""]","本字段不在LINK_KEYS轨迹同步列表；其他条件/默认联动另见本行","不走TIMING_KEYS通用时间联动","onParam：实时模拟更新，灰度烘焙按自动/手动模式处理","","","[]","","本字段无曲线控件","","参数 / 当前层 / 自定义 2 / 大小 / 大小 [x2Size]","参数 / 当前层 / 自定义 2 / 大小 / 大小 [x2Size]","参数 / 当前层 / 自定义 2 / 大小 / 大小 [x2Size]","参数 / 当前层 / 自定义 2 / 外观与颜色 / 大小 [x2Size]","当前层 P；单层 wbSnap().P，多层 wbSnap().layers[i].P。保存/另存/切效果自动草稿及配方 JSON 保存完整快照。一次拖动/输入提交/选择为一步，全资产60步；输入框内快捷键留给文本撤销。切层/发射器不清历史，打开另一效果/版本重置。行/模块/发射器恢复到打开时与恢复模板默认不同。","tool/src/js/10_types.js:697","","tool/src/js/79_workbench.js:159; tool/src/js/79_undo.js:10","","4.6.0（5.0 第 1 步）自定义发射器：资产栏下面发射器标签行「＋ 加发射器」打开。"
"SCHEMA-245","460-80-x2SizeJit","","x2SizeJit","P.x2SizeJit","P","当前效果 / 当前层 / 自定义 2","number","大小随机","大小的正态随机（标准差，百分比）。","命名表说明（可能滞后）；当前条件/换算来自源码，冲突见覆盖报告","物理量","%","%","[0,100,1]","","20","P => isAir(P) && +P.x2On > 0","无字段级条件","[]","","[""x2On""]","本字段不在LINK_KEYS轨迹同步列表；其他条件/默认联动另见本行","不走TIMING_KEYS通用时间联动","onParam：实时模拟更新，灰度烘焙按自动/手动模式处理","","x2Size","[]","","本字段无曲线控件","","参数 / 当前层 / 自定义 2 / 大小 / 大小随机 [x2SizeJit]","参数 / 当前层 / 自定义 2 / 大小 / 大小 / 随机 / 大小随机 [x2SizeJit]","参数 / 当前层 / 自定义 2 / 大小 / 大小 / 随机 / 大小随机 [x2SizeJit]","参数 / 当前层 / 自定义 2 / 外观与颜色 / 大小 / 随机 / 大小随机 [x2SizeJit]","当前层 P；单层 wbSnap().P，多层 wbSnap().layers[i].P。保存/另存/切效果自动草稿及配方 JSON 保存完整快照。一次拖动/输入提交/选择为一步，全资产60步；输入框内快捷键留给文本撤销。切层/发射器不清历史，打开另一效果/版本重置。行/模块/发射器恢复到打开时与恢复模板默认不同。","tool/src/js/10_types.js:698","","tool/src/js/79_workbench.js:159; tool/src/js/79_undo.js:10","","4.6.0（5.0 第 1 步）自定义发射器：资产栏下面发射器标签行「＋ 加发射器」打开。"
"SCHEMA-246","460-81-x2SizeCurve","","x2SizeCurve","P.x2SizeCurve","P","当前效果 / 当前层 / 自定义 2","curve","随寿命","几行「时刻:倍数」，时刻是寿命的比例 0–1，例「0:1, 1:0.3」= 越烧越小；空 = 不变。","命名表说明（可能滞后）；当前条件/换算来自源码，冲突见覆盖报告","物理量","×（随寿命）","×（随寿命）","","","","P => isAir(P) && +P.x2On > 0","无字段级条件","[]","","[""x2On""]","本字段不在LINK_KEYS轨迹同步列表；其他条件/默认联动另见本行","不走TIMING_KEYS通用时间联动","onParam：实时模拟更新，灰度烘焙按自动/手动模式处理","","","[]","","0–1单粒寿命，文本提交 + 只读折线/表；空=×1；不支持拖点","","参数 / 当前层 / 自定义 2 / 大小 / 随寿命 [x2SizeCurve]","参数 / 当前层 / 自定义 2 / 大小 / 随寿命 [x2SizeCurve]","参数 / 当前层 / 自定义 2 / 大小 / 随寿命 [x2SizeCurve]","参数 / 当前层 / 自定义 2 / 外观与颜色 / 随寿命 [x2SizeCurve]","当前层 P；单层 wbSnap().P，多层 wbSnap().layers[i].P。保存/另存/切效果自动草稿及配方 JSON 保存完整快照。一次拖动/输入提交/选择为一步，全资产60步；输入框内快捷键留给文本撤销。切层/发射器不清历史，打开另一效果/版本重置。行/模块/发射器恢复到打开时与恢复模板默认不同。 注意：rowChanged仅处理数值/select/text，现曲线不计行/模块“改过”、无独立行尾还原按钮；全资产撤销可恢复曲线文本。不伪称这些行级状态已实现。","tool/src/js/10_types.js:699","","tool/src/js/79_workbench.js:159; tool/src/js/79_undo.js:10","","4.6.0（5.0 第 1 步）自定义发射器：资产栏下面发射器标签行「＋ 加发射器」打开。"
"SCHEMA-247","460-82-x2Bright","","x2Bright","P.x2Bright","P","当前效果 / 当前层 / 自定义 2","number","亮度","亮度（和星头亮度同一口径）。","命名表说明（可能滞后）；当前条件/换算来自源码，冲突见覆盖报告","物理量","×","×","[0,10,0.05]","","1","P => isAir(P) && +P.x2On > 0","无字段级条件","[]","","[""x2On""]","本字段不在LINK_KEYS轨迹同步列表；其他条件/默认联动另见本行","不走TIMING_KEYS通用时间联动","onParam：实时模拟更新，灰度烘焙按自动/手动模式处理","","","[]","","本字段无曲线控件","","参数 / 当前层 / 自定义 2 / 亮度 / 亮度 [x2Bright]","参数 / 当前层 / 自定义 2 / 亮度 / 亮度 [x2Bright]","参数 / 当前层 / 自定义 2 / 亮度 / 亮度 [x2Bright]","参数 / 当前层 / 自定义 2 / 外观与颜色 / 亮度 [x2Bright]","当前层 P；单层 wbSnap().P，多层 wbSnap().layers[i].P。保存/另存/切效果自动草稿及配方 JSON 保存完整快照。一次拖动/输入提交/选择为一步，全资产60步；输入框内快捷键留给文本撤销。切层/发射器不清历史，打开另一效果/版本重置。行/模块/发射器恢复到打开时与恢复模板默认不同。","tool/src/js/10_types.js:700","","tool/src/js/79_workbench.js:159; tool/src/js/79_undo.js:10","","4.6.0（5.0 第 1 步）自定义发射器：资产栏下面发射器标签行「＋ 加发射器」打开。"
"SCHEMA-248","460-83-x2BrightJit","","x2BrightJit","P.x2BrightJit","P","当前效果 / 当前层 / 自定义 2","number","亮度随机","亮度的正态随机（标准差，百分比）。","命名表说明（可能滞后）；当前条件/换算来自源码，冲突见覆盖报告","物理量","%","%","[0,100,1]","","20","P => isAir(P) && +P.x2On > 0","无字段级条件","[]","","[""x2On""]","本字段不在LINK_KEYS轨迹同步列表；其他条件/默认联动另见本行","不走TIMING_KEYS通用时间联动","onParam：实时模拟更新，灰度烘焙按自动/手动模式处理","","x2Bright","[]","","本字段无曲线控件","","参数 / 当前层 / 自定义 2 / 亮度 / 亮度随机 [x2BrightJit]","参数 / 当前层 / 自定义 2 / 亮度 / 亮度 / 随机 / 亮度随机 [x2BrightJit]","参数 / 当前层 / 自定义 2 / 亮度 / 亮度 / 随机 / 亮度随机 [x2BrightJit]","参数 / 当前层 / 自定义 2 / 外观与颜色 / 亮度 / 随机 / 亮度随机 [x2BrightJit]","当前层 P；单层 wbSnap().P，多层 wbSnap().layers[i].P。保存/另存/切效果自动草稿及配方 JSON 保存完整快照。一次拖动/输入提交/选择为一步，全资产60步；输入框内快捷键留给文本撤销。切层/发射器不清历史，打开另一效果/版本重置。行/模块/发射器恢复到打开时与恢复模板默认不同。","tool/src/js/10_types.js:701","","tool/src/js/79_workbench.js:159; tool/src/js/79_undo.js:10","","4.6.0（5.0 第 1 步）自定义发射器：资产栏下面发射器标签行「＋ 加发射器」打开。"
"SCHEMA-249","460-84-x2BrightCurve","","x2BrightCurve","P.x2BrightCurve","P","当前效果 / 当前层 / 自定义 2","curve","随寿命","几行「时刻:倍数」，时刻是寿命的比例 0–1；默认「0:1, 0.7:1, 1:0」= 最后三成寿命淡出。","命名表说明（可能滞后）；当前条件/换算来自源码，冲突见覆盖报告","物理量","×（随寿命）","×（随寿命）","","","0:1, 0.7:1, 1:0","P => isAir(P) && +P.x2On > 0","无字段级条件","[]","","[""x2On""]","本字段不在LINK_KEYS轨迹同步列表；其他条件/默认联动另见本行","不走TIMING_KEYS通用时间联动","onParam：实时模拟更新，灰度烘焙按自动/手动模式处理","","","[]","","0–1单粒寿命，文本提交 + 只读折线/表；空=×1；不支持拖点","","参数 / 当前层 / 自定义 2 / 亮度 / 随寿命 [x2BrightCurve]","参数 / 当前层 / 自定义 2 / 亮度 / 随寿命 [x2BrightCurve]","参数 / 当前层 / 自定义 2 / 亮度 / 随寿命 [x2BrightCurve]","参数 / 当前层 / 自定义 2 / 外观与颜色 / 随寿命 [x2BrightCurve]","当前层 P；单层 wbSnap().P，多层 wbSnap().layers[i].P。保存/另存/切效果自动草稿及配方 JSON 保存完整快照。一次拖动/输入提交/选择为一步，全资产60步；输入框内快捷键留给文本撤销。切层/发射器不清历史，打开另一效果/版本重置。行/模块/发射器恢复到打开时与恢复模板默认不同。 注意：rowChanged仅处理数值/select/text，现曲线不计行/模块“改过”、无独立行尾还原按钮；全资产撤销可恢复曲线文本。不伪称这些行级状态已实现。","tool/src/js/10_types.js:702","","tool/src/js/79_workbench.js:159; tool/src/js/79_undo.js:10","","4.6.0（5.0 第 1 步）自定义发射器：资产栏下面发射器标签行「＋ 加发射器」打开。"
"SCHEMA-250","460-85-x2Flick","","x2Flick","P.x2Flick","P","当前效果 / 当前层 / 自定义 2","number","幅度","亮度按正弦起伏的幅度（0 = 不闪，1 = 亮灭）。","命名表说明（可能滞后）；当前条件/换算来自源码，冲突见覆盖报告","物理量","1","1","[0,1,0.01]","","0","P => isAir(P) && +P.x2On > 0","无字段级条件","[]","","[""x2On""]","本字段不在LINK_KEYS轨迹同步列表；其他条件/默认联动另见本行","不走TIMING_KEYS通用时间联动","onParam：实时模拟更新，灰度烘焙按自动/手动模式处理","","","[]","","本字段无曲线控件","","参数 / 当前层 / 自定义 2 / 闪烁 / 幅度 [x2Flick]","参数 / 当前层 / 自定义 2 / 闪烁 / 幅度 [x2Flick]","参数 / 当前层 / 自定义 2 / 闪烁 / 幅度 [x2Flick]","参数 / 当前层 / 自定义 2 / 事件与特性 / 幅度 [x2Flick]","当前层 P；单层 wbSnap().P，多层 wbSnap().layers[i].P。保存/另存/切效果自动草稿及配方 JSON 保存完整快照。一次拖动/输入提交/选择为一步，全资产60步；输入框内快捷键留给文本撤销。切层/发射器不清历史，打开另一效果/版本重置。行/模块/发射器恢复到打开时与恢复模板默认不同。","tool/src/js/10_types.js:703","","tool/src/js/79_workbench.js:159; tool/src/js/79_undo.js:10","","4.6.0（5.0 第 1 步）自定义发射器：资产栏下面发射器标签行「＋ 加发射器」打开。"
"SCHEMA-251","460-86-x2FlickHz","","x2FlickHz","P.x2FlickHz","P","当前效果 / 当前层 / 自定义 2","number","频率","每秒闪几次（每个粒子相位随机）。","命名表说明（可能滞后）；当前条件/换算来自源码，冲突见覆盖报告","物理量","Hz","Hz","[0,40,0.5]","","8","P => isAir(P) && +P.x2On > 0","P => +P.x2Flick > 0","[]","","[""x2On"",""x2Flick""]","本字段不在LINK_KEYS轨迹同步列表；其他条件/默认联动另见本行","不走TIMING_KEYS通用时间联动","onParam：实时模拟更新，灰度烘焙按自动/手动模式处理","","","[]","","本字段无曲线控件","","参数 / 当前层 / 自定义 2 / 闪烁 / 频率 [x2FlickHz]","参数 / 当前层 / 自定义 2 / 闪烁 / 频率 [x2FlickHz]","参数 / 当前层 / 自定义 2 / 闪烁 / 频率 [x2FlickHz]","参数 / 当前层 / 自定义 2 / 事件与特性 / 频率 [x2FlickHz]","当前层 P；单层 wbSnap().P，多层 wbSnap().layers[i].P。保存/另存/切效果自动草稿及配方 JSON 保存完整快照。一次拖动/输入提交/选择为一步，全资产60步；输入框内快捷键留给文本撤销。切层/发射器不清历史，打开另一效果/版本重置。行/模块/发射器恢复到打开时与恢复模板默认不同。","tool/src/js/10_types.js:704","","tool/src/js/79_workbench.js:159; tool/src/js/79_undo.js:10","","4.6.0（5.0 第 1 步）自定义发射器：资产栏下面发射器标签行「＋ 加发射器」打开。"
"SCHEMA-252","460-ex2-info:exColor2","","info:exColor2","derived:info:exColor2","READ","当前效果 / 当前层 / 自定义 2","info","颜色","跟这一层的颜色（灰度贴图 + 渐变图 + 颜色曲线）；要不同颜色就放进另一层。","命名表说明（可能滞后）；当前条件/换算来自源码，冲突见覆盖报告","只读","选项","选项","","","","P => isAir(P) && +P.x2On > 0","无字段级条件","[]","","[""x2On""]","本字段不在LINK_KEYS轨迹同步列表；其他条件/默认联动另见本行","不走TIMING_KEYS通用时间联动","信息/规格容器；其中原有快捷动作见infoActions","无直接编辑动作","","[]","","本字段无曲线控件","","参数 / 当前层 / 自定义 2 / 颜色 / 颜色 [info:exColor2]","参数 / 当前层 / 自定义 2 / 颜色 / 颜色 [info:exColor2]","参数 / 当前层 / 自定义 2 / 颜色 / 颜色 [info:exColor2]","参数 / 当前层 / 自定义 2 / 外观与颜色 / 颜色 [info:exColor2]","只读结果/容器，无直接保存或撤销；受上游配方与成功烘焙影响。","tool/src/js/10_types.js:705","","tool/src/js/79_workbench.js:159; tool/src/js/79_undo.js:10","70_ui.js exColorHTML","4.6.0（5.0 第 1 步）。只读说明行，带「去掉这个发射器」按钮。"
"SCHEMA-253","067-spin","","spin","P.spin","P","当前效果 / 当前层 / 星","number","旋转速度","蜂：每颗星的飞行方向绕一根轴打转，星沿小圈乱窜；这是打转的角速度","命名表说明（可能滞后）；当前条件/换算来自源码，冲突见覆盖报告","物理量","rad/s","rad/s","[0,40,0.5]","","14","P => P.type === 'hachi'","无字段级条件","[]","","[""type""]","本字段不在LINK_KEYS轨迹同步列表；其他条件/默认联动另见本行","不走TIMING_KEYS通用时间联动","onParam：实时模拟更新，灰度烘焙按自动/手动模式处理","","","[]","","本字段无曲线控件","","参数 / 当前层 / 星 / 蜂 / 旋转速度 [spin]","参数 / 当前层 / 星 / 蜂 / 旋转速度 [spin]","参数 / 当前层 / 星 / 蜂 / 旋转速度 [spin]","参数 / 当前层 / 星 / 空间与运动 / 旋转速度 [spin]","当前层 P；单层 wbSnap().P，多层 wbSnap().layers[i].P。保存/另存/切效果自动草稿及配方 JSON 保存完整快照。一次拖动/输入提交/选择为一步，全资产60步；输入框内快捷键留给文本撤销。切层/发射器不清历史，打开另一效果/版本重置。行/模块/发射器恢复到打开时与恢复模板默认不同。","tool/src/js/10_types.js:708","","tool/src/js/79_workbench.js:159; tool/src/js/79_undo.js:10","20_sim.js:185-186 每颗星随机转轴、om = spin × (0.6 + 0.8u) × 随机正负；20_sim.js:259-265 每步把速度绕转轴转 om·h；50_bake.js:572 蜂不能出单束","每颗星转速在 0.6–1.4 倍之间均匀随机、正反转各半、转轴随机；圈半径 ≈ 推进速度 ÷ 转速（默认 28 ÷ 14 ≈ 2 m）；14 rad/s ≈ 每秒 2.2 圈"
"SCHEMA-254","068-chaos","","chaos","P.chaos","P","当前效果 / 当前层 / 星","number","乱飞程度","打转的那根轴随时间随机漂移的快慢：越大，星的轨迹越没规律","命名表说明（可能滞后）；当前条件/换算来自源码，冲突见覆盖报告","物理量","1","1","[0,3,0.05]","","0.8","P => P.type === 'hachi'","无字段级条件","[{""when"":""P => !(+P.spin > 0)"",""reason"":""「旋转速度」是 0 时不起作用""}]","","[""type"",""spin""]","本字段不在LINK_KEYS轨迹同步列表；其他条件/默认联动另见本行","不走TIMING_KEYS通用时间联动","onParam：实时模拟更新，灰度烘焙按自动/手动模式处理","","","[]","正态；每颗星的转轴每一步加一个随机偏移再归一化（随机游走），偏移大小 ∝ 乱飞程度 × √步长","本字段无曲线控件","","参数 / 当前层 / 星 / 蜂 / 乱飞程度 [chaos]","参数 / 当前层 / 星 / 蜂 / 乱飞程度 [chaos]","参数 / 当前层 / 星 / 蜂 / 乱飞程度 [chaos]","参数 / 当前层 / 星 / 空间与运动 / 乱飞程度 [chaos]","当前层 P；单层 wbSnap().P，多层 wbSnap().layers[i].P。保存/另存/切效果自动草稿及配方 JSON 保存完整快照。一次拖动/输入提交/选择为一步，全资产60步；输入框内快捷键留给文本撤销。切层/发射器不清历史，打开另一效果/版本重置。行/模块/发射器恢复到打开时与恢复模板默认不同。","tool/src/js/10_types.js:709","","tool/src/js/79_workbench.js:159; tool/src/js/79_undo.js:10","20_sim.js:266-268 q = chaos × √h × 2；转轴 += 正态 × q 后归一化（每步、每颗星）","旋转速度 = 0 时不起作用"
"SCHEMA-255","069-beeSpeed","","beeSpeed","P.beeSpeed","P","当前效果 / 当前层 / 星","number","推进速度","蜂星自带喷射推进，速度会被拉回这个值、不会被阻力停下；开花 0.15 秒后起作用","命名表说明（可能滞后）；当前条件/换算来自源码，冲突见覆盖报告","物理量","m/s","m/s","[5,80,1]","","28","P => P.type === 'hachi'","无字段级条件","[]","","[""type""]","本字段不在LINK_KEYS轨迹同步列表；其他条件/默认联动另见本行","不走TIMING_KEYS通用时间联动","onParam：实时模拟更新，灰度烘焙按自动/手动模式处理","","","[]","","本字段无曲线控件","","参数 / 当前层 / 星 / 蜂 / 推进速度 [beeSpeed]","参数 / 当前层 / 星 / 蜂 / 推进速度 [beeSpeed]","参数 / 当前层 / 星 / 蜂 / 推进速度 [beeSpeed]","参数 / 当前层 / 星 / 空间与运动 / 推进速度 [beeSpeed]","当前层 P；单层 wbSnap().P，多层 wbSnap().layers[i].P。保存/另存/切效果自动草稿及配方 JSON 保存完整快照。一次拖动/输入提交/选择为一步，全资产60步；输入框内快捷键留给文本撤销。切层/发射器不清历史，打开另一效果/版本重置。行/模块/发射器恢复到打开时与恢复模板默认不同。","tool/src/js/10_types.js:710","","tool/src/js/79_workbench.js:159; tool/src/js/79_undo.js:10","20_sim.js:269 age > 0.15 后 v += v × (beeSpeed − |v|) × 3h / |v|（时间常数约 0.33 s）","速度回到这个值的时间常数约 0.33 秒；阻力、重力仍然作用，实际速度略低于这个值；圈半径 ≈ 推进速度 ÷ 旋转速度"
"SCHEMA-256","106-riseStyle","","riseStyle","P.riseStyle","P","当前效果 / 当前层 / 星头","select","曲导种类","上升段的种类：金色尾、银色余烬、无尾暗升、途中开子花、空中分叉、鸣笛、螺旋上升。","命名表说明（可能滞后）；当前条件/换算来自源码，冲突见覆盖报告","物理量","选项","选项","","[[""gold"",""金色曲导""],[""silver"",""银竜（银色长火花）""],[""dark"",""暗升（无尾）""],[""kobana"",""昇り小花""],[""bunpo"",""分砲（空中分叉）""],[""fue"",""笛（鸣笛）""],[""spiral"",""螺旋""]]","gold","P => isRise(P) && !isPhys(P) && !isEmit(P)","P => !isTrail(P)","[]","","[]","本字段不在LINK_KEYS轨迹同步列表；其他条件/默认联动另见本行","不走TIMING_KEYS通用时间联动","onParam：实时模拟更新，灰度烘焙按自动/手动模式处理","","","[]","","本字段无曲线控件","","参数 / 当前层 / 星头 / 上升 / 曲导种类 [riseStyle]","参数 / 当前层 / 星头 / 上升 / 曲导种类 [riseStyle]","参数 / 当前层 / 星头 / 上升 / 曲导种类 [riseStyle]","参数 / 当前层 / 星头 / 专属任务 · 上升 / 曲导种类 [riseStyle]","当前层 P；单层 wbSnap().P，多层 wbSnap().layers[i].P。保存/另存/切效果自动草稿及配方 JSON 保存完整快照。一次拖动/输入提交/选择为一步，全资产60步；输入框内快捷键留给文本撤销。切层/发射器不清历史，打开另一效果/版本重置。行/模块/发射器恢复到打开时与恢复模板默认不同。","tool/src/js/10_types.js:713","","tool/src/js/79_workbench.js:159; tool/src/js/79_undo.js:10","20_sim.js:171-175 initRise：silver 火花 ×1.6、dark 火花 0 星头 ×0.08、fue 火花 ×0.25 + whistle 事件；20_sim.js:288 silver T0+250 K、寿命 ×1.5（40_gl.js:392 sparkEff 同）；20_sim.js:352 fue 星头 9 Hz；20_sim.js:305-316 kobana / bunpo；20_sim.js:277-278 spiral；50_bake.js:16-23 星头循环只认 dark、fue（星头 3 次/循环），火花用 P.sparkRate 不乘 1.6 / 0.25；65_cascade.js:173-174,192 Orbit、Spawn Rate","导出「星头循环」（默认）时贴图里只体现暗升（星头 ×0.08、无火花）、笛（星头一循环明暗 3 次）、银竜（火花更热、寿命 ×1.5）；银竜加密、笛减火花只写进参数表。子花、分叉只出现在实时模拟和「整段上升序列（大面片）」里。尾缀序列（V5）不显示此项。"
"SCHEMA-257","107-riseH","","riseH","P.riseH","P","当前效果 / 当前层 / 星头","number","开花高度","弹体从地面升到开花点的高度；和终端速度一起反算出膛速度和升空时间。","命名表说明（可能滞后）；当前条件/换算来自源码，冲突见覆盖报告","物理量","m","m","[50,800,5]","","250","P => isRise(P) && !isPhys(P) && !isEmit(P)","无字段级条件","[]","","[]","本字段不在LINK_KEYS轨迹同步列表；其他条件/默认联动另见本行","不走TIMING_KEYS通用时间联动","onParam：实时模拟更新，灰度烘焙按自动/手动模式处理","","","[]","","本字段无曲线控件","","参数 / 当前层 / 星头 / 弹道 / 开花高度 [riseH]","参数 / 当前层 / 星头 / 弹道 / 开花高度 [riseH]","参数 / 当前层 / 星头 / 弹道 / 开花高度 [riseH]","参数 / 当前层 / 星头 / 专属任务 · 弹道 / 开花高度 [riseH]","当前层 P；单层 wbSnap().P，多层 wbSnap().layers[i].P。保存/另存/切效果自动草稿及配方 JSON 保存完整快照。一次拖动/输入提交/选择为一步，全资产60步；输入框内快捷键留给文本撤销。切层/发射器不清历史，打开另一效果/版本重置。行/模块/发射器恢复到打开时与恢复模板默认不同。","tool/src/js/10_types.js:714","","tool/src/js/79_workbench.js:159; tool/src/js/79_undo.js:10","20_sim.js:127-130 riseInfo：v0 = vt·√(e^(2gh/vt²)−1)，ta = vt/g·atan(v0/vt)；40_gl.js:447-452 星头循环用半程速度烘尾迹；50_bake.js:532-549 risePath + fitRise；42_trail.js:184,211 尾缀序列的 T、fEnd、sizeKeysRise；66_fwlcascade.js:62-70,82-86；70_ui.js:34 序列时长；10_types.js:255 号数改写 riseH","例：250 m、终端速度 55 m/s → 出膛约 111 m/s、6.2 s 到顶。尾缀序列（V5）里它基本不改贴图（只改消散从循环第几帧接上），改的是引擎里的弹道、时长和尾迹随速度伸缩。曲导选了「号数」时会被号数改写。"
"SCHEMA-258","108-vtShell","","vtShell","P.vtShell","P","当前效果 / 当前层 / 星头","number","终端速度","弹体自由下落最终能达到的速度，用来表示弹体受的空气阻力（平方阻力）。","命名表说明（可能滞后）；当前条件/换算来自源码，冲突见覆盖报告","物理量","m/s","m/s","[20,120,1]","","55","P => isRise(P) && !isPhys(P) && !isEmit(P)","无字段级条件","[]","","[]","本字段不在LINK_KEYS轨迹同步列表；其他条件/默认联动另见本行","不走TIMING_KEYS通用时间联动","onParam：实时模拟更新，灰度烘焙按自动/手动模式处理","","","[]","","本字段无曲线控件","","参数 / 当前层 / 星头 / 弹道 / 终端速度 [vtShell]","参数 / 当前层 / 星头 / 弹道 / 终端速度 [vtShell]","参数 / 当前层 / 星头 / 弹道 / 终端速度 [vtShell]","参数 / 当前层 / 星头 / 专属任务 · 弹道 / 终端速度 [vtShell]","当前层 P；单层 wbSnap().P，多层 wbSnap().layers[i].P。保存/另存/切效果自动草稿及配方 JSON 保存完整快照。一次拖动/输入提交/选择为一步，全资产60步；输入框内快捷键留给文本撤销。切层/发射器不清历史，打开另一效果/版本重置。行/模块/发射器恢复到打开时与恢复模板默认不同。","tool/src/js/10_types.js:715","","tool/src/js/79_workbench.js:159; tool/src/js/79_undo.js:10","20_sim.js:127-130,170 c = g/vt²；50_bake.js:533-534 risePath 按平方阻力积分；50_bake.js:537-549 fitRise 拟合线性阻力 k","和开花高度一起决定弹道。数值很小时反算的出膛速度会大得不现实（20 m/s、250 m 时约 9000 m/s）；三档尾缀模板用 35 / 45 / 90。"
"SCHEMA-259","109-seed","","seed","P.seed","P","当前效果 / 当前层 / 效果","number","随机种子","换一组随机数：火花位置、星头闪烁、摆动里的随机漂移重新抽，其他参数不变。","命名表说明（可能滞后）；当前条件/换算来自源码，冲突见覆盖报告","引擎字段","1（无量纲）","1（无量纲）","[1,999,1]","","7","P => isRise(P) && !isPhys(P) && !isEmit(P)","P => !isTrail(P)","[]","","[]","同批星轨迹组：当前启用联动时同步组内层；我的效果显式建组/候选推断组。可暂时关闭；组本身不在参数撤销快照。","不走TIMING_KEYS通用时间联动","onParam：实时模拟更新，灰度烘焙按自动/手动模式处理","","","[]","","本字段无曲线控件","","参数 / 当前层 / 效果 / 规格 / 随机种子 [seed]","参数 / 当前层 / 效果 / 规格 / 随机种子 [seed]","参数 / 当前层 / 效果 / 规格 / 随机种子 [seed]","参数 / 当前层 / 效果 / 规格与制作范围 / 随机种子 [seed]","当前层 P；单层 wbSnap().P，多层 wbSnap().layers[i].P。保存/另存/切效果自动草稿及配方 JSON 保存完整快照。一次拖动/输入提交/选择为一步，全资产60步；输入框内快捷键留给文本撤销。切层/发射器不清历史，打开另一效果/版本重置。行/模块/发射器恢复到打开时与恢复模板默认不同。","tool/src/js/10_types.js:716","","tool/src/js/79_workbench.js:159; tool/src/js/79_undo.js:10","20_sim.js:134 Sim 用 RNG(P.seed)；50_bake.js:17 星头循环的星头闪烁 RNG(seed·977+帧)；40_gl.js:476 发射器 uSeed；10_types.js:421 显示条件 !isTrail","只在曲导（不是尾缀序列）时显示；尾缀序列的种子在「尾缀序列 · 形态」里，是同一个字段。"
"SCHEMA-260","110-wobble","","wobble","P.wobble","P","当前效果 / 当前层 / 星头","number","摆动幅度","弹体上升时左右摆的横向速度；螺旋种类时是绕圈的速度。","命名表说明（可能滞后）；当前条件/换算来自源码，冲突见覆盖报告","物理量","m/s","m/s","[0,30,0.1]","","0","P => isRise(P) && !isPhys(P) && !isEmit(P)","P => !isTrail(P)","[]","","[]","本字段不在LINK_KEYS轨迹同步列表；其他条件/默认联动另见本行","不走TIMING_KEYS通用时间联动","onParam：实时模拟更新，灰度烘焙按自动/手动模式处理","","","[]","","本字段无曲线控件","","参数 / 当前层 / 星头 / 弹道 / 摆动幅度 [wobble]","参数 / 当前层 / 星头 / 弹道 / 摆动幅度 [wobble]","参数 / 当前层 / 星头 / 弹道 / 摆动幅度 [wobble]","参数 / 当前层 / 星头 / 专属任务 · 弹道 / 摆动幅度 [wobble]","当前层 P；单层 wbSnap().P，多层 wbSnap().layers[i].P。保存/另存/切效果自动草稿及配方 JSON 保存完整快照。一次拖动/输入提交/选择为一步，全资产60步；输入框内快捷键留给文本撤销。切层/发射器不清历史，打开另一效果/版本重置。行/模块/发射器恢复到打开时与恢复模板默认不同。","tool/src/js/10_types.js:717","","tool/src/js/79_workbench.js:159; tool/src/js/79_undo.js:10","20_sim.js:275-280 横向速度 += A·w·cos(w·t+相位)·h + 正态·A·0.4·√h；spiral：A = max(wobble,10)，vx = A·cos、vz = A·sin；65_cascade.js:173-174 Orbit","横向位移约 = 幅度 ÷ (2π × 摆动频率)，例：5 m/s、1.6 Hz ≈ ±0.5 m；另叠一点随机横漂（正态，约 0.4 × 幅度 / √秒）。螺旋种类时不足 10 按 10 m/s。只在实时模拟和整段上升序列里画出来，星头循环靠 Cascade Orbit。"
"SCHEMA-261","111-wobbleHz","","wobbleHz","P.wobbleHz","P","当前效果 / 当前层 / 星头","number","摆动频率","弹体左右摆（或螺旋绕圈）每秒几个来回。","命名表说明（可能滞后）；当前条件/换算来自源码，冲突见覆盖报告","物理量","Hz","Hz","[0.2,6,0.05]","","1.6","P => isRise(P) && !isPhys(P) && !isEmit(P)","P => !isTrail(P)","[]","","[]","本字段不在LINK_KEYS轨迹同步列表；其他条件/默认联动另见本行","不走TIMING_KEYS通用时间联动","onParam：实时模拟更新，灰度烘焙按自动/手动模式处理","","","[]","","本字段无曲线控件","","参数 / 当前层 / 星头 / 弹道 / 摆动频率 [wobbleHz]","参数 / 当前层 / 星头 / 弹道 / 摆动频率 [wobbleHz]","参数 / 当前层 / 星头 / 弹道 / 摆动频率 [wobbleHz]","参数 / 当前层 / 星头 / 专属任务 · 弹道 / 摆动频率 [wobbleHz]","当前层 P；单层 wbSnap().P，多层 wbSnap().layers[i].P。保存/另存/切效果自动草稿及配方 JSON 保存完整快照。一次拖动/输入提交/选择为一步，全资产60步；输入框内快捷键留给文本撤销。切层/发射器不清历史，打开另一效果/版本重置。行/模块/发射器恢复到打开时与恢复模板默认不同。","tool/src/js/10_types.js:718","","tool/src/js/79_workbench.js:159; tool/src/js/79_undo.js:10","20_sim.js:277 w = 2π·wobbleHz；65_cascade.js:173-174","摆动幅度为 0 且不是螺旋种类时不起作用。"
"SCHEMA-262","112-kobanaN","","kobanaN","P.kobanaN","P","当前效果 / 当前层 / 星头","number","子花数量","昇り子花：上升途中从弹体侧面抛出几颗小星，各自很快开成一朵子花。","命名表说明（可能滞后）；当前条件/换算来自源码，冲突见覆盖报告","物理量","朵","朵","[1,12,1]","","4","P => isRise(P) && !isPhys(P) && !isEmit(P)","P => P.riseStyle === 'kobana' && !isTrail(P)","[]","","[""riseStyle""]","本字段不在LINK_KEYS轨迹同步列表；其他条件/默认联动另见本行","不走TIMING_KEYS通用时间联动","onParam：实时模拟更新，灰度烘焙按自动/手动模式处理","","","[]","","本字段无曲线控件","","参数 / 当前层 / 星头 / 上升 / 子花数量 [kobanaN]","参数 / 当前层 / 星头 / 上升 / 子花数量 [kobanaN]","参数 / 当前层 / 星头 / 上升 / 子花数量 [kobanaN]","参数 / 当前层 / 星头 / 专属任务 · 上升 / 子花数量 [kobanaN]","当前层 P；单层 wbSnap().P，多层 wbSnap().layers[i].P。保存/另存/切效果自动草稿及配方 JSON 保存完整快照。一次拖动/输入提交/选择为一步，全资产60步；输入框内快捷键留给文本撤销。切层/发射器不清历史，打开另一效果/版本重置。行/模块/发射器恢复到打开时与恢复模板默认不同。","tool/src/js/10_types.js:719","","tool/src/js/79_workbench.js:159; tool/src/js/79_undo.js:10","20_sim.js:175,307 抛出时机；20_sim.js:216-226 kobanaBurst / smallFlower","只在曲导种类 = 昇り子花 时显示。按上升时间均匀分布（第 k 朵在 (k+0.6)/(N+0.6) 处）；每颗小星侧飞 0.35–0.45 s 后开成 10 颗星、约 16 m/s、亮约 0.55 s 的子花。「星头循环」导出里没有子花。"
"SCHEMA-263","113-bunpoN","","bunpoN","P.bunpoN","P","当前效果 / 当前层 / 星头","number","分叉数量","分砲：升到一半左右时弹体分成几支，扇形散开继续往上。","命名表说明（可能滞后）；当前条件/换算来自源码，冲突见覆盖报告","物理量","支","支","[2,6,1]","","3","P => isRise(P) && !isPhys(P) && !isEmit(P)","P => P.riseStyle === 'bunpo' && !isTrail(P)","[]","","[""riseStyle""]","本字段不在LINK_KEYS轨迹同步列表；其他条件/默认联动另见本行","不走TIMING_KEYS通用时间联动","onParam：实时模拟更新，灰度烘焙按自动/手动模式处理","","","[]","","本字段无曲线控件","","参数 / 当前层 / 星头 / 上升 / 分叉数量 [bunpoN]","参数 / 当前层 / 星头 / 上升 / 分叉数量 [bunpoN]","参数 / 当前层 / 星头 / 上升 / 分叉数量 [bunpoN]","参数 / 当前层 / 星头 / 专属任务 · 上升 / 分叉数量 [bunpoN]","当前层 P；单层 wbSnap().P，多层 wbSnap().layers[i].P。保存/另存/切效果自动草稿及配方 JSON 保存完整快照。一次拖动/输入提交/选择为一步，全资产60步；输入框内快捷键留给文本撤销。切层/发射器不清历史，打开另一效果/版本重置。行/模块/发射器恢复到打开时与恢复模板默认不同。","tool/src/js/10_types.js:720","","tool/src/js/79_workbench.js:159; tool/src/js/79_undo.js:10","20_sim.js:308-316 frac ≥ 0.45 分叉，角度 (q/(n−1)−0.5)·0.9 rad，速度 ×0.95、rate ×0.7、I ×0.8","只在曲导种类 = 分砲 时显示。在上升时间的 45% 处分叉，各支落在约 ±26° 的扇面里，速度 ×0.95、火花 ×0.7、亮度 ×0.8，烧到原本的到顶时刻。「星头循环」导出里没有分叉。"
"SCHEMA-264","114-_trailTier","","_trailTier","P.type（打开另一档模板）","P","当前效果 / 当前层 / 效果","select","尾缀档位","升空尾缀的小、中、大三档（对照尾缀 C / B / A）：开花高度、弹速、火花密度不同。","命名表说明（可能滞后）；当前条件/换算来自源码，冲突见覆盖报告","预览设置","选项","选项","","[[""trailS"",""小（对照尾缀C）""],[""trailM"",""中（对照尾缀B）""],[""trailL"",""大（对照尾缀A）""]]","","P => familyOf(P.type) === 'rise' && P.form === 'trail'","P => !state.repId","[]","","[""type"",""form""]","本字段不在LINK_KEYS轨迹同步列表；其他条件/默认联动另见本行","不走TIMING_KEYS通用时间联动","openType：切对象，不是onParam","","","[]","","本字段无曲线控件","","参数 / 当前层 / 效果 / 规格 / 尾缀档位 [_trailTier]","参数 / 当前层 / 效果 / 规格 / 尾缀档位 [_trailTier]","参数 / 当前层 / 效果 / 规格 / 尾缀档位 [_trailTier]","参数 / 当前层 / 效果 / 规格与制作范围 / 尾缀档位 [_trailTier]","选择档位调用openType，打开另一档模板；不是修改当前配方字段，重新建立该效果撤销基线。","tool/src/js/10_types.js:723","","tool/src/js/79_workbench.js:159; tool/src/js/79_undo.js:10","70_ui.js：_trailTier → openType(trailS / trailM / trailL)","换档会换掉这一档的全部参数（改过的不保留）。"
"SCHEMA-265","114-trPhys","","trPhys","P.trPhys","P","当前效果 / 当前层 / 效果","number","粒子模型","尾缀序列的火花用哪套模型：0 = V5 原版四层火花，1 = 物理尾缀的三层喷出物。","命名表说明（可能滞后）；当前条件/换算来自源码，冲突见覆盖报告","旧（待删）","1（无量纲）","1（无量纲）","[0,1,1]","","0","P => familyOf(P.type) === 'rise' && P.form === 'trail'","无字段级条件","[]","","[""type"",""form""]","本字段不在LINK_KEYS轨迹同步列表；其他条件/默认联动另见本行","不走TIMING_KEYS通用时间联动","onParam：实时模拟更新，灰度烘焙按自动/手动模式处理","","","[]","","本字段无曲线控件","","参数 / 当前层 / 效果 / 规格 / 粒子模型 [trPhys]","参数 / 当前层 / 效果 / 规格 / 粒子模型 [trPhys]","参数 / 当前层 / 效果 / 规格 / 粒子模型 [trPhys]","参数 / 当前层 / 效果 / 规格与制作范围 / 粒子模型 [trPhys]","当前层 P；单层 wbSnap().P，多层 wbSnap().layers[i].P。保存/另存/切效果自动草稿及配方 JSON 保存完整快照。一次拖动/输入提交/选择为一步，全资产60步；输入框内快捷键留给文本撤销。切层/发射器不清历史，打开另一效果/版本重置。行/模块/发射器恢复到打开时与恢复模板默认不同。","tool/src/js/10_types.js:724","","tool/src/js/79_workbench.js:159; tool/src/js/79_undo.js:10","45_physbody.js:12-13 isPhysBody / trailRendererFor；45_physbody.js:20 用 trV、seed；45_physbody.js:45 焰长 0 时调用 drawTrailHead（读 trHeadSize 等）；10_types.js:430-438,442,448 显示条件 !isPhysBody","设为 1 时本节的继承速度、阻力、扭动等和「星头」「火花（四层）」两节都隐藏；烘焙上升速度、快门跟拍、随机种子仍然有效。物理模型的燃气焰长度为 0 时，星头仍按隐藏起来的「星头」节数值画。"
"SCHEMA-266","115-trV","","trV","P.trV","P","当前效果 / 当前层 / 星头","number","烘焙上升速度","烘贴图时假设弹体匀速上升的速度；火花被甩在身后，尾迹长度主要由它决定。","命名表说明（可能滞后）；当前条件/换算来自源码，冲突见覆盖报告","物理量","m/s","m/s","[10,150,0.5]","","43.5","P => familyOf(P.type) === 'rise' && P.form === 'trail'","无字段级条件","[]","","[""type"",""form""]","本字段不在LINK_KEYS轨迹同步列表；其他条件/默认联动另见本行","不走TIMING_KEYS通用时间联动","onParam：实时模拟更新，灰度烘焙按自动/手动模式处理","","","[]","","本字段无曲线控件","","参数 / 当前层 / 星头 / 弹道 / 烘焙上升速度 [trV]","参数 / 当前层 / 星头 / 弹道 / 烘焙上升速度 [trV]","参数 / 当前层 / 星头 / 弹道 / 烘焙上升速度 [trV]","参数 / 当前层 / 星头 / 专属任务 · 弹道 / 烘焙上升速度 [trV]","当前层 P；单层 wbSnap().P，多层 wbSnap().layers[i].P。保存/另存/切效果自动草稿及配方 JSON 保存完整快照。一次拖动/输入提交/选择为一步，全资产60步；输入框内快捷键留给文本撤销。切层/发射器不清历史，打开另一效果/版本重置。行/模块/发射器恢复到打开时与恢复模板默认不同。","tool/src/js/10_types.js:725","","tool/src/js/79_workbench.js:159; tool/src/js/79_undo.js:10","42_trail.js:37 火花出生位置 (0, uV·tb)；42_trail.js:77,99 星头 y = trV·t；42_trail.js:174-178,211 sizeKeysRise = 真实位移 ÷ 面片长度；65_cascade.js:211","宜接近上升途中的典型速度（三档模板 33.7 / 43.5 / 74.7）。尾迹长度 ≈ 烘焙上升速度 ×（1 − 继承速度）× 寿命。快门跟拍时的拖影长度也和它成正比。"
"SCHEMA-267","116-trInh","","trInh","P.trInh","P","当前效果 / 当前层 / 火花共用","number","继承速度","火花出生时带走弹体速度的比例：0 = 原地留在空中，越大越跟着星头往上走。","命名表说明（可能滞后）；当前条件/换算来自源码，冲突见覆盖报告","物理量","1","1","[0,0.8,0.01]","","0.1","P => familyOf(P.type) === 'rise' && P.form === 'trail'","P => !isPhysBody(P)","[]","","[""type"",""form""]","本字段不在LINK_KEYS轨迹同步列表；其他条件/默认联动另见本行","不走TIMING_KEYS通用时间联动","onParam：实时模拟更新，灰度烘焙按自动/手动模式处理","","","[]","","本字段无曲线控件","","参数 / 当前层 / 火花共用 / 初速 / 继承速度 [trInh]","参数 / 当前层 / 火花共用 / 初速 / 继承速度 [trInh]","参数 / 当前层 / 火花共用 / 初速 / 继承速度 [trInh]","参数 / 当前层 / 火花共用 / 空间与运动 / 继承速度 [trInh]","当前层 P；单层 wbSnap().P，多层 wbSnap().layers[i].P。保存/另存/切效果自动草稿及配方 JSON 保存完整快照。一次拖动/输入提交/选择为一步，全资产60步；输入框内快捷键留给文本撤销。切层/发射器不清历史，打开另一效果/版本重置。行/模块/发射器恢复到打开时与恢复模板默认不同。","tool/src/js/10_types.js:726","","tool/src/js/79_workbench.js:159; tool/src/js/79_undo.js:10","42_trail.js:35-36 vel = (0,uV,0)·uInh·(0.6+0.8·hash)（丝状层 uWhisk 时不乘随机）","四层共用。白热 / 金色 / 橙色火花每粒再乘 0.6–1.4（均匀随机）；丝状火花不乘随机。"
"SCHEMA-268","117-trDrag","","trDrag","P.trDrag","P","当前效果 / 当前层 / 火花共用","number","阻力","火花在空气里减速的快慢（线性阻力：每秒按这个比例衰减速度）。","命名表说明（可能滞后）；当前条件/换算来自源码，冲突见覆盖报告","物理量","1/s","1/s","[0.3,10,0.05]","","3","P => familyOf(P.type) === 'rise' && P.form === 'trail'","P => !isPhysBody(P)","[]","","[""type"",""form""]","本字段不在LINK_KEYS轨迹同步列表；其他条件/默认联动另见本行","不走TIMING_KEYS通用时间联动","onParam：实时模拟更新，灰度烘焙按自动/手动模式处理","","","[]","","本字段无曲线控件","","参数 / 当前层 / 火花共用 / 受力 / 阻力 [trDrag]","参数 / 当前层 / 火花共用 / 受力 / 阻力 [trDrag]","参数 / 当前层 / 火花共用 / 受力 / 阻力 [trDrag]","参数 / 当前层 / 火花共用 / 空间与运动 / 阻力 [trDrag]","当前层 P；单层 wbSnap().P，多层 wbSnap().layers[i].P。保存/另存/切效果自动草稿及配方 JSON 保存完整快照。一次拖动/输入提交/选择为一步，全资产60步；输入框内快捷键留给文本撤销。切层/发射器不清历史，打开另一效果/版本重置。行/模块/发射器恢复到打开时与恢复模板默认不同。","tool/src/js/10_types.js:727","","tool/src/js/79_workbench.js:159; tool/src/js/79_undo.js:10","42_trail.js:37 mot(…, uK, age)，40_gl.js:122 线性阻力解析解；42_trail.js:104 uK = trDrag","四层共用。横向散开距离 ≈ 散开速度 ÷ 阻力；下坠终速 ≈ 9.81 × 火花重力 ÷ 阻力。"
"SCHEMA-269","118-trGrav","","trGrav","P.trGrav","P","当前效果 / 当前层 / 火花共用","number","重力倍率","火花受的重力倍数（1 = 真实重力）。","命名表说明（可能滞后）；当前条件/换算来自源码，冲突见覆盖报告","物理量","×","×","[0,2,0.01]","","0.3","P => familyOf(P.type) === 'rise' && P.form === 'trail'","P => !isPhysBody(P)","[]","","[""type"",""form""]","本字段不在LINK_KEYS轨迹同步列表；其他条件/默认联动另见本行","不走TIMING_KEYS通用时间联动","onParam：实时模拟更新，灰度烘焙按自动/手动模式处理","","","[]","","本字段无曲线控件","","参数 / 当前层 / 火花共用 / 受力 / 重力倍率 [trGrav]","参数 / 当前层 / 火花共用 / 受力 / 重力倍率 [trGrav]","参数 / 当前层 / 火花共用 / 受力 / 重力倍率 [trGrav]","参数 / 当前层 / 火花共用 / 空间与运动 / 重力倍率 [trGrav]","当前层 P；单层 wbSnap().P，多层 wbSnap().layers[i].P。保存/另存/切效果自动草稿及配方 JSON 保存完整快照。一次拖动/输入提交/选择为一步，全资产60步；输入框内快捷键留给文本撤销。切层/发射器不清历史，打开另一效果/版本重置。行/模块/发射器恢复到打开时与恢复模板默认不同。","tool/src/js/10_types.js:728","","tool/src/js/79_workbench.js:159; tool/src/js/79_undo.js:10","42_trail.js:104 uG = G·trGrav；42_trail.js:37 mot 重力项","四层共用；阻力大时下坠速度被限制在 9.81 × 倍数 ÷ 阻力 以内。"
"SCHEMA-270","119-trCool","","trCool","P.trCool","P","当前效果 / 当前层 / 火花共用","number","冷却倍率","火花温度随寿命下降快慢的倍数；温度越低越暗，按 Ramp 越偏橙红。","命名表说明（可能滞后）；当前条件/换算来自源码，冲突见覆盖报告","物理量","×","×","[0.3,2,0.01]","","1","P => familyOf(P.type) === 'rise' && P.form === 'trail'","P => !isPhysBody(P)","[]","","[""type"",""form""]","本字段不在LINK_KEYS轨迹同步列表；其他条件/默认联动另见本行","不走TIMING_KEYS通用时间联动","onParam：实时模拟更新，灰度烘焙按自动/手动模式处理","","","[]","","本字段无曲线控件","","参数 / 当前层 / 火花共用 / 颜色 / 冷却倍率 [trCool]","参数 / 当前层 / 火花共用 / 颜色 / 冷却倍率 [trCool]","参数 / 当前层 / 火花共用 / 颜色 / 冷却倍率 [trCool]","参数 / 当前层 / 火花共用 / 外观与颜色 / 冷却倍率 [trCool]","当前层 P；单层 wbSnap().P，多层 wbSnap().layers[i].P。保存/另存/切效果自动草稿及配方 JSON 保存完整快照。一次拖动/输入提交/选择为一步，全资产60步；输入框内快捷键留给文本撤销。切层/发射器不清历史，打开另一效果/版本重置。行/模块/发射器恢复到打开时与恢复模板默认不同。","tool/src/js/10_types.js:729","","tool/src/js/79_workbench.js:159; tool/src/js/79_undo.js:10","42_trail.js:9-15 各层初温 / 冷却；42_trail.js:63 cool = clamp(层冷却 × trCool, 0.02, 0.95)；42_trail.js:39-40 T = T0·(1 − cool·age/life)，亮度 ∝ ((T−900)/1150)³","乘在四层各自的冷却量上（白热 0.46、金色 0.42、橙色 0.34、丝状 0.6，每层最多到 0.95）。寿命最后 30% 另有渐暗到 0，与它无关。"
"SCHEMA-271","120-trIgnite","","trIgnite","P.trIgnite","P","当前效果 / 当前层 / 火花共用","number","烧旺时间","火花刚离开星头时还没烧旺，过这么久才到最亮；星头紧后面会暗一小段。","命名表说明（可能滞后）；当前条件/换算来自源码，冲突见覆盖报告","物理量","s","s","[0,0.6,0.005]","","0","P => familyOf(P.type) === 'rise' && P.form === 'trail'","P => !isPhysBody(P)","[]","","[""type"",""form""]","本字段不在LINK_KEYS轨迹同步列表；其他条件/默认联动另见本行","不走TIMING_KEYS通用时间联动","onParam：实时模拟更新，灰度烘焙按自动/手动模式处理","","","[]","","本字段无曲线控件","","参数 / 当前层 / 火花共用 / 亮度 / 烧旺时间 [trIgnite]","参数 / 当前层 / 火花共用 / 亮度 / 烧旺时间 [trIgnite]","参数 / 当前层 / 火花共用 / 亮度 / 烧旺时间 [trIgnite]","参数 / 当前层 / 火花共用 / 外观与颜色 / 烧旺时间 [trIgnite]","当前层 P；单层 wbSnap().P，多层 wbSnap().layers[i].P。保存/另存/切效果自动草稿及配方 JSON 保存完整快照。一次拖动/输入提交/选择为一步，全资产60步；输入框内快捷键留给文本撤销。切层/发射器不清历史，打开另一效果/版本重置。行/模块/发射器恢复到打开时与恢复模板默认不同。","tool/src/js/10_types.js:730","","tool/src/js/79_workbench.js:159; tool/src/js/79_undo.js:10","42_trail.js:41 I *= smoothstep(0, trIgnite·(0.6+0.8·hash), age)，只在 uWhisk<0.5 时","每粒火花的烧旺时间再乘 0.6–1.4（均匀随机）；丝状火花不受影响。和大面片「尾迹外形」里的「火花烧旺时间」同一个意思。三档模板 0 / 0.04 / 0.08。"
"SCHEMA-272","121-trTwist","","trTwist","P.trTwist","P","当前效果 / 当前层 / 星头","number","幅度","尾迹左右弯成波浪的幅度；星头本身走直线，波浪随时间沿尾迹往下流。","命名表说明（可能滞后）；当前条件/换算来自源码，冲突见覆盖报告","旧（待删）","m","m","[0,6,0.01]","","0.35","P => familyOf(P.type) === 'rise' && P.form === 'trail'","P => !isPhysBody(P)","[]","","[""type"",""form""]","本字段不在LINK_KEYS轨迹同步列表；其他条件/默认联动另见本行","不走TIMING_KEYS通用时间联动","onParam：实时模拟更新，灰度烘焙按自动/手动模式处理","","","[]","","本字段无曲线控件","","参数 / 当前层 / 星头 / 扭动 / 幅度 [trTwist]","参数 / 当前层 / 星头 / 扭动 / 幅度 [trTwist]","参数 / 当前层 / 星头 / 扭动 / 幅度 [trTwist]","参数 / 当前层 / 星头 / 专属任务 · 扭动 / 幅度 [trTwist]","当前层 P；单层 wbSnap().P，多层 wbSnap().layers[i].P。保存/另存/切效果自动草稿及配方 JSON 保存完整快照。一次拖动/输入提交/选择为一步，全资产60步；输入框内快捷键留给文本撤销。切层/发射器不清历史，打开另一效果/版本重置。行/模块/发射器恢复到打开时与恢复模板默认不同。","tool/src/js/10_types.js:731","","tool/src/js/79_workbench.js:159; tool/src/js/79_undo.js:10","42_trail.js:53-57 trailWaves [n,a],[n/2,0.45a],[2n+1,0.12a]；42_trail.js:24,38 headX 只有 x 分量；65_cascade.js:228","主波（× 1）、半频波（× 0.45）、高频波（× 0.12）叠加，最大偏移约 1.5 倍幅度。只是画面平面里的左右波浪，不是三维螺旋。"
"SCHEMA-273","122-trTwistN","","trTwistN","P.trTwistN","P","当前效果 / 当前层 / 星头","number","圈数","一个循环（64 帧 ≈ 2.13 秒）里主波浪摆几个来回；取整数，首尾才能接上。","命名表说明（可能滞后）；当前条件/换算来自源码，冲突见覆盖报告","旧（待删）","圈","圈","[1,8,1]","","5","P => familyOf(P.type) === 'rise' && P.form === 'trail'","P => !isPhysBody(P)","[]","","[""type"",""form""]","本字段不在LINK_KEYS轨迹同步列表；其他条件/默认联动另见本行","不走TIMING_KEYS通用时间联动","onParam：实时模拟更新，灰度烘焙按自动/手动模式处理","","","[]","","本字段无曲线控件","","参数 / 当前层 / 星头 / 扭动 / 圈数 [trTwistN]","参数 / 当前层 / 星头 / 扭动 / 圈数 [trTwistN]","参数 / 当前层 / 星头 / 扭动 / 圈数 [trTwistN]","参数 / 当前层 / 星头 / 专属任务 · 扭动 / 圈数 [trTwistN]","当前层 P；单层 wbSnap().P，多层 wbSnap().layers[i].P。保存/另存/切效果自动草稿及配方 JSON 保存完整快照。一次拖动/输入提交/选择为一步，全资产60步；输入框内快捷键留给文本撤销。切层/发射器不清历史，打开另一效果/版本重置。行/模块/发射器恢复到打开时与恢复模板默认不同。","tool/src/js/10_types.js:732","","tool/src/js/79_workbench.js:159; tool/src/js/79_undo.js:10","42_trail.js:51 Tp = 帧数 / 30；42_trail.js:54-56 n = round(trTwistN)，频率 n/Tp；细碎波 11+n、17+n","波长 ≈ 烘焙上升速度 × 2.13 s ÷ 圈数，默认 43.5 × 2.13 ÷ 5 ≈ 18.6 m。细碎扭动的频率也随它略变。扭动幅度为 0 时不起作用。"
"SCHEMA-274","123-trWiggle","","trWiggle","P.trWiggle","P","当前效果 / 当前层 / 星头","number","细碎扭动","叠在大波浪上的高频小弯（米），让尾迹不那么光滑规整。","命名表说明（可能滞后）；当前条件/换算来自源码，冲突见覆盖报告","旧（待删）","m","m","[0,1,0.01]","","0.08","P => familyOf(P.type) === 'rise' && P.form === 'trail'","P => !isPhysBody(P)","[]","","[""type"",""form""]","本字段不在LINK_KEYS轨迹同步列表；其他条件/默认联动另见本行","不走TIMING_KEYS通用时间联动","onParam：实时模拟更新，灰度烘焙按自动/手动模式处理","","","[]","","本字段无曲线控件","","参数 / 当前层 / 星头 / 扭动 / 细碎扭动 [trWiggle]","参数 / 当前层 / 星头 / 扭动 / 细碎扭动 [trWiggle]","参数 / 当前层 / 星头 / 扭动 / 细碎扭动 [trWiggle]","参数 / 当前层 / 星头 / 专属任务 · 扭动 / 细碎扭动 [trWiggle]","当前层 P；单层 wbSnap().P，多层 wbSnap().layers[i].P。保存/另存/切效果自动草稿及配方 JSON 保存完整快照。一次拖动/输入提交/选择为一步，全资产60步；输入框内快捷键留给文本撤销。切层/发射器不清历史，打开另一效果/版本重置。行/模块/发射器恢复到打开时与恢复模板默认不同。","tool/src/js/10_types.js:733","","tool/src/js/79_workbench.js:159; tool/src/js/79_undo.js:10","42_trail.js:56 [11+n,w],[17+n,0.7w],[29,0.4w]，相位 RNG(seed·31+5)；42_trail.js:38 同样按滞后漂上去","不是每粒火花各自随机抖，而是三组固定频率（每循环 11+圈数、17+圈数、29 次）的小波浪，幅度 × 1 / 0.7 / 0.4，相位由种子定，所以首尾仍能接上。"
"SCHEMA-275","124-trTwistLag","","trTwistLag","P.trTwistLag","P","当前效果 / 当前层 / 星头","number","滞后","火花离开星头后要多久才漂到波浪位置上；星头附近因此保持笔直。","命名表说明（可能滞后）；当前条件/换算来自源码，冲突见覆盖报告","旧（待删）","s","s","[0,1.5,0.01]","","0.35","P => familyOf(P.type) === 'rise' && P.form === 'trail'","P => !isPhysBody(P)","[]","","[""type"",""form""]","本字段不在LINK_KEYS轨迹同步列表；其他条件/默认联动另见本行","不走TIMING_KEYS通用时间联动","onParam：实时模拟更新，灰度烘焙按自动/手动模式处理","","","[]","","本字段无曲线控件","","参数 / 当前层 / 星头 / 扭动 / 滞后 [trTwistLag]","参数 / 当前层 / 星头 / 扭动 / 滞后 [trTwistLag]","参数 / 当前层 / 星头 / 扭动 / 滞后 [trTwistLag]","参数 / 当前层 / 星头 / 专属任务 · 扭动 / 滞后 [trTwistLag]","当前层 P；单层 wbSnap().P，多层 wbSnap().layers[i].P。保存/另存/切效果自动草稿及配方 JSON 保存完整快照。一次拖动/输入提交/选择为一步，全资产60步；输入框内快捷键留给文本撤销。切层/发射器不清历史，打开另一效果/版本重置。行/模块/发射器恢复到打开时与恢复模板默认不同。","tool/src/js/10_types.js:734","","tool/src/js/79_workbench.js:159; tool/src/js/79_undo.js:10","42_trail.js:38 p.x += 波形(tb) × (1 − e^(−age/lag))；42_trail.js:104 缺省 0.35","按指数逼近：离开 1 倍滞后时间时到 63% 波幅，3 倍时约 95%。扭动幅度、细碎扭动都为 0 时不起作用。"
"SCHEMA-276","125-trFollow","","trFollow","P.trFollow","P","当前效果 / 当前层 / 输出","number","快门跟拍","快门期间相机是否跟着星头走：1 = 跟拍，火花相对星头下退成短竖线；0 = 固定机位。","命名表说明（可能滞后）；当前条件/换算来自源码，冲突见覆盖报告","引擎字段","1（无量纲）","1（无量纲）","[0,1,1]","","0","P => familyOf(P.type) === 'rise' && P.form === 'trail'","无字段级条件","[]","","[""type"",""form""]","本字段不在LINK_KEYS轨迹同步列表；其他条件/默认联动另见本行","不走TIMING_KEYS通用时间联动","onParam：实时模拟更新，灰度烘焙按自动/手动模式处理","","","[]","","本字段无曲线控件","","参数 / 当前层 / 输出 / 取景 / 快门跟拍 [trFollow]","参数 / 当前层 / 输出 / 取景 / 快门跟拍 [trFollow]","参数 / 当前层 / 输出 / 取景 / 快门跟拍 [trFollow]","参数 / 当前层 / 输出 / 取景 / 快门跟拍 [trFollow]","当前层 P；单层 wbSnap().P，多层 wbSnap().layers[i].P。保存/另存/切效果自动草稿及配方 JSON 保存完整快照。一次拖动/输入提交/选择为一步，全资产60步；输入框内快捷键留给文本撤销。切层/发射器不清历史，打开另一效果/版本重置。行/模块/发射器恢复到打开时与恢复模板默认不同。","tool/src/js/10_types.js:735","","tool/src/js/79_workbench.js:159; tool/src/js/79_undo.js:10","42_trail.js:99 trFollow 时锚点 = 子帧时刻；42_trail.js:104 uStreak = trV·subW；42_trail.js:45 竖向拖影 σ = 长度/√12；50_bake.js:157,162 W = shutter × 帧时长","拖影长度 ≈ 烘焙上升速度 × 快门 × 1/30 s，要和「快门」一起看：三档模板快门 0.05，拖影只有几厘米。三档模板都是 1。"
"SCHEMA-277","126-seed","","seed","P.seed","P","当前效果 / 当前层 / 效果","number","随机种子","换一组随机数：每粒火花的方向、寿命、大小、亮度和波浪相位重新抽。","命名表说明（可能滞后）；当前条件/换算来自源码，冲突见覆盖报告","引擎字段","1（无量纲）","1（无量纲）","[1,999,1]","","7","P => familyOf(P.type) === 'rise' && P.form === 'trail'","无字段级条件","[]","","[""type"",""form""]","同批星轨迹组：当前启用联动时同步组内层；我的效果显式建组/候选推断组。可暂时关闭；组本身不在参数撤销快照。","不走TIMING_KEYS通用时间联动","onParam：实时模拟更新，灰度烘焙按自动/手动模式处理","","","[]","","本字段无曲线控件","","参数 / 当前层 / 效果 / 规格 / 随机种子 [seed]","参数 / 当前层 / 效果 / 规格 / 随机种子 [seed]","参数 / 当前层 / 效果 / 规格 / 随机种子 [seed]","参数 / 当前层 / 效果 / 规格与制作范围 / 随机种子 [seed]","当前层 P；单层 wbSnap().P，多层 wbSnap().layers[i].P。保存/另存/切效果自动草稿及配方 JSON 保存完整快照。一次拖动/输入提交/选择为一步，全资产60步；输入框内快捷键留给文本撤销。切层/发射器不清历史，打开另一效果/版本重置。行/模块/发射器恢复到打开时与恢复模板默认不同。","tool/src/js/10_types.js:736","","tool/src/js/79_workbench.js:159; tool/src/js/79_undo.js:10","42_trail.js:54 trailWaves RNG(seed·31+5)；42_trail.js:105 uSeed（40_gl.js:117 hsh）；45_physbody.js:20","和「上升」节的随机种子是同一个字段；粒子模型 = 1 时也用它。"
"SCHEMA-278","127-trHeadSize","","trHeadSize","P.trHeadSize","P","当前效果 / 当前层 / 星头","number","大小","星头亮核的直径（米，按颗粒 2σ 算）；光晕按它的倍数放大。","命名表说明（可能滞后）；当前条件/换算来自源码，冲突见覆盖报告","引擎字段","m","m","[0.03,2,0.01]","","0.26","P => isTrail(P) && !isPhysBody(P)","无字段级条件","[]","","[]","本字段不在LINK_KEYS轨迹同步列表；其他条件/默认联动另见本行","不走TIMING_KEYS通用时间联动","onParam：实时模拟更新，灰度烘焙按自动/手动模式处理","","","[]","","本字段无曲线控件","","参数 / 当前层 / 星头 / 大小 / 大小 [trHeadSize]","参数 / 当前层 / 星头 / 大小 / 大小 [trHeadSize]","参数 / 当前层 / 星头 / 大小 / 大小 [trHeadSize]","参数 / 当前层 / 星头 / 外观与颜色 / 大小 [trHeadSize]","当前层 P；单层 wbSnap().P，多层 wbSnap().layers[i].P。保存/另存/切效果自动草稿及配方 JSON 保存完整快照。一次拖动/输入提交/选择为一步，全资产60步；输入框内快捷键留给文本撤销。切层/发射器不清历史，打开另一效果/版本重置。行/模块/发射器恢复到打开时与恢复模板默认不同。","tool/src/js/10_types.js:739","","tool/src/js/79_workbench.js:159; tool/src/js/79_undo.js:10","42_trail.js:72,78-79 星头尺寸 trHeadSize、光晕 trHeadSize·trHalo；42_trail.js:163 顶端留白；20_sim.js:355 注释：3.7 尺寸 = 2σ；40_gl.js:124 σ = size/2","也决定面片顶端留白（≥ 星头大小 × 光晕倍数 × 0.9）。三档模板 0.09 / 0.12 / 0.08。"
"SCHEMA-279","128-trHeadBright","","trHeadBright","P.trHeadBright","P","当前效果 / 当前层 / 星头","number","亮度","星头亮核和光晕的亮度倍数，自带 ±12% 的周期性闪烁。","命名表说明（可能滞后）；当前条件/换算来自源码，冲突见覆盖报告","物理量","×","×","[0,4,0.05]","","1.2","P => isTrail(P) && !isPhysBody(P)","无字段级条件","[]","","[]","本字段不在LINK_KEYS轨迹同步列表；其他条件/默认联动另见本行","不走TIMING_KEYS通用时间联动","onParam：实时模拟更新，灰度烘焙按自动/手动模式处理","","","[]","","本字段无曲线控件","","参数 / 当前层 / 星头 / 亮度 / 亮度 [trHeadBright]","参数 / 当前层 / 星头 / 亮度 / 亮度 [trHeadBright]","参数 / 当前层 / 星头 / 亮度 / 亮度 [trHeadBright]","参数 / 当前层 / 星头 / 外观与颜色 / 亮度 [trHeadBright]","当前层 P；单层 wbSnap().P，多层 wbSnap().layers[i].P。保存/另存/切效果自动草稿及配方 JSON 保存完整快照。一次拖动/输入提交/选择为一步，全资产60步；输入框内快捷键留给文本撤销。切层/发射器不清历史，打开另一效果/版本重置。行/模块/发射器恢复到打开时与恢复模板默认不同。","tool/src/js/10_types.js:740","","tool/src/js/79_workbench.js:159; tool/src/js/79_undo.js:10","42_trail.js:78-79 强度 trHeadBright × 闪烁；50_bake.js:189 eH = autoExpo(星头层) × P.headBright（不是 trHeadBright）→ 整体缩放被抵消；80_render.js:225 实时模拟用上次烘焙的 expoH；42_trail.js:136-153 取景阈值按星头 + 火花合计","尾缀序列（3.7 渲染）导出时星头单独自动曝光，只调这个值，贴图里的星头亮度基本不变（只在实时模拟里、重新烘焙前看得出），还可能间接影响取景（星头越亮，尾端暗火花越容易被判成看不见而裁掉）。尾缀序列界面上目前没有能调星头与尾迹明暗比例的有效参数。"
"SCHEMA-280","129-trHalo","","trHalo","P.trHalo","P","当前效果 / 当前层 / 星头","number","大小","星头外面那圈柔光的直径，是星头大小的几倍。","命名表说明（可能滞后）；当前条件/换算来自源码，冲突见覆盖报告","引擎字段","×","×","[1,8,0.1]","","3","P => isTrail(P) && !isPhysBody(P)","无字段级条件","[]","","[]","本字段不在LINK_KEYS轨迹同步列表；其他条件/默认联动另见本行","不走TIMING_KEYS通用时间联动","onParam：实时模拟更新，灰度烘焙按自动/手动模式处理","","","[]","","本字段无曲线控件","","参数 / 当前层 / 星头 / 光晕 / 大小 [trHalo]","参数 / 当前层 / 星头 / 光晕 / 大小 [trHalo]","参数 / 当前层 / 星头 / 光晕 / 大小 [trHalo]","参数 / 当前层 / 星头 / 外观与颜色 / 大小 [trHalo]","当前层 P；单层 wbSnap().P，多层 wbSnap().layers[i].P。保存/另存/切效果自动草稿及配方 JSON 保存完整快照。一次拖动/输入提交/选择为一步，全资产60步；输入框内快捷键留给文本撤销。切层/发射器不清历史，打开另一效果/版本重置。行/模块/发射器恢复到打开时与恢复模板默认不同。","tool/src/js/10_types.js:741","","tool/src/js/79_workbench.js:159; tool/src/js/79_undo.js:10","42_trail.js:79 光晕强度 = trHeadBright·trHaloBright·trHalo²、尺寸 trHeadSize·trHalo，renderVersion<40 才画；42_trail.js:163","光晕总光量按 倍数² 放大，所以中心亮度只由「光晕亮度」决定。光晕只在 3.7 渲染里画（尾缀序列目前都是 3.7）。"
"SCHEMA-281","130-trHaloBright","","trHaloBright","P.trHaloBright","P","当前效果 / 当前层 / 星头","number","亮度","光晕中心的亮度，是星头亮核中心亮度的几分之几。","命名表说明（可能滞后）；当前条件/换算来自源码，冲突见覆盖报告","引擎字段","×","×","[0,1,0.01]","","0.15","P => isTrail(P) && !isPhysBody(P)","无字段级条件","[]","","[]","本字段不在LINK_KEYS轨迹同步列表；其他条件/默认联动另见本行","不走TIMING_KEYS通用时间联动","onParam：实时模拟更新，灰度烘焙按自动/手动模式处理","","","[]","","本字段无曲线控件","","参数 / 当前层 / 星头 / 光晕 / 亮度 [trHaloBright]","参数 / 当前层 / 星头 / 光晕 / 亮度 [trHaloBright]","参数 / 当前层 / 星头 / 光晕 / 亮度 [trHaloBright]","参数 / 当前层 / 星头 / 外观与颜色 / 亮度 [trHaloBright]","当前层 P；单层 wbSnap().P，多层 wbSnap().layers[i].P。保存/另存/切效果自动草稿及配方 JSON 保存完整快照。一次拖动/输入提交/选择为一步，全资产60步；输入框内快捷键留给文本撤销。切层/发射器不清历史，打开另一效果/版本重置。行/模块/发射器恢复到打开时与恢复模板默认不同。","tool/src/js/10_types.js:742","","tool/src/js/79_workbench.js:159; tool/src/js/79_undo.js:10","42_trail.js:79 总光量 × trHalo² 抵消面积 → 光晕中心 = trHaloBright × 亮核中心","和亮核一起自动曝光，改的是光晕相对亮核的比例，导出后有效。"
"SCHEMA-282","131-trFRate","","trFRate","P.trFRate","P","当前效果 / 当前层 / 白热火花","number","生成速率","星头后面连续白亮段的细火花，每秒喷出多少粒。","命名表说明（可能滞后）；当前条件/换算来自源码，冲突见覆盖报告","物理量","个/秒","个/秒","[0,20000,10]","","2600","P => isTrail(P) && !isPhysBody(P)","无字段级条件","[]","","[]","本字段不在LINK_KEYS轨迹同步列表；其他条件/默认联动另见本行","不走TIMING_KEYS通用时间联动","onParam：实时模拟更新，灰度烘焙按自动/手动模式处理","","","[]","","本字段无曲线控件","","参数 / 当前层 / 白热火花 / 生成 / 生成速率 [trFRate]","参数 / 当前层 / 白热火花 / 生成 / 生成速率 [trFRate]","参数 / 当前层 / 白热火花 / 生成 / 生成速率 [trFRate]","参数 / 当前层 / 白热火花 / 时序与数量 / 生成速率 [trFRate]","当前层 P；单层 wbSnap().P，多层 wbSnap().layers[i].P。保存/另存/切效果自动草稿及配方 JSON 保存完整快照。一次拖动/输入提交/选择为一步，全资产60步；输入框内快捷键留给文本撤销。切层/发射器不清历史，打开另一效果/版本重置。行/模块/发射器恢复到打开时与恢复模板默认不同。","tool/src/js/10_types.js:745","","tool/src/js/79_workbench.js:159; tool/src/js/79_undo.js:10","42_trail.js:11 trF：T0 2520 K、冷却 0.46；42_trail.js:61-63 Mp = round(rate·Tp)，rate ≤ 0 整层跳过","为了首尾无缝，按每循环整数粒取整（2600/秒 ≈ 每循环 5547 粒）。初温 2520 K、冷却 0.46，白热段长度 ≈ 烘焙上升速度 × 寿命。"
"SCHEMA-283","132-trFLife","","trFLife","P.trFLife","P","当前效果 / 当前层 / 白热火花","number","寿命","每粒白热火花从喷出到熄灭的时间，决定白热段有多长。","命名表说明（可能滞后）；当前条件/换算来自源码，冲突见覆盖报告","物理量","s","s","[0.03,2,0.01]","","0.6","P => isTrail(P) && !isPhysBody(P)","无字段级条件","[]","","[]","本字段不在LINK_KEYS轨迹同步列表；其他条件/默认联动另见本行","不走TIMING_KEYS通用时间联动","onParam：实时模拟更新，灰度烘焙按自动/手动模式处理","","","[]","","本字段无曲线控件","","参数 / 当前层 / 白热火花 / 寿命 / 寿命 [trFLife]","参数 / 当前层 / 白热火花 / 寿命 / 寿命 [trFLife]","参数 / 当前层 / 白热火花 / 寿命 / 寿命 [trFLife]","参数 / 当前层 / 白热火花 / 时序与数量 / 寿命 [trFLife]","当前层 P；单层 wbSnap().P，多层 wbSnap().layers[i].P。保存/另存/切效果自动草稿及配方 JSON 保存完整快照。一次拖动/输入提交/选择为一步，全资产60步；输入框内快捷键留给文本撤销。切层/发射器不清历史，打开另一效果/版本重置。行/模块/发射器恢复到打开时与恢复模板默认不同。","tool/src/js/10_types.js:745","","tool/src/js/79_workbench.js:159; tool/src/js/79_undo.js:10","42_trail.js:32 life = uLife·clamp(exp(0.3·gss),0.55,1.35)；42_trail.js:40 末 30% 渐暗；42_trail.js:63 Mw 槽位 ∝ rate·life","每粒自带寿命随机：× e^(0.3 × 正态)，限制在 0.55–1.35 倍；寿命最后 30% 渐暗到 0。"
"SCHEMA-284","133-trFSpread","","trFSpread","P.trFSpread","P","当前效果 / 当前层 / 白热火花","number","速度随机","白热火花喷出时随机散开的速度，决定这一层有多粗。","命名表说明（可能滞后）；当前条件/换算来自源码，冲突见覆盖报告","物理量","m/s","m/s","[0,6,0.01]","","0.45","P => isTrail(P) && !isPhysBody(P)","无字段级条件","[]","","[]","本字段不在LINK_KEYS轨迹同步列表；其他条件/默认联动另见本行","不走TIMING_KEYS通用时间联动","onParam：实时模拟更新，灰度烘焙按自动/手动模式处理","","","[]","正态分布：每粒火花在三个方向上各取 σ = 散开速度 的随机速度（0.45 = 约 2/3 的火花每个方向在 ±0.45 m/s 内）。","本字段无曲线控件","","参数 / 当前层 / 白热火花 / 初速 / 速度随机 [trFSpread]","参数 / 当前层 / 白热火花 / 初速 / 速度随机 [trFSpread]","参数 / 当前层 / 白热火花 / 初速 / 速度随机 [trFSpread]","参数 / 当前层 / 白热火花 / 空间与运动 / 速度随机 [trFSpread]","当前层 P；单层 wbSnap().P，多层 wbSnap().layers[i].P。保存/另存/切效果自动草稿及配方 JSON 保存完整快照。一次拖动/输入提交/选择为一步，全资产60步；输入框内快捷键留给文本撤销。切层/发射器不清历史，打开另一效果/版本重置。行/模块/发射器恢复到打开时与恢复模板默认不同。","tool/src/js/10_types.js:745","","tool/src/js/79_workbench.js:159; tool/src/js/79_undo.js:10","42_trail.js:34,36 dir = 三个独立正态，vel = 继承速度 + dir·uSpread","横向散开距离 ≈ 散开速度 ÷ 火花阻力（默认 0.45 ÷ 3 ≈ 0.15 m）。"
"SCHEMA-285","134-trFSize","","trFSize","P.trFSize","P","当前效果 / 当前层 / 白热火花","number","大小","每粒白热火花颗粒的直径（米，按颗粒 2σ 算）。","命名表说明（可能滞后）；当前条件/换算来自源码，冲突见覆盖报告","引擎字段","m","m","[0.02,1,0.005]","","0.1","P => isTrail(P) && !isPhysBody(P)","无字段级条件","[]","","[]","本字段不在LINK_KEYS轨迹同步列表；其他条件/默认联动另见本行","不走TIMING_KEYS通用时间联动","onParam：实时模拟更新，灰度烘焙按自动/手动模式处理","","","[]","","本字段无曲线控件","","参数 / 当前层 / 白热火花 / 大小 / 大小 [trFSize]","参数 / 当前层 / 白热火花 / 大小 / 大小 [trFSize]","参数 / 当前层 / 白热火花 / 大小 / 大小 [trFSize]","参数 / 当前层 / 白热火花 / 外观与颜色 / 大小 [trFSize]","当前层 P；单层 wbSnap().P，多层 wbSnap().layers[i].P。保存/另存/切效果自动草稿及配方 JSON 保存完整快照。一次拖动/输入提交/选择为一步，全资产60步；输入框内快捷键留给文本撤销。切层/发射器不清历史，打开另一效果/版本重置。行/模块/发射器恢复到打开时与恢复模板默认不同。","tool/src/js/10_types.js:745","","tool/src/js/79_workbench.js:159; tool/src/js/79_undo.js:10","42_trail.js:45 size·(0.7+0.6·hash)；40_gl.js:124 σ = max(size/2 × 像素/米, 0.55 像素)","每粒再乘 0.7–1.3（均匀随机）。小到不足约一个像素时按最小颗粒画，再小也看不出区别。"
"SCHEMA-286","135-trFBright","","trFBright","P.trFBright","P","当前效果 / 当前层 / 白热火花","number","亮度","白热火花的亮度倍数；实际亮度还乘温度（越热越亮）和寿命末段渐暗。","命名表说明（可能滞后）；当前条件/换算来自源码，冲突见覆盖报告","物理量","×","×","[0,0.5,0.001]","","0.03","P => isTrail(P) && !isPhysBody(P)","无字段级条件","[]","","[]","本字段不在LINK_KEYS轨迹同步列表；其他条件/默认联动另见本行","不走TIMING_KEYS通用时间联动","onParam：实时模拟更新，灰度烘焙按自动/手动模式处理","","","[]","","本字段无曲线控件","","参数 / 当前层 / 白热火花 / 亮度 / 亮度 [trFBright]","参数 / 当前层 / 白热火花 / 亮度 / 亮度 [trFBright]","参数 / 当前层 / 白热火花 / 亮度 / 亮度 [trFBright]","参数 / 当前层 / 白热火花 / 外观与颜色 / 亮度 [trFBright]","当前层 P；单层 wbSnap().P，多层 wbSnap().layers[i].P。保存/另存/切效果自动草稿及配方 JSON 保存完整快照。一次拖动/输入提交/选择为一步，全资产60步；输入框内快捷键留给文本撤销。切层/发射器不清历史，打开另一效果/版本重置。行/模块/发射器恢复到打开时与恢复模板默认不同。","tool/src/js/10_types.js:745","","tool/src/js/79_workbench.js:159; tool/src/js/79_undo.js:10","42_trail.js:40 I = glowOf(T)·uBright·(0.55+0.9·hash)·末段渐暗；50_bake.js:190 eT = autoExpo(火花层)，四层同一个曝光","每粒再乘 0.55–1.45（均匀随机）。导出时四层火花一起自动曝光：四层同时调大调小，贴图看不出变化，只有层与层之间的比例有效。"
"SCHEMA-287","136-trMRate","","trMRate","P.trMRate","P","当前效果 / 当前层 / 金火花","number","生成速率","尾迹中段一团团的金色火花，每秒喷出多少粒。","命名表说明（可能滞后）；当前条件/换算来自源码，冲突见覆盖报告","物理量","个/秒","个/秒","[0,8000,10]","","600","P => isTrail(P) && !isPhysBody(P)","无字段级条件","[]","","[]","本字段不在LINK_KEYS轨迹同步列表；其他条件/默认联动另见本行","不走TIMING_KEYS通用时间联动","onParam：实时模拟更新，灰度烘焙按自动/手动模式处理","","","[]","","本字段无曲线控件","","参数 / 当前层 / 金火花 / 生成 / 生成速率 [trMRate]","参数 / 当前层 / 金火花 / 生成 / 生成速率 [trMRate]","参数 / 当前层 / 金火花 / 生成 / 生成速率 [trMRate]","参数 / 当前层 / 金火花 / 时序与数量 / 生成速率 [trMRate]","当前层 P；单层 wbSnap().P，多层 wbSnap().layers[i].P。保存/另存/切效果自动草稿及配方 JSON 保存完整快照。一次拖动/输入提交/选择为一步，全资产60步；输入框内快捷键留给文本撤销。切层/发射器不清历史，打开另一效果/版本重置。行/模块/发射器恢复到打开时与恢复模板默认不同。","tool/src/js/10_types.js:746","","tool/src/js/79_workbench.js:159; tool/src/js/79_undo.js:10","42_trail.js:12 trM：T0 2260 K、冷却 0.42；42_trail.js:61-63 Mp = round(rate·Tp)，rate ≤ 0 整层跳过","为了首尾无缝，按每循环整数粒取整（600/秒 ≈ 每循环 1280 粒）。初温 2260 K、冷却 0.42，比白热火花凉，所以偏金。"
"SCHEMA-288","137-trMLife","","trMLife","P.trMLife","P","当前效果 / 当前层 / 金火花","number","寿命","每粒金色火花的寿命，决定金色段往下拖多长。","命名表说明（可能滞后）；当前条件/换算来自源码，冲突见覆盖报告","物理量","s","s","[0.05,3,0.01]","","0.75","P => isTrail(P) && !isPhysBody(P)","无字段级条件","[]","","[]","本字段不在LINK_KEYS轨迹同步列表；其他条件/默认联动另见本行","不走TIMING_KEYS通用时间联动","onParam：实时模拟更新，灰度烘焙按自动/手动模式处理","","","[]","","本字段无曲线控件","","参数 / 当前层 / 金火花 / 寿命 / 寿命 [trMLife]","参数 / 当前层 / 金火花 / 寿命 / 寿命 [trMLife]","参数 / 当前层 / 金火花 / 寿命 / 寿命 [trMLife]","参数 / 当前层 / 金火花 / 时序与数量 / 寿命 [trMLife]","当前层 P；单层 wbSnap().P，多层 wbSnap().layers[i].P。保存/另存/切效果自动草稿及配方 JSON 保存完整快照。一次拖动/输入提交/选择为一步，全资产60步；输入框内快捷键留给文本撤销。切层/发射器不清历史，打开另一效果/版本重置。行/模块/发射器恢复到打开时与恢复模板默认不同。","tool/src/js/10_types.js:746","","tool/src/js/79_workbench.js:159; tool/src/js/79_undo.js:10","42_trail.js:32 life = uLife·clamp(exp(0.3·gss),0.55,1.35)；42_trail.js:40 末 30% 渐暗；42_trail.js:63 Mw 槽位 ∝ rate·life","每粒自带寿命随机：× e^(0.3 × 正态)，限制在 0.55–1.35 倍；寿命最后 30% 渐暗到 0。"
"SCHEMA-289","138-trMSpread","","trMSpread","P.trMSpread","P","当前效果 / 当前层 / 金火花","number","速度随机","金色火花喷出时随机散开的速度，决定这一层有多粗。","命名表说明（可能滞后）；当前条件/换算来自源码，冲突见覆盖报告","物理量","m/s","m/s","[0,8,0.01]","","0.8","P => isTrail(P) && !isPhysBody(P)","无字段级条件","[]","","[]","本字段不在LINK_KEYS轨迹同步列表；其他条件/默认联动另见本行","不走TIMING_KEYS通用时间联动","onParam：实时模拟更新，灰度烘焙按自动/手动模式处理","","","[]","正态分布：每粒火花在三个方向上各取 σ = 散开速度 的随机速度（0.8 = 约 2/3 的火花每个方向在 ±0.8 m/s 内）。","本字段无曲线控件","","参数 / 当前层 / 金火花 / 初速 / 速度随机 [trMSpread]","参数 / 当前层 / 金火花 / 初速 / 速度随机 [trMSpread]","参数 / 当前层 / 金火花 / 初速 / 速度随机 [trMSpread]","参数 / 当前层 / 金火花 / 空间与运动 / 速度随机 [trMSpread]","当前层 P；单层 wbSnap().P，多层 wbSnap().layers[i].P。保存/另存/切效果自动草稿及配方 JSON 保存完整快照。一次拖动/输入提交/选择为一步，全资产60步；输入框内快捷键留给文本撤销。切层/发射器不清历史，打开另一效果/版本重置。行/模块/发射器恢复到打开时与恢复模板默认不同。","tool/src/js/10_types.js:746","","tool/src/js/79_workbench.js:159; tool/src/js/79_undo.js:10","42_trail.js:34,36 dir = 三个独立正态，vel = 继承速度 + dir·uSpread","横向散开距离 ≈ 散开速度 ÷ 火花阻力（默认 0.8 ÷ 3 ≈ 0.27 m）。"
"SCHEMA-290","139-trMSize","","trMSize","P.trMSize","P","当前效果 / 当前层 / 金火花","number","大小","每粒金色火花颗粒的直径（米，按颗粒 2σ 算）。","命名表说明（可能滞后）；当前条件/换算来自源码，冲突见覆盖报告","引擎字段","m","m","[0.02,1,0.005]","","0.14","P => isTrail(P) && !isPhysBody(P)","无字段级条件","[]","","[]","本字段不在LINK_KEYS轨迹同步列表；其他条件/默认联动另见本行","不走TIMING_KEYS通用时间联动","onParam：实时模拟更新，灰度烘焙按自动/手动模式处理","","","[]","","本字段无曲线控件","","参数 / 当前层 / 金火花 / 大小 / 大小 [trMSize]","参数 / 当前层 / 金火花 / 大小 / 大小 [trMSize]","参数 / 当前层 / 金火花 / 大小 / 大小 [trMSize]","参数 / 当前层 / 金火花 / 外观与颜色 / 大小 [trMSize]","当前层 P；单层 wbSnap().P，多层 wbSnap().layers[i].P。保存/另存/切效果自动草稿及配方 JSON 保存完整快照。一次拖动/输入提交/选择为一步，全资产60步；输入框内快捷键留给文本撤销。切层/发射器不清历史，打开另一效果/版本重置。行/模块/发射器恢复到打开时与恢复模板默认不同。","tool/src/js/10_types.js:746","","tool/src/js/79_workbench.js:159; tool/src/js/79_undo.js:10","42_trail.js:45 size·(0.7+0.6·hash)；40_gl.js:124 σ = max(size/2 × 像素/米, 0.55 像素)","每粒再乘 0.7–1.3（均匀随机）。小到不足约一个像素时按最小颗粒画，再小也看不出区别。"
"SCHEMA-291","140-trMBright","","trMBright","P.trMBright","P","当前效果 / 当前层 / 金火花","number","亮度","金色火花的亮度倍数；实际亮度还乘温度（越热越亮）和寿命末段渐暗。","命名表说明（可能滞后）；当前条件/换算来自源码，冲突见覆盖报告","物理量","×","×","[0,0.5,0.001]","","0.05","P => isTrail(P) && !isPhysBody(P)","无字段级条件","[]","","[]","本字段不在LINK_KEYS轨迹同步列表；其他条件/默认联动另见本行","不走TIMING_KEYS通用时间联动","onParam：实时模拟更新，灰度烘焙按自动/手动模式处理","","","[]","","本字段无曲线控件","","参数 / 当前层 / 金火花 / 亮度 / 亮度 [trMBright]","参数 / 当前层 / 金火花 / 亮度 / 亮度 [trMBright]","参数 / 当前层 / 金火花 / 亮度 / 亮度 [trMBright]","参数 / 当前层 / 金火花 / 外观与颜色 / 亮度 [trMBright]","当前层 P；单层 wbSnap().P，多层 wbSnap().layers[i].P。保存/另存/切效果自动草稿及配方 JSON 保存完整快照。一次拖动/输入提交/选择为一步，全资产60步；输入框内快捷键留给文本撤销。切层/发射器不清历史，打开另一效果/版本重置。行/模块/发射器恢复到打开时与恢复模板默认不同。","tool/src/js/10_types.js:746","","tool/src/js/79_workbench.js:159; tool/src/js/79_undo.js:10","42_trail.js:40 I = glowOf(T)·uBright·(0.55+0.9·hash)·末段渐暗；50_bake.js:190 eT = autoExpo(火花层)，四层同一个曝光","每粒再乘 0.55–1.45（均匀随机）。导出时四层火花一起自动曝光：四层同时调大调小，贴图看不出变化，只有层与层之间的比例有效。"
"SCHEMA-292","141-trCRate","","trCRate","P.trCRate","P","当前效果 / 当前层 / 橙色火花","number","生成速率","尾迹末段一颗颗的大颗橙色火花，每秒喷出多少粒。","命名表说明（可能滞后）；当前条件/换算来自源码，冲突见覆盖报告","物理量","个/秒","个/秒","[0,3000,5]","","60","P => isTrail(P) && !isPhysBody(P)","无字段级条件","[]","","[]","本字段不在LINK_KEYS轨迹同步列表；其他条件/默认联动另见本行","不走TIMING_KEYS通用时间联动","onParam：实时模拟更新，灰度烘焙按自动/手动模式处理","","","[]","","本字段无曲线控件","","参数 / 当前层 / 橙色火花 / 生成 / 生成速率 [trCRate]","参数 / 当前层 / 橙色火花 / 生成 / 生成速率 [trCRate]","参数 / 当前层 / 橙色火花 / 生成 / 生成速率 [trCRate]","参数 / 当前层 / 橙色火花 / 时序与数量 / 生成速率 [trCRate]","当前层 P；单层 wbSnap().P，多层 wbSnap().layers[i].P。保存/另存/切效果自动草稿及配方 JSON 保存完整快照。一次拖动/输入提交/选择为一步，全资产60步；输入框内快捷键留给文本撤销。切层/发射器不清历史，打开另一效果/版本重置。行/模块/发射器恢复到打开时与恢复模板默认不同。","tool/src/js/10_types.js:747","","tool/src/js/79_workbench.js:159; tool/src/js/79_undo.js:10","42_trail.js:13 trC：T0 2090 K、冷却 0.34；42_trail.js:61-63 Mp = round(rate·Tp)，rate ≤ 0 整层跳过","为了首尾无缝，按每循环整数粒取整（60/秒 ≈ 每循环 128 粒）。初温 2090 K、冷却 0.34，冷却最慢，所以偏橙、能亮到尾迹很远处。"
"SCHEMA-293","142-trCLife","","trCLife","P.trCLife","P","当前效果 / 当前层 / 橙色火花","number","寿命","每粒橙色火花的寿命，决定末段橙点拖到多远。","命名表说明（可能滞后）；当前条件/换算来自源码，冲突见覆盖报告","物理量","s","s","[0.05,4,0.01]","","0.9","P => isTrail(P) && !isPhysBody(P)","无字段级条件","[]","","[]","本字段不在LINK_KEYS轨迹同步列表；其他条件/默认联动另见本行","不走TIMING_KEYS通用时间联动","onParam：实时模拟更新，灰度烘焙按自动/手动模式处理","","","[]","","本字段无曲线控件","","参数 / 当前层 / 橙色火花 / 寿命 / 寿命 [trCLife]","参数 / 当前层 / 橙色火花 / 寿命 / 寿命 [trCLife]","参数 / 当前层 / 橙色火花 / 寿命 / 寿命 [trCLife]","参数 / 当前层 / 橙色火花 / 时序与数量 / 寿命 [trCLife]","当前层 P；单层 wbSnap().P，多层 wbSnap().layers[i].P。保存/另存/切效果自动草稿及配方 JSON 保存完整快照。一次拖动/输入提交/选择为一步，全资产60步；输入框内快捷键留给文本撤销。切层/发射器不清历史，打开另一效果/版本重置。行/模块/发射器恢复到打开时与恢复模板默认不同。","tool/src/js/10_types.js:747","","tool/src/js/79_workbench.js:159; tool/src/js/79_undo.js:10","42_trail.js:32 life = uLife·clamp(exp(0.3·gss),0.55,1.35)；42_trail.js:40 末 30% 渐暗；42_trail.js:63 Mw 槽位 ∝ rate·life","每粒自带寿命随机：× e^(0.3 × 正态)，限制在 0.55–1.35 倍；寿命最后 30% 渐暗到 0。"
"SCHEMA-294","143-trCSpread","","trCSpread","P.trCSpread","P","当前效果 / 当前层 / 橙色火花","number","速度随机","橙色火花喷出时随机散开的速度，决定这一层有多粗。","命名表说明（可能滞后）；当前条件/换算来自源码，冲突见覆盖报告","物理量","m/s","m/s","[0,10,0.01]","","1.2","P => isTrail(P) && !isPhysBody(P)","无字段级条件","[]","","[]","本字段不在LINK_KEYS轨迹同步列表；其他条件/默认联动另见本行","不走TIMING_KEYS通用时间联动","onParam：实时模拟更新，灰度烘焙按自动/手动模式处理","","","[]","正态分布：每粒火花在三个方向上各取 σ = 散开速度 的随机速度（1.2 = 约 2/3 的火花每个方向在 ±1.2 m/s 内）。","本字段无曲线控件","","参数 / 当前层 / 橙色火花 / 初速 / 速度随机 [trCSpread]","参数 / 当前层 / 橙色火花 / 初速 / 速度随机 [trCSpread]","参数 / 当前层 / 橙色火花 / 初速 / 速度随机 [trCSpread]","参数 / 当前层 / 橙色火花 / 空间与运动 / 速度随机 [trCSpread]","当前层 P；单层 wbSnap().P，多层 wbSnap().layers[i].P。保存/另存/切效果自动草稿及配方 JSON 保存完整快照。一次拖动/输入提交/选择为一步，全资产60步；输入框内快捷键留给文本撤销。切层/发射器不清历史，打开另一效果/版本重置。行/模块/发射器恢复到打开时与恢复模板默认不同。","tool/src/js/10_types.js:747","","tool/src/js/79_workbench.js:159; tool/src/js/79_undo.js:10","42_trail.js:34,36 dir = 三个独立正态，vel = 继承速度 + dir·uSpread","横向散开距离 ≈ 散开速度 ÷ 火花阻力（默认 1.2 ÷ 3 ≈ 0.40 m）。"
"SCHEMA-295","144-trCSize","","trCSize","P.trCSize","P","当前效果 / 当前层 / 橙色火花","number","大小","每粒橙色火花颗粒的直径（米，按颗粒 2σ 算）。","命名表说明（可能滞后）；当前条件/换算来自源码，冲突见覆盖报告","引擎字段","m","m","[0.02,1.5,0.005]","","0.18","P => isTrail(P) && !isPhysBody(P)","无字段级条件","[]","","[]","本字段不在LINK_KEYS轨迹同步列表；其他条件/默认联动另见本行","不走TIMING_KEYS通用时间联动","onParam：实时模拟更新，灰度烘焙按自动/手动模式处理","","","[]","","本字段无曲线控件","","参数 / 当前层 / 橙色火花 / 大小 / 大小 [trCSize]","参数 / 当前层 / 橙色火花 / 大小 / 大小 [trCSize]","参数 / 当前层 / 橙色火花 / 大小 / 大小 [trCSize]","参数 / 当前层 / 橙色火花 / 外观与颜色 / 大小 [trCSize]","当前层 P；单层 wbSnap().P，多层 wbSnap().layers[i].P。保存/另存/切效果自动草稿及配方 JSON 保存完整快照。一次拖动/输入提交/选择为一步，全资产60步；输入框内快捷键留给文本撤销。切层/发射器不清历史，打开另一效果/版本重置。行/模块/发射器恢复到打开时与恢复模板默认不同。","tool/src/js/10_types.js:747","","tool/src/js/79_workbench.js:159; tool/src/js/79_undo.js:10","42_trail.js:45 size·(0.7+0.6·hash)；40_gl.js:124 σ = max(size/2 × 像素/米, 0.55 像素)","每粒再乘 0.7–1.3（均匀随机）。小到不足约一个像素时按最小颗粒画，再小也看不出区别。"
"SCHEMA-296","145-trCBright","","trCBright","P.trCBright","P","当前效果 / 当前层 / 橙色火花","number","亮度","橙色火花的亮度倍数；实际亮度还乘温度（越热越亮）和寿命末段渐暗。","命名表说明（可能滞后）；当前条件/换算来自源码，冲突见覆盖报告","物理量","×","×","[0,1,0.001]","","0.12","P => isTrail(P) && !isPhysBody(P)","无字段级条件","[]","","[]","本字段不在LINK_KEYS轨迹同步列表；其他条件/默认联动另见本行","不走TIMING_KEYS通用时间联动","onParam：实时模拟更新，灰度烘焙按自动/手动模式处理","","","[]","","本字段无曲线控件","","参数 / 当前层 / 橙色火花 / 亮度 / 亮度 [trCBright]","参数 / 当前层 / 橙色火花 / 亮度 / 亮度 [trCBright]","参数 / 当前层 / 橙色火花 / 亮度 / 亮度 [trCBright]","参数 / 当前层 / 橙色火花 / 外观与颜色 / 亮度 [trCBright]","当前层 P；单层 wbSnap().P，多层 wbSnap().layers[i].P。保存/另存/切效果自动草稿及配方 JSON 保存完整快照。一次拖动/输入提交/选择为一步，全资产60步；输入框内快捷键留给文本撤销。切层/发射器不清历史，打开另一效果/版本重置。行/模块/发射器恢复到打开时与恢复模板默认不同。","tool/src/js/10_types.js:747","","tool/src/js/79_workbench.js:159; tool/src/js/79_undo.js:10","42_trail.js:40 I = glowOf(T)·uBright·(0.55+0.9·hash)·末段渐暗；50_bake.js:190 eT = autoExpo(火花层)，四层同一个曝光","每粒再乘 0.55–1.45（均匀随机）。导出时四层火花一起自动曝光：四层同时调大调小，贴图看不出变化，只有层与层之间的比例有效。"
"SCHEMA-297","146-trWRate","","trWRate","P.trWRate","P","当前效果 / 当前层 / 丝状火花","number","生成速率","从星头向四周甩出的细丝状火花（大型礼花），每秒喷出多少粒。","命名表说明（可能滞后）；当前条件/换算来自源码，冲突见覆盖报告","物理量","个/秒","个/秒","[0,3000,5]","","0","P => isTrail(P) && !isPhysBody(P)","无字段级条件","[]","","[]","本字段不在LINK_KEYS轨迹同步列表；其他条件/默认联动另见本行","不走TIMING_KEYS通用时间联动","onParam：实时模拟更新，灰度烘焙按自动/手动模式处理","","","[]","","本字段无曲线控件","","参数 / 当前层 / 丝状火花 / 生成 / 生成速率 [trWRate]","参数 / 当前层 / 丝状火花 / 生成 / 生成速率 [trWRate]","参数 / 当前层 / 丝状火花 / 生成 / 生成速率 [trWRate]","参数 / 当前层 / 丝状火花 / 时序与数量 / 生成速率 [trWRate]","当前层 P；单层 wbSnap().P，多层 wbSnap().layers[i].P。保存/另存/切效果自动草稿及配方 JSON 保存完整快照。一次拖动/输入提交/选择为一步，全资产60步；输入框内快捷键留给文本撤销。切层/发射器不清历史，打开另一效果/版本重置。行/模块/发射器恢复到打开时与恢复模板默认不同。","tool/src/js/10_types.js:748","","tool/src/js/79_workbench.js:159; tool/src/js/79_undo.js:10","42_trail.js:14 trW：T0 2620 K、冷却 0.6、丝状；42_trail.js:61-63 Mp = round(rate·Tp)，rate ≤ 0 整层跳过","默认 0（关），三档模板只有大档开（260/秒）。初温 2620 K、冷却 0.6：最热、冷却最快，所以是星头周围一圈短亮丝。不受「火花烧旺时间」影响。"
"SCHEMA-298","147-trWLife","","trWLife","P.trWLife","P","当前效果 / 当前层 / 丝状火花","number","寿命","每粒丝状火花的寿命，决定细丝有多长。","命名表说明（可能滞后）；当前条件/换算来自源码，冲突见覆盖报告","物理量","s","s","[0.03,0.6,0.01]","","0.12","P => isTrail(P) && !isPhysBody(P)","无字段级条件","[]","","[]","本字段不在LINK_KEYS轨迹同步列表；其他条件/默认联动另见本行","不走TIMING_KEYS通用时间联动","onParam：实时模拟更新，灰度烘焙按自动/手动模式处理","","","[]","","本字段无曲线控件","","参数 / 当前层 / 丝状火花 / 寿命 / 寿命 [trWLife]","参数 / 当前层 / 丝状火花 / 寿命 / 寿命 [trWLife]","参数 / 当前层 / 丝状火花 / 寿命 / 寿命 [trWLife]","参数 / 当前层 / 丝状火花 / 时序与数量 / 寿命 [trWLife]","当前层 P；单层 wbSnap().P，多层 wbSnap().layers[i].P。保存/另存/切效果自动草稿及配方 JSON 保存完整快照。一次拖动/输入提交/选择为一步，全资产60步；输入框内快捷键留给文本撤销。切层/发射器不清历史，打开另一效果/版本重置。行/模块/发射器恢复到打开时与恢复模板默认不同。","tool/src/js/10_types.js:748","","tool/src/js/79_workbench.js:159; tool/src/js/79_undo.js:10","42_trail.js:32 life = uLife·clamp(exp(0.3·gss),0.55,1.35)；42_trail.js:40 末 30% 渐暗；42_trail.js:63 Mw 槽位 ∝ rate·life","每粒自带寿命随机：× e^(0.3 × 正态)，限制在 0.55–1.35 倍；寿命最后 30% 渐暗到 0。"
"SCHEMA-299","148-trWSpread","","trWSpread","P.trWSpread","P","当前效果 / 当前层 / 丝状火花","number","甩出速度","丝状火花向随机方向甩出去的速度。","命名表说明（可能滞后）；当前条件/换算来自源码，冲突见覆盖报告","物理量","m/s","m/s","[0,40,0.1]","","14","P => isTrail(P) && !isPhysBody(P)","无字段级条件","[]","","[]","本字段不在LINK_KEYS轨迹同步列表；其他条件/默认联动另见本行","不走TIMING_KEYS通用时间联动","onParam：实时模拟更新，灰度烘焙按自动/手动模式处理","","","[]","方向完全随机（各方向均匀）；速度 = 甩出速度 × 0.5–1.4（均匀），每粒火花各取一次。","本字段无曲线控件","","参数 / 当前层 / 丝状火花 / 初速 / 甩出速度 [trWSpread]","参数 / 当前层 / 丝状火花 / 初速 / 甩出速度 [trWSpread]","参数 / 当前层 / 丝状火花 / 初速 / 甩出速度 [trWSpread]","参数 / 当前层 / 丝状火花 / 空间与运动 / 甩出速度 [trWSpread]","当前层 P；单层 wbSnap().P，多层 wbSnap().layers[i].P。保存/另存/切效果自动草稿及配方 JSON 保存完整快照。一次拖动/输入提交/选择为一步，全资产60步；输入框内快捷键留给文本撤销。切层/发射器不清历史，打开另一效果/版本重置。行/模块/发射器恢复到打开时与恢复模板默认不同。","tool/src/js/10_types.js:748","","tool/src/js/79_workbench.js:159; tool/src/js/79_undo.js:10","42_trail.js:35 uWhisk 时 vel = (0,uV,0)·uInh + normalize(dir)·uSpread·(0.5+0.9·hash)","和其他三层的「散开速度」不同：这里是整体速度大小，不是每个方向的 σ。细丝长度 ≈ 甩出速度 × 寿命（默认 14 × 0.12 ≈ 1.7 m，阻力再缩短一些）。"
"SCHEMA-300","149-trWSize","","trWSize","P.trWSize","P","当前效果 / 当前层 / 丝状火花","number","大小","每粒丝状火花颗粒的直径（米，按颗粒 2σ 算）。","命名表说明（可能滞后）；当前条件/换算来自源码，冲突见覆盖报告","引擎字段","m","m","[0.02,0.5,0.005]","","0.06","P => isTrail(P) && !isPhysBody(P)","无字段级条件","[]","","[]","本字段不在LINK_KEYS轨迹同步列表；其他条件/默认联动另见本行","不走TIMING_KEYS通用时间联动","onParam：实时模拟更新，灰度烘焙按自动/手动模式处理","","","[]","","本字段无曲线控件","","参数 / 当前层 / 丝状火花 / 大小 / 大小 [trWSize]","参数 / 当前层 / 丝状火花 / 大小 / 大小 [trWSize]","参数 / 当前层 / 丝状火花 / 大小 / 大小 [trWSize]","参数 / 当前层 / 丝状火花 / 外观与颜色 / 大小 [trWSize]","当前层 P；单层 wbSnap().P，多层 wbSnap().layers[i].P。保存/另存/切效果自动草稿及配方 JSON 保存完整快照。一次拖动/输入提交/选择为一步，全资产60步；输入框内快捷键留给文本撤销。切层/发射器不清历史，打开另一效果/版本重置。行/模块/发射器恢复到打开时与恢复模板默认不同。","tool/src/js/10_types.js:748","","tool/src/js/79_workbench.js:159; tool/src/js/79_undo.js:10","42_trail.js:45 size·(0.7+0.6·hash)；40_gl.js:124 σ = max(size/2 × 像素/米, 0.55 像素)","每粒再乘 0.7–1.3（均匀随机）。小到不足约一个像素时按最小颗粒画，再小也看不出区别。"
"SCHEMA-301","150-trWBright","","trWBright","P.trWBright","P","当前效果 / 当前层 / 丝状火花","number","亮度","丝状火花的亮度倍数；实际亮度还乘温度（越热越亮）和寿命末段渐暗。","命名表说明（可能滞后）；当前条件/换算来自源码，冲突见覆盖报告","物理量","×","×","[0,0.5,0.001]","","0.06","P => isTrail(P) && !isPhysBody(P)","无字段级条件","[]","","[]","本字段不在LINK_KEYS轨迹同步列表；其他条件/默认联动另见本行","不走TIMING_KEYS通用时间联动","onParam：实时模拟更新，灰度烘焙按自动/手动模式处理","","","[]","","本字段无曲线控件","","参数 / 当前层 / 丝状火花 / 亮度 / 亮度 [trWBright]","参数 / 当前层 / 丝状火花 / 亮度 / 亮度 [trWBright]","参数 / 当前层 / 丝状火花 / 亮度 / 亮度 [trWBright]","参数 / 当前层 / 丝状火花 / 外观与颜色 / 亮度 [trWBright]","当前层 P；单层 wbSnap().P，多层 wbSnap().layers[i].P。保存/另存/切效果自动草稿及配方 JSON 保存完整快照。一次拖动/输入提交/选择为一步，全资产60步；输入框内快捷键留给文本撤销。切层/发射器不清历史，打开另一效果/版本重置。行/模块/发射器恢复到打开时与恢复模板默认不同。","tool/src/js/10_types.js:748","","tool/src/js/79_workbench.js:159; tool/src/js/79_undo.js:10","42_trail.js:40 I = glowOf(T)·uBright·(0.55+0.9·hash)·末段渐暗；50_bake.js:190 eT = autoExpo(火花层)，四层同一个曝光","每粒再乘 0.55–1.45（均匀随机）。导出时四层火花一起自动曝光：四层同时调大调小，贴图看不出变化，只有层与层之间的比例有效。"
"SCHEMA-302","151-trBright","","trBright","P.trBright","P","当前效果 / 当前层 / 输出","number","引擎亮度倍数","引擎里 Color Over Life 乘的亮度倍数，不改贴图，只改游戏里整条尾缀多亮。","命名表说明（可能滞后）；当前条件/换算来自源码，冲突见覆盖报告","引擎字段","×","×","[0.2,5,0.05]","","1.6","P => familyOf(P.type) === 'rise' && P.form === 'trail'","无字段级条件","[]","","[""type"",""form""]","本字段不在LINK_KEYS轨迹同步列表；其他条件/默认联动另见本行","不走TIMING_KEYS通用时间联动","onParam：实时模拟更新，灰度烘焙按自动/手动模式处理","","","[]","","本字段无曲线控件","","参数 / 当前层 / 输出 / 曝光光晕 / 引擎亮度倍数 [trBright]","参数 / 当前层 / 输出 / 曝光光晕 / 引擎亮度倍数 [trBright]","参数 / 当前层 / 输出 / 曝光光晕 / 引擎亮度倍数 [trBright]","参数 / 当前层 / 输出 / 曝光光晕 / 引擎亮度倍数 [trBright]","当前层 P；单层 wbSnap().P，多层 wbSnap().layers[i].P。保存/另存/切效果自动草稿及配方 JSON 保存完整快照。一次拖动/输入提交/选择为一步，全资产60步；输入框内快捷键留给文本撤销。切层/发射器不清历史，打开另一效果/版本重置。行/模块/发射器恢复到打开时与恢复模板默认不同。","tool/src/js/10_types.js:751","","tool/src/js/79_workbench.js:159; tool/src/js/79_undo.js:10","66_fwlcascade.js:59,72,90 fwlColor(M,T,0,trBright)；65_cascade.js:227,236；80_render.js:98 回放 headInt × trBright","三档模板 ×1 / ×1.6 / ×2.5，保留大小档的强弱差别。烘焙器的「引擎回放」也按它显示。"
"SCHEMA-303","152-trExport4K","","trExport4K","P.trExport4K","P","当前效果 / 当前层 / 输出","select","导出 4K 母版","导出时是否另烘一套两倍边长的母版贴图（默认 4096×4096），文件名带 _4K。","命名表说明（可能滞后）；当前条件/换算来自源码，冲突见覆盖报告","引擎字段","选项","选项","","[[1,""同时导出 4096×4096""],[0,""只导出 2K""]]","1","P => familyOf(P.type) === 'rise' && P.form === 'trail'","无字段级条件","[]","","[""type"",""form""]","本字段不在LINK_KEYS轨迹同步列表；其他条件/默认联动另见本行","不走TIMING_KEYS通用时间联动","onParam：实时模拟更新，灰度烘焙按自动/手动模式处理","","","[]","","本字段无曲线控件","","参数 / 当前层 / 输出 / 贴图 / 导出 4K 母版 [trExport4K]","参数 / 当前层 / 输出 / 贴图 / 导出 4K 母版 [trExport4K]","参数 / 当前层 / 输出 / 贴图 / 导出 4K 母版 [trExport4K]","参数 / 当前层 / 输出 / 贴图 / 导出 4K 母版 [trExport4K]","当前层 P；单层 wbSnap().P，多层 wbSnap().layers[i].P。保存/另存/切效果自动草稿及配方 JSON 保存完整快照。一次拖动/输入提交/选择为一步，全资产60步；输入框内快捷键留给文本撤销。切层/发射器不清历史，打开另一效果/版本重置。行/模块/发射器恢复到打开时与恢复模板默认不同。","tool/src/js/10_types.js:752","","tool/src/js/79_workbench.js:159; tool/src/js/79_undo.js:10","60_export.js:237-241 form=trail 且 trExport4K 时 bake(P, 2) 另出 _4K 文件；90_events.js:153 本机任务同；65_cascade.js:45；66_fwlcascade.js:54 cascade.json 只引用 Loop / Fade","4K 是按当前贴图尺寸的 2 倍重新烘一遍，内容一样、细节更多；正常尺寸看「贴图尺寸」设置。"
"SCHEMA-304","153-phView","","phView","P.phView","P","当前效果 / 当前层 / 输出","number","视野高度","画面从上到下对应多少米；镜头跟着星头走，开花后停在开花点。","命名表说明（可能滞后）；当前条件/换算来自源码，冲突见覆盖报告","旧（待删）","m","m","[20,400,1]","","","P => familyOf(P.type) === 'rise' && P.form === 'phys'","无字段级条件","[]","","[""type"",""form""]","本字段不在LINK_KEYS轨迹同步列表；其他条件/默认联动另见本行","不走TIMING_KEYS通用时间联动","onParam：实时模拟更新，灰度烘焙按自动/手动模式处理","","","[]","","本字段无曲线控件","","参数 / 当前层 / 输出 / 镜头 / 视野高度 [phView]","参数 / 当前层 / 输出 / 镜头 / 视野高度 [phView]","参数 / 当前层 / 输出 / 镜头 / 视野高度 [phView]","参数 / 当前层 / 输出 / 镜头 / 视野高度 [phView]","当前层 P；单层 wbSnap().P，多层 wbSnap().layers[i].P。保存/另存/切效果自动草稿及配方 JSON 保存完整快照。一次拖动/输入提交/选择为一步，全资产60步；输入框内快捷键留给文本撤销。切层/发射器不清历史，打开另一效果/版本重置。行/模块/发射器恢复到打开时与恢复模板默认不同。","tool/src/js/10_types.js:755","","tool/src/js/79_workbench.js:159; tool/src/js/79_undo.js:10","43_phystrail.js:113-116 physView 半高 h = phView/2、中心跟星头 head(t)（:108 t>phT 后停在开花点）；80_render.js:193-196 sceneView 用它，:195 游戏比例显示也按 phView。BASE 无；配方 S/M/L = 110/120/140。","实拍对照面板按同一比例跟拍；不改变粒子本身。只在物理尾缀（物理 小 / 中 / 大）显示。"
"SCHEMA-305","154-phHead","","phHead","P.phHead","P","当前效果 / 当前层 / 输出","number","星头位置","星头离画面顶边多远，按视野高度的比例算（0.2 = 离顶 1/5）。","命名表说明（可能滞后）；当前条件/换算来自源码，冲突见覆盖报告","旧（待删）","1（无量纲）","1（无量纲）","[0.05,0.6,0.01]","","","P => familyOf(P.type) === 'rise' && P.form === 'phys'","无字段级条件","[]","","[""type"",""form""]","本字段不在LINK_KEYS轨迹同步列表；其他条件/默认联动另见本行","不走TIMING_KEYS通用时间联动","onParam：实时模拟更新，灰度烘焙按自动/手动模式处理","","","[]","","本字段无曲线控件","","参数 / 当前层 / 输出 / 镜头 / 星头位置 [phHead]","参数 / 当前层 / 输出 / 镜头 / 星头位置 [phHead]","参数 / 当前层 / 输出 / 镜头 / 星头位置 [phHead]","参数 / 当前层 / 输出 / 镜头 / 星头位置 [phHead]","当前层 P；单层 wbSnap().P，多层 wbSnap().layers[i].P。保存/另存/切效果自动草稿及配方 JSON 保存完整快照。一次拖动/输入提交/选择为一步，全资产60步；输入框内快捷键留给文本撤销。切层/发射器不清历史，打开另一效果/版本重置。行/模块/发射器恢复到打开时与恢复模板默认不同。","tool/src/js/10_types.js:756","","tool/src/js/79_workbench.js:159; tool/src/js/79_undo.js:10","43_phystrail.js:115 cy = 星头 z − h(1 − 2·phHead) → 画面顶边 = 星头 z + phHead × phView。BASE 无；配方三档 0.2。","和视野高度一起决定画面里能看到多长的尾迹。只在物理尾缀显示。"
"SCHEMA-306","155-phExpo","","phExpo","P.phExpo","P","当前效果 / 当前层 / 输出","number","曝光倍数","在按参考视频标定好的相机曝光上再乘的倍数，只改画面明暗。","命名表说明（可能滞后）；当前条件/换算来自源码，冲突见覆盖报告","旧（待删）","×","×","[0.1,8,0.05]","","","P => familyOf(P.type) === 'rise' && P.form === 'phys'","无字段级条件","[]","","[""type"",""form""]","本字段不在LINK_KEYS轨迹同步列表；其他条件/默认联动另见本行","不走TIMING_KEYS通用时间联动","onParam：实时模拟更新，灰度烘焙按自动/手动模式处理","","","[]","","本字段无曲线控件","","参数 / 当前层 / 输出 / 镜头 / 曝光倍数 [phExpo]","参数 / 当前层 / 输出 / 镜头 / 曝光倍数 [phExpo]","参数 / 当前层 / 输出 / 镜头 / 曝光倍数 [phExpo]","参数 / 当前层 / 输出 / 镜头 / 曝光倍数 [phExpo]","当前层 P；单层 wbSnap().P，多层 wbSnap().layers[i].P。保存/另存/切效果自动草稿及配方 JSON 保存完整快照。一次拖动/输入提交/选择为一步，全资产60步；输入框内快捷键留给文本撤销。切层/发射器不清历史，打开另一效果/版本重置。行/模块/发射器恢复到打开时与恢复模板默认不同。","tool/src/js/10_types.js:757","","tool/src/js/79_workbench.js:159; tool/src/js/79_undo.js:10","43_phystrail.js:126-129 physBake：曝光 = phE × 0.4545²/4 × phExpo → meta.expoH/expoT；80_render.js:224-225 renderVer 37（物理尾缀默认）时用 expoH；40_gl.js:59 灰度 = 1−exp(−E·I) 再查 Ramp。BASE 无；配方三档 1。","标定曝光（phE，每个配方不同）不在面板上。颜色按曝光后的亮度查 Ramp，所以颜色也会跟着变。曝光只用来和实拍对照测量，不能靠它把效果「调得像」。"
"SCHEMA-307","156-phV0","","phV0","P.phV0","P","当前效果 / 当前层 / 星头","number","出膛速度","弹体离开炮筒时的速度，决定上升多快、开花前尾迹拉多长。","命名表说明（可能滞后）；当前条件/换算来自源码，冲突见覆盖报告","旧（待删）","m/s","m/s","[40,200,0.5]","","","P => isPhys(P) || isPhysBody(P)","P => familyOf(P.type) === 'rise' && P.form === 'phys'","[]","","[""type"",""form""]","本字段不在LINK_KEYS轨迹同步列表；其他条件/默认联动另见本行","不走TIMING_KEYS通用时间联动","onParam：实时模拟更新，灰度烘焙按自动/手动模式处理","","","[]","","本字段无曲线控件","","参数 / 当前层 / 星头 / 弹道 / 出膛速度 [phV0]","参数 / 当前层 / 星头 / 弹道 / 出膛速度 [phV0]","参数 / 当前层 / 星头 / 弹道 / 出膛速度 [phV0]","参数 / 当前层 / 星头 / 专属任务 · 弹道 / 出膛速度 [phV0]","当前层 P；单层 wbSnap().P，多层 wbSnap().layers[i].P。保存/另存/切效果自动草稿及配方 JSON 保存完整快照。一次拖动/输入提交/选择为一步，全资产60步；输入框内快捷键留给文本撤销。切层/发射器不清历史，打开另一效果/版本重置。行/模块/发射器恢复到打开时与恢复模板默认不同。","tool/src/js/10_types.js:760","","tool/src/js/79_workbench.js:159; tool/src/js/79_undo.js:10","43_phystrail.js:36 ba = atan(v0·√(k/g))，:43-47 shell() 二次阻力上升段解析弹道；10_types.js:464 cond = isPhys。BASE 无；配方 S/M/L = 96.9/122.2/119。","只在物理尾缀显示（尾缀序列用「上升速度」trV）。和弹体阻力、开花时刻一起决定开花高度（中档 122 m/s、k 0.00247、4.44 s → 约 282 m）。"
"SCHEMA-308","157-phK","","phK","P.phK","P","当前效果 / 当前层 / 星头","number","阻力","弹体受的空气阻力，按速度平方算：减速度 = g + k × 速度²。","命名表说明（可能滞后）；当前条件/换算来自源码，冲突见覆盖报告","旧（待删）","1/m","1/m","[0.0005,0.01,0.00005]","","","P => isPhys(P) || isPhysBody(P)","P => familyOf(P.type) === 'rise' && P.form === 'phys'","[]","","[""type"",""form""]","本字段不在LINK_KEYS轨迹同步列表；其他条件/默认联动另见本行","不走TIMING_KEYS通用时间联动","onParam：实时模拟更新，灰度烘焙按自动/手动模式处理","","","[]","","本字段无曲线控件","","参数 / 当前层 / 星头 / 弹道 / 阻力 [phK]","参数 / 当前层 / 星头 / 弹道 / 阻力 [phK]","参数 / 当前层 / 星头 / 弹道 / 阻力 [phK]","参数 / 当前层 / 星头 / 专属任务 · 弹道 / 阻力 [phK]","当前层 P；单层 wbSnap().P，多层 wbSnap().layers[i].P。保存/另存/切效果自动草稿及配方 JSON 保存完整快照。一次拖动/输入提交/选择为一步，全资产60步；输入框内快捷键留给文本撤销。切层/发射器不清历史，打开另一效果/版本重置。行/模块/发射器恢复到打开时与恢复模板默认不同。","tool/src/js/10_types.js:761","","tool/src/js/79_workbench.js:159; tool/src/js/79_undo.js:10","43_phystrail.js:36,44-45 ph = ba − √(gk)·s，vz = √(g/k)·tan(ph)，z = ln(cos ph / cos ba)/k（上升段解析解，ph 截在 ±1.5，过顶后不真实）；10_types.js:465 cond isPhys。BASE 无；配方 0.00274/0.00247/0.00244（到顶约 6.2/7.0/7.0 s）。","k = 0.0025 时，100 m/s 下阻力减速约 25 m/s²（≈ 2.5 g）。开花时刻要早于到顶时间（中档约 7 s）：过顶后公式不是真实的下落。只在物理尾缀显示。"
"SCHEMA-309","158-phT","","phT","P.phT","P","当前效果 / 当前层 / 星头","number","开花时刻","出膛后第几秒开花：尾迹只在这之前喷，序列时长 = 它 + 3.5 秒。","命名表说明（可能滞后）；当前条件/换算来自源码，冲突见覆盖报告","旧（待删）","s","s","[1,10,0.05]","","","P => isPhys(P) || isPhysBody(P)","P => familyOf(P.type) === 'rise' && P.form === 'phys'","[]","","[""type"",""form""]","本字段不在LINK_KEYS轨迹同步列表；其他条件/默认联动另见本行","不走TIMING_KEYS通用时间联动","onParam：实时模拟更新，灰度烘焙按自动/手动模式处理","","","[]","","本字段无曲线控件","","参数 / 当前层 / 星头 / 弹道 / 开花时刻 [phT]","参数 / 当前层 / 星头 / 弹道 / 开花时刻 [phT]","参数 / 当前层 / 星头 / 弹道 / 开花时刻 [phT]","参数 / 当前层 / 星头 / 专属任务 · 弹道 / 开花时刻 [phT]","当前层 P；单层 wbSnap().P，多层 wbSnap().layers[i].P。保存/另存/切效果自动草稿及配方 JSON 保存完整快照。一次拖动/输入提交/选择为一步，全资产60步；输入框内快捷键留给文本撤销。切层/发射器不清历史，打开另一效果/版本重置。行/模块/发射器恢复到打开时与恢复模板默认不同。","tool/src/js/10_types.js:762","","tool/src/js/79_workbench.js:159; tool/src/js/79_undo.js:10","43_phystrail.js:49-55 火星只在 [0, phT) 出生；:98 t>phT 不画焰；:108 head 截在 phT；70_ui.js:32 duration = phT + 3.5。BASE 无；配方 5.9/4.44/6.4。","开花本身不画：到点后星头焰熄灭、镜头停在开花点，已喷出的火花继续燃尽。要早于到顶时间（见弹体阻力）。只在物理尾缀显示。"
"SCHEMA-310","159-phWob","","phWob","P.phWob","P","当前效果 / 当前层 / 星头","number","摆动","弹体飞行时偏离直线的幅度；喷出的火花把它冻成尾迹上的大波浪。","命名表说明（可能滞后）；当前条件/换算来自源码，冲突见覆盖报告","旧（待删）","m","m","[0,3,0.01]","","","P => isPhys(P) || isPhysBody(P)","无字段级条件","[]","","[]","本字段不在LINK_KEYS轨迹同步列表；其他条件/默认联动另见本行","不走TIMING_KEYS通用时间联动","onParam：实时模拟更新，灰度烘焙按自动/手动模式处理","","","[]","","本字段无曲线控件","","参数 / 当前层 / 星头 / 弹道 / 摆动 [phWob]","参数 / 当前层 / 星头 / 弹道 / 摆动 [phWob]","参数 / 当前层 / 星头 / 弹道 / 摆动 [phWob]","参数 / 当前层 / 星头 / 专属任务 · 弹道 / 摆动 [phWob]","当前层 P；单层 wbSnap().P，多层 wbSnap().layers[i].P。保存/另存/切效果自动草稿及配方 JSON 保存完整快照。一次拖动/输入提交/选择为一步，全资产60步；输入框内快捷键留给文本撤销。切层/发射器不清历史，打开另一效果/版本重置。行/模块/发射器恢复到打开时与恢复模板默认不同。","tool/src/js/10_types.js:763","","tool/src/js/79_workbench.js:159; tool/src/js/79_undo.js:10","43_phystrail.js:34,40 wob = phWob × Σ sin(2πz/L + φ)，physModes :27 按 RMS 归一，x、y 两轴；45_physbody.js:22-28 按周期取整数个波（RMS 同样 = phWob）。BASE 无；配方 S/M 0.3、L 1.0；V5 物理条目 0.15。","数值是均方根幅度（前后方向也摆，但侧视画面只看得到左右）；波长固定 45 / 67 / 97 m（phWobL，不在面板上）。尾缀序列里波长取整到每个循环整数个波，保证首尾相接。"
"SCHEMA-311","160-phSpinF","","phSpinF","P.phSpinF","P","当前效果 / 当前层 / 星头","number","转速","弹体每秒自转几圈；喷出火花的横向速度方向跟着自转一起转。","命名表说明（可能滞后）；当前条件/换算来自源码，冲突见覆盖报告","旧（待删）","转/秒","转/秒","[0,20,0.1]","","","P => isPhys(P) || isPhysBody(P)","无字段级条件","[]","","[]","本字段不在LINK_KEYS轨迹同步列表；其他条件/默认联动另见本行","不走TIMING_KEYS通用时间联动","onParam：实时模拟更新，灰度烘焙按自动/手动模式处理","","","[]","","本字段无曲线控件","","参数 / 当前层 / 星头 / 自转 / 转速 [phSpinF]","参数 / 当前层 / 星头 / 自转 / 转速 [phSpinF]","参数 / 当前层 / 星头 / 自转 / 转速 [phSpinF]","参数 / 当前层 / 星头 / 专属任务 · 自转 / 转速 [phSpinF]","当前层 P；单层 wbSnap().P，多层 wbSnap().layers[i].P。保存/另存/切效果自动草稿及配方 JSON 保存完整快照。一次拖动/输入提交/选择为一步，全资产60步；输入框内快捷键留给文本撤销。切层/发射器不清历史，打开另一效果/版本重置。行/模块/发射器恢复到打开时与恢复模板默认不同。","tool/src/js/10_types.js:764","","tool/src/js/79_workbench.js:159; tool/src/js/79_undo.js:10","43_phystrail.js:61-64 ang = 2π·phSpinF·tb，横向速度 phSpinA·(cos·e1 + sin·e2)；45_physbody.js:29 取整到每周期整数圈，:68 只用 cos。BASE 无；配方三档 9。","要和「自转甩出速度」一起看：甩出速度为 0 时转速不起作用。纹路波长 ≈ 弹体速度 ÷ 每秒圈数（100 m/s、9 圈 → 约 11 m）。尾缀序列里取整到每个循环整数圈。"
"SCHEMA-312","161-phSpinA","","phSpinA","P.phSpinA","P","当前效果 / 当前层 / 星头","number","甩出速度","弹体转着喷，每颗火花额外带的横向速度，方向随自转转动，形成细碎螺旋纹。","命名表说明（可能滞后）；当前条件/换算来自源码，冲突见覆盖报告","旧（待删）","m/s","m/s","[0,8,0.05]","","","P => isPhys(P) || isPhysBody(P)","无字段级条件","[]","","[]","本字段不在LINK_KEYS轨迹同步列表；其他条件/默认联动另见本行","不走TIMING_KEYS通用时间联动","onParam：实时模拟更新，灰度烘焙按自动/手动模式处理","","","[]","","本字段无曲线控件","","参数 / 当前层 / 星头 / 自转 / 甩出速度 [phSpinA]","参数 / 当前层 / 星头 / 自转 / 甩出速度 [phSpinA]","参数 / 当前层 / 星头 / 自转 / 甩出速度 [phSpinA]","参数 / 当前层 / 星头 / 专属任务 · 自转 / 甩出速度 [phSpinA]","当前层 P；单层 wbSnap().P，多层 wbSnap().layers[i].P。保存/另存/切效果自动草稿及配方 JSON 保存完整快照。一次拖动/输入提交/选择为一步，全资产60步；输入框内快捷键留给文本撤销。切层/发射器不清历史，打开另一效果/版本重置。行/模块/发射器恢复到打开时与恢复模板默认不同。","tool/src/js/10_types.js:765","","tool/src/js/79_workbench.js:159; tool/src/js/79_undo.js:10","43_phystrail.js:62-64 am = phSpinA，v += am·(cos ang·e1 + sin ang·e2)；45_physbody.js:68 vx0 += phSpinA·cos(ang)。BASE 无；配方 4.51/2.91/3.26；V5 物理条目 0.96 等。","频率由「弹体转速」定。物理尾缀里是三维螺旋；尾缀序列（物理粒子）里只取画面左右方向的分量。"
"SCHEMA-313","162-phWind","","phWind","P.phWind","P","当前效果 / 当前层 / 效果","number","风速","水平风速，正数向右：火花出生后被风慢慢带着漂，弹体本身不受风。","命名表说明（可能滞后）；当前条件/换算来自源码，冲突见覆盖报告","旧（待删）","m/s","m/s","[-8,8,0.05]","","","P => isPhys(P) || isPhysBody(P)","无字段级条件","[]","","[]","本字段不在LINK_KEYS轨迹同步列表；其他条件/默认联动另见本行","不走TIMING_KEYS通用时间联动","onParam：实时模拟更新，灰度烘焙按自动/手动模式处理","","","[]","","本字段无曲线控件","","参数 / 当前层 / 效果 / 环境 / 风速 [phWind]","参数 / 当前层 / 效果 / 环境 / 风速 [phWind]","参数 / 当前层 / 效果 / 环境 / 风速 [phWind]","参数 / 当前层 / 效果 / 环境与运动 / 风速 [phWind]","当前层 P；单层 wbSnap().P，多层 wbSnap().layers[i].P。保存/另存/切效果自动草稿及配方 JSON 保存完整快照。一次拖动/输入提交/选择为一步，全资产60步；输入框内快捷键留给文本撤销。切层/发射器不清历史，打开另一效果/版本重置。行/模块/发射器恢复到打开时与恢复模板默认不同。","tool/src/js/10_types.js:766","","tool/src/js/79_workbench.js:159; tool/src/js/79_undo.js:10","43_phystrail.js:65 air = phWind + turb + N·phJit，:84-85 位置按线性阻力向 air 靠拢；45_physbody.js:70 同。BASE 无；配方 −2/−2.5/−2.15。","漂得多快还看各层阻力：阻力大的火花几乎立刻跟上风速。弹道本身的倾斜由配方里的隐藏量（phLeanA/B）决定，不受风影响。"
"SCHEMA-314","163-phTurb","","phTurb","P.phTurb","P","当前效果 / 当前层 / 效果","number","冻结湍流","随高度变、不随时间变的横风起伏：每颗火花按出生高度领到一个风速偏差。","命名表说明（可能滞后）；当前条件/换算来自源码，冲突见覆盖报告","旧（待删）","m/s","m/s","[0,1.5,0.01]","","","P => isPhys(P) || isPhysBody(P)","无字段级条件","[]","","[]","本字段不在LINK_KEYS轨迹同步列表；其他条件/默认联动另见本行","不走TIMING_KEYS通用时间联动","onParam：实时模拟更新，灰度烘焙按自动/手动模式处理","","","[]","","本字段无曲线控件","","参数 / 当前层 / 效果 / 环境 / 冻结湍流 [phTurb]","参数 / 当前层 / 效果 / 环境 / 冻结湍流 [phTurb]","参数 / 当前层 / 效果 / 环境 / 冻结湍流 [phTurb]","参数 / 当前层 / 效果 / 环境与运动 / 冻结湍流 [phTurb]","当前层 P；单层 wbSnap().P，多层 wbSnap().layers[i].P。保存/另存/切效果自动草稿及配方 JSON 保存完整快照。一次拖动/输入提交/选择为一步，全资产60步；输入框内快捷键留给文本撤销。切层/发射器不清历史，打开另一效果/版本重置。行/模块/发射器恢复到打开时与恢复模板默认不同。","tool/src/js/10_types.js:767","","tool/src/js/79_workbench.js:159; tool/src/js/79_undo.js:10","43_phystrail.js:35,41 turb(z) = phTurb × Σ a·sin(2πz/L+φ)，9 个波长（6–67 m 对数均分）、a ∝ L^(1/3)、RMS 归一；:65 只用 x 轴；45_physbody.js:27 只 2 个波、按出生时刻取。BASE 无；配方三档 0.22。","数值是均方根风速，只改左右方向；空间尺度 6–67 m（phTurbL，不在面板上），大尺度更强。尾缀序列里只用 6 m 和 67 m 两个波，并按循环取整。"
"SCHEMA-315","164-seed","","seed","P.seed","P","当前效果 / 当前层 / 效果","number","随机种子","换一组随机数：火花出生时刻、方向、寿命和波浪相位都换一套，整体风格不变。","命名表说明（可能滞后）；当前条件/换算来自源码，冲突见覆盖报告","引擎字段","1（无量纲）","1（无量纲）","[1,999,1]","","7","P => isPhys(P) || isPhysBody(P)","无字段级条件","[]","","[]","同批星轨迹组：当前启用联动时同步组内层；我的效果显式建组/候选推断组。可暂时关闭；组本身不在参数撤销快照。","不走TIMING_KEYS通用时间联动","onParam：实时模拟更新，灰度烘焙按自动/手动模式处理","","","[]","","本字段无曲线控件","","参数 / 当前层 / 效果 / 规格 / 随机种子 [seed]","参数 / 当前层 / 效果 / 规格 / 随机种子 [seed]","参数 / 当前层 / 效果 / 规格 / 随机种子 [seed]","参数 / 当前层 / 效果 / 规格与制作范围 / 随机种子 [seed]","当前层 P；单层 wbSnap().P，多层 wbSnap().layers[i].P。保存/另存/切效果自动草稿及配方 JSON 保存完整快照。一次拖动/输入提交/选择为一步，全资产60步；输入框内快捷键留给文本撤销。切层/发射器不清历史，打开另一效果/版本重置。行/模块/发射器恢复到打开时与恢复模板默认不同。","tool/src/js/10_types.js:768","","tool/src/js/79_workbench.js:159; tool/src/js/79_undo.js:10","43_phystrail.js:33-35,50 波浪、湍流、各层火星的 RNG 都由 seed 派生；45_physbody.js:20,27,34 同。BASE seed = 7（10_types.js:37）。","和其他节里的「随机种子」是同一个参数。配方：小 5 / 中 7 / 大 9。"
"SCHEMA-316","165-phFlL0","","phFlL0","P.phFlL0","P","当前效果 / 当前层 / 星头","number","基础长度","星头泪滴形燃气焰在速度为 0 时的长度；实际长度 = 它 + 系数 × 速度。","命名表说明（可能滞后）；当前条件/换算来自源码，冲突见覆盖报告","旧（待删）","m","m","[0,8,0.05]","","","P => isPhys(P) || isPhysBody(P)","无字段级条件","[]","","[]","本字段不在LINK_KEYS轨迹同步列表；其他条件/默认联动另见本行","不走TIMING_KEYS通用时间联动","onParam：实时模拟更新，灰度烘焙按自动/手动模式处理","","","[]","","本字段无曲线控件","","参数 / 当前层 / 星头 / 燃气焰 / 基础长度 [phFlL0]","参数 / 当前层 / 星头 / 燃气焰 / 基础长度 [phFlL0]","参数 / 当前层 / 星头 / 燃气焰 / 基础长度 [phFlL0]","参数 / 当前层 / 星头 / 专属任务 · 燃气焰 / 基础长度 [phFlL0]","当前层 P；单层 wbSnap().P，多层 wbSnap().layers[i].P。保存/另存/切效果自动草稿及配方 JSON 保存完整快照。一次拖动/输入提交/选择为一步，全资产60步；输入框内快捷键留给文本撤销。切层/发射器不清历史，打开另一效果/版本重置。行/模块/发射器恢复到打开时与恢复模板默认不同。","tool/src/js/10_types.js:771","","tool/src/js/79_workbench.js:159; tool/src/js/79_undo.js:10","43_phystrail.js:99 L = phFlL0 + phFlLv × 弹体速度，48 个点沿速度反方向排开；45_physbody.js:44-45 flL ≤ 1e-3 时走 drawTrailHead（V5 圆点，用 trHeadSize 等，10_types.js:442 该节对 isPhysBody 隐藏）。BASE 无；配方 1.8；V5 物理条目 0。","尾缀序列（物理粒子）里，基础长度 + 系数 × 上升速度 ≤ 0.001 m 时改用 V5 的圆颗粒星头：这时本节的粗细、亮度不起作用，而圆点的星头大小 / 亮度那一节被隐藏、调不了。"
"SCHEMA-317","166-phFlLv","","phFlLv","P.phFlLv","P","当前效果 / 当前层 / 星头","number","随速度变长","速度每快 1 m/s，燃气焰多长几米：0.04 s × 100 m/s = 多 4 m。","命名表说明（可能滞后）；当前条件/换算来自源码，冲突见覆盖报告","旧（待删）","s","s","[0,0.15,0.001]","","","P => isPhys(P) || isPhysBody(P)","无字段级条件","[]","","[]","本字段不在LINK_KEYS轨迹同步列表；其他条件/默认联动另见本行","不走TIMING_KEYS通用时间联动","onParam：实时模拟更新，灰度烘焙按自动/手动模式处理","","","[]","","本字段无曲线控件","","参数 / 当前层 / 星头 / 燃气焰 / 随速度变长 [phFlLv]","参数 / 当前层 / 星头 / 燃气焰 / 随速度变长 [phFlLv]","参数 / 当前层 / 星头 / 燃气焰 / 随速度变长 [phFlLv]","参数 / 当前层 / 星头 / 专属任务 · 燃气焰 / 随速度变长 [phFlLv]","当前层 P；单层 wbSnap().P，多层 wbSnap().layers[i].P。保存/另存/切效果自动草稿及配方 JSON 保存完整快照。一次拖动/输入提交/选择为一步，全资产60步；输入框内快捷键留给文本撤销。切层/发射器不清历史，打开另一效果/版本重置。行/模块/发射器恢复到打开时与恢复模板默认不同。","tool/src/js/10_types.js:771","","tool/src/js/79_workbench.js:159; tool/src/js/79_undo.js:10","43_phystrail.js:99 sp = 弹体当前速度；45_physbody.js:44 用 trV（常数）。BASE 无；配方 0.04；V5 物理条目 0。","物理尾缀用弹体当时的速度（越飞越慢，焰越来越短）；尾缀序列里用固定的上升速度，长度不变。"
"SCHEMA-318","167-phFlW","","phFlW","P.phFlW","P","当前效果 / 当前层 / 星头","number","粗细","燃气焰的半宽（中段光斑的半径）；焰头约 0.55 倍、焰尾约 1.45 倍。","命名表说明（可能滞后）；当前条件/换算来自源码，冲突见覆盖报告","旧（待删）","m","m","[0.02,1,0.01]","","","P => isPhys(P) || isPhysBody(P)","无字段级条件","[]","","[]","本字段不在LINK_KEYS轨迹同步列表；其他条件/默认联动另见本行","不走TIMING_KEYS通用时间联动","onParam：实时模拟更新，灰度烘焙按自动/手动模式处理","","","[]","","本字段无曲线控件","","参数 / 当前层 / 星头 / 燃气焰 / 粗细 [phFlW]","参数 / 当前层 / 星头 / 燃气焰 / 粗细 [phFlW]","参数 / 当前层 / 星头 / 燃气焰 / 粗细 [phFlW]","参数 / 当前层 / 星头 / 专属任务 · 燃气焰 / 粗细 [phFlW]","当前层 P；单层 wbSnap().P，多层 wbSnap().layers[i].P。保存/另存/切效果自动草稿及配方 JSON 保存完整快照。一次拖动/输入提交/选择为一步，全资产60步；输入框内快捷键留给文本撤销。切层/发射器不清历史，打开另一效果/版本重置。行/模块/发射器恢复到打开时与恢复模板默认不同。","tool/src/js/10_types.js:772","","tool/src/js/79_workbench.js:159; tool/src/js/79_undo.js:10","43_phystrail.js:104 点直径 = 2·phFlW·(0.55 + 0.9q)，q 从焰头 0 到焰尾 1（40_gl.js:29 高斯 σ = 直径/2）；45_physbody.js:50 phFlW || 0.15。注：43:96 注释写「向后变细」，代码是向后变粗、变暗。BASE 无；配方 0.15。","亮度是整条焰的总量，调粗不会变亮，只是摊开、峰值变暗。焰长为 0（尾缀序列换成圆点星头）时不起作用。"
"SCHEMA-319","168-phFlI","","phFlI","P.phFlI","P","当前效果 / 当前层 / 星头","number","亮度","整条燃气焰的总亮度，焰头最亮、向后变暗，带约 ±12% 的闪动。","命名表说明（可能滞后）；当前条件/换算来自源码，冲突见覆盖报告","旧（待删）","1（无量纲）","1（无量纲）","[0,6,0.05]","","","P => isPhys(P) || isPhysBody(P)","无字段级条件","[]","","[]","本字段不在LINK_KEYS轨迹同步列表；其他条件/默认联动另见本行","不走TIMING_KEYS通用时间联动","onParam：实时模拟更新，灰度烘焙按自动/手动模式处理","","","[]","","本字段无曲线控件","","参数 / 当前层 / 星头 / 燃气焰 / 亮度 [phFlI]","参数 / 当前层 / 星头 / 燃气焰 / 亮度 [phFlI]","参数 / 当前层 / 星头 / 燃气焰 / 亮度 [phFlI]","参数 / 当前层 / 星头 / 专属任务 · 燃气焰 / 亮度 [phFlI]","当前层 P；单层 wbSnap().P，多层 wbSnap().layers[i].P。保存/另存/切效果自动草稿及配方 JSON 保存完整快照。一次拖动/输入提交/选择为一步，全资产60步；输入框内快捷键留给文本撤销。切层/发射器不清历史，打开另一效果/版本重置。行/模块/发射器恢复到打开时与恢复模板默认不同。","tool/src/js/10_types.js:772","","tool/src/js/79_workbench.js:159; tool/src/js/79_undo.js:10","43_phystrail.js:101-104 权重 e^(−3q)(1−e^(−18q)) 归一 × phFlI × (1 ± 0.12)；45_physbody.js:50 (P.phFlI || 1)；50_bake.js:189 尾缀（renderVer 37）星头通道 eH = autoExpo(fH…) 按 99.8 分位归一。BASE 无；配方 1.5。","尾缀序列（物理粒子）里实际不起作用：星头通道烘焙时按亮部自动定曝光，乘多少都被抵消；而且填 0 会被当成 1。只在物理尾缀的实时画面里有效。"
"SCHEMA-320","169-phARate","","phARate","P.phARate","P","当前效果 / 当前层 / 白热火花","number","生成速率","每秒向后喷出多少粒火花（极细、极短命的白热火花），连成星头后的白热段。","命名表说明（可能滞后）；当前条件/换算来自源码，冲突见覆盖报告","旧（待删）","颗/秒","颗/秒","[0,40000,100]","","","P => isPhys(P) || isPhysBody(P)","无字段级条件","[]","","[]","本字段不在LINK_KEYS轨迹同步列表；其他条件/默认联动另见本行","不走TIMING_KEYS通用时间联动","onParam：实时模拟更新，灰度烘焙按自动/手动模式处理","","","[]","","本字段无曲线控件","","参数 / 当前层 / 白热火花 / 生成 / 生成速率 [phARate]","参数 / 当前层 / 白热火花 / 生成 / 生成速率 [phARate]","参数 / 当前层 / 白热火花 / 生成 / 生成速率 [phARate]","参数 / 当前层 / 白热火花 / 时序与数量 / 生成速率 [phARate]","当前层 P；单层 wbSnap().P，多层 wbSnap().layers[i].P。保存/另存/切效果自动草稿及配方 JSON 保存完整快照。一次拖动/输入提交/选择为一步，全资产60步；输入框内快捷键留给文本撤销。切层/发射器不清历史，打开另一效果/版本重置。行/模块/发射器恢复到打开时与恢复模板默认不同。","tool/src/js/10_types.js:775","","tool/src/js/79_workbench.js:159; tool/src/js/79_undo.js:10","43_phystrail.js:49-50 nPuff = round(rate/puff × phT)（火粉 phAPuff = 1）；45_physbody.js:32 每周期 M = round(rate × Tp)。BASE 无；配方 12000。","总亮度 ≈ 生成速率 × 亮度，两者一起调。尾缀序列里每个循环取整颗数。"
"SCHEMA-321","170-phALife","","phALife","P.phALife","P","当前效果 / 当前层 / 白热火花","number","寿命","每粒火花燃多久（中位数）；白热段长度 ≈ 火花相对星头的速度 × 寿命。","命名表说明（可能滞后）；当前条件/换算来自源码，冲突见覆盖报告","旧（待删）","s","s","[0.03,1,0.01]","","","P => isPhys(P) || isPhysBody(P)","无字段级条件","[]","","[]","本字段不在LINK_KEYS轨迹同步列表；其他条件/默认联动另见本行","不走TIMING_KEYS通用时间联动","onParam：实时模拟更新，灰度烘焙按自动/手动模式处理","","","[]","","本字段无曲线控件","","参数 / 当前层 / 白热火花 / 寿命 / 寿命 [phALife]","参数 / 当前层 / 白热火花 / 寿命 / 寿命 [phALife]","参数 / 当前层 / 白热火花 / 寿命 / 寿命 [phALife]","参数 / 当前层 / 白热火花 / 时序与数量 / 寿命 [phALife]","当前层 P；单层 wbSnap().P，多层 wbSnap().layers[i].P。保存/另存/切效果自动草稿及配方 JSON 保存完整快照。一次拖动/输入提交/选择为一步，全资产60步；输入框内快捷键留给文本撤销。切层/发射器不清历史，打开另一效果/版本重置。行/模块/发射器恢复到打开时与恢复模板默认不同。","tool/src/js/10_types.js:775","","tool/src/js/79_workbench.js:159; tool/src/js/79_undo.js:10","43_phystrail.js:56 life = phALife × e^(phALsig·z)、size = e^(0.5·phALsig·z)；:89 × (1−u)^phAPm（隐藏 = 1）。BASE 无；配方 0.22。","每粒实际寿命还按隐藏的对数正态随机（σ = 0.35，phALsig，不在面板上）：寿命长的颗粒更大、更亮、阻力更小。亮度随寿命线性变暗。"
"SCHEMA-322","171-phAJet","","phAJet","P.phAJet","P","当前效果 / 当前层 / 白热火花","number","喷出速度","火花相对弹体向后喷出的速度（每粒在 0.75–1.25 倍之间均匀随机）。","命名表说明（可能滞后）；当前条件/换算来自源码，冲突见覆盖报告","旧（待删）","m/s","m/s","[0,80,0.5]","","","P => isPhys(P) || isPhysBody(P)","无字段级条件","[]","","[]","本字段不在LINK_KEYS轨迹同步列表；其他条件/默认联动另见本行","不走TIMING_KEYS通用时间联动","onParam：实时模拟更新，灰度烘焙按自动/手动模式处理","","","[]","","本字段无曲线控件","","参数 / 当前层 / 白热火花 / 初速 / 喷出速度 [phAJet]","参数 / 当前层 / 白热火花 / 初速 / 喷出速度 [phAJet]","参数 / 当前层 / 白热火花 / 初速 / 喷出速度 [phAJet]","参数 / 当前层 / 白热火花 / 空间与运动 / 喷出速度 [phAJet]","当前层 P；单层 wbSnap().P，多层 wbSnap().layers[i].P。保存/另存/切效果自动草稿及配方 JSON 保存完整快照。一次拖动/输入提交/选择为一步，全资产60步；输入框内快捷键留给文本撤销。切层/发射器不清历史，打开另一效果/版本重置。行/模块/发射器恢复到打开时与恢复模板默认不同。","tool/src/js/10_types.js:775","","tool/src/js/79_workbench.js:159; tool/src/js/79_undo.js:10","43_phystrail.js:61-64 jet = phAJet × (0.75 + 0.5u)，v = 弹体速度 − jet·飞行方向 + …；45_physbody.js:67-68 同（二维）。BASE 无；配方 33。","出生速度 = 弹体速度 − 喷出速度 + 横向速度随机 + 自转甩出速度；之后被阻力很快刹住。"
"SCHEMA-323","172-phACone","","phACone","P.phACone","P","当前效果 / 当前层 / 白热火花","number","横向速度随机","每粒火花出生时额外的横向速度（垂直于飞行方向），决定白热段多粗、多散。","命名表说明（可能滞后）；当前条件/换算来自源码，冲突见覆盖报告","旧（待删）","m/s","m/s","[0,8,0.05]","","","P => isPhys(P) || isPhysBody(P)","无字段级条件","[]","","[]","本字段不在LINK_KEYS轨迹同步列表；其他条件/默认联动另见本行","不走TIMING_KEYS通用时间联动","onParam：实时模拟更新，灰度烘焙按自动/手动模式处理","","","[]","正态，每粒火花：垂直飞行方向的两个方向各 σ ≈ 数值（1.8 → 约 2/3 的火花横向速度在 ±1.8 m/s 内）；尾缀序列里沿飞行方向另加 σ = 0.5 × 数值。","本字段无曲线控件","","参数 / 当前层 / 白热火花 / 初速 / 横向速度随机 [phACone]","参数 / 当前层 / 白热火花 / 初速 / 横向速度随机 [phACone]","参数 / 当前层 / 白热火花 / 初速 / 横向速度随机 [phACone]","参数 / 当前层 / 白热火花 / 空间与运动 / 横向速度随机 [phACone]","当前层 P；单层 wbSnap().P，多层 wbSnap().layers[i].P。保存/另存/切效果自动草稿及配方 JSON 保存完整快照。一次拖动/输入提交/选择为一步，全资产60步；输入框内快捷键留给文本撤销。切层/发射器不清历史，打开另一效果/版本重置。行/模块/发射器恢复到打开时与恢复模板默认不同。","tool/src/js/10_types.js:776","","tool/src/js/79_workbench.js:159; tool/src/js/79_undo.js:10","43_phystrail.js:53,62-64 d = 簇共享 N·0.7 + 每粒 N·0.7，横向 = cone·(d1·e1 + d2·e2)；45_physbody.js:68 vx0 = Cone·(0.7N + 0.7N)，vz0 另加 Cone·0.5·N。BASE 无；配方 1.8。","横向速度很快被阻力吃掉：散开距离 ≈ 横向速度 ÷ 阻力，所以阻力越大散得越少。"
"SCHEMA-324","173-phAKd","","phAKd","P.phAKd","P","当前效果 / 当前层 / 白热火花","number","阻力","线性空气阻力：火花速度每秒按这个比例向风速靠拢（18 → 约 0.06 秒刹住）。","命名表说明（可能滞后）；当前条件/换算来自源码，冲突见覆盖报告","旧（待删）","1/s","1/s","[1,60,0.5]","","","P => isPhys(P) || isPhysBody(P)","无字段级条件","[]","","[]","本字段不在LINK_KEYS轨迹同步列表；其他条件/默认联动另见本行","不走TIMING_KEYS通用时间联动","onParam：实时模拟更新，灰度烘焙按自动/手动模式处理","","","[]","","本字段无曲线控件","","参数 / 当前层 / 白热火花 / 受力 / 阻力 [phAKd]","参数 / 当前层 / 白热火花 / 受力 / 阻力 [phAKd]","参数 / 当前层 / 白热火花 / 受力 / 阻力 [phAKd]","参数 / 当前层 / 白热火花 / 空间与运动 / 阻力 [phAKd]","当前层 P；单层 wbSnap().P，多层 wbSnap().layers[i].P。保存/另存/切效果自动草稿及配方 JSON 保存完整快照。一次拖动/输入提交/选择为一步，全资产60步；输入框内快捷键留给文本撤销。切层/发射器不清历史，打开另一效果/版本重置。行/模块/发射器恢复到打开时与恢复模板默认不同。","tool/src/js/10_types.js:776","","tool/src/js/79_workbench.js:159; tool/src/js/79_undo.js:10","43_phystrail.js:66 kd = phAKd/size，:84-85 速度指数趋向 air、下坠末速 G/kd；45_physbody.js:69-71 同。BASE 无；配方 18。","大颗阻力更小（实际阻力 = 数值 ÷ 粒径系数，粒径系数 = √(寿命 ÷ 中位寿命)）；末速下坠 ≈ 9.81 ÷ 阻力 m/s（18 → 约 0.5 m/s）。"
"SCHEMA-325","174-phAT0","","phAT0","P.phAT0","P","当前效果 / 当前层 / 白热火花","number","温度","火花的发光温度（按黑体换算亮度）：2550 K 约是 2350 K 的 2.3 倍亮。","命名表说明（可能滞后）；当前条件/换算来自源码，冲突见覆盖报告","旧（待删）","K","K","[1800,3000,10]","","","P => isPhys(P) || isPhysBody(P)","无字段级条件","[]","","[]","本字段不在LINK_KEYS轨迹同步列表；其他条件/默认联动另见本行","不走TIMING_KEYS通用时间联动","onParam：实时模拟更新，灰度烘焙按自动/手动模式处理","","","[]","","本字段无曲线控件","","参数 / 当前层 / 白热火花 / 颜色 / 温度 [phAT0]","参数 / 当前层 / 白热火花 / 颜色 / 温度 [phAT0]","参数 / 当前层 / 白热火花 / 颜色 / 温度 [phAT0]","参数 / 当前层 / 白热火花 / 外观与颜色 / 温度 [phAT0]","当前层 P；单层 wbSnap().P，多层 wbSnap().layers[i].P。保存/另存/切效果自动草稿及配方 JSON 保存完整快照。一次拖动/输入提交/选择为一步，全资产60步；输入框内快捷键留给文本撤销。切层/发射器不清历史，打开另一效果/版本重置。行/模块/发射器恢复到打开时与恢复模板默认不同。","tool/src/js/10_types.js:776","","tool/src/js/79_workbench.js:159; tool/src/js/79_undo.js:10","43_phystrail.js:67 T0 + N·60；:87 T = Tb + (T0−Tb)e^(−a/Tc) − (Tb−Tend)u^Pt，火粉 Tc 隐藏 = 1000 s → T ≈ phAT0 − 550u³；:89 亮度 × physLum(T)/physLum(2350)；45_physbody.js:72 同（无每粒随机）。BASE 无；配方 2550。","颜色由 Ramp 按亮度上色，所以温度也间接改颜色。火花一生基本保持这个温度，快烧完时降约 550 K（隐藏的 phATb/phATend）。物理尾缀里每粒另有 ±60 K 正态随机。"
"SCHEMA-326","175-phAI","","phAI","P.phAI","P","当前效果 / 当前层 / 白热火花","number","亮度","每粒火花的亮度系数（2350 K 时的亮度记为 1），再乘温度和粒径的影响。","命名表说明（可能滞后）；当前条件/换算来自源码，冲突见覆盖报告","旧（待删）","1（无量纲）","1（无量纲）","[0,0.05,0.0002]","","","P => isPhys(P) || isPhysBody(P)","无字段级条件","[]","","[]","本字段不在LINK_KEYS轨迹同步列表；其他条件/默认联动另见本行","不走TIMING_KEYS通用时间联动","onParam：实时模拟更新，灰度烘焙按自动/手动模式处理","","","[]","","本字段无曲线控件","","参数 / 当前层 / 白热火花 / 亮度 / 亮度 [phAI]","参数 / 当前层 / 白热火花 / 亮度 / 亮度 [phAI]","参数 / 当前层 / 白热火花 / 亮度 / 亮度 [phAI]","参数 / 当前层 / 白热火花 / 外观与颜色 / 亮度 [phAI]","当前层 P；单层 wbSnap().P，多层 wbSnap().layers[i].P。保存/另存/切效果自动草稿及配方 JSON 保存完整快照。一次拖动/输入提交/选择为一步，全资产60步；输入框内快捷键留给文本撤销。切层/发射器不清历史，打开另一效果/版本重置。行/模块/发射器恢复到打开时与恢复模板默认不同。","tool/src/js/10_types.js:777","","tool/src/js/79_workbench.js:159; tool/src/js/79_undo.js:10","43_phystrail.js:89 I = phAI × size² × (1−u)^Pm × min(1, a/0.03) × 闪烁 × physLum(T)/physLum(2350)；45_physbody.js:74 同；50_bake.js:190 尾缀火花通道 autoExpo。BASE 无；配方 0.0047/0.0075/0.0046。","数值很小是因为火花每秒上万粒，总亮度 ≈ 生成速率 × 亮度。尾缀序列烘焙时火花通道整体自动定曝光，起作用的是火花、金火花、落火之间的比例。"
"SCHEMA-327","176-phAR","","phAR","P.phAR","P","当前效果 / 当前层 / 白热火花","number","大小","每粒火花光斑的半径；寿命长的大颗粒再按粒径系数放大。","命名表说明（可能滞后）；当前条件/换算来自源码，冲突见覆盖报告","旧（待删）","m","m","[0.005,0.1,0.001]","","","P => isPhys(P) || isPhysBody(P)","无字段级条件","[]","","[]","本字段不在LINK_KEYS轨迹同步列表；其他条件/默认联动另见本行","不走TIMING_KEYS通用时间联动","onParam：实时模拟更新，灰度烘焙按自动/手动模式处理","","","[]","","本字段无曲线控件","","参数 / 当前层 / 白热火花 / 大小 / 大小 [phAR]","参数 / 当前层 / 白热火花 / 大小 / 大小 [phAR]","参数 / 当前层 / 白热火花 / 大小 / 大小 [phAR]","参数 / 当前层 / 白热火花 / 外观与颜色 / 大小 [phAR]","当前层 P；单层 wbSnap().P，多层 wbSnap().layers[i].P。保存/另存/切效果自动草稿及配方 JSON 保存完整快照。一次拖动/输入提交/选择为一步，全资产60步；输入框内快捷键留给文本撤销。切层/发射器不清历史，打开另一效果/版本重置。行/模块/发射器恢复到打开时与恢复模板默认不同。","tool/src/js/10_types.js:777","","tool/src/js/79_workbench.js:159; tool/src/js/79_undo.js:10","43_phystrail.js:91 发光直径 = 2·phAR·size；40_gl.js:29 高斯 σ = 直径/2（下限 0.55 像素），:36 归一化高斯（总量不变）；45_physbody.js:77 同。BASE 无；配方 0.018；V5 物理条目 0.009。","只把光摊开，不改每粒总亮度。粒径系数 = √(寿命 ÷ 中位寿命)。光斑小于约半个像素时按半个像素画。"
"SCHEMA-328","177-phBRate","","phBRate","P.phBRate","P","当前效果 / 当前层 / 金火花","number","生成速率","每秒喷出多少颗金火花（木炭燃烧的金黄火花），是尾迹中下段的主体。","命名表说明（可能滞后）；当前条件/换算来自源码，冲突见覆盖报告","旧（待删）","颗/秒","颗/秒","[0,8000,10]","","","P => isPhys(P) || isPhysBody(P)","无字段级条件","[]","","[]","本字段不在LINK_KEYS轨迹同步列表；其他条件/默认联动另见本行","不走TIMING_KEYS通用时间联动","onParam：实时模拟更新，灰度烘焙按自动/手动模式处理","","","[]","","本字段无曲线控件","","参数 / 当前层 / 金火花 / 生成 / 生成速率 [phBRate]","参数 / 当前层 / 金火花 / 生成 / 生成速率 [phBRate]","参数 / 当前层 / 金火花 / 生成 / 生成速率 [phBRate]","参数 / 当前层 / 金火花 / 时序与数量 / 生成速率 [phBRate]","当前层 P；单层 wbSnap().P，多层 wbSnap().layers[i].P。保存/另存/切效果自动草稿及配方 JSON 保存完整快照。一次拖动/输入提交/选择为一步，全资产60步；输入框内快捷键留给文本撤销。切层/发射器不清历史，打开另一效果/版本重置。行/模块/发射器恢复到打开时与恢复模板默认不同。","tool/src/js/10_types.js:780","","tool/src/js/79_workbench.js:159; tool/src/js/79_undo.js:10","43_phystrail.js:50,53 簇数 = round(rate/puff × phT)，每簇 max(1, Poisson(puff)) 颗 → 平均略多于 rate；45_physbody.js:32 每周期 round(rate × Tp) 颗均匀排开。BASE 无；配方 2000；V5 物理条目 6000。","一簇一簇喷（见每簇颗数），平均每秒总颗数 ≈ 这个值。"
"SCHEMA-329","178-phBPuff","","phBPuff","P.phBPuff","P","当前效果 / 当前层 / 金火花","number","每簇颗数","金火花一簇一簇喷出，每簇平均几颗；同一簇在 0.012 秒内喷出、方向相近。","命名表说明（可能滞后）；当前条件/换算来自源码，冲突见覆盖报告","旧（待删）","颗","颗","[1,8,1]","","","P => isPhys(P) || isPhysBody(P)","无字段级条件","[]","","[]","本字段不在LINK_KEYS轨迹同步列表；其他条件/默认联动另见本行","不走TIMING_KEYS通用时间联动","onParam：实时模拟更新，灰度烘焙按自动/手动模式处理","","","[]","","本字段无曲线控件","","参数 / 当前层 / 金火花 / 生成 / 每簇颗数 [phBPuff]","参数 / 当前层 / 金火花 / 生成 / 每簇颗数 [phBPuff]","参数 / 当前层 / 金火花 / 生成 / 每簇颗数 [phBPuff]","参数 / 当前层 / 金火花 / 时序与数量 / 每簇颗数 [phBPuff]","当前层 P；单层 wbSnap().P，多层 wbSnap().layers[i].P。保存/另存/切效果自动草稿及配方 JSON 保存完整快照。一次拖动/输入提交/选择为一步，全资产60步；输入框内快捷键留给文本撤销。切层/发射器不清历史，打开另一效果/版本重置。行/模块/发射器恢复到打开时与恢复模板默认不同。","tool/src/js/10_types.js:780","","tool/src/js/79_workbench.js:159; tool/src/js/79_undo.js:10","43_phystrail.js:53-55 m = max(1, Poisson(puff))，tb = tp + u·0.012，dqp 同簇共享；45_physbody.js:32,66 puff 取整，只用于同簇共享方向 PK。BASE 无；配方 2。","物理尾缀里每簇颗数按泊松分布随机（平均 = 数值，至少 1），簇内共享约一半横向速度。尾缀序列（物理粒子）里只共享方向，出生时刻仍均匀排开，不成团。"
"SCHEMA-330","179-phBLife","","phBLife","P.phBLife","P","当前效果 / 当前层 / 金火花","number","寿命","金火花寿命的中位数（一半比它短、一半比它长），决定尾迹往下拖多长。","命名表说明（可能滞后）；当前条件/换算来自源码，冲突见覆盖报告","旧（待删）","s","s","[0.2,5,0.01]","","","P => isPhys(P) || isPhysBody(P)","无字段级条件","[]","","[]","本字段不在LINK_KEYS轨迹同步列表；其他条件/默认联动另见本行","不走TIMING_KEYS通用时间联动","onParam：实时模拟更新，灰度烘焙按自动/手动模式处理","","","[]","","本字段无曲线控件","","参数 / 当前层 / 金火花 / 寿命 / 寿命 [phBLife]","参数 / 当前层 / 金火花 / 寿命 / 寿命 [phBLife]","参数 / 当前层 / 金火花 / 寿命 / 寿命 [phBLife]","参数 / 当前层 / 金火花 / 时序与数量 / 寿命 [phBLife]","当前层 P；单层 wbSnap().P，多层 wbSnap().layers[i].P。保存/另存/切效果自动草稿及配方 JSON 保存完整快照。一次拖动/输入提交/选择为一步，全资产60步；输入框内快捷键留给文本撤销。切层/发射器不清历史，打开另一效果/版本重置。行/模块/发射器恢复到打开时与恢复模板默认不同。","tool/src/js/10_types.js:780","","tool/src/js/79_workbench.js:159; tool/src/js/79_undo.js:10","43_phystrail.js:56 life = phBLife × e^(phBLsig·z)，z 截在 ±3；45_physbody.js:20,62 z 截在 −3…2.2、上限 phLifeCap（缺省 5 s）。BASE 无；配方 2.25/2.10/1.32；V5 物理条目 0.8。","和「寿命随机」一起看；寿命越长的火花粒径越大（寿命 ∝ 粒径²）→ 更亮、更大、阻力更小。尾缀序列里单颗最长 5 秒。"
"SCHEMA-331","180-phBLsig","","phBLsig","P.phBLsig","P","当前效果 / 当前层 / 金火花","number","寿命随机","金火花寿命的随机幅度：有的早早熄灭、有的拖很久，熄灭时刻参差不齐。","命名表说明（可能滞后）；当前条件/换算来自源码，冲突见覆盖报告","旧（待删）","1（无量纲）","1（无量纲）","[0,1.5,0.01]","","","P => isPhys(P) || isPhysBody(P)","无字段级条件","[]","","[]","本字段不在LINK_KEYS轨迹同步列表；其他条件/默认联动另见本行","不走TIMING_KEYS通用时间联动","onParam：实时模拟更新，灰度烘焙按自动/手动模式处理","","","[]","对数正态，每颗金火花：寿命 = 中位 × e^(数值 × z)，z 为标准正态（截在 ±3；尾缀序列截在 −3…+2.2）。0.36 ≈ 2/3 的火花寿命在中位的 0.70–1.43 倍；0.9 ≈ 0.41–2.5 倍。粒径同步 = e^(数值 × z / 2)。","本字段无曲线控件","","参数 / 当前层 / 金火花 / 寿命 / 寿命随机 [phBLsig]","参数 / 当前层 / 金火花 / 寿命 / 寿命随机 [phBLsig]","参数 / 当前层 / 金火花 / 寿命 / 寿命随机 [phBLsig]","参数 / 当前层 / 金火花 / 时序与数量 / 寿命随机 [phBLsig]","当前层 P；单层 wbSnap().P，多层 wbSnap().layers[i].P。保存/另存/切效果自动草稿及配方 JSON 保存完整快照。一次拖动/输入提交/选择为一步，全资产60步；输入框内快捷键留给文本撤销。切层/发射器不清历史，打开另一效果/版本重置。行/模块/发射器恢复到打开时与恢复模板默认不同。","tool/src/js/10_types.js:781","","tool/src/js/79_workbench.js:159; tool/src/js/79_undo.js:10","43_phystrail.js:56 lnz ∈ [−3,3]，life = Life·e^(Lsig·lnz)，size = e^(0.5·Lsig·lnz)；:66 阻力 ÷ size，:89 亮度 × size²；45_physbody.js:33,62 截在 −3…2.2。原名「寿命离散（对数标准差）」。BASE 无；配方 1.27/0.36/0.90；V5 物理条目 0.3。","同时改粒径分布：数值越大，大颗越大越亮、小颗越暗（亮度 ∝ 寿命）。火花、落火也有同样的随机，但固定为 0.35 / 0.25，不在面板上。"
"SCHEMA-332","181-phBJet","","phBJet","P.phBJet","P","当前效果 / 当前层 / 金火花","number","喷出速度","金火花相对弹体向后喷出的速度（每颗在 0.75–1.25 倍之间均匀随机）。","命名表说明（可能滞后）；当前条件/换算来自源码，冲突见覆盖报告","旧（待删）","m/s","m/s","[0,80,0.5]","","","P => isPhys(P) || isPhysBody(P)","无字段级条件","[]","","[]","本字段不在LINK_KEYS轨迹同步列表；其他条件/默认联动另见本行","不走TIMING_KEYS通用时间联动","onParam：实时模拟更新，灰度烘焙按自动/手动模式处理","","","[]","","本字段无曲线控件","","参数 / 当前层 / 金火花 / 初速 / 喷出速度 [phBJet]","参数 / 当前层 / 金火花 / 初速 / 喷出速度 [phBJet]","参数 / 当前层 / 金火花 / 初速 / 喷出速度 [phBJet]","参数 / 当前层 / 金火花 / 空间与运动 / 喷出速度 [phBJet]","当前层 P；单层 wbSnap().P，多层 wbSnap().layers[i].P。保存/另存/切效果自动草稿及配方 JSON 保存完整快照。一次拖动/输入提交/选择为一步，全资产60步；输入框内快捷键留给文本撤销。切层/发射器不清历史，打开另一效果/版本重置。行/模块/发射器恢复到打开时与恢复模板默认不同。","tool/src/js/10_types.js:781","","tool/src/js/79_workbench.js:159; tool/src/js/79_undo.js:10","43_phystrail.js:61 jet = phBJet × (0.75 + 0.5u)；45_physbody.js:67。BASE 无；配方 27。","出生速度 = 弹体速度 − 喷出速度 + 横向速度随机 + 自转甩出速度；之后被阻力刹住。"
"SCHEMA-333","182-phBCone","","phBCone","P.phBCone","P","当前效果 / 当前层 / 金火花","number","横向速度随机","每颗金火花出生时额外的横向速度，决定尾迹中下段多粗、多散。","命名表说明（可能滞后）；当前条件/换算来自源码，冲突见覆盖报告","旧（待删）","m/s","m/s","[0,8,0.05]","","","P => isPhys(P) || isPhysBody(P)","无字段级条件","[]","","[]","本字段不在LINK_KEYS轨迹同步列表；其他条件/默认联动另见本行","不走TIMING_KEYS通用时间联动","onParam：实时模拟更新，灰度烘焙按自动/手动模式处理","","","[]","正态，每颗金火花：垂直飞行方向的两个方向各 σ ≈ 数值（约一半同簇共享、一半每颗独立）；1.6 → 约 2/3 的火花横向速度在 ±1.6 m/s 内；尾缀序列里沿飞行方向另加 σ = 0.5 × 数值。","本字段无曲线控件","","参数 / 当前层 / 金火花 / 初速 / 横向速度随机 [phBCone]","参数 / 当前层 / 金火花 / 初速 / 横向速度随机 [phBCone]","参数 / 当前层 / 金火花 / 初速 / 横向速度随机 [phBCone]","参数 / 当前层 / 金火花 / 空间与运动 / 横向速度随机 [phBCone]","当前层 P；单层 wbSnap().P，多层 wbSnap().layers[i].P。保存/另存/切效果自动草稿及配方 JSON 保存完整快照。一次拖动/输入提交/选择为一步，全资产60步；输入框内快捷键留给文本撤销。切层/发射器不清历史，打开另一效果/版本重置。行/模块/发射器恢复到打开时与恢复模板默认不同。","tool/src/js/10_types.js:781","","tool/src/js/79_workbench.js:159; tool/src/js/79_undo.js:10","43_phystrail.js:53,62-64 同簇共享 N·0.7 + 每颗 N·0.7；45_physbody.js:68。BASE 无；配方 2.71/1.61/3.32；V5 物理条目 1.4。","散开距离 ≈ 横向速度 ÷ 阻力。"
"SCHEMA-334","183-phBKd","","phBKd","P.phBKd","P","当前效果 / 当前层 / 金火花","number","阻力","线性空气阻力：火花速度每秒按这个比例向风速靠拢（12 → 约 0.08 秒刹住）。","命名表说明（可能滞后）；当前条件/换算来自源码，冲突见覆盖报告","旧（待删）","1/s","1/s","[1,60,0.5]","","","P => isPhys(P) || isPhysBody(P)","无字段级条件","[]","","[]","本字段不在LINK_KEYS轨迹同步列表；其他条件/默认联动另见本行","不走TIMING_KEYS通用时间联动","onParam：实时模拟更新，灰度烘焙按自动/手动模式处理","","","[]","","本字段无曲线控件","","参数 / 当前层 / 金火花 / 受力 / 阻力 [phBKd]","参数 / 当前层 / 金火花 / 受力 / 阻力 [phBKd]","参数 / 当前层 / 金火花 / 受力 / 阻力 [phBKd]","参数 / 当前层 / 金火花 / 空间与运动 / 阻力 [phBKd]","当前层 P；单层 wbSnap().P，多层 wbSnap().layers[i].P。保存/另存/切效果自动草稿及配方 JSON 保存完整快照。一次拖动/输入提交/选择为一步，全资产60步；输入框内快捷键留给文本撤销。切层/发射器不清历史，打开另一效果/版本重置。行/模块/发射器恢复到打开时与恢复模板默认不同。","tool/src/js/10_types.js:782","","tool/src/js/79_workbench.js:159; tool/src/js/79_undo.js:10","43_phystrail.js:66 kd = phBKd/size，:84-85；45_physbody.js:69-71。BASE 无；配方 12。","大颗阻力更小（实际阻力 = 数值 ÷ 粒径系数）；末速下坠 ≈ 9.81 ÷ 阻力 m/s（12 → 约 0.8 m/s）。"
"SCHEMA-335","184-phBT0","","phBT0","P.phBT0","P","当前效果 / 当前层 / 金火花","number","出喷口温度","金火花刚喷出、还在燃气里时的温度；离开燃气后逐渐降到燃烧温度。","命名表说明（可能滞后）；当前条件/换算来自源码，冲突见覆盖报告","旧（待删）","K","K","[1800,3000,10]","","","P => isPhys(P) || isPhysBody(P)","无字段级条件","[]","","[]","本字段不在LINK_KEYS轨迹同步列表；其他条件/默认联动另见本行","不走TIMING_KEYS通用时间联动","onParam：实时模拟更新，灰度烘焙按自动/手动模式处理","","","[]","","本字段无曲线控件","","参数 / 当前层 / 金火花 / 颜色 / 出喷口温度 [phBT0]","参数 / 当前层 / 金火花 / 颜色 / 出喷口温度 [phBT0]","参数 / 当前层 / 金火花 / 颜色 / 出喷口温度 [phBT0]","参数 / 当前层 / 金火花 / 外观与颜色 / 出喷口温度 [phBT0]","当前层 P；单层 wbSnap().P，多层 wbSnap().layers[i].P。保存/另存/切效果自动草稿及配方 JSON 保存完整快照。一次拖动/输入提交/选择为一步，全资产60步；输入框内快捷键留给文本撤销。切层/发射器不清历史，打开另一效果/版本重置。行/模块/发射器恢复到打开时与恢复模板默认不同。","tool/src/js/10_types.js:782","","tool/src/js/79_workbench.js:159; tool/src/js/79_undo.js:10","43_phystrail.js:67 T0 + N·60；:87 T = Tb + (T0−Tb)e^(−a/Tc) − (Tb−Tend)u^Pt；45_physbody.js:72（无每颗随机）。BASE 无；配方 2450。","和「降温时间」一起决定星头后亮段有多长。颜色由 Ramp 按亮度上色。物理尾缀里每颗另有 ±60 K 正态随机。"
"SCHEMA-336","185-phBTb","","phBTb","P.phBTb","P","当前效果 / 当前层 / 金火花","number","燃烧温度","金火花离开燃气后在空气里稳定燃烧的温度，决定尾迹中段的亮度和颜色。","命名表说明（可能滞后）；当前条件/换算来自源码，冲突见覆盖报告","旧（待删）","K","K","[1500,2700,5]","","","P => isPhys(P) || isPhysBody(P)","无字段级条件","[]","","[]","本字段不在LINK_KEYS轨迹同步列表；其他条件/默认联动另见本行","不走TIMING_KEYS通用时间联动","onParam：实时模拟更新，灰度烘焙按自动/手动模式处理","","","[]","","本字段无曲线控件","","参数 / 当前层 / 金火花 / 颜色 / 燃烧温度 [phBTb]","参数 / 当前层 / 金火花 / 颜色 / 燃烧温度 [phBTb]","参数 / 当前层 / 金火花 / 颜色 / 燃烧温度 [phBTb]","参数 / 当前层 / 金火花 / 外观与颜色 / 燃烧温度 [phBTb]","当前层 P；单层 wbSnap().P，多层 wbSnap().layers[i].P。保存/另存/切效果自动草稿及配方 JSON 保存完整快照。一次拖动/输入提交/选择为一步，全资产60步；输入框内快捷键留给文本撤销。切层/发射器不清历史，打开另一效果/版本重置。行/模块/发射器恢复到打开时与恢复模板默认不同。","tool/src/js/10_types.js:782","","tool/src/js/79_workbench.js:159; tool/src/js/79_undo.js:10","43_phystrail.js:67 Tb + N·40，:87；45_physbody.js:56,72（Tb 缺省 = T0）。原名「空气中燃烧温度 Tb」。BASE 无；配方 1939/2375/1944。","温度对亮度影响很大：在 2000–2500 K 附近每 +100 K 约亮 1.5–2 倍。物理尾缀里每颗另有 ±40 K 正态随机。"
"SCHEMA-337","186-phBTc","","phBTc","P.phBTc","P","当前效果 / 当前层 / 金火花","number","降温时间","从出喷口温度降向燃烧温度的快慢：过 tc 秒温差还剩约 37%，约 3 倍 tc 后降完。","命名表说明（可能滞后）；当前条件/换算来自源码，冲突见覆盖报告","旧（待删）","s","s","[0.02,2,0.01]","","","P => isPhys(P) || isPhysBody(P)","无字段级条件","[]","","[]","本字段不在LINK_KEYS轨迹同步列表；其他条件/默认联动另见本行","不走TIMING_KEYS通用时间联动","onParam：实时模拟更新，灰度烘焙按自动/手动模式处理","","","[]","","本字段无曲线控件","","参数 / 当前层 / 金火花 / 颜色 / 降温时间 [phBTc]","参数 / 当前层 / 金火花 / 颜色 / 降温时间 [phBTc]","参数 / 当前层 / 金火花 / 颜色 / 降温时间 [phBTc]","参数 / 当前层 / 金火花 / 外观与颜色 / 降温时间 [phBTc]","当前层 P；单层 wbSnap().P，多层 wbSnap().layers[i].P。保存/另存/切效果自动草稿及配方 JSON 保存完整快照。一次拖动/输入提交/选择为一步，全资产60步；输入框内快捷键留给文本撤销。切层/发射器不清历史，打开另一效果/版本重置。行/模块/发射器恢复到打开时与恢复模板默认不同。","tool/src/js/10_types.js:783","","tool/src/js/79_workbench.js:159; tool/src/js/79_undo.js:10","43_phystrail.js:87 (T0−Tb)·e^(−a/Tc)（指数时间常数，不是「降到 Tb 的时间」）；45_physbody.js:72。原名「降到 Tb 的时间 tc」。BASE 无；配方 0.29/0.43/0.24。","要和出喷口温度、燃烧温度一起看：两者相等时这一项不起作用。"
"SCHEMA-338","187-phBTend","","phBTend","P.phBTend","P","当前效果 / 当前层 / 金火花","number","熄灭温度","金火花烧到寿命终点时降到的温度；低于约 1500 K 基本看不见。","命名表说明（可能滞后）；当前条件/换算来自源码，冲突见覆盖报告","旧（待删）","K","K","[900,2000,10]","","","P => isPhys(P) || isPhysBody(P)","无字段级条件","[]","","[]","本字段不在LINK_KEYS轨迹同步列表；其他条件/默认联动另见本行","不走TIMING_KEYS通用时间联动","onParam：实时模拟更新，灰度烘焙按自动/手动模式处理","","","[]","","本字段无曲线控件","","参数 / 当前层 / 金火花 / 颜色 / 熄灭温度 [phBTend]","参数 / 当前层 / 金火花 / 颜色 / 熄灭温度 [phBTend]","参数 / 当前层 / 金火花 / 颜色 / 熄灭温度 [phBTend]","参数 / 当前层 / 金火花 / 外观与颜色 / 熄灭温度 [phBTend]","当前层 P；单层 wbSnap().P，多层 wbSnap().layers[i].P。保存/另存/切效果自动草稿及配方 JSON 保存完整快照。一次拖动/输入提交/选择为一步，全资产60步；输入框内快捷键留给文本撤销。切层/发射器不清历史，打开另一效果/版本重置。行/模块/发射器恢复到打开时与恢复模板默认不同。","tool/src/js/10_types.js:783","","tool/src/js/79_workbench.js:159; tool/src/js/79_undo.js:10","43_phystrail.js:87 −(Tb − Tend)·u^Pt（Pt 隐藏 = 2）；45_physbody.js:72。BASE 无；配方 1350；V5 物理条目 1800。","降温集中在寿命后段（按寿命进度的平方，隐藏的 phBPt = 2），前大半段几乎不受影响。和「渐暗指数」一起决定怎么熄灭。"
"SCHEMA-339","188-phBPm","","phBPm","P.phBPm","P","当前效果 / 当前层 / 金火花","number","渐暗指数","亮度随寿命变暗的曲线：亮度 × (1 − 寿命进度)^指数，越小越是撑到最后才暗。","命名表说明（可能滞后）；当前条件/换算来自源码，冲突见覆盖报告","旧（待删）","1（无量纲）","1（无量纲）","[0.1,2,0.01]","","","P => isPhys(P) || isPhysBody(P)","无字段级条件","[]","","[]","本字段不在LINK_KEYS轨迹同步列表；其他条件/默认联动另见本行","不走TIMING_KEYS通用时间联动","onParam：实时模拟更新，灰度烘焙按自动/手动模式处理","","","[]","","本字段无曲线控件","","参数 / 当前层 / 金火花 / 亮度 / 渐暗指数 [phBPm]","参数 / 当前层 / 金火花 / 亮度 / 渐暗指数 [phBPm]","参数 / 当前层 / 金火花 / 亮度 / 渐暗指数 [phBPm]","参数 / 当前层 / 金火花 / 外观与颜色 / 渐暗指数 [phBPm]","当前层 P；单层 wbSnap().P，多层 wbSnap().layers[i].P。保存/另存/切效果自动草稿及配方 JSON 保存完整快照。一次拖动/输入提交/选择为一步，全资产60步；输入框内快捷键留给文本撤销。切层/发射器不清历史，打开另一效果/版本重置。行/模块/发射器恢复到打开时与恢复模板默认不同。","tool/src/js/10_types.js:783","","tool/src/js/79_workbench.js:159; tool/src/js/79_undo.js:10","43_phystrail.js:89 × (1−u)^Pm（d[o+14] = phBPm）；45_physbody.js:74。BASE 无；配方 0.446。","温度下降（熄灭温度）会另外再压暗末段。数值越小越是烧到最后才暗。"
"SCHEMA-340","189-phBI","","phBI","P.phBI","P","当前效果 / 当前层 / 金火花","number","亮度","每颗金火花的亮度系数（2350 K 时的亮度记为 1），再乘温度和粒径的影响。","命名表说明（可能滞后）；当前条件/换算来自源码，冲突见覆盖报告","旧（待删）","1（无量纲）","1（无量纲）","[0,0.3,0.0005]","","","P => isPhys(P) || isPhysBody(P)","无字段级条件","[]","","[]","本字段不在LINK_KEYS轨迹同步列表；其他条件/默认联动另见本行","不走TIMING_KEYS通用时间联动","onParam：实时模拟更新，灰度烘焙按自动/手动模式处理","","","[]","","本字段无曲线控件","","参数 / 当前层 / 金火花 / 亮度 / 亮度 [phBI]","参数 / 当前层 / 金火花 / 亮度 / 亮度 [phBI]","参数 / 当前层 / 金火花 / 亮度 / 亮度 [phBI]","参数 / 当前层 / 金火花 / 外观与颜色 / 亮度 [phBI]","当前层 P；单层 wbSnap().P，多层 wbSnap().layers[i].P。保存/另存/切效果自动草稿及配方 JSON 保存完整快照。一次拖动/输入提交/选择为一步，全资产60步；输入框内快捷键留给文本撤销。切层/发射器不清历史，打开另一效果/版本重置。行/模块/发射器恢复到打开时与恢复模板默认不同。","tool/src/js/10_types.js:784","","tool/src/js/79_workbench.js:159; tool/src/js/79_undo.js:10","43_phystrail.js:89；45_physbody.js:74；50_bake.js:190。BASE 无；配方 0.0185/0.0363/0.0489。","总亮度 ≈ 生成速率 × 亮度。尾缀序列烘焙时火花通道整体自动定曝光，起作用的是和火花、落火之间的比例。"
"SCHEMA-341","190-phBTw","","phBTw","P.phBTw","P","当前效果 / 当前层 / 金火花","number","闪烁强度","金火花亮度忽明忽暗的幅度；每颗按自己的随机频率（约 7–16 次/秒）闪。","命名表说明（可能滞后）；当前条件/换算来自源码，冲突见覆盖报告","旧（待删）","1（无量纲）","1（无量纲）","[0,1,0.01]","","","P => isPhys(P) || isPhysBody(P)","无字段级条件","[]","","[]","本字段不在LINK_KEYS轨迹同步列表；其他条件/默认联动另见本行","不走TIMING_KEYS通用时间联动","onParam：实时模拟更新，灰度烘焙按自动/手动模式处理","","","[]","","本字段无曲线控件","","参数 / 当前层 / 金火花 / 亮度 / 闪烁强度 [phBTw]","参数 / 当前层 / 金火花 / 亮度 / 闪烁强度 [phBTw]","参数 / 当前层 / 金火花 / 亮度 / 闪烁强度 [phBTw]","参数 / 当前层 / 金火花 / 外观与颜色 / 闪烁强度 [phBTw]","当前层 P；单层 wbSnap().P，多层 wbSnap().layers[i].P。保存/另存/切效果自动草稿及配方 JSON 保存完整快照。一次拖动/输入提交/选择为一步，全资产60步；输入框内快捷键留给文本撤销。切层/发射器不清历史，打开另一效果/版本重置。行/模块/发射器恢复到打开时与恢复模板默认不同。","tool/src/js/10_types.js:784","","tool/src/js/79_workbench.js:159; tool/src/js/79_undo.js:10","43_phystrail.js:67 wf = 7 + 9u、相位随机，:88 tw = 1 + Tw·sin(wf·a·2π+φ)·sin(0.37·wf·a·2π+1.3φ)；45_physbody.js:73。BASE 无；配方 0.35。","亮度 × (1 + 数值 × 两个正弦相乘)：0.35 时在约 0.65–1.35 倍之间变化。"
"SCHEMA-342","191-phBR","","phBR","P.phBR","P","当前效果 / 当前层 / 金火花","number","大小","每颗金火花光斑的半径；寿命长的大颗粒再按粒径系数放大。","命名表说明（可能滞后）；当前条件/换算来自源码，冲突见覆盖报告","旧（待删）","m","m","[0.01,0.3,0.005]","","","P => isPhys(P) || isPhysBody(P)","无字段级条件","[]","","[]","本字段不在LINK_KEYS轨迹同步列表；其他条件/默认联动另见本行","不走TIMING_KEYS通用时间联动","onParam：实时模拟更新，灰度烘焙按自动/手动模式处理","","","[]","","本字段无曲线控件","","参数 / 当前层 / 金火花 / 大小 / 大小 [phBR]","参数 / 当前层 / 金火花 / 大小 / 大小 [phBR]","参数 / 当前层 / 金火花 / 大小 / 大小 [phBR]","参数 / 当前层 / 金火花 / 外观与颜色 / 大小 [phBR]","当前层 P；单层 wbSnap().P，多层 wbSnap().layers[i].P。保存/另存/切效果自动草稿及配方 JSON 保存完整快照。一次拖动/输入提交/选择为一步，全资产60步；输入框内快捷键留给文本撤销。切层/发射器不清历史，打开另一效果/版本重置。行/模块/发射器恢复到打开时与恢复模板默认不同。","tool/src/js/10_types.js:784","","tool/src/js/79_workbench.js:159; tool/src/js/79_undo.js:10","43_phystrail.js:91 直径 = 2·phBR·size；45_physbody.js:77。BASE 无；配方 0.06；V5 物理条目 0.011。","只把光摊开，不改每颗总亮度。粒径系数 = √(寿命 ÷ 中位寿命)。"
"SCHEMA-343","192-phCRate","","phCRate","P.phCRate","P","当前效果 / 当前层 / 落火","number","生成速率","每秒喷出几颗落火（少量长寿的大颗火花），零星掉在尾迹下方。","命名表说明（可能滞后）；当前条件/换算来自源码，冲突见覆盖报告","旧（待删）","颗/秒","颗/秒","[0,200,1]","","","P => isPhys(P) || isPhysBody(P)","无字段级条件","[]","","[]","本字段不在LINK_KEYS轨迹同步列表；其他条件/默认联动另见本行","不走TIMING_KEYS通用时间联动","onParam：实时模拟更新，灰度烘焙按自动/手动模式处理","","","[]","","本字段无曲线控件","","参数 / 当前层 / 落火 / 生成 / 生成速率 [phCRate]","参数 / 当前层 / 落火 / 生成 / 生成速率 [phCRate]","参数 / 当前层 / 落火 / 生成 / 生成速率 [phCRate]","参数 / 当前层 / 落火 / 时序与数量 / 生成速率 [phCRate]","当前层 P；单层 wbSnap().P，多层 wbSnap().layers[i].P。保存/另存/切效果自动草稿及配方 JSON 保存完整快照。一次拖动/输入提交/选择为一步，全资产60步；输入框内快捷键留给文本撤销。切层/发射器不清历史，打开另一效果/版本重置。行/模块/发射器恢复到打开时与恢复模板默认不同。","tool/src/js/10_types.js:787","","tool/src/js/79_workbench.js:159; tool/src/js/79_undo.js:10","43_phystrail.js:49-50；45_physbody.js:31-32。BASE 无；配方 14；V5 物理条目 8。隐藏 phCJet 18、phCCone 2.2、phCT0 2150、phCTend 1250、phCTw 0.25、phCLsig 0.25、phCPm 1。","落火的喷出速度（18 m/s）、横向速度随机（2.2 m/s）、温度（2150 K 起）、闪烁（0.25）固定在配方里，不在面板上。"
"SCHEMA-344","193-phCLife","","phCLife","P.phCLife","P","当前效果 / 当前层 / 落火","number","寿命","每颗落火燃多久（中位数），决定它们掉多远才熄灭。","命名表说明（可能滞后）；当前条件/换算来自源码，冲突见覆盖报告","旧（待删）","s","s","[0.2,5,0.05]","","","P => isPhys(P) || isPhysBody(P)","无字段级条件","[]","","[]","本字段不在LINK_KEYS轨迹同步列表；其他条件/默认联动另见本行","不走TIMING_KEYS通用时间联动","onParam：实时模拟更新，灰度烘焙按自动/手动模式处理","","","[]","","本字段无曲线控件","","参数 / 当前层 / 落火 / 寿命 / 寿命 [phCLife]","参数 / 当前层 / 落火 / 寿命 / 寿命 [phCLife]","参数 / 当前层 / 落火 / 寿命 / 寿命 [phCLife]","参数 / 当前层 / 落火 / 时序与数量 / 寿命 [phCLife]","当前层 P；单层 wbSnap().P，多层 wbSnap().layers[i].P。保存/另存/切效果自动草稿及配方 JSON 保存完整快照。一次拖动/输入提交/选择为一步，全资产60步；输入框内快捷键留给文本撤销。切层/发射器不清历史，打开另一效果/版本重置。行/模块/发射器恢复到打开时与恢复模板默认不同。","tool/src/js/10_types.js:787","","tool/src/js/79_workbench.js:159; tool/src/js/79_undo.js:10","43_phystrail.js:56；45_physbody.js:20,62。BASE 无；配方 2.2；V5 物理条目 0.99。","实际寿命还按隐藏的对数正态随机（σ = 0.25，phCLsig）。尾缀序列里单颗最长 5 秒。"
"SCHEMA-345","194-phCKd","","phCKd","P.phCKd","P","当前效果 / 当前层 / 落火","number","阻力","落火的线性空气阻力；阻力越小掉得越快（末速 ≈ 9.81 ÷ 阻力 m/s）。","命名表说明（可能滞后）；当前条件/换算来自源码，冲突见覆盖报告","旧（待删）","1/s","1/s","[0.5,20,0.1]","","","P => isPhys(P) || isPhysBody(P)","无字段级条件","[]","","[]","本字段不在LINK_KEYS轨迹同步列表；其他条件/默认联动另见本行","不走TIMING_KEYS通用时间联动","onParam：实时模拟更新，灰度烘焙按自动/手动模式处理","","","[]","","本字段无曲线控件","","参数 / 当前层 / 落火 / 受力 / 阻力 [phCKd]","参数 / 当前层 / 落火 / 受力 / 阻力 [phCKd]","参数 / 当前层 / 落火 / 受力 / 阻力 [phCKd]","参数 / 当前层 / 落火 / 空间与运动 / 阻力 [phCKd]","当前层 P；单层 wbSnap().P，多层 wbSnap().layers[i].P。保存/另存/切效果自动草稿及配方 JSON 保存完整快照。一次拖动/输入提交/选择为一步，全资产60步；输入框内快捷键留给文本撤销。切层/发射器不清历史，打开另一效果/版本重置。行/模块/发射器恢复到打开时与恢复模板默认不同。","tool/src/js/10_types.js:787","","tool/src/js/79_workbench.js:159; tool/src/js/79_undo.js:10","43_phystrail.js:66 kd = phCKd/size，:84-85 下坠末速 G/kd；45_physbody.js:69-71。BASE 无；配方 3.5。","3.5 → 下坠末速约 2.8 m/s。大颗阻力更小（实际阻力 = 数值 ÷ 粒径系数）。"
"SCHEMA-346","195-phCI","","phCI","P.phCI","P","当前效果 / 当前层 / 落火","number","亮度","每颗落火的亮度系数（2350 K 时的亮度记为 1），再乘温度和粒径的影响。","命名表说明（可能滞后）；当前条件/换算来自源码，冲突见覆盖报告","旧（待删）","1（无量纲）","1（无量纲）","[0,3,0.01]","","","P => isPhys(P) || isPhysBody(P)","无字段级条件","[]","","[]","本字段不在LINK_KEYS轨迹同步列表；其他条件/默认联动另见本行","不走TIMING_KEYS通用时间联动","onParam：实时模拟更新，灰度烘焙按自动/手动模式处理","","","[]","","本字段无曲线控件","","参数 / 当前层 / 落火 / 亮度 / 亮度 [phCI]","参数 / 当前层 / 落火 / 亮度 / 亮度 [phCI]","参数 / 当前层 / 落火 / 亮度 / 亮度 [phCI]","参数 / 当前层 / 落火 / 外观与颜色 / 亮度 [phCI]","当前层 P；单层 wbSnap().P，多层 wbSnap().layers[i].P。保存/另存/切效果自动草稿及配方 JSON 保存完整快照。一次拖动/输入提交/选择为一步，全资产60步；输入框内快捷键留给文本撤销。切层/发射器不清历史，打开另一效果/版本重置。行/模块/发射器恢复到打开时与恢复模板默认不同。","tool/src/js/10_types.js:788","","tool/src/js/79_workbench.js:159; tool/src/js/79_undo.js:10","43_phystrail.js:89；45_physbody.js:74。physLum(2150)/physLum(2350) ≈ 0.37。BASE 无；配方 0.8。","落火温度固定从 2150 K 起、末段降到 1250 K（隐藏），一开始就只有约 0.37 的温度亮度，越到后面越暗。尾缀序列里起作用的是和火花、金火花之间的比例。"
"SCHEMA-347","196-phCR","","phCR","P.phCR","P","当前效果 / 当前层 / 落火","number","大小","每颗落火光斑的半径；寿命长的大颗粒再按粒径系数放大。","命名表说明（可能滞后）；当前条件/换算来自源码，冲突见覆盖报告","旧（待删）","m","m","[0.01,0.3,0.005]","","","P => isPhys(P) || isPhysBody(P)","无字段级条件","[]","","[]","本字段不在LINK_KEYS轨迹同步列表；其他条件/默认联动另见本行","不走TIMING_KEYS通用时间联动","onParam：实时模拟更新，灰度烘焙按自动/手动模式处理","","","[]","","本字段无曲线控件","","参数 / 当前层 / 落火 / 大小 / 大小 [phCR]","参数 / 当前层 / 落火 / 大小 / 大小 [phCR]","参数 / 当前层 / 落火 / 大小 / 大小 [phCR]","参数 / 当前层 / 落火 / 外观与颜色 / 大小 [phCR]","当前层 P；单层 wbSnap().P，多层 wbSnap().layers[i].P。保存/另存/切效果自动草稿及配方 JSON 保存完整快照。一次拖动/输入提交/选择为一步，全资产60步；输入框内快捷键留给文本撤销。切层/发射器不清历史，打开另一效果/版本重置。行/模块/发射器恢复到打开时与恢复模板默认不同。","tool/src/js/10_types.js:788","","tool/src/js/79_workbench.js:159; tool/src/js/79_undo.js:10","43_phystrail.js:91；45_physbody.js:77。BASE 无；配方 0.075；V5 物理条目 0.015。","只把光摊开，不改每颗总亮度。"
"SCHEMA-348","197a-rtBall","","rtBall","P.rtBall","P","当前效果 / 当前层 / 星头","select","弹道算法","弹体怎么飞：「线性阻力」是旧做法（给开花高度、升空时间、开花时速度，反解出膛速度和线性阻力，减速从头到尾很匀）；「物理」按弹径算终端速度、平方阻力（出膛快、前段减速猛、顶点附近吊住），升空时间由开花高度算出来。","命名表说明（可能滞后）；当前条件/换算来自源码，冲突见覆盖报告","旧（待删）","选项","选项","","[[0,""线性阻力（给升空时间反解，旧）""],[1,""物理（弹径定终端速度、平方阻力）""]]","0","P => familyOf(P.type) === 'rise' && P.form === 'emitset'","无字段级条件","[]","","[""type"",""form""]","本字段不在LINK_KEYS轨迹同步列表；其他条件/默认联动另见本行","不走TIMING_KEYS通用时间联动","onParam：实时模拟更新，灰度烘焙按自动/手动模式处理","","","[]","","本字段无曲线控件","","参数 / 当前层 / 星头 / 弹道 / 弹道算法 [rtBall]","参数 / 当前层 / 星头 / 弹道 / 弹道算法 [rtBall]","参数 / 当前层 / 星头 / 弹道 / 弹道算法 [rtBall]","参数 / 当前层 / 星头 / 专属任务 · 弹道 / 弹道算法 [rtBall]","当前层 P；单层 wbSnap().P，多层 wbSnap().layers[i].P。保存/另存/切效果自动草稿及配方 JSON 保存完整快照。一次拖动/输入提交/选择为一步，全资产60步；输入框内快捷键留给文本撤销。切层/发射器不清历史，打开另一效果/版本重置。行/模块/发射器恢复到打开时与恢复模板默认不同。","tool/src/js/10_types.js:791","","tool/src/js/79_workbench.js:159; tool/src/js/79_undo.js:10","47_risetail.js rtBallistic / rtBallisticPhys / rtVelLife；fwlEmitSet RiseLoop 模块；rtBuildES HeadGlow velLife；46_emitset.js velLife","用户 2026-10-04 17:27「上升太匀速，不符合物理」。Velocity Over Life 模块要本机导入器支持（spec 第 5 节，⚪ 未经 UE 验证）。缺省旧做法，RT1–RT4 不变。"
"SCHEMA-349","197-rtH","","rtH","P.rtH","P","当前效果 / 当前层 / 星头","number","开花高度","开花那一刻弹体离地多高；和升空时间、开花时速度一起反算出膛速度和阻力。","命名表说明（可能滞后）；当前条件/换算来自源码，冲突见覆盖报告","物理量","m","m","[50,700,1]","","265","P => familyOf(P.type) === 'rise' && P.form === 'emitset'","无字段级条件","[]","","[""type"",""form""]","本字段不在LINK_KEYS轨迹同步列表；其他条件/默认联动另见本行","不走TIMING_KEYS通用时间联动","onParam：实时模拟更新，灰度烘焙按自动/手动模式处理","","","[]","","本字段无曲线控件","","参数 / 当前层 / 星头 / 弹道 / 开花高度 [rtH]","参数 / 当前层 / 星头 / 弹道 / 开花高度 [rtH]","参数 / 当前层 / 星头 / 弹道 / 开花高度 [rtH]","参数 / 当前层 / 星头 / 专属任务 · 弹道 / 开花高度 [rtH]","当前层 P；单层 wbSnap().P，多层 wbSnap().layers[i].P。保存/另存/切效果自动草稿及配方 JSON 保存完整快照。一次拖动/输入提交/选择为一步，全资产60步；输入框内快捷键留给文本撤销。切层/发射器不清历史，打开另一效果/版本重置。行/模块/发射器恢复到打开时与恢复模板默认不同。","tool/src/js/10_types.js:792","","tool/src/js/79_workbench.js:159; tool/src/js/79_undo.js:10","47_risetail.js:16-27 rtBallistic：二分 k∈[1e-6,20] 使 T 时刻竖直位置 = rtH；f(1e-6)>0 → ok=false、vz0 = vb + G·T；Hreal = pos(T)[2]；47:510-513 RiseLoop Lifetime/InitialVelocity/Drag，47:525 RiseFade InitialLocation，47:273-275 粒子 loc/vel 曲线，47:538 preview_distance_cm = max(30000, H·200)；10_types.js:495","三个量联动：同样时间和开花时速度下，要求越高阻力越大。开花时速度给得太大（没有阻力也到不了这么低）时按无阻力算，实际高度 = 开花时速度 × 时间 + ½g·时间²，比设定高（导出说明里有 ⚠）；阻力反解上限 20 /s，要求的阻力更大时实际高度会比设定低（不报警，只在导出说明里写「要求 x m」）。"
"SCHEMA-350","198-rtT","","rtT","P.rtT","P","当前效果 / 当前层 / 星头","number","升空时间","从出膛到开花的秒数；循环层粒子的寿命、各粒子发射器的持续时间都等于它。","命名表说明（可能滞后）；当前条件/换算来自源码，冲突见覆盖报告","旧（待删）","s","s","[1,12,0.05]","","5","P => familyOf(P.type) === 'rise' && P.form === 'emitset'","P => +P.rtBall !== 1","[]","","[""type"",""form"",""rtBall""]","本字段不在LINK_KEYS轨迹同步列表；其他条件/默认联动另见本行","不走TIMING_KEYS通用时间联动","onParam：实时模拟更新，灰度烘焙按自动/手动模式处理","","","[]","","本字段无曲线控件","","参数 / 当前层 / 星头 / 弹道 / 升空时间 [rtT]","参数 / 当前层 / 星头 / 弹道 / 升空时间 [rtT]","参数 / 当前层 / 星头 / 弹道 / 升空时间 [rtT]","参数 / 当前层 / 星头 / 专属任务 · 弹道 / 升空时间 [rtT]","当前层 P；单层 wbSnap().P，多层 wbSnap().layers[i].P。保存/另存/切效果自动草稿及配方 JSON 保存完整快照。一次拖动/输入提交/选择为一步，全资产60步；输入框内快捷键留给文本撤销。切层/发射器不清历史，打开另一效果/版本重置。行/模块/发射器恢复到打开时与恢复模板默认不同。","tool/src/js/10_types.js:793","","tool/src/js/79_workbench.js:159; tool/src/js/79_undo.js:10","47:16-26 rtBallistic(T)；47:293 duration: T；47:507-510 RiseLoop duration_s/Lifetime = T；47:521 RiseFade delay_s = T；47:472-475 rtDuration；70_ui.js:33；10_types.js:496","和开花高度、开花时速度一起反解弹道；时间太长（无阻力也会飞过开花高度）时按无阻力算，实际高度变高。实时模拟总时长 = 升空时间 + 最长火花 / 火花寿命 + 0.2 s。"
"SCHEMA-351","199-rtVb","","rtVb","P.rtVb","P","当前效果 / 当前层 / 星头","number","开花时速度","开花那一刻弹体还在往上冲的速度（竖直分量）；小 / 中档还在上冲时开花，大档接近顶点。","命名表说明（可能滞后）；当前条件/换算来自源码，冲突见覆盖报告","物理量","m/s","m/s","[0.5,80,0.5]","","16","P => familyOf(P.type) === 'rise' && P.form === 'emitset'","无字段级条件","[]","","[""type"",""form""]","本字段不在LINK_KEYS轨迹同步列表；其他条件/默认联动另见本行","不走TIMING_KEYS通用时间联动","onParam：实时模拟更新，灰度烘焙按自动/手动模式处理","","","[]","","本字段无曲线控件","","参数 / 当前层 / 星头 / 弹道 / 开花时速度 [rtVb]","参数 / 当前层 / 星头 / 弹道 / 开花时速度 [rtVb]","参数 / 当前层 / 星头 / 弹道 / 开花时速度 [rtVb]","参数 / 当前层 / 星头 / 专属任务 · 弹道 / 开花时速度 [rtVb]","当前层 P；单层 wbSnap().P，多层 wbSnap().layers[i].P。保存/另存/切效果自动草稿及配方 JSON 保存完整快照。一次拖动/输入提交/选择为一步，全资产60步；输入框内快捷键留给文本撤销。切层/发射器不清历史，打开另一效果/版本重置。行/模块/发射器恢复到打开时与恢复模板默认不同。","tool/src/js/10_types.js:794","","tool/src/js/79_workbench.js:159; tool/src/js/79_undo.js:10","47:17-22 vb 进 f(k)，ball.vb = vel(T)[2]（只取 z）；47:439 sizeKeysRise 按 |v(t)| 缩放；47:504/526 RiseFade 朝向 = vel(T)；10_types.js:497。名字写「弹体速度」，代码只用竖直分量","只管竖直分量（有弹道倾角时水平速度另算）。最小 0.5 m/s，做不出过顶点下落后再开花。给得太大（没有阻力也到不了开花高度那么低）时按无阻力算，见开花高度。"
"SCHEMA-352","200-rtLean","","rtLean","P.rtLean","P","当前效果 / 当前层 / 星头","number","弹道倾角","发射方向偏离竖直的角度，正值往右（画面 +x）；只在画面平面里倾斜。","命名表说明（可能滞后）；当前条件/换算来自源码，冲突见覆盖报告","物理量","°","°","[-15,15,0.1]","","0","P => familyOf(P.type) === 'rise' && P.form === 'emitset'","无字段级条件","[]","","[""type"",""form""]","本字段不在LINK_KEYS轨迹同步列表；其他条件/默认联动另见本行","不走TIMING_KEYS通用时间联动","onParam：实时模拟更新，灰度烘焙按自动/手动模式处理","","","[]","","本字段无曲线控件","","参数 / 当前层 / 星头 / 弹道 / 弹道倾角 [rtLean]","参数 / 当前层 / 星头 / 弹道 / 弹道倾角 [rtLean]","参数 / 当前层 / 星头 / 弹道 / 弹道倾角 [rtLean]","参数 / 当前层 / 星头 / 专属任务 · 弹道 / 弹道倾角 [rtLean]","当前层 P；单层 wbSnap().P，多层 wbSnap().layers[i].P。保存/另存/切效果自动草稿及配方 JSON 保存完整快照。一次拖动/输入提交/选择为一步，全资产60步；输入框内快捷键留给文本撤销。切层/发射器不清历史，打开另一效果/版本重置。行/模块/发射器恢复到打开时与恢复模板默认不同。","tool/src/js/10_types.js:795","","tool/src/js/79_workbench.js:159; tool/src/js/79_undo.js:10","47:17 th = rtLean·π/180；47:22 vx0 = vz0·tan(th)；47:512 导出 X 分量；10_types.js:498","开花高度、开花时速度只对竖直分量成立，水平分量按同一阻力衰减，开花点水平偏移随之而来。三档预设都是 0。"
"SCHEMA-353","201-rtD","","rtD","P.rtD","P","当前效果 / 当前层 / 星头","number","弹径","弹体直径；喷口在弹体外缘绕转轴转圈，半径 = 弹径 / 2，火花和火花从这个圈上出生。","命名表说明（可能滞后）；当前条件/换算来自源码，冲突见覆盖报告","物理量","m","m","[0.05,0.8,0.01]","","0.14","P => familyOf(P.type) === 'rise' && P.form === 'emitset'","无字段级条件","[]","","[""type"",""form""]","本字段不在LINK_KEYS轨迹同步列表；其他条件/默认联动另见本行","不走TIMING_KEYS通用时间联动","onParam：实时模拟更新，灰度烘焙按自动/手动模式处理","","","[]","","本字段无曲线控件","","参数 / 当前层 / 星头 / 自转与喷射 / 弹径 [rtD]","参数 / 当前层 / 星头 / 自转与喷射 / 弹径 [rtD]","参数 / 当前层 / 星头 / 自转与喷射 / 弹径 [rtD]","参数 / 当前层 / 星头 / 专属任务 · 自转与喷射 / 弹径 [rtD]","当前层 P；单层 wbSnap().P，多层 wbSnap().layers[i].P。保存/另存/切效果自动草稿及配方 JSON 保存完整快照。一次拖动/输入提交/选择为一步，全资产60步；输入框内快捷键留给文本撤销。切层/发射器不清历史，打开另一效果/版本重置。行/模块/发射器恢复到打开时与恢复模板默认不同。","tool/src/js/10_types.js:796","","tool/src/js/79_workbench.js:159; tool/src/js/79_undo.js:10","47:267/273 R0 = rtD/2，loc = 弹道 + [R0·cos ph, R0·sin ph, 0]；47:133/154 火粉 x 含 R0·cos(ph)；47:97 贴图火花；47:346-347 取景；10_types.js:499","和切向甩出速度一起定螺旋波幅（≈ 半径 + 甩出速度 ÷ 阻力）。自转转速 = 0 时出生点固定在圈上一处（由起始相位定）。"
"SCHEMA-354","201b-rtVt","","rtVt","P.rtVt","P","当前效果 / 当前层 / 星头","number","终端速度","物理弹道下弹体自由下落的极限速度，决定空气阻力多大：0 = 按弹径算（ρ弹 600 kg/m³、Cd 0.47，30 cm 弹约 65 m/s）。","命名表说明（可能滞后）；当前条件/换算来自源码，冲突见覆盖报告","物理量","m/s","m/s","[0,200,1]","","0","P => familyOf(P.type) === 'rise' && P.form === 'emitset'","P => +P.rtBall === 1","[]","{""source"":""按弹径算（球形弹体在空气中的终端速度）"",""calculate"":""P => +(typeof rtVtOf === 'function' ? rtVtOf({ ...P, rtVt: 0 }) : 0).toFixed(1)"",""sentinel"":0,""linkedWhen"":""autoLinked(rtVt,v)"",""behavior"":""直接编辑断开；跟着算固定当前计算值；接回存哨兵，均进入快照撤销""}","[""type"",""form"",""rtBall""]","本字段不在LINK_KEYS轨迹同步列表；其他条件/默认联动另见本行","不走TIMING_KEYS通用时间联动","onParam：实时模拟更新，灰度烘焙按自动/手动模式处理","","","[]","","本字段无曲线控件","","参数 / 当前层 / 星头 / 弹道 / 终端速度 [rtVt]","参数 / 当前层 / 星头 / 弹道 / 终端速度 [rtVt]","参数 / 当前层 / 星头 / 弹道 / 终端速度 [rtVt]","参数 / 当前层 / 星头 / 专属任务 · 弹道 / 终端速度 [rtVt]","当前层 P；单层 wbSnap().P，多层 wbSnap().layers[i].P。保存/另存/切效果自动草稿及配方 JSON 保存完整快照。一次拖动/输入提交/选择为一步，全资产60步；输入框内快捷键留给文本撤销。切层/发射器不清历史，打开另一效果/版本重置。行/模块/发射器恢复到打开时与恢复模板默认不同。","tool/src/js/10_types.js:797","","tool/src/js/79_workbench.js:159; tool/src/js/79_undo.js:10","47_risetail.js rtVtOf","只在「弹道算法」= 物理时显示、起作用。"
"SCHEMA-355","201c-info:ballInfo","","info:ballInfo","derived:info:ballInfo","READ","当前效果 / 当前层 / 星头","info","弹道结果","只读：现在的弹道算出来的出膛速度、1 秒后速度、开花时速度、升空时间。","命名表说明（可能滞后）；当前条件/换算来自源码，冲突见覆盖报告","只读","选项","选项","","","","P => familyOf(P.type) === 'rise' && P.form === 'emitset'","无字段级条件","[]","","[""type"",""form""]","本字段不在LINK_KEYS轨迹同步列表；其他条件/默认联动另见本行","不走TIMING_KEYS通用时间联动","信息/规格容器；其中原有快捷动作见infoActions","无直接编辑动作","","[]","","本字段无曲线控件","","参数 / 当前层 / 星头 / 弹道 / 弹道结果 [info:ballInfo]","参数 / 当前层 / 星头 / 弹道 / 弹道结果 [info:ballInfo]","参数 / 当前层 / 星头 / 弹道 / 弹道结果 [info:ballInfo]","参数 / 当前层 / 星头 / 专属任务 · 弹道 / 弹道结果 [info:ballInfo]","只读结果/容器，无直接保存或撤销；受上游配方与成功烘焙影响。","tool/src/js/10_types.js:798","","tool/src/js/79_workbench.js:159; tool/src/js/79_undo.js:10","47_risetail.js rtBallInfoHTML","物理弹道下升空时间是算出来的，看这一行。"
"SCHEMA-356","202-rtBurstD","","rtBurstD","P.rtBurstD","P","当前效果 / 当前层 / 输出","number","参考开花直径","这一档弹接下来开花的直径，只当比例尺：「游戏内大小」预览按它占屏高 1/3 定远近。","命名表说明（可能滞后）；当前条件/换算来自源码，冲突见覆盖报告","预览设置","m","m","[40,600,1]","","190","P => familyOf(P.type) === 'rise' && P.form === 'emitset'","无字段级条件","[]","","[""type"",""form""]","本字段不在LINK_KEYS轨迹同步列表；其他条件/默认联动另见本行","不走TIMING_KEYS通用时间联动","onParam：实时模拟更新，灰度烘焙按自动/手动模式处理","","","[]","","本字段无曲线控件","","参数 / 当前层 / 输出 / 取景 / 参考开花直径 [rtBurstD]","参数 / 当前层 / 输出 / 取景 / 参考开花直径 [rtBurstD]","参数 / 当前层 / 输出 / 取景 / 参考开花直径 [rtBurstD]","参数 / 当前层 / 输出 / 取景 / 参考开花直径 [rtBurstD]","当前层 P；单层 wbSnap().P，多层 wbSnap().layers[i].P。保存/另存/切效果自动草稿及配方 JSON 保存完整快照。一次拖动/输入提交/选择为一步，全资产60步；输入框内快捷键留给文本撤销。切层/发射器不清历史，打开另一效果/版本重置。行/模块/发射器恢复到打开时与恢复模板默认不同。","tool/src/js/10_types.js:799","","tool/src/js/79_workbench.js:159; tool/src/js/79_undo.js:10","47:465 rtView：state.disp === game 时 gamePixelsPerMeter(P, rtBurstD)；49_playback.js:7-9 屏高 × screenFrac(默认 1/3)；47:647 HUD；烘焙器探针.py:49；bake/导出路径里没有用到","只在显示方式 = 游戏内大小时起作用；analysis/scripts/烘焙器探针.py 也用它估算面片在屏幕上占多少像素（判断单格分辨率够不够）。"
"SCHEMA-357","203-seed","","seed","P.seed","P","当前效果 / 当前层 / 效果","number","随机种子","换一组随机数：火花、贴图里的细火花、脉动相位、大涡乱流和粒子出生表都换一套，规律不变。","命名表说明（可能滞后）；当前条件/换算来自源码，冲突见覆盖报告","引擎字段","1（无量纲）","1（无量纲）","[1,999,1]","","7","P => familyOf(P.type) === 'rise' && P.form === 'emitset'","无字段级条件","[]","","[""type"",""form""]","同批星轨迹组：当前启用联动时同步组内层；我的效果显式建组/候选推断组。可暂时关闭；组本身不在参数撤销快照。","不走TIMING_KEYS通用时间联动","onParam：实时模拟更新，灰度烘焙按自动/手动模式处理","","","[]","","本字段无曲线控件","","参数 / 当前层 / 效果 / 规格 / 随机种子 [seed]","参数 / 当前层 / 效果 / 规格 / 随机种子 [seed]","参数 / 当前层 / 效果 / 规格 / 随机种子 [seed]","参数 / 当前层 / 效果 / 规格与制作范围 / 随机种子 [seed]","当前层 P；单层 wbSnap().P，多层 wbSnap().layers[i].P。保存/另存/切效果自动草稿及配方 JSON 保存完整快照。一次拖动/输入提交/选择为一步，全资产60步；输入框内快捷键留给文本撤销。切层/发射器不清历史，打开另一效果/版本重置。行/模块/发射器恢复到打开时与恢复模板默认不同。","tool/src/js/10_types.js:800","","tool/src/js/79_workbench.js:159; tool/src/js/79_undo.js:10","47:34 脉动相位 RNG(seed·41+3)；47:84/133 贴图火花、火粉 salt；47:238 rtAir 节点；47:278/293 发射器 seed → 46_emitset.js:32 esSpawn；46:154-184 esFwlEmitter 不输出 seed；10_types.js:501","引擎回放里的粒子是烘焙器按这个种子排的出生表；UE 里每颗位置不同，只有曲线一致。"
"SCHEMA-358","204-rtSpin","","rtSpin","P.rtSpin","P","当前效果 / 当前层 / 星头","number","自转转速","弹体每秒自转几圈；喷口跟着转，把火花甩成尾迹上的螺旋，波长 = 弹体速度 ÷ 转速。","命名表说明（可能滞后）；当前条件/换算来自源码，冲突见覆盖报告","物理量","转/秒","转/秒","[0,8,0.05]","","2","P => familyOf(P.type) === 'rise' && P.form === 'emitset'","无字段级条件","[]","","[""type"",""form""]","本字段不在LINK_KEYS轨迹同步列表；其他条件/默认联动另见本行","不走TIMING_KEYS通用时间联动","onParam：实时模拟更新，灰度烘焙按自动/手动模式处理","","","[]","","本字段无曲线控件","","参数 / 当前层 / 星头 / 自转与喷射 / 自转转速 [rtSpin]","参数 / 当前层 / 星头 / 自转与喷射 / 自转转速 [rtSpin]","参数 / 当前层 / 星头 / 自转与喷射 / 自转转速 [rtSpin]","参数 / 当前层 / 星头 / 专属任务 · 自转与喷射 / 自转转速 [rtSpin]","当前层 P；单层 wbSnap().P，多层 wbSnap().layers[i].P。保存/另存/切效果自动草稿及配方 JSON 保存完整快照。一次拖动/输入提交/选择为一步，全资产60步；输入框内快捷键留给文本撤销。切层/发射器不清历史，打开另一效果/版本重置。行/模块/发射器恢复到打开时与恢复模板默认不同。","tool/src/js/10_types.js:803","","tool/src/js/79_workbench.js:159; tool/src/js/79_undo.js:10","47:29-36 rtLoopInfo：nRev = ceil(f·F/30)、Tl = nRev/f；47:271-275 phase 进 loc/vel；47:268 曲线取样 dtL = 1/(12f)；47:479-485 帧号锯齿按 Tl；10_types.js:504","循环周期 = 「不短于 总帧数 ÷ 30 秒」的最小整数圈，所以转速也改循环层帧率。0 时喷口不转，甩出方向固定（起始相位 0 时朝景深方向，侧面几乎看不出）。"
"SCHEMA-359","205-rtSpinPh","","rtSpinPh","P.rtSpinPh","P","当前效果 / 当前层 / 星头","number","起始相位","出膛那一刻喷口在转圈上的位置（0–1 圈）；转速 > 0 时等于把整条螺旋沿尾迹平移。","命名表说明（可能滞后）；当前条件/换算来自源码，冲突见覆盖报告","物理量","圈","圈","[0,1,0.01]","","0","P => familyOf(P.type) === 'rise' && P.form === 'emitset'","无字段级条件","[]","","[""type"",""form""]","本字段不在LINK_KEYS轨迹同步列表；其他条件/默认联动另见本行","不走TIMING_KEYS通用时间联动","onParam：实时模拟更新，灰度烘焙按自动/手动模式处理","","","[]","","本字段无曲线控件","","参数 / 当前层 / 星头 / 自转与喷射 / 起始相位 [rtSpinPh]","参数 / 当前层 / 星头 / 自转与喷射 / 起始相位 [rtSpinPh]","参数 / 当前层 / 星头 / 自转与喷射 / 起始相位 [rtSpinPh]","参数 / 当前层 / 星头 / 专属任务 · 自转与喷射 / 起始相位 [rtSpinPh]","当前层 P；单层 wbSnap().P，多层 wbSnap().layers[i].P。保存/另存/切效果自动草稿及配方 JSON 保存完整快照。一次拖动/输入提交/选择为一步，全资产60步；输入框内快捷键留给文本撤销。切层/发射器不清历史，打开另一效果/版本重置。行/模块/发射器恢复到打开时与恢复模板默认不同。","tool/src/js/10_types.js:804","","tool/src/js/79_workbench.js:159; tool/src/js/79_undo.js:10","47:51/92 火粉、贴图火花 ph = 2π(f·tb + rtSpinPh)；47:271 phase(t)；10_types.js:505","转速 > 0 时画面变化很小（只是平移）；转速 = 0 时决定出生偏移和甩出的固定方向。"
"SCHEMA-360","206-rtFling","","rtFling","P.rtFling","P","当前效果 / 当前层 / 星头","number","切向甩出速度","喷口转圈时把火花沿切线甩出去的速度；螺旋的波幅 ≈ 甩出速度 ÷ 火花阻力。","命名表说明（可能滞后）；当前条件/换算来自源码，冲突见覆盖报告","物理量","m/s","m/s","[0,15,0.05]","","3","P => familyOf(P.type) === 'rise' && P.form === 'emitset'","无字段级条件","[]","","[""type"",""form""]","本字段不在LINK_KEYS轨迹同步列表；其他条件/默认联动另见本行","不走TIMING_KEYS通用时间联动","onParam：实时模拟更新，灰度烘焙按自动/手动模式处理","","","[]","","本字段无曲线控件","","参数 / 当前层 / 星头 / 自转与喷射 / 切向甩出速度 [rtFling]","参数 / 当前层 / 星头 / 自转与喷射 / 切向甩出速度 [rtFling]","参数 / 当前层 / 星头 / 自转与喷射 / 切向甩出速度 [rtFling]","参数 / 当前层 / 星头 / 专属任务 · 自转与喷射 / 切向甩出速度 [rtFling]","当前层 P；单层 wbSnap().P，多层 wbSnap().layers[i].P。保存/另存/切效果自动草稿及配方 JSON 保存完整快照。一次拖动/输入提交/选择为一步，全资产60步；输入框内快捷键留给文本撤销。切层/发射器不清历史，打开另一效果/版本重置。行/模块/发射器恢复到打开时与恢复模板默认不同。","tool/src/js/10_types.js:805","","tool/src/js/79_workbench.js:159; tool/src/js/79_undo.js:10","47:50 火粉 fl = rtFling·(0.8+0.4u)；47:274-275 vel(jet, fling)：x −= fling·sin ph，y += fling·cos ph；47:295/302(×0.5)/320；47:96 贴图火花；10_types.js:506","火花每颗再 × (0.8–1.2) 均匀随机（固定，不可调）。自转转速为 0 时甩出方向固定。"
"SCHEMA-361","207-rtJet","","rtJet","P.rtJet","P","当前效果 / 当前层 / 星头","number","火花喷出速度","金火花相对弹体向后喷出的速度；火花出生速度 = 弹体此刻速度 − 这个值（沿弹道方向）。","命名表说明（可能滞后）；当前条件/换算来自源码，冲突见覆盖报告","物理量","m/s","m/s","[0,80,0.5]","","27","P => familyOf(P.type) === 'rise' && P.form === 'emitset'","无字段级条件","[]","","[""type"",""form""]","本字段不在LINK_KEYS轨迹同步列表；其他条件/默认联动另见本行","不走TIMING_KEYS通用时间联动","onParam：实时模拟更新，灰度烘焙按自动/手动模式处理","","","[]","","本字段无曲线控件","","参数 / 当前层 / 星头 / 自转与喷射 / 火花喷出速度 [rtJet]","参数 / 当前层 / 星头 / 自转与喷射 / 火花喷出速度 [rtJet]","参数 / 当前层 / 星头 / 自转与喷射 / 火花喷出速度 [rtJet]","参数 / 当前层 / 星头 / 专属任务 · 自转与喷射 / 火花喷出速度 [rtJet]","当前层 P；单层 wbSnap().P，多层 wbSnap().layers[i].P。保存/另存/切效果自动草稿及配方 JSON 保存完整快照。一次拖动/输入提交/选择为一步，全资产60步；输入框内快捷键留给文本撤销。切层/发射器不清历史，打开另一效果/版本重置。行/模块/发射器恢复到打开时与恢复模板默认不同。","tool/src/js/10_types.js:806","","tool/src/js/79_workbench.js:159; tool/src/js/79_undo.js:10","47:274-275 vel = v − jet·v/|v|；47:295 vel(P.rtJet…)；47:302 ×0.6；47:320；47:96/185 贴图火花；47:290 rtStretchLife(jet)；10_types.js:507","管金火花（含烘进贴图的细火花）、落火、末段爆亮；白热段火花用自己那一节的「喷出速度」。开拖影时也影响拖影长度。"
"SCHEMA-362","208-rtCone","","rtCone","P.rtCone","P","当前效果 / 当前层 / 星头","number","横向速度随机","每颗火花出生时再加一份随机速度，让尾迹散开变粗；横向 ± 此值，竖直 ± 一半。","命名表说明（可能滞后）；当前条件/换算来自源码，冲突见覆盖报告","物理量","m/s","m/s","[0,8,0.05]","","2.5","P => familyOf(P.type) === 'rise' && P.form === 'emitset'","无字段级条件","[]","","[""type"",""form""]","本字段不在LINK_KEYS轨迹同步列表；其他条件/默认联动另见本行","不走TIMING_KEYS通用时间联动","onParam：实时模拟更新，灰度烘焙按自动/手动模式处理","","","[]","均匀分布，每粒火花：横向（x、景深 y）在 ±2.5 m/s 内均匀取，竖直在 ±1.25 m/s 内；「散开软边」= 1 时改成两个 ±(此值 ÷ √2) 相加（中间密、边缘软，均方根不变）。","本字段无曲线控件","","参数 / 当前层 / 星头 / 自转与喷射 / 横向速度随机 [rtCone]","参数 / 当前层 / 星头 / 自转与喷射 / 横向速度随机 [rtCone]","参数 / 当前层 / 星头 / 自转与喷射 / 横向速度随机 [rtCone]","参数 / 当前层 / 星头 / 专属任务 · 自转与喷射 / 横向速度随机 [rtCone]","当前层 P；单层 wbSnap().P，多层 wbSnap().layers[i].P。保存/另存/切效果自动草稿及配方 JSON 保存完整快照。一次拖动/输入提交/选择为一步，全资产60步；输入框内快捷键留给文本撤销。切层/发射器不清历史，打开另一效果/版本重置。行/模块/发射器恢复到打开时与恢复模板默认不同。","tool/src/js/10_types.js:807","","tool/src/js/79_workbench.js:159; tool/src/js/79_undo.js:10","47:278 c = rtCone（软边时 /√2），cb = [[-c,-c,-c/2],[c,c,c/2]]；46_emitset.js:165 每个盒子导出一个 InitialVelocity uniform；47:302 落火；47:83/88 贴图火花；10_types.js:508","和「散开软边」一起看。白热段火花用自己那一节的「横向速度随机」（正态，另一套）。落火（不开软边时）横向 ±1.5 倍、竖直 −1 ~ +0.3 倍。"
"SCHEMA-363","209-rtPulse","","rtPulse","P.rtPulse","P","当前效果 / 当前层 / 星头","number","喷射脉动","喷射忽强忽弱的幅度：星头亮度、火花亮度、火花生成率按同一条周期曲线一起起伏；0 = 关。","命名表说明（可能滞后）；当前条件/换算来自源码，冲突见覆盖报告","物理量","1","1","[0,1,0.01]","","0.2","P => familyOf(P.type) === 'rise' && P.form === 'emitset'","无字段级条件","[]","","[""type"",""form""]","本字段不在LINK_KEYS轨迹同步列表；其他条件/默认联动另见本行","不走TIMING_KEYS通用时间联动","onParam：实时模拟更新，灰度烘焙按自动/手动模式处理","","","[]","","本字段无曲线控件","","参数 / 当前层 / 星头 / 自转与喷射 / 喷射脉动 [rtPulse]","参数 / 当前层 / 星头 / 自转与喷射 / 喷射脉动 [rtPulse]","参数 / 当前层 / 星头 / 自转与喷射 / 喷射脉动 [rtPulse]","参数 / 当前层 / 星头 / 专属任务 · 自转与喷射 / 喷射脉动 [rtPulse]","当前层 P；单层 wbSnap().P，多层 wbSnap().layers[i].P。保存/另存/切效果自动草稿及配方 JSON 保存完整快照。一次拖动/输入提交/选择为一步，全资产60步；输入框内快捷键留给文本撤销。切层/发射器不清历史，打开另一效果/版本重置。行/模块/发射器恢复到打开时与恢复模板默认不同。","tool/src/js/10_types.js:808","","tool/src/js/79_workbench.js:159; tool/src/js/79_undo.js:10","47:33-35 pulse = max(0.05, 1 + A·(0.65 sin + 0.35 sin))；47:143 星头 × pulse；47:156 火粉；47:117 贴图火花；47:276 spawn × pulse；47:309 HeadGlow；10_types.js:509","是两个正弦叠加（主频 + 1.73 倍频，相位由随机种子定），频率取整到每个循环周期整数次，贴图循环和粒子曲线对得上；最低压到 0.05 倍。"
"SCHEMA-364","210-rtPulseHz","","rtPulseHz","P.rtPulseHz","P","当前效果 / 当前层 / 星头","number","脉动频率","喷射脉动每秒起伏几次；实际值会取整到每个循环周期整数次。","命名表说明（可能滞后）；当前条件/换算来自源码，冲突见覆盖报告","物理量","Hz","Hz","[0.5,20,0.1]","","6","P => familyOf(P.type) === 'rise' && P.form === 'emitset'","P => P.rtPulse > 0","[]","","[""type"",""form"",""rtPulse""]","本字段不在LINK_KEYS轨迹同步列表；其他条件/默认联动另见本行","不走TIMING_KEYS通用时间联动","onParam：实时模拟更新，灰度烘焙按自动/手动模式处理","","","[]","","本字段无曲线控件","","参数 / 当前层 / 星头 / 自转与喷射 / 脉动频率 [rtPulseHz]","参数 / 当前层 / 星头 / 自转与喷射 / 脉动频率 [rtPulseHz]","参数 / 当前层 / 星头 / 自转与喷射 / 脉动频率 [rtPulseHz]","参数 / 当前层 / 星头 / 专属任务 · 自转与喷射 / 脉动频率 [rtPulseHz]","当前层 P；单层 wbSnap().P，多层 wbSnap().layers[i].P。保存/另存/切效果自动草稿及配方 JSON 保存完整快照。一次拖动/输入提交/选择为一步，全资产60步；输入框内快捷键留给文本撤销。切层/发射器不清历史，打开另一效果/版本重置。行/模块/发射器恢复到打开时与恢复模板默认不同。","tool/src/js/10_types.js:809","","tool/src/js/79_workbench.js:159; tool/src/js/79_undo.js:10","47:33 nP = round(Hz·Tl)、nP2 = round(1.73·Hz·Tl)；47:268 dtS = 1/(4·Hz)；10_types.js:510 cond rtPulse > 0","只在喷射脉动 > 0 时显示、起作用；另叠一个 1.73 倍频的小起伏。"
"SCHEMA-365","211-rtHeadSize","","rtHeadSize","P.rtHeadSize","P","当前效果 / 当前层 / 星头","number","亮核直径","星头最亮那一点（曲导筒口的燃烧焰）的直径，画成一个柔和颗粒烘进循环层贴图。","命名表说明（可能滞后）；当前条件/换算来自源码，冲突见覆盖报告","引擎字段","m","m","[0.05,3,0.01]","","0.55","P => familyOf(P.type) === 'rise' && P.form === 'emitset'","无字段级条件","[]","","[""type"",""form""]","本字段不在LINK_KEYS轨迹同步列表；其他条件/默认联动另见本行","不走TIMING_KEYS通用时间联动","onParam：实时模拟更新，灰度烘焙按自动/手动模式处理","","","[]","","本字段无曲线控件","","参数 / 当前层 / 星头 / 大小 / 亮核直径 [rtHeadSize]","参数 / 当前层 / 星头 / 大小 / 亮核直径 [rtHeadSize]","参数 / 当前层 / 星头 / 大小 / 亮核直径 [rtHeadSize]","参数 / 当前层 / 星头 / 外观与颜色 / 亮核直径 [rtHeadSize]","当前层 P；单层 wbSnap().P，多层 wbSnap().layers[i].P。保存/另存/切效果自动草稿及配方 JSON 保存完整快照。一次拖动/输入提交/选择为一步，全资产60步；输入框内快捷键留给文本撤销。切层/发射器不清历史，打开另一效果/版本重置。行/模块/发射器恢复到打开时与恢复模板默认不同。","tool/src/js/10_types.js:812","","tool/src/js/79_workbench.js:159; tool/src/js/79_undo.js:10","47:59 bufH 尺寸 = rtHeadSize；40_gl.js:29 drawPoints σ = 尺寸 × 0.5；47:63 短焰 0.55–1.15 倍；47:347/354/368/390 取景；10_types.js:513","小于贴图一个像素对应的尺寸时看不出变化（探针会报 sizeDead.head）。短焰的粗细也按它算。"
"SCHEMA-366","212-rtHeadI","","rtHeadI","P.rtHeadI","P","当前效果 / 当前层 / 星头","number","亮度","星头亮核的亮度倍数，随喷射脉动起伏，烘进循环层贴图。","命名表说明（可能滞后）；当前条件/换算来自源码，冲突见覆盖报告","物理量","×","×","[0,10,0.05]","","3","P => familyOf(P.type) === 'rise' && P.form === 'emitset'","无字段级条件","[]","","[""type"",""form""]","本字段不在LINK_KEYS轨迹同步列表；其他条件/默认联动另见本行","不走TIMING_KEYS通用时间联动","onParam：实时模拟更新，灰度烘焙按自动/手动模式处理","","","[]","","本字段无曲线控件","","参数 / 当前层 / 星头 / 亮度 / 亮度 [rtHeadI]","参数 / 当前层 / 星头 / 亮度 / 亮度 [rtHeadI]","参数 / 当前层 / 星头 / 亮度 / 亮度 [rtHeadI]","参数 / 当前层 / 星头 / 外观与颜色 / 亮度 [rtHeadI]","当前层 P；单层 wbSnap().P，多层 wbSnap().layers[i].P。保存/另存/切效果自动草稿及配方 JSON 保存完整快照。一次拖动/输入提交/选择为一步，全资产60步；输入框内快捷键留给文本撤销。切层/发射器不清历史，打开另一效果/版本重置。行/模块/发射器恢复到打开时与恢复模板默认不同。","tool/src/js/10_types.js:813","","tool/src/js/79_workbench.js:159; tool/src/js/79_undo.js:10","47:143 rtHeadPts(…, rtHeadI·pulse)；47:171 实时；47:501/517 RiseLoop Color Over Life 用 rtBright，不用 rtHeadI；10_types.js:514","贴图曝光有上限，亮到过曝后再调大只是过曝区变大。短焰亮度按它的比例走。"
"SCHEMA-367","213-rtHeadFl","","rtHeadFl","P.rtHeadFl","P","当前效果 / 当前层 / 星头","number","短焰长度","星头后面一小团向后短焰的长度，越往后越宽越暗；0 = 只有亮点。","命名表说明（可能滞后）；当前条件/换算来自源码，冲突见覆盖报告","物理量","m","m","[0,5,0.05]","","0.8","P => familyOf(P.type) === 'rise' && P.form === 'emitset'","无字段级条件","[]","","[""type"",""form""]","本字段不在LINK_KEYS轨迹同步列表；其他条件/默认联动另见本行","不走TIMING_KEYS通用时间联动","onParam：实时模拟更新，灰度烘焙按自动/手动模式处理","","","[]","","本字段无曲线控件","","参数 / 当前层 / 星头 / 大小 / 短焰长度 [rtHeadFl]","参数 / 当前层 / 星头 / 大小 / 短焰长度 [rtHeadFl]","参数 / 当前层 / 星头 / 大小 / 短焰长度 [rtHeadFl]","参数 / 当前层 / 星头 / 外观与颜色 / 短焰长度 [rtHeadFl]","当前层 P；单层 wbSnap().P，多层 wbSnap().layers[i].P。保存/另存/切效果自动草稿及配方 JSON 保存完整快照。一次拖动/输入提交/选择为一步，全资产60步；输入框内快捷键留给文本撤销。切层/发射器不清历史，打开另一效果/版本重置。行/模块/发射器恢复到打开时与恢复模板默认不同。","tool/src/js/10_types.js:814","","tool/src/js/79_workbench.js:159; tool/src/js/79_undo.js:10","47:60-64 16 个点沿向后方向排到长度 L，权重 e^(−2.5q)，尺寸 0.55–1.15 倍亮核；47:354 取景 hy；10_types.js:515","为 0 时「短焰亮度」隐藏、不起作用。"
"SCHEMA-368","214-rtHeadFlI","","rtHeadFlI","P.rtHeadFlI","P","当前效果 / 当前层 / 星头","number","短焰亮度","短焰的亮度，按亮核的倍数算：短焰总光量 = 4 × 此值 × 亮核，往后指数变暗。","命名表说明（可能滞后）；当前条件/换算来自源码，冲突见覆盖报告","物理量","×","×","[0,2,0.01]","","0.6","P => familyOf(P.type) === 'rise' && P.form === 'emitset'","P => P.rtHeadFl > 0","[]","","[""type"",""form"",""rtHeadFl""]","本字段不在LINK_KEYS轨迹同步列表；其他条件/默认联动另见本行","不走TIMING_KEYS通用时间联动","onParam：实时模拟更新，灰度烘焙按自动/手动模式处理","","","[]","","本字段无曲线控件","","参数 / 当前层 / 星头 / 亮度 / 短焰亮度 [rtHeadFlI]","参数 / 当前层 / 星头 / 亮度 / 短焰亮度 [rtHeadFlI]","参数 / 当前层 / 星头 / 亮度 / 短焰亮度 [rtHeadFlI]","参数 / 当前层 / 星头 / 外观与颜色 / 短焰亮度 [rtHeadFlI]","当前层 P；单层 wbSnap().P，多层 wbSnap().layers[i].P。保存/另存/切效果自动草稿及配方 JSON 保存完整快照。一次拖动/输入提交/选择为一步，全资产60步；输入框内快捷键留给文本撤销。切层/发射器不清历史，打开另一效果/版本重置。行/模块/发射器恢复到打开时与恢复模板默认不同。","tool/src/js/10_types.js:815","","tool/src/js/79_workbench.js:159; tool/src/js/79_undo.js:10","47:61-63 每点 I·FlI·w_i/Σw·4（16 点合计 4·FlI·I，首点 ≈ 0.63·FlI·I，末点 ≈ 0.06·FlI·I）；10_types.js:516 cond rtHeadFl > 0。标签「× 亮核」是近似：总光量是 4 倍","只在短焰长度 > 0 时显示、起作用；也乘星头亮度和喷射脉动。紧挨亮核那一点约 0.63 × 此值 × 亮核。"
"SCHEMA-369","215-rtARate","","rtARate","P.rtARate","P","当前效果 / 当前层 / 白热火花","number","生成速率","白热段火花每秒喷出多少颗；极密的细火花连成星头后面过曝的白热段（只在贴图里）。","命名表说明（可能滞后）；当前条件/换算来自源码，冲突见覆盖报告","物理量","颗/秒","颗/秒","[0,40000,100]","","10000","P => familyOf(P.type) === 'rise' && P.form === 'emitset'","无字段级条件","[]","","[""type"",""form""]","本字段不在LINK_KEYS轨迹同步列表；其他条件/默认联动另见本行","不走TIMING_KEYS通用时间联动","onParam：实时模拟更新，灰度烘焙按自动/手动模式处理","","","[]","","本字段无曲线控件","","参数 / 当前层 / 白热火花 / 生成 / 生成速率 [rtARate]","参数 / 当前层 / 白热火花 / 生成 / 生成速率 [rtARate]","参数 / 当前层 / 白热火花 / 生成 / 生成速率 [rtARate]","参数 / 当前层 / 白热火花 / 时序与数量 / 生成速率 [rtARate]","当前层 P；单层 wbSnap().P，多层 wbSnap().layers[i].P。保存/另存/切效果自动草稿及配方 JSON 保存完整快照。一次拖动/输入提交/选择为一步，全资产60步；输入框内快捷键留给文本撤销。切层/发射器不清历史，打开另一效果/版本重置。行/模块/发射器恢复到打开时与恢复模板默认不同。","tool/src/js/10_types.js:818","","tool/src/js/79_workbench.js:159; tool/src/js/79_undo.js:10","47:133 M = round(rtARate·Tl)、rate = M/Tl；47:147 rate0 ≤ 0 不画；47:195 实时；10_types.js:519","「火花」和金火花是两种东西：火花极密、极短命，只在循环层贴图里。每个循环周期取整数颗以保证贴图真循环。和亮度一起决定白热段总亮度。"
"SCHEMA-370","216-rtALife","","rtALife","P.rtALife","P","当前效果 / 当前层 / 白热火花","number","寿命","一颗火花从喷出到熄灭的时间（中位数）；按相机观感取得偏长，决定白热段有多长。","命名表说明（可能滞后）；当前条件/换算来自源码，冲突见覆盖报告","物理量","s","s","[0.05,2.5,0.01]","","0.7","P => familyOf(P.type) === 'rise' && P.form === 'emitset'","无字段级条件","[]","","[""type"",""form""]","本字段不在LINK_KEYS轨迹同步列表；其他条件/默认联动另见本行","不走TIMING_KEYS通用时间联动","onParam：实时模拟更新，灰度烘焙按自动/手动模式处理","","","[]","","本字段无曲线控件","","参数 / 当前层 / 白热火花 / 寿命 / 寿命 [rtALife]","参数 / 当前层 / 白热火花 / 寿命 / 寿命 [rtALife]","参数 / 当前层 / 白热火花 / 寿命 / 寿命 [rtALife]","参数 / 当前层 / 白热火花 / 时序与数量 / 寿命 [rtALife]","当前层 P；单层 wbSnap().P，多层 wbSnap().layers[i].P。保存/另存/切效果自动草稿及配方 JSON 保存完整快照。一次拖动/输入提交/选择为一步，全资产60步；输入框内快捷键留给文本撤销。切层/发射器不清历史，打开另一效果/版本重置。行/模块/发射器恢复到打开时与恢复模板默认不同。","tool/src/js/10_types.js:819","","tool/src/js/79_workbench.js:159; tool/src/js/79_undo.js:10","47:47 life = ALife·exp(σ·N)；47:41 rtWhiteLen；47:439 sizeKeysRise；47:39/367/382 Dmax → 消散时长；47:524 RiseFade Lifetime；10_types.js:520","和寿命随机一起：最长的火花 ≈ 中位 × e^(2.5 × 寿命随机)，决定消散贴图要播多久。"
"SCHEMA-371","217-rtALsig","","rtALsig","P.rtALsig","P","当前效果 / 当前层 / 白热火花","number","寿命随机","每颗火花寿命的长短差异，让白热段下端稀疏渐散，而不是齐刷刷断掉。","命名表说明（可能滞后）；当前条件/换算来自源码，冲突见覆盖报告","物理量","1","1","[0,1.2,0.01]","","0.35","P => familyOf(P.type) === 'rise' && P.form === 'emitset'","无字段级条件","[]","","[""type"",""form""]","本字段不在LINK_KEYS轨迹同步列表；其他条件/默认联动另见本行","不走TIMING_KEYS通用时间联动","onParam：实时模拟更新，灰度烘焙按自动/手动模式处理","","","[]","对数正态，每颗火花：寿命 = 中位 × e^(σ·N(0,1))，N 截在 ±2.5；0.35 时约 2/3 的火花寿命在中位的 0.70–1.42 倍之间，最长 2.4 倍。","本字段无曲线控件","","参数 / 当前层 / 白热火花 / 寿命 / 寿命随机 [rtALsig]","参数 / 当前层 / 白热火花 / 寿命 / 寿命随机 [rtALsig]","参数 / 当前层 / 白热火花 / 寿命 / 寿命随机 [rtALsig]","参数 / 当前层 / 白热火花 / 时序与数量 / 寿命随机 [rtALsig]","当前层 P；单层 wbSnap().P，多层 wbSnap().layers[i].P。保存/另存/切效果自动草稿及配方 JSON 保存完整快照。一次拖动/输入提交/选择为一步，全资产60步；输入框内快捷键留给文本撤销。切层/发射器不清历史，打开另一效果/版本重置。行/模块/发射器恢复到打开时与恢复模板默认不同。","tool/src/js/10_types.js:820","","tool/src/js/79_workbench.js:159; tool/src/js/79_undo.js:10","47:47 life = ALife·exp(σ·clamp(phn, ±2.5))；47:39 lifeMax = ALife·e^(2.5σ)；10_types.js:521","单位是对数（不是 %）。"
"SCHEMA-372","218-rtAJet","","rtAJet","P.rtAJet","P","当前效果 / 当前层 / 白热火花","number","喷出速度","火花相对弹体向后喷出的速度，决定白热段从星头往下拉开多远。","命名表说明（可能滞后）；当前条件/换算来自源码，冲突见覆盖报告","物理量","m/s","m/s","[0,80,0.5]","","33","P => familyOf(P.type) === 'rise' && P.form === 'emitset'","无字段级条件","[]","","[""type"",""form""]","本字段不在LINK_KEYS轨迹同步列表；其他条件/默认联动另见本行","不走TIMING_KEYS通用时间联动","onParam：实时模拟更新，灰度烘焙按自动/手动模式处理","","","[]","","本字段无曲线控件","","参数 / 当前层 / 白热火花 / 初速 / 喷出速度 [rtAJet]","参数 / 当前层 / 白热火花 / 初速 / 喷出速度 [rtAJet]","参数 / 当前层 / 白热火花 / 初速 / 喷出速度 [rtAJet]","参数 / 当前层 / 白热火花 / 空间与运动 / 喷出速度 [rtAJet]","当前层 P；单层 wbSnap().P，多层 wbSnap().layers[i].P。保存/另存/切效果自动草稿及配方 JSON 保存完整快照。一次拖动/输入提交/选择为一步，全资产60步；输入框内快捷键留给文本撤销。切层/发射器不清历史，打开另一效果/版本重置。行/模块/发射器恢复到打开时与恢复模板默认不同。","tool/src/js/10_types.js:821","","tool/src/js/79_workbench.js:159; tool/src/js/79_undo.js:10","47:48 j = AJet·(0.75+0.5u)；47:155/204 运动；47:41 rtWhiteLen；10_types.js:522","每颗火花 × (0.75–1.25) 均匀随机（固定，不可调）。金火花另用「火花喷出速度」。"
"SCHEMA-373","219-rtAKd","","rtAKd","P.rtAKd","P","当前效果 / 当前层 / 白热火花","number","阻力","火花被空气拖慢的快慢（线性阻力，1/s）；喷出后约 1/阻力 秒速度降到 37%。","命名表说明（可能滞后）；当前条件/换算来自源码，冲突见覆盖报告","物理量","1/s","1/s","[1,60,0.5]","","14","P => familyOf(P.type) === 'rise' && P.form === 'emitset'","无字段级条件","[]","","[""type"",""form""]","本字段不在LINK_KEYS轨迹同步列表；其他条件/默认联动另见本行","不走TIMING_KEYS通用时间联动","onParam：实时模拟更新，灰度烘焙按自动/手动模式处理","","","[]","","本字段无曲线控件","","参数 / 当前层 / 白热火花 / 受力 / 阻力 [rtAKd]","参数 / 当前层 / 白热火花 / 受力 / 阻力 [rtAKd]","参数 / 当前层 / 白热火花 / 受力 / 阻力 [rtAKd]","参数 / 当前层 / 白热火花 / 空间与运动 / 阻力 [rtAKd]","当前层 P；单层 wbSnap().P，多层 wbSnap().layers[i].P。保存/另存/切效果自动草稿及配方 JSON 保存完整快照。一次拖动/输入提交/选择为一步，全资产60步；输入框内快捷键留给文本撤销。切层/发射器不清历史，打开另一效果/版本重置。行/模块/发射器恢复到打开时与恢复模板默认不同。","tool/src/js/10_types.js:822","","tool/src/js/79_workbench.js:159; tool/src/js/79_undo.js:10","47:48 kd = AKd·(0.7+0.6u)；47:153-155 线性阻力解；47:41；10_types.js:523","每颗 × (0.7–1.3) 均匀随机（固定，不可调）。"
"SCHEMA-374","220-rtACone","","rtACone","P.rtACone","P","当前效果 / 当前层 / 白热火花","number","横向速度随机","每颗火花出生时加的横向随机速度，让白热段有宽度，而不是一条线；竖直方向只有一半。","命名表说明（可能滞后）；当前条件/换算来自源码，冲突见覆盖报告","物理量","m/s","m/s","[0,6,0.05]","","0.6","P => familyOf(P.type) === 'rise' && P.form === 'emitset'","无字段级条件","[]","","[""type"",""form""]","本字段不在LINK_KEYS轨迹同步列表；其他条件/默认联动另见本行","不走TIMING_KEYS通用时间联动","onParam：实时模拟更新，灰度烘焙按自动/手动模式处理","","","[]","正态分布，每颗火花：横向速度 σ = 0.6 m/s（约 2/3 的火花在 ±0.6 内），竖直 σ = 0.3 m/s；不加景深方向。","本字段无曲线控件","","参数 / 当前层 / 白热火花 / 初速 / 横向速度随机 [rtACone]","参数 / 当前层 / 白热火花 / 初速 / 横向速度随机 [rtACone]","参数 / 当前层 / 白热火花 / 初速 / 横向速度随机 [rtACone]","参数 / 当前层 / 白热火花 / 空间与运动 / 横向速度随机 [rtACone]","当前层 P；单层 wbSnap().P，多层 wbSnap().layers[i].P。保存/另存/切效果自动草稿及配方 JSON 保存完整快照。一次拖动/输入提交/选择为一步，全资产60步；输入框内快捷键留给文本撤销。切层/发射器不清历史，打开另一效果/版本重置。行/模块/发射器恢复到打开时与恢复模板默认不同。","tool/src/js/10_types.js:823","","tool/src/js/79_workbench.js:159; tool/src/js/79_undo.js:10","47:49 cx = ACone·phn（正态）、cz = 0.5·ACone·phn；10_types.js:524","和金火花的「横向速度随机」是两套：这里是正态分布、只在画面平面里。"
"SCHEMA-375","221-rtASize","","rtASize","P.rtASize","P","当前效果 / 当前层 / 白热火花","number","大小","一颗火花画进贴图的大小（柔和颗粒），每颗再 ±40% 随机。","命名表说明（可能滞后）；当前条件/换算来自源码，冲突见覆盖报告","引擎字段","m","m","[0.02,1,0.01]","","0.22","P => familyOf(P.type) === 'rise' && P.form === 'emitset'","无字段级条件","[]","","[""type"",""form""]","本字段不在LINK_KEYS轨迹同步列表；其他条件/默认联动另见本行","不走TIMING_KEYS通用时间联动","onParam：实时模拟更新，灰度烘焙按自动/手动模式处理","","","[]","","本字段无曲线控件","","参数 / 当前层 / 白热火花 / 大小 / 大小 [rtASize]","参数 / 当前层 / 白热火花 / 大小 / 大小 [rtASize]","参数 / 当前层 / 白热火花 / 大小 / 大小 [rtASize]","参数 / 当前层 / 白热火花 / 外观与颜色 / 大小 [rtASize]","当前层 P；单层 wbSnap().P，多层 wbSnap().layers[i].P。保存/另存/切效果自动草稿及配方 JSON 保存完整快照。一次拖动/输入提交/选择为一步，全资产60步；输入框内快捷键留给文本撤销。切层/发射器不清历史，打开另一效果/版本重置。行/模块/发射器恢复到打开时与恢复模板默认不同。","tool/src/js/10_types.js:824","","tool/src/js/79_workbench.js:159; tool/src/js/79_undo.js:10","47:50 size = ASize·(0.6+0.8u)；40_gl.js:29 σ = 尺寸/2；10_types.js:525","每颗 × (0.6–1.4) 均匀随机（固定）。小于贴图一个像素对应的尺寸时看不出变化（探针会报 sizeDead.spark）。"
"SCHEMA-376","222-rtAI","","rtAI","P.rtAI","P","当前效果 / 当前层 / 白热火花","number","亮度","火花的亮度倍数（每颗再 ±40% 随机，跟喷射脉动起伏），决定白热段多亮、过曝多少。","命名表说明（可能滞后）；当前条件/换算来自源码，冲突见覆盖报告","物理量","×","×","[0,5,0.01]","","0.5","P => familyOf(P.type) === 'rise' && P.form === 'emitset'","无字段级条件","[]","","[""type"",""form""]","本字段不在LINK_KEYS轨迹同步列表；其他条件/默认联动另见本行","不走TIMING_KEYS通用时间联动","onParam：实时模拟更新，灰度烘焙按自动/手动模式处理","","","[]","","本字段无曲线控件","","参数 / 当前层 / 白热火花 / 亮度 / 亮度 [rtAI]","参数 / 当前层 / 白热火花 / 亮度 / 亮度 [rtAI]","参数 / 当前层 / 白热火花 / 亮度 / 亮度 [rtAI]","参数 / 当前层 / 白热火花 / 外观与颜色 / 亮度 [rtAI]","当前层 P；单层 wbSnap().P，多层 wbSnap().layers[i].P。保存/另存/切效果自动草稿及配方 JSON 保存完整快照。一次拖动/输入提交/选择为一步，全资产60步；输入框内快捷键留给文本撤销。切层/发射器不清历史，打开另一效果/版本重置。行/模块/发射器恢复到打开时与恢复模板默认不同。","tool/src/js/10_types.js:825","","tool/src/js/79_workbench.js:159; tool/src/js/79_undo.js:10","47:56 I = AI·br·pulse·min(1, a/0.015)·(1−u)^AWarm，br = 0.6+0.8u；10_types.js:526","和生成速率一起决定总亮度；循环层在引擎里的整体倍数是「循环层引擎亮度」。"
"SCHEMA-377","223-rtAWarm","","rtAWarm","P.rtAWarm","P","当前效果 / 当前层 / 白热火花","number","变暗快慢","火花随寿命变暗的曲线：亮度 ∝ (1 − 年龄 / 寿命)^此值；贴图里越暗越偏金、偏橙。","命名表说明（可能滞后）；当前条件/换算来自源码，冲突见覆盖报告","物理量","1","1","[0.2,4,0.05]","","1.2","P => familyOf(P.type) === 'rise' && P.form === 'emitset'","无字段级条件","[]","","[""type"",""form""]","本字段不在LINK_KEYS轨迹同步列表；其他条件/默认联动另见本行","不走TIMING_KEYS通用时间联动","onParam：实时模拟更新，灰度烘焙按自动/手动模式处理","","","[]","","本字段无曲线控件","","参数 / 当前层 / 白热火花 / 亮度 / 变暗快慢 [rtAWarm]","参数 / 当前层 / 白热火花 / 亮度 / 变暗快慢 [rtAWarm]","参数 / 当前层 / 白热火花 / 亮度 / 变暗快慢 [rtAWarm]","参数 / 当前层 / 白热火花 / 外观与颜色 / 变暗快慢 [rtAWarm]","当前层 P；单层 wbSnap().P，多层 wbSnap().layers[i].P。保存/另存/切效果自动草稿及配方 JSON 保存完整快照。一次拖动/输入提交/选择为一步，全资产60步；输入框内快捷键留给文本撤销。切层/发射器不清历史，打开另一效果/版本重置。行/模块/发射器恢复到打开时与恢复模板默认不同。","tool/src/js/10_types.js:826","","tool/src/js/79_workbench.js:159; tool/src/js/79_undo.js:10","47:56 pow(max(0, 1−u), rtAWarm)；10_types.js:527","「变金」是 Ramp 把较暗的灰度上成金 / 橙色的结果，不是单独的颜色参数。"
"SCHEMA-378","224-rtFRate","","rtFRate","P.rtFRate","P","当前效果 / 当前层 / 细火花","number","生成速率","细火花每秒生成多少颗；细的最暗、最短命、阻力最大，是尾迹里密密的一层小金点。","命名表说明（可能滞后）；当前条件/换算来自源码，冲突见覆盖报告","物理量","颗/秒","颗/秒","[0,8000,10]","","2500","P => familyOf(P.type) === 'rise' && P.form === 'emitset'","无字段级条件","[]","","[""type"",""form""]","本字段不在LINK_KEYS轨迹同步列表；其他条件/默认联动另见本行","不走TIMING_KEYS通用时间联动","onParam：实时模拟更新，灰度烘焙按自动/手动模式处理","","","[]","","本字段无曲线控件","","参数 / 当前层 / 细火花 / 生成 / 生成速率 [rtFRate]","参数 / 当前层 / 细火花 / 生成 / 生成速率 [rtFRate]","参数 / 当前层 / 细火花 / 生成 / 生成速率 [rtFRate]","参数 / 当前层 / 细火花 / 时序与数量 / 生成速率 [rtFRate]","当前层 P；单层 wbSnap().P，多层 wbSnap().layers[i].P。保存/另存/切效果自动草稿及配方 JSON 保存完整快照。一次拖动/输入提交/选择为一步，全资产60步；输入框内快捷键留给文本撤销。切层/发射器不清历史，打开另一效果/版本重置。行/模块/发射器恢复到打开时与恢复模板默认不同。","tool/src/js/10_types.js:829","","tool/src/js/79_workbench.js:159; tool/src/js/79_undo.js:10","47_risetail.js:286-287 rate = rtFRate·(1 − rtTexFrac)（只有 F 有贴图部分）；47:276 spawn × pulse；46_emitset.js:180 Spawn Rate 曲线 × f(手机比例)；47:79 贴图部分 M = round(Rate·FTex·Tl)；10_types.js:530","细档有一部分（「细火花烘进贴图的比例」，默认 0，三档预设 0.5）烘进循环层贴图，GPU 发射器只出剩下的 × (1 − 比例)。和寿命相乘大约就是同时活着的颗数。"
"SCHEMA-379","225-rtFLife","","rtFLife","P.rtFLife","P","当前效果 / 当前层 / 细火花","number","寿命","一颗细火花的平均寿命；决定尾迹这一层拖多长、离星头多远才灭。","命名表说明（可能滞后）；当前条件/换算来自源码，冲突见覆盖报告","物理量","s","s","[0.1,6,0.01]","","0.9","P => familyOf(P.type) === 'rise' && P.form === 'emitset'","无字段级条件","[]","","[""type"",""form""]","本字段不在LINK_KEYS轨迹同步列表；其他条件/默认联动另见本行","不走TIMING_KEYS通用时间联动","onParam：实时模拟更新，灰度烘焙按自动/手动模式处理","","","[]","","本字段无曲线控件","","参数 / 当前层 / 细火花 / 寿命 / 寿命 [rtFLife]","参数 / 当前层 / 细火花 / 寿命 / 寿命 [rtFLife]","参数 / 当前层 / 细火花 / 寿命 / 寿命 [rtFLife]","参数 / 当前层 / 细火花 / 时序与数量 / 寿命 [rtFLife]","当前层 P；单层 wbSnap().P，多层 wbSnap().layers[i].P。保存/另存/切效果自动草稿及配方 JSON 保存完整快照。一次拖动/输入提交/选择为一步，全资产60步；输入框内快捷键留给文本撤销。切层/发射器不清历史，打开另一效果/版本重置。行/模块/发射器恢复到打开时与恢复模板默认不同。","tool/src/js/10_types.js:829","","tool/src/js/79_workbench.js:159; tool/src/js/79_undo.js:10","47:288 L = rtFLife；47:294 life: [L(1−j), L(1+j)]；46:157 Lifetime uniform；47:221 rtSparkColor tc/L；47:473 rtDuration；47:79 贴图火花","烘进贴图的细火花也用这个值。实时模拟总时长也按最长寿命留余量。"
"SCHEMA-380","226-rtFJit","","rtFJit","P.rtFJit","P","当前效果 / 当前层 / 细火花","number","寿命随机","同一档细火花之间寿命的长短差异，让火花错落熄灭，而不是同时灭。","命名表说明（可能滞后）；当前条件/换算来自源码，冲突见覆盖报告","物理量","%","%","[0,90,1]","","40","P => familyOf(P.type) === 'rise' && P.form === 'emitset'","无字段级条件","[]","","[""type"",""form""]","本字段不在LINK_KEYS轨迹同步列表；其他条件/默认联动另见本行","不走TIMING_KEYS通用时间联动","onParam：实时模拟更新，灰度烘焙按自动/手动模式处理","","rtF","[]","均匀分布，每粒火花：寿命 × (1 ± 40%)，即 0.54–1.26 s（默认值）。","本字段无曲线控件","","参数 / 当前层 / 细火花 / 寿命 / 寿命随机 [rtFJit]","参数 / 当前层 / 细火花 / 寿命 / 寿命随机 [rtFJit]","参数 / 当前层 / 细火花 / 寿命 / 寿命随机 [rtFJit]","参数 / 当前层 / 细火花 / 时序与数量 / 寿命随机 [rtFJit]","当前层 P；单层 wbSnap().P，多层 wbSnap().layers[i].P。保存/另存/切效果自动草稿及配方 JSON 保存完整快照。一次拖动/输入提交/选择为一步，全资产60步；输入框内快捷键留给文本撤销。切层/发射器不清历史，打开另一效果/版本重置。行/模块/发射器恢复到打开时与恢复模板默认不同。","tool/src/js/10_types.js:829","","tool/src/js/79_workbench.js:159; tool/src/js/79_undo.js:10","47:288 j = rtFJit/100；47:294；46:157；47:90 贴图火花 life = L(1 + j(2u−1))","单位写 %，实际是 ±%。烘进贴图的细火花也用这个值。"
"SCHEMA-381","227-rtFSize","","rtFSize","P.rtFSize","P","当前效果 / 当前层 / 细火花","number","大小","一颗细火花软圆点的直径；远处看光量 ∝ 直径²，所以大小也管亮度。","命名表说明（可能滞后）；当前条件/换算来自源码，冲突见覆盖报告","引擎字段","m","m","[0.05,5,0.01]","","0.25","P => familyOf(P.type) === 'rise' && P.form === 'emitset'","无字段级条件","[]","","[""type"",""form""]","本字段不在LINK_KEYS轨迹同步列表；其他条件/默认联动另见本行","不走TIMING_KEYS通用时间联动","onParam：实时模拟更新，灰度烘焙按自动/手动模式处理","","","[]","","本字段无曲线控件","","参数 / 当前层 / 细火花 / 大小 / 大小 [rtFSize]","参数 / 当前层 / 细火花 / 大小 / 大小 [rtFSize]","参数 / 当前层 / 细火花 / 大小 / 大小 [rtFSize]","参数 / 当前层 / 细火花 / 外观与颜色 / 大小 [rtFSize]","当前层 P；单层 wbSnap().P，多层 wbSnap().layers[i].P。保存/另存/切效果自动草稿及配方 JSON 保存完整快照。一次拖动/输入提交/选择为一步，全资产60步；输入框内快捷键留给文本撤销。切层/发射器不清历史，打开另一效果/版本重置。行/模块/发射器恢复到打开时与恢复模板默认不同。","tool/src/js/10_types.js:829","","tool/src/js/79_workbench.js:159; tool/src/js/79_undo.js:10","47:288 S = rtFSize；47:294 size: [S(1−sJ), S(1+sJ)]；46:158 InitialSize；47:289 sizeLife；46:117 光量 = 2π(S/4)²；47:83/90 贴图火花","烘进贴图的细火花也用这个值。烘焙器里画成 σ = 直径 / 4 的高斯点、中心值 = 颜色（软圆点亮度口径未经 UE 验证）。"
"SCHEMA-382","228-rtFI","","rtFI","P.rtFI","P","当前效果 / 当前层 / 细火花","number","亮度","细火花的发光倍数，乘在 Color Over Life 的黑体颜色曲线上（可 > 1）。","命名表说明（可能滞后）；当前条件/换算来自源码，冲突见覆盖报告","物理量","×","×","[0,40,0.01]","","2.6","P => familyOf(P.type) === 'rise' && P.form === 'emitset'","无字段级条件","[]","","[""type"",""form""]","本字段不在LINK_KEYS轨迹同步列表；其他条件/默认联动另见本行","不走TIMING_KEYS通用时间联动","onParam：实时模拟更新，灰度烘焙按自动/手动模式处理","","","[]","","本字段无曲线控件","","参数 / 当前层 / 细火花 / 亮度 / 亮度 [rtFI]","参数 / 当前层 / 细火花 / 亮度 / 亮度 [rtFI]","参数 / 当前层 / 细火花 / 亮度 / 亮度 [rtFI]","参数 / 当前层 / 细火花 / 外观与颜色 / 亮度 [rtFI]","当前层 P；单层 wbSnap().P，多层 wbSnap().layers[i].P。保存/另存/切效果自动草稿及配方 JSON 保存完整快照。一次拖动/输入提交/选择为一步，全资产60步；输入框内快捷键留给文本撤销。切层/发射器不清历史，打开另一效果/版本重置。行/模块/发射器恢复到打开时与恢复模板默认不同。","tool/src/js/10_types.js:829","","tool/src/js/79_workbench.js:159; tool/src/js/79_undo.js:10","47:291 rtSparkColor(P, L, rtFI·rtDotGain, rtFdT)；47:220-231 燃烧温度处亮度 = 0.25·I；47:292 拖影时除以 stretch；46:176 ColorOverLife；47:82 贴图火花用 rtTexI，不用 rtFI","只管 GPU 那部分细火花；烘进贴图的细火花亮度由「贴图火花亮度」管。和「粒子层亮度总倍数」相乘。"
"SCHEMA-383","229-rtFKd","","rtFKd","P.rtFKd","P","当前效果 / 当前层 / 细火花","number","阻力","空气把细火花拖慢的快慢（线性阻力，1/s）；后段下坠终速 = 9.8 ÷ 阻力。","命名表说明（可能滞后）；当前条件/换算来自源码，冲突见覆盖报告","物理量","1/s","1/s","[0.2,30,0.05]","","5","P => familyOf(P.type) === 'rise' && P.form === 'emitset'","无字段级条件","[]","","[""type"",""form""]","本字段不在LINK_KEYS轨迹同步列表；其他条件/默认联动另见本行","不走TIMING_KEYS通用时间联动","onParam：实时模拟更新，灰度烘焙按自动/手动模式处理","","","[]","","本字段无曲线控件","","参数 / 当前层 / 细火花 / 受力 / 阻力 [rtFKd]","参数 / 当前层 / 细火花 / 受力 / 阻力 [rtFKd]","参数 / 当前层 / 细火花 / 受力 / 阻力 [rtFKd]","参数 / 当前层 / 细火花 / 空间与运动 / 阻力 [rtFKd]","当前层 P；单层 wbSnap().P，多层 wbSnap().layers[i].P。保存/另存/切效果自动草稿及配方 JSON 保存完整快照。一次拖动/输入提交/选择为一步，全资产60步；输入框内快捷键留给文本撤销。切层/发射器不清历史，打开另一效果/版本重置。行/模块/发射器恢复到打开时与恢复模板默认不同。","tool/src/js/10_types.js:829","","tool/src/js/79_workbench.js:159; tool/src/js/79_undo.js:10","47:288 kd = rtFKd；47:294 drag: [kd(1−kJ), kd(1+kJ)]；46:166 Drag uniform；47:282-283 accel × kd；47:83/90 贴图火花","空气乱流开着时，乱流加速度 = 阻力 × 空气速度，所以阻力也决定火花被风带走多少。烘进贴图的细火花也用这个值。"
"SCHEMA-384","230-rtMRate","","rtMRate","P.rtMRate","P","当前效果 / 当前层 / 中火花","number","生成速率","中火花每秒生成多少颗；亮度、寿命、阻力介于细、粗之间，撑起尾迹的主体。","命名表说明（可能滞后）；当前条件/换算来自源码，冲突见覆盖报告","物理量","颗/秒","颗/秒","[0,4000,5]","","900","P => familyOf(P.type) === 'rise' && P.form === 'emitset'","无字段级条件","[]","","[""type"",""form""]","本字段不在LINK_KEYS轨迹同步列表；其他条件/默认联动另见本行","不走TIMING_KEYS通用时间联动","onParam：实时模拟更新，灰度烘焙按自动/手动模式处理","","","[]","","本字段无曲线控件","","参数 / 当前层 / 中火花 / 生成 / 生成速率 [rtMRate]","参数 / 当前层 / 中火花 / 生成 / 生成速率 [rtMRate]","参数 / 当前层 / 中火花 / 生成 / 生成速率 [rtMRate]","参数 / 当前层 / 中火花 / 时序与数量 / 生成速率 [rtMRate]","当前层 P；单层 wbSnap().P，多层 wbSnap().layers[i].P。保存/另存/切效果自动草稿及配方 JSON 保存完整快照。一次拖动/输入提交/选择为一步，全资产60步；输入框内快捷键留给文本撤销。切层/发射器不清历史，打开另一效果/版本重置。行/模块/发射器恢复到打开时与恢复模板默认不同。","tool/src/js/10_types.js:830","","tool/src/js/79_workbench.js:159; tool/src/js/79_undo.js:10","47_risetail.js:286-287 rate = rtMRate·(1 − rtTexFrac)（只有 F 有贴图部分）；47:276 spawn × pulse；46_emitset.js:180 Spawn Rate 曲线 × f(手机比例)；10_types.js:531","和寿命相乘大约就是同时活着的颗数。"
"SCHEMA-385","231-rtMLife","","rtMLife","P.rtMLife","P","当前效果 / 当前层 / 中火花","number","寿命","一颗中火花的平均寿命；决定尾迹这一层拖多长、离星头多远才灭。","命名表说明（可能滞后）；当前条件/换算来自源码，冲突见覆盖报告","物理量","s","s","[0.1,6,0.01]","","1.5","P => familyOf(P.type) === 'rise' && P.form === 'emitset'","无字段级条件","[]","","[""type"",""form""]","本字段不在LINK_KEYS轨迹同步列表；其他条件/默认联动另见本行","不走TIMING_KEYS通用时间联动","onParam：实时模拟更新，灰度烘焙按自动/手动模式处理","","","[]","","本字段无曲线控件","","参数 / 当前层 / 中火花 / 寿命 / 寿命 [rtMLife]","参数 / 当前层 / 中火花 / 寿命 / 寿命 [rtMLife]","参数 / 当前层 / 中火花 / 寿命 / 寿命 [rtMLife]","参数 / 当前层 / 中火花 / 时序与数量 / 寿命 [rtMLife]","当前层 P；单层 wbSnap().P，多层 wbSnap().layers[i].P。保存/另存/切效果自动草稿及配方 JSON 保存完整快照。一次拖动/输入提交/选择为一步，全资产60步；输入框内快捷键留给文本撤销。切层/发射器不清历史，打开另一效果/版本重置。行/模块/发射器恢复到打开时与恢复模板默认不同。","tool/src/js/10_types.js:830","","tool/src/js/79_workbench.js:159; tool/src/js/79_undo.js:10","47:288 L = rtMLife；47:294 life: [L(1−j), L(1+j)]；46:157 Lifetime uniform；47:221 rtSparkColor tc/L；47:473 rtDuration","实时模拟总时长也按最长寿命留余量。"
"SCHEMA-386","232-rtMJit","","rtMJit","P.rtMJit","P","当前效果 / 当前层 / 中火花","number","寿命随机","同一档中火花之间寿命的长短差异，让火花错落熄灭，而不是同时灭。","命名表说明（可能滞后）；当前条件/换算来自源码，冲突见覆盖报告","物理量","%","%","[0,90,1]","","35","P => familyOf(P.type) === 'rise' && P.form === 'emitset'","无字段级条件","[]","","[""type"",""form""]","本字段不在LINK_KEYS轨迹同步列表；其他条件/默认联动另见本行","不走TIMING_KEYS通用时间联动","onParam：实时模拟更新，灰度烘焙按自动/手动模式处理","","rtM","[]","均匀分布，每粒火花：寿命 × (1 ± 35%)，即 0.98–2.03 s（默认值）。","本字段无曲线控件","","参数 / 当前层 / 中火花 / 寿命 / 寿命随机 [rtMJit]","参数 / 当前层 / 中火花 / 寿命 / 寿命随机 [rtMJit]","参数 / 当前层 / 中火花 / 寿命 / 寿命随机 [rtMJit]","参数 / 当前层 / 中火花 / 时序与数量 / 寿命随机 [rtMJit]","当前层 P；单层 wbSnap().P，多层 wbSnap().layers[i].P。保存/另存/切效果自动草稿及配方 JSON 保存完整快照。一次拖动/输入提交/选择为一步，全资产60步；输入框内快捷键留给文本撤销。切层/发射器不清历史，打开另一效果/版本重置。行/模块/发射器恢复到打开时与恢复模板默认不同。","tool/src/js/10_types.js:830","","tool/src/js/79_workbench.js:159; tool/src/js/79_undo.js:10","47:288 j = rtMJit/100；47:294；46:157","单位写 %，实际是 ±%。"
"SCHEMA-387","233-rtMSize","","rtMSize","P.rtMSize","P","当前效果 / 当前层 / 中火花","number","大小","一颗中火花软圆点的直径；远处看光量 ∝ 直径²，所以大小也管亮度。","命名表说明（可能滞后）；当前条件/换算来自源码，冲突见覆盖报告","引擎字段","m","m","[0.05,5,0.01]","","0.38","P => familyOf(P.type) === 'rise' && P.form === 'emitset'","无字段级条件","[]","","[""type"",""form""]","本字段不在LINK_KEYS轨迹同步列表；其他条件/默认联动另见本行","不走TIMING_KEYS通用时间联动","onParam：实时模拟更新，灰度烘焙按自动/手动模式处理","","","[]","","本字段无曲线控件","","参数 / 当前层 / 中火花 / 大小 / 大小 [rtMSize]","参数 / 当前层 / 中火花 / 大小 / 大小 [rtMSize]","参数 / 当前层 / 中火花 / 大小 / 大小 [rtMSize]","参数 / 当前层 / 中火花 / 外观与颜色 / 大小 [rtMSize]","当前层 P；单层 wbSnap().P，多层 wbSnap().layers[i].P。保存/另存/切效果自动草稿及配方 JSON 保存完整快照。一次拖动/输入提交/选择为一步，全资产60步；输入框内快捷键留给文本撤销。切层/发射器不清历史，打开另一效果/版本重置。行/模块/发射器恢复到打开时与恢复模板默认不同。","tool/src/js/10_types.js:830","","tool/src/js/79_workbench.js:159; tool/src/js/79_undo.js:10","47:288 S = rtMSize；47:294 size: [S(1−sJ), S(1+sJ)]；46:158 InitialSize；47:289 sizeLife；46:117 光量 = 2π(S/4)²","烘焙器里画成 σ = 直径 / 4 的高斯点、中心值 = 颜色（软圆点亮度口径未经 UE 验证）。"
"SCHEMA-388","234-rtMI","","rtMI","P.rtMI","P","当前效果 / 当前层 / 中火花","number","亮度","中火花的发光倍数，乘在 Color Over Life 的黑体颜色曲线上（可 > 1）。","命名表说明（可能滞后）；当前条件/换算来自源码，冲突见覆盖报告","物理量","×","×","[0,40,0.01]","","4","P => familyOf(P.type) === 'rise' && P.form === 'emitset'","无字段级条件","[]","","[""type"",""form""]","本字段不在LINK_KEYS轨迹同步列表；其他条件/默认联动另见本行","不走TIMING_KEYS通用时间联动","onParam：实时模拟更新，灰度烘焙按自动/手动模式处理","","","[]","","本字段无曲线控件","","参数 / 当前层 / 中火花 / 亮度 / 亮度 [rtMI]","参数 / 当前层 / 中火花 / 亮度 / 亮度 [rtMI]","参数 / 当前层 / 中火花 / 亮度 / 亮度 [rtMI]","参数 / 当前层 / 中火花 / 外观与颜色 / 亮度 [rtMI]","当前层 P；单层 wbSnap().P，多层 wbSnap().layers[i].P。保存/另存/切效果自动草稿及配方 JSON 保存完整快照。一次拖动/输入提交/选择为一步，全资产60步；输入框内快捷键留给文本撤销。切层/发射器不清历史，打开另一效果/版本重置。行/模块/发射器恢复到打开时与恢复模板默认不同。","tool/src/js/10_types.js:830","","tool/src/js/79_workbench.js:159; tool/src/js/79_undo.js:10","47:291 rtSparkColor(P, L, rtMI·rtDotGain, rtMdT)；47:220-231 燃烧温度处亮度 = 0.25·I；47:292 拖影时除以 stretch；46:176 ColorOverLife","和「粒子层亮度总倍数」相乘。"
"SCHEMA-389","235-rtMKd","","rtMKd","P.rtMKd","P","当前效果 / 当前层 / 中火花","number","阻力","空气把中火花拖慢的快慢（线性阻力，1/s）；后段下坠终速 = 9.8 ÷ 阻力。","命名表说明（可能滞后）；当前条件/换算来自源码，冲突见覆盖报告","物理量","1/s","1/s","[0.2,30,0.05]","","3.6","P => familyOf(P.type) === 'rise' && P.form === 'emitset'","无字段级条件","[]","","[""type"",""form""]","本字段不在LINK_KEYS轨迹同步列表；其他条件/默认联动另见本行","不走TIMING_KEYS通用时间联动","onParam：实时模拟更新，灰度烘焙按自动/手动模式处理","","","[]","","本字段无曲线控件","","参数 / 当前层 / 中火花 / 受力 / 阻力 [rtMKd]","参数 / 当前层 / 中火花 / 受力 / 阻力 [rtMKd]","参数 / 当前层 / 中火花 / 受力 / 阻力 [rtMKd]","参数 / 当前层 / 中火花 / 空间与运动 / 阻力 [rtMKd]","当前层 P；单层 wbSnap().P，多层 wbSnap().layers[i].P。保存/另存/切效果自动草稿及配方 JSON 保存完整快照。一次拖动/输入提交/选择为一步，全资产60步；输入框内快捷键留给文本撤销。切层/发射器不清历史，打开另一效果/版本重置。行/模块/发射器恢复到打开时与恢复模板默认不同。","tool/src/js/10_types.js:830","","tool/src/js/79_workbench.js:159; tool/src/js/79_undo.js:10","47:288 kd = rtMKd；47:294 drag: [kd(1−kJ), kd(1+kJ)]；46:166 Drag uniform；47:282-283 accel × kd","空气乱流开着时，乱流加速度 = 阻力 × 空气速度，所以阻力也决定火花被风带走多少。"
"SCHEMA-390","236-rtCRate","","rtCRate","P.rtCRate","P","当前效果 / 当前层 / 粗火花","number","生成速率","粗火花每秒生成多少颗；粗的最亮、最长寿、阻力最小，零星飞得最远、最后熄灭。","命名表说明（可能滞后）；当前条件/换算来自源码，冲突见覆盖报告","物理量","颗/秒","颗/秒","[0,2000,1]","","180","P => familyOf(P.type) === 'rise' && P.form === 'emitset'","无字段级条件","[]","","[""type"",""form""]","本字段不在LINK_KEYS轨迹同步列表；其他条件/默认联动另见本行","不走TIMING_KEYS通用时间联动","onParam：实时模拟更新，灰度烘焙按自动/手动模式处理","","","[]","","本字段无曲线控件","","参数 / 当前层 / 粗火花 / 生成 / 生成速率 [rtCRate]","参数 / 当前层 / 粗火花 / 生成 / 生成速率 [rtCRate]","参数 / 当前层 / 粗火花 / 生成 / 生成速率 [rtCRate]","参数 / 当前层 / 粗火花 / 时序与数量 / 生成速率 [rtCRate]","当前层 P；单层 wbSnap().P，多层 wbSnap().layers[i].P。保存/另存/切效果自动草稿及配方 JSON 保存完整快照。一次拖动/输入提交/选择为一步，全资产60步；输入框内快捷键留给文本撤销。切层/发射器不清历史，打开另一效果/版本重置。行/模块/发射器恢复到打开时与恢复模板默认不同。","tool/src/js/10_types.js:831","","tool/src/js/79_workbench.js:159; tool/src/js/79_undo.js:10","47_risetail.js:286-287 rate = rtCRate·(1 − rtTexFrac)（只有 F 有贴图部分）；47:276 spawn × pulse；46_emitset.js:180 Spawn Rate 曲线 × f(手机比例)；10_types.js:532","和寿命相乘大约就是同时活着的颗数。"
"SCHEMA-391","237-rtCLife","","rtCLife","P.rtCLife","P","当前效果 / 当前层 / 粗火花","number","寿命","一颗粗火花的平均寿命；决定尾迹这一层拖多长、离星头多远才灭。","命名表说明（可能滞后）；当前条件/换算来自源码，冲突见覆盖报告","物理量","s","s","[0.1,8,0.01]","","2.4","P => familyOf(P.type) === 'rise' && P.form === 'emitset'","无字段级条件","[]","","[""type"",""form""]","本字段不在LINK_KEYS轨迹同步列表；其他条件/默认联动另见本行","不走TIMING_KEYS通用时间联动","onParam：实时模拟更新，灰度烘焙按自动/手动模式处理","","","[]","","本字段无曲线控件","","参数 / 当前层 / 粗火花 / 寿命 / 寿命 [rtCLife]","参数 / 当前层 / 粗火花 / 寿命 / 寿命 [rtCLife]","参数 / 当前层 / 粗火花 / 寿命 / 寿命 [rtCLife]","参数 / 当前层 / 粗火花 / 时序与数量 / 寿命 [rtCLife]","当前层 P；单层 wbSnap().P，多层 wbSnap().layers[i].P。保存/另存/切效果自动草稿及配方 JSON 保存完整快照。一次拖动/输入提交/选择为一步，全资产60步；输入框内快捷键留给文本撤销。切层/发射器不清历史，打开另一效果/版本重置。行/模块/发射器恢复到打开时与恢复模板默认不同。","tool/src/js/10_types.js:831","","tool/src/js/79_workbench.js:159; tool/src/js/79_undo.js:10","47:288 L = rtCLife；47:294 life: [L(1−j), L(1+j)]；46:157 Lifetime uniform；47:221 rtSparkColor tc/L；47:473 rtDuration；47:316/319 SparkPops life [L·0.6, L·1.2]","末段爆亮（SparkPops）也借用粗火花的寿命（× 0.6–1.2）。实时模拟总时长也按最长寿命留余量。"
"SCHEMA-392","238-rtCJit","","rtCJit","P.rtCJit","P","当前效果 / 当前层 / 粗火花","number","寿命随机","同一档粗火花之间寿命的长短差异，让火花错落熄灭，而不是同时灭。","命名表说明（可能滞后）；当前条件/换算来自源码，冲突见覆盖报告","物理量","%","%","[0,90,1]","","30","P => familyOf(P.type) === 'rise' && P.form === 'emitset'","无字段级条件","[]","","[""type"",""form""]","本字段不在LINK_KEYS轨迹同步列表；其他条件/默认联动另见本行","不走TIMING_KEYS通用时间联动","onParam：实时模拟更新，灰度烘焙按自动/手动模式处理","","rtC","[]","均匀分布，每粒火花：寿命 × (1 ± 30%)，即 1.68–3.12 s（默认值）。","本字段无曲线控件","","参数 / 当前层 / 粗火花 / 寿命 / 寿命随机 [rtCJit]","参数 / 当前层 / 粗火花 / 寿命 / 寿命随机 [rtCJit]","参数 / 当前层 / 粗火花 / 寿命 / 寿命随机 [rtCJit]","参数 / 当前层 / 粗火花 / 时序与数量 / 寿命随机 [rtCJit]","当前层 P；单层 wbSnap().P，多层 wbSnap().layers[i].P。保存/另存/切效果自动草稿及配方 JSON 保存完整快照。一次拖动/输入提交/选择为一步，全资产60步；输入框内快捷键留给文本撤销。切层/发射器不清历史，打开另一效果/版本重置。行/模块/发射器恢复到打开时与恢复模板默认不同。","tool/src/js/10_types.js:831","","tool/src/js/79_workbench.js:159; tool/src/js/79_undo.js:10","47:288 j = rtCJit/100；47:294；46:157","单位写 %，实际是 ±%。"
"SCHEMA-393","239-rtCSize","","rtCSize","P.rtCSize","P","当前效果 / 当前层 / 粗火花","number","大小","一颗粗火花软圆点的直径；远处看光量 ∝ 直径²，所以大小也管亮度。","命名表说明（可能滞后）；当前条件/换算来自源码，冲突见覆盖报告","引擎字段","m","m","[0.05,5,0.01]","","0.55","P => familyOf(P.type) === 'rise' && P.form === 'emitset'","无字段级条件","[]","","[""type"",""form""]","本字段不在LINK_KEYS轨迹同步列表；其他条件/默认联动另见本行","不走TIMING_KEYS通用时间联动","onParam：实时模拟更新，灰度烘焙按自动/手动模式处理","","","[]","","本字段无曲线控件","","参数 / 当前层 / 粗火花 / 大小 / 大小 [rtCSize]","参数 / 当前层 / 粗火花 / 大小 / 大小 [rtCSize]","参数 / 当前层 / 粗火花 / 大小 / 大小 [rtCSize]","参数 / 当前层 / 粗火花 / 外观与颜色 / 大小 [rtCSize]","当前层 P；单层 wbSnap().P，多层 wbSnap().layers[i].P。保存/另存/切效果自动草稿及配方 JSON 保存完整快照。一次拖动/输入提交/选择为一步，全资产60步；输入框内快捷键留给文本撤销。切层/发射器不清历史，打开另一效果/版本重置。行/模块/发射器恢复到打开时与恢复模板默认不同。","tool/src/js/10_types.js:831","","tool/src/js/79_workbench.js:159; tool/src/js/79_undo.js:10","47:288 S = rtCSize；47:294 size: [S(1−sJ), S(1+sJ)]；46:158 InitialSize；47:289 sizeLife；46:117 光量 = 2π(S/4)²","烘焙器里画成 σ = 直径 / 4 的高斯点、中心值 = 颜色（软圆点亮度口径未经 UE 验证）。"
"SCHEMA-394","240-rtCI","","rtCI","P.rtCI","P","当前效果 / 当前层 / 粗火花","number","亮度","粗火花的发光倍数，乘在 Color Over Life 的黑体颜色曲线上（可 > 1）。","命名表说明（可能滞后）；当前条件/换算来自源码，冲突见覆盖报告","物理量","×","×","[0,40,0.01]","","6","P => familyOf(P.type) === 'rise' && P.form === 'emitset'","无字段级条件","[]","","[""type"",""form""]","本字段不在LINK_KEYS轨迹同步列表；其他条件/默认联动另见本行","不走TIMING_KEYS通用时间联动","onParam：实时模拟更新，灰度烘焙按自动/手动模式处理","","","[]","","本字段无曲线控件","","参数 / 当前层 / 粗火花 / 亮度 / 亮度 [rtCI]","参数 / 当前层 / 粗火花 / 亮度 / 亮度 [rtCI]","参数 / 当前层 / 粗火花 / 亮度 / 亮度 [rtCI]","参数 / 当前层 / 粗火花 / 外观与颜色 / 亮度 [rtCI]","当前层 P；单层 wbSnap().P，多层 wbSnap().layers[i].P。保存/另存/切效果自动草稿及配方 JSON 保存完整快照。一次拖动/输入提交/选择为一步，全资产60步；输入框内快捷键留给文本撤销。切层/发射器不清历史，打开另一效果/版本重置。行/模块/发射器恢复到打开时与恢复模板默认不同。","tool/src/js/10_types.js:831","","tool/src/js/79_workbench.js:159; tool/src/js/79_undo.js:10","47:291 rtSparkColor(P, L, rtCI·rtDotGain, rtCdT)；47:220-231 燃烧温度处亮度 = 0.25·I；47:292 拖影时除以 stretch；46:176 ColorOverLife","和「粒子层亮度总倍数」相乘。末段爆亮不受它影响（用自己的亮度）。"
"SCHEMA-395","241-rtCKd","","rtCKd","P.rtCKd","P","当前效果 / 当前层 / 粗火花","number","阻力","空气把粗火花拖慢的快慢（线性阻力，1/s）；后段下坠终速 = 9.8 ÷ 阻力。","命名表说明（可能滞后）；当前条件/换算来自源码，冲突见覆盖报告","物理量","1/s","1/s","[0.2,30,0.05]","","2.4","P => familyOf(P.type) === 'rise' && P.form === 'emitset'","无字段级条件","[]","","[""type"",""form""]","本字段不在LINK_KEYS轨迹同步列表；其他条件/默认联动另见本行","不走TIMING_KEYS通用时间联动","onParam：实时模拟更新，灰度烘焙按自动/手动模式处理","","","[]","","本字段无曲线控件","","参数 / 当前层 / 粗火花 / 受力 / 阻力 [rtCKd]","参数 / 当前层 / 粗火花 / 受力 / 阻力 [rtCKd]","参数 / 当前层 / 粗火花 / 受力 / 阻力 [rtCKd]","参数 / 当前层 / 粗火花 / 空间与运动 / 阻力 [rtCKd]","当前层 P；单层 wbSnap().P，多层 wbSnap().layers[i].P。保存/另存/切效果自动草稿及配方 JSON 保存完整快照。一次拖动/输入提交/选择为一步，全资产60步；输入框内快捷键留给文本撤销。切层/发射器不清历史，打开另一效果/版本重置。行/模块/发射器恢复到打开时与恢复模板默认不同。","tool/src/js/10_types.js:831","","tool/src/js/79_workbench.js:159; tool/src/js/79_undo.js:10","47:288 kd = rtCKd；47:294 drag: [kd(1−kJ), kd(1+kJ)]；46:166 Drag uniform；47:282-283 accel × kd；47:316/319 SparkPops drag 用 rtCKd","空气乱流开着时，乱流加速度 = 阻力 × 空气速度，所以阻力也决定火花被风带走多少。末段爆亮（SparkPops）也借用粗火花的这个值。"
"SCHEMA-396","242-rtSizeJit","","rtSizeJit","P.rtSizeJit","P","当前效果 / 当前层 / 火花共用","number","大小随机","三档火花每颗大小的差异；远处看光量 ∝ 大小²，所以也带来亮暗不一。","命名表说明（可能滞后）；当前条件/换算来自源码，冲突见覆盖报告","物理量","±%","±%","[0,90,1]","","25","P => familyOf(P.type) === 'rise' && P.form === 'emitset'","无字段级条件","[]","","[""type"",""form""]","本字段不在LINK_KEYS轨迹同步列表；其他条件/默认联动另见本行","不走TIMING_KEYS通用时间联动","onParam：实时模拟更新，灰度烘焙按自动/手动模式处理","","rtSize","[]","均匀分布，每粒火花：大小 × (1 ± 25%)，远处光量随之约 0.56–1.56 倍；细、中、粗三档共用，最大按 90% 截。","本字段无曲线控件","","参数 / 当前层 / 火花共用 / 随机 / 大小随机 [rtSizeJit]","参数 / 当前层 / 火花共用 / 随机 / 大小随机 [rtSizeJit]","参数 / 当前层 / 火花共用 / 随机 / 大小随机 [rtSizeJit]","参数 / 当前层 / 火花共用 / 专属任务 · 随机 / 大小随机 [rtSizeJit]","当前层 P；单层 wbSnap().P，多层 wbSnap().layers[i].P。保存/另存/切效果自动草稿及配方 JSON 保存完整快照。一次拖动/输入提交/选择为一步，全资产60步；输入框内快捷键留给文本撤销。切层/发射器不清历史，打开另一效果/版本重置。行/模块/发射器恢复到打开时与恢复模板默认不同。","tool/src/js/10_types.js:832","","tool/src/js/79_workbench.js:159; tool/src/js/79_undo.js:10","47:284 sJ = clamp(rtSizeJit/100, 0, 0.9)；47:294；46:158；47:76/90/117 贴图火花；10_types.js:533","烘进贴图的细火花也用它（亮度 × (大小 / 标称)²）。落火、末段爆亮用各自固定的范围，不受它影响。"
"SCHEMA-397","243-rtKdJit","","rtKdJit","P.rtKdJit","P","当前效果 / 当前层 / 火花共用","number","阻力随机","三档火花每颗阻力的差异，让同时出生的火花停在不同远近，尾迹不那么整齐。","命名表说明（可能滞后）；当前条件/换算来自源码，冲突见覆盖报告","物理量","±%","±%","[0,90,1]","","20","P => familyOf(P.type) === 'rise' && P.form === 'emitset'","无字段级条件","[]","","[""type"",""form""]","本字段不在LINK_KEYS轨迹同步列表；其他条件/默认联动另见本行","不走TIMING_KEYS通用时间联动","onParam：实时模拟更新，灰度烘焙按自动/手动模式处理","","rtKd","[]","均匀分布，每粒火花：阻力 × (1 ± 20%)；细、中、粗三档和末段爆亮共用，最大按 90% 截。","本字段无曲线控件","","参数 / 当前层 / 火花共用 / 随机 / 阻力随机 [rtKdJit]","参数 / 当前层 / 火花共用 / 随机 / 阻力随机 [rtKdJit]","参数 / 当前层 / 火花共用 / 随机 / 阻力随机 [rtKdJit]","参数 / 当前层 / 火花共用 / 专属任务 · 随机 / 阻力随机 [rtKdJit]","当前层 P；单层 wbSnap().P，多层 wbSnap().layers[i].P。保存/另存/切效果自动草稿及配方 JSON 保存完整快照。一次拖动/输入提交/选择为一步，全资产60步；输入框内快捷键留给文本撤销。切层/发射器不清历史，打开另一效果/版本重置。行/模块/发射器恢复到打开时与恢复模板默认不同。","tool/src/js/10_types.js:832","","tool/src/js/79_workbench.js:159; tool/src/js/79_undo.js:10","47:284 kJ = clamp(rtKdJit/100, 0, 0.9)；47:294；47:319 SparkPops；47:301 落火固定 0.7–1.3；46:166；10_types.js:533","烘进贴图的细火花也用它。落火用固定的 ±30%。"
"SCHEMA-398","244-rtConeSoft","","rtConeSoft","P.rtConeSoft","P","当前效果 / 当前层 / 火花共用","number","散开软边","横向速度随机的分布：0 = 均匀（边缘一刀切），1 = 两个均匀相加（中间密、边缘渐稀）。","命名表说明（可能滞后）；当前条件/换算来自源码，冲突见覆盖报告","旧（待删）","1（无量纲）","1（无量纲）","[0,1,1]","","0","P => familyOf(P.type) === 'rise' && P.form === 'emitset'","P => +P.rtGpuSafe !== 1","[]","","[""type"",""form"",""rtGpuSafe""]","本字段不在LINK_KEYS轨迹同步列表；其他条件/默认联动另见本行","不走TIMING_KEYS通用时间联动","onParam：实时模拟更新，灰度烘焙按自动/手动模式处理","","","[]","开（1）时每粒火花：横向速度 = 两个 ±(横向速度随机 ÷ √2) 的均匀随机相加 → 三角分布，均方根和关时一样，最远到 ±1.41 倍。","本字段无曲线控件","","参数 / 当前层 / 火花共用 / 随机 / 散开软边 [rtConeSoft]","参数 / 当前层 / 火花共用 / 随机 / 散开软边 [rtConeSoft]","参数 / 当前层 / 火花共用 / 随机 / 散开软边 [rtConeSoft]","参数 / 当前层 / 火花共用 / 专属任务 · 随机 / 散开软边 [rtConeSoft]","当前层 P；单层 wbSnap().P，多层 wbSnap().layers[i].P。保存/另存/切效果自动草稿及配方 JSON 保存完整快照。一次拖动/输入提交/选择为一步，全资产60步；输入框内快捷键留给文本撤销。切层/发射器不清历史，打开另一效果/版本重置。行/模块/发射器恢复到打开时与恢复模板默认不同。","tool/src/js/10_types.js:833","","tool/src/js/79_workbench.js:159; tool/src/js/79_undo.js:10","47:278 soft = rtConeSoft > 0 → c/√2、cone = [cb, cb]；46_emitset.js:29/165 每个盒子一个 InitialVelocity；47:302 落火 soft 时用 cone；47:77/88 贴图火花；10_types.js:534","实际是开关（步长 1，代码只看是否 > 0）。白热段火花不受它影响（那边本来就是正态）。"
"SCHEMA-399","244b-rtGpuSafe","","rtGpuSafe","P.rtGpuSafe","P","当前效果 / 当前层 / 火花共用","select","GPU 兼容","按 UE 4.24 实测导出 GPU 火花：GPU Sprites 不支持 Acceleration（标红）→ 不写空气乱流（乱流只留在贴图里）；每个发射器最多 2 个 Initial Velocity（出生曲线 + 一个随机散开，软边散开改成一个均匀分布，均方根不变）。","命名表说明（可能滞后）；当前条件/换算来自源码，冲突见覆盖报告","旧（待删）","选项","选项","","[[0,""旧（GPU 也写 Acceleration 乱流、软边散开写 2 个）""],[1,""UE 4.24 实测：GPU 不写 Acceleration、Initial Velocity ≤ 2""]]","0","P => familyOf(P.type) === 'rise' && P.form === 'emitset'","无字段级条件","[]","","[""type"",""form""]","本字段不在LINK_KEYS轨迹同步列表；其他条件/默认联动另见本行","不走TIMING_KEYS通用时间联动","onParam：实时模拟更新，灰度烘焙按自动/手动模式处理","","","[]","","本字段无曲线控件","","参数 / 当前层 / 火花共用 / 受力 / GPU 兼容 [rtGpuSafe]","参数 / 当前层 / 火花共用 / 受力 / GPU 兼容 [rtGpuSafe]","参数 / 当前层 / 火花共用 / 受力 / GPU 兼容 [rtGpuSafe]","参数 / 当前层 / 火花共用 / 空间与运动 / GPU 兼容 [rtGpuSafe]","当前层 P；单层 wbSnap().P，多层 wbSnap().layers[i].P。保存/另存/切效果自动草稿及配方 JSON 保存完整快照。一次拖动/输入提交/选择为一步，全资产60步；输入框内快捷键留给文本撤销。切层/发射器不清历史，打开另一效果/版本重置。行/模块/发射器恢复到打开时与恢复模板默认不同。","tool/src/js/10_types.js:834","","tool/src/js/79_workbench.js:159; tool/src/js/79_undo.js:10","47_risetail.js rtBuildES safe / turb / cone；46_emitset.js esFwlEmitter","用户 2026-10-04 14:58 UE 截图：Acceleration 在 GPU Sprites 上标红。选上以后「散开软边」「大涡阵风」不再显示（不起作用）。缺省旧做法，RT1–RT4 不变。"
"SCHEMA-400","460-101-rtFSizeCurve","","rtFSizeCurve","P.rtFSizeCurve","P","当前效果 / 当前层 / 细火花","curve","随寿命","细火花每颗的大小随它的寿命变化（在原来的「尾端收小」之上再乘）。几行「时刻:倍数」，时刻是寿命的比例 0–1，在原来的变化上再乘这条曲线；空 = 不乘（和以前一样）。例「0:0.3, 0.2:1, 1:1」= 刚出来小、很快长到正常。","命名表说明（可能滞后）；当前条件/换算来自源码，冲突见覆盖报告","物理量","×（随寿命）","×（随寿命）","","","","P => familyOf(P.type) === 'rise' && P.form === 'emitset'","P => P.rtFRate > 0","[]","","[""type"",""form"",""rtFRate""]","本字段不在LINK_KEYS轨迹同步列表；其他条件/默认联动另见本行","不走TIMING_KEYS通用时间联动","onParam：实时模拟更新，灰度烘焙按自动/手动模式处理","","","[]","","0–1单粒寿命，文本提交 + 只读折线/表；空=×1；不支持拖点","","参数 / 当前层 / 细火花 / 大小 / 随寿命 [rtFSizeCurve]","参数 / 当前层 / 细火花 / 大小 / 随寿命 [rtFSizeCurve]","参数 / 当前层 / 细火花 / 大小 / 随寿命 [rtFSizeCurve]","参数 / 当前层 / 细火花 / 外观与颜色 / 随寿命 [rtFSizeCurve]","当前层 P；单层 wbSnap().P，多层 wbSnap().layers[i].P。保存/另存/切效果自动草稿及配方 JSON 保存完整快照。一次拖动/输入提交/选择为一步，全资产60步；输入框内快捷键留给文本撤销。切层/发射器不清历史，打开另一效果/版本重置。行/模块/发射器恢复到打开时与恢复模板默认不同。 注意：rowChanged仅处理数值/select/text，现曲线不计行/模块“改过”、无独立行尾还原按钮；全资产撤销可恢复曲线文本。不伪称这些行级状态已实现。","tool/src/js/10_types.js:835","","tool/src/js/79_workbench.js:159; tool/src/js/79_undo.js:10","","4.9.4（5.0，交互宪章 5）加：按寿命曲线，空 = 不乘，画面不变。"
"SCHEMA-401","460-102-rtFBrightCurve","","rtFBrightCurve","P.rtFBrightCurve","P","当前效果 / 当前层 / 细火花","curve","随寿命","细火花每颗的亮度随它的寿命变化（在温度冷却之上再乘）。几行「时刻:倍数」，时刻是寿命的比例 0–1，在原来的变化上再乘这条曲线；空 = 不乘（和以前一样）。例「0:0.3, 0.2:1, 1:1」= 刚出来小、很快长到正常。","命名表说明（可能滞后）；当前条件/换算来自源码，冲突见覆盖报告","物理量","×（随寿命）","×（随寿命）","","","","P => familyOf(P.type) === 'rise' && P.form === 'emitset'","P => P.rtFRate > 0","[]","","[""type"",""form"",""rtFRate""]","本字段不在LINK_KEYS轨迹同步列表；其他条件/默认联动另见本行","不走TIMING_KEYS通用时间联动","onParam：实时模拟更新，灰度烘焙按自动/手动模式处理","","","[]","","0–1单粒寿命，文本提交 + 只读折线/表；空=×1；不支持拖点","","参数 / 当前层 / 细火花 / 亮度 / 随寿命 [rtFBrightCurve]","参数 / 当前层 / 细火花 / 亮度 / 随寿命 [rtFBrightCurve]","参数 / 当前层 / 细火花 / 亮度 / 随寿命 [rtFBrightCurve]","参数 / 当前层 / 细火花 / 外观与颜色 / 随寿命 [rtFBrightCurve]","当前层 P；单层 wbSnap().P，多层 wbSnap().layers[i].P。保存/另存/切效果自动草稿及配方 JSON 保存完整快照。一次拖动/输入提交/选择为一步，全资产60步；输入框内快捷键留给文本撤销。切层/发射器不清历史，打开另一效果/版本重置。行/模块/发射器恢复到打开时与恢复模板默认不同。 注意：rowChanged仅处理数值/select/text，现曲线不计行/模块“改过”、无独立行尾还原按钮；全资产撤销可恢复曲线文本。不伪称这些行级状态已实现。","tool/src/js/10_types.js:836","","tool/src/js/79_workbench.js:159; tool/src/js/79_undo.js:10","","4.9.4（5.0，交互宪章 5）加：按寿命曲线，空 = 不乘，画面不变。"
"SCHEMA-402","460-103-rtMSizeCurve","","rtMSizeCurve","P.rtMSizeCurve","P","当前效果 / 当前层 / 中火花","curve","随寿命","中火花每颗的大小随它的寿命变化（在原来的「尾端收小」之上再乘）。几行「时刻:倍数」，时刻是寿命的比例 0–1，在原来的变化上再乘这条曲线；空 = 不乘（和以前一样）。例「0:0.3, 0.2:1, 1:1」= 刚出来小、很快长到正常。","命名表说明（可能滞后）；当前条件/换算来自源码，冲突见覆盖报告","物理量","×（随寿命）","×（随寿命）","","","","P => familyOf(P.type) === 'rise' && P.form === 'emitset'","P => P.rtMRate > 0","[]","","[""type"",""form"",""rtMRate""]","本字段不在LINK_KEYS轨迹同步列表；其他条件/默认联动另见本行","不走TIMING_KEYS通用时间联动","onParam：实时模拟更新，灰度烘焙按自动/手动模式处理","","","[]","","0–1单粒寿命，文本提交 + 只读折线/表；空=×1；不支持拖点","","参数 / 当前层 / 中火花 / 大小 / 随寿命 [rtMSizeCurve]","参数 / 当前层 / 中火花 / 大小 / 随寿命 [rtMSizeCurve]","参数 / 当前层 / 中火花 / 大小 / 随寿命 [rtMSizeCurve]","参数 / 当前层 / 中火花 / 外观与颜色 / 随寿命 [rtMSizeCurve]","当前层 P；单层 wbSnap().P，多层 wbSnap().layers[i].P。保存/另存/切效果自动草稿及配方 JSON 保存完整快照。一次拖动/输入提交/选择为一步，全资产60步；输入框内快捷键留给文本撤销。切层/发射器不清历史，打开另一效果/版本重置。行/模块/发射器恢复到打开时与恢复模板默认不同。 注意：rowChanged仅处理数值/select/text，现曲线不计行/模块“改过”、无独立行尾还原按钮；全资产撤销可恢复曲线文本。不伪称这些行级状态已实现。","tool/src/js/10_types.js:837","","tool/src/js/79_workbench.js:159; tool/src/js/79_undo.js:10","","4.9.4（5.0，交互宪章 5）加：按寿命曲线，空 = 不乘，画面不变。"
"SCHEMA-403","460-104-rtMBrightCurve","","rtMBrightCurve","P.rtMBrightCurve","P","当前效果 / 当前层 / 中火花","curve","随寿命","中火花每颗的亮度随它的寿命变化（在温度冷却之上再乘）。几行「时刻:倍数」，时刻是寿命的比例 0–1，在原来的变化上再乘这条曲线；空 = 不乘（和以前一样）。例「0:0.3, 0.2:1, 1:1」= 刚出来小、很快长到正常。","命名表说明（可能滞后）；当前条件/换算来自源码，冲突见覆盖报告","物理量","×（随寿命）","×（随寿命）","","","","P => familyOf(P.type) === 'rise' && P.form === 'emitset'","P => P.rtMRate > 0","[]","","[""type"",""form"",""rtMRate""]","本字段不在LINK_KEYS轨迹同步列表；其他条件/默认联动另见本行","不走TIMING_KEYS通用时间联动","onParam：实时模拟更新，灰度烘焙按自动/手动模式处理","","","[]","","0–1单粒寿命，文本提交 + 只读折线/表；空=×1；不支持拖点","","参数 / 当前层 / 中火花 / 亮度 / 随寿命 [rtMBrightCurve]","参数 / 当前层 / 中火花 / 亮度 / 随寿命 [rtMBrightCurve]","参数 / 当前层 / 中火花 / 亮度 / 随寿命 [rtMBrightCurve]","参数 / 当前层 / 中火花 / 外观与颜色 / 随寿命 [rtMBrightCurve]","当前层 P；单层 wbSnap().P，多层 wbSnap().layers[i].P。保存/另存/切效果自动草稿及配方 JSON 保存完整快照。一次拖动/输入提交/选择为一步，全资产60步；输入框内快捷键留给文本撤销。切层/发射器不清历史，打开另一效果/版本重置。行/模块/发射器恢复到打开时与恢复模板默认不同。 注意：rowChanged仅处理数值/select/text，现曲线不计行/模块“改过”、无独立行尾还原按钮；全资产撤销可恢复曲线文本。不伪称这些行级状态已实现。","tool/src/js/10_types.js:838","","tool/src/js/79_workbench.js:159; tool/src/js/79_undo.js:10","","4.9.4（5.0，交互宪章 5）加：按寿命曲线，空 = 不乘，画面不变。"
"SCHEMA-404","460-105-rtCSizeCurve","","rtCSizeCurve","P.rtCSizeCurve","P","当前效果 / 当前层 / 粗火花","curve","随寿命","粗火花每颗的大小随它的寿命变化（在原来的「尾端收小」之上再乘）。几行「时刻:倍数」，时刻是寿命的比例 0–1，在原来的变化上再乘这条曲线；空 = 不乘（和以前一样）。例「0:0.3, 0.2:1, 1:1」= 刚出来小、很快长到正常。","命名表说明（可能滞后）；当前条件/换算来自源码，冲突见覆盖报告","物理量","×（随寿命）","×（随寿命）","","","","P => familyOf(P.type) === 'rise' && P.form === 'emitset'","P => P.rtCRate > 0","[]","","[""type"",""form"",""rtCRate""]","本字段不在LINK_KEYS轨迹同步列表；其他条件/默认联动另见本行","不走TIMING_KEYS通用时间联动","onParam：实时模拟更新，灰度烘焙按自动/手动模式处理","","","[]","","0–1单粒寿命，文本提交 + 只读折线/表；空=×1；不支持拖点","","参数 / 当前层 / 粗火花 / 大小 / 随寿命 [rtCSizeCurve]","参数 / 当前层 / 粗火花 / 大小 / 随寿命 [rtCSizeCurve]","参数 / 当前层 / 粗火花 / 大小 / 随寿命 [rtCSizeCurve]","参数 / 当前层 / 粗火花 / 外观与颜色 / 随寿命 [rtCSizeCurve]","当前层 P；单层 wbSnap().P，多层 wbSnap().layers[i].P。保存/另存/切效果自动草稿及配方 JSON 保存完整快照。一次拖动/输入提交/选择为一步，全资产60步；输入框内快捷键留给文本撤销。切层/发射器不清历史，打开另一效果/版本重置。行/模块/发射器恢复到打开时与恢复模板默认不同。 注意：rowChanged仅处理数值/select/text，现曲线不计行/模块“改过”、无独立行尾还原按钮；全资产撤销可恢复曲线文本。不伪称这些行级状态已实现。","tool/src/js/10_types.js:839","","tool/src/js/79_workbench.js:159; tool/src/js/79_undo.js:10","","4.9.4（5.0，交互宪章 5）加：按寿命曲线，空 = 不乘，画面不变。"
"SCHEMA-405","460-106-rtCBrightCurve","","rtCBrightCurve","P.rtCBrightCurve","P","当前效果 / 当前层 / 粗火花","curve","随寿命","粗火花每颗的亮度随它的寿命变化（在温度冷却之上再乘）。几行「时刻:倍数」，时刻是寿命的比例 0–1，在原来的变化上再乘这条曲线；空 = 不乘（和以前一样）。例「0:0.3, 0.2:1, 1:1」= 刚出来小、很快长到正常。","命名表说明（可能滞后）；当前条件/换算来自源码，冲突见覆盖报告","物理量","×（随寿命）","×（随寿命）","","","","P => familyOf(P.type) === 'rise' && P.form === 'emitset'","P => P.rtCRate > 0","[]","","[""type"",""form"",""rtCRate""]","本字段不在LINK_KEYS轨迹同步列表；其他条件/默认联动另见本行","不走TIMING_KEYS通用时间联动","onParam：实时模拟更新，灰度烘焙按自动/手动模式处理","","","[]","","0–1单粒寿命，文本提交 + 只读折线/表；空=×1；不支持拖点","","参数 / 当前层 / 粗火花 / 亮度 / 随寿命 [rtCBrightCurve]","参数 / 当前层 / 粗火花 / 亮度 / 随寿命 [rtCBrightCurve]","参数 / 当前层 / 粗火花 / 亮度 / 随寿命 [rtCBrightCurve]","参数 / 当前层 / 粗火花 / 外观与颜色 / 随寿命 [rtCBrightCurve]","当前层 P；单层 wbSnap().P，多层 wbSnap().layers[i].P。保存/另存/切效果自动草稿及配方 JSON 保存完整快照。一次拖动/输入提交/选择为一步，全资产60步；输入框内快捷键留给文本撤销。切层/发射器不清历史，打开另一效果/版本重置。行/模块/发射器恢复到打开时与恢复模板默认不同。 注意：rowChanged仅处理数值/select/text，现曲线不计行/模块“改过”、无独立行尾还原按钮；全资产撤销可恢复曲线文本。不伪称这些行级状态已实现。","tool/src/js/10_types.js:840","","tool/src/js/79_workbench.js:159; tool/src/js/79_undo.js:10","","4.9.4（5.0，交互宪章 5）加：按寿命曲线，空 = 不乘，画面不变。"
"SCHEMA-406","245c-rtFar","","rtFar","P.rtFar","P","当前效果 / 当前层 / 火花共用","select","贴图怎么分","「近段 + 远段」：年轻的火花（年龄小于交接年龄）跟着弹体进循环层；年老的已经停在空气里，用世界坐标烘成一张从发射点到开花点的全程序列（远段，一次性不循环，开花后自己演完熄灭）；GPU 火花按档给预算「再加」，GPU 那部分从贴图里扣掉，贴图 + GPU = 实时模拟里看到的全部。「旧」= RT5 以前：细 / 中火花按比例进循环层，其余在 GPU。","命名表说明（可能滞后）；当前条件/换算来自源码，冲突见覆盖报告","引擎字段","选项","选项","","[[0,""旧：循环层（细 / 中火花按比例进贴图，其余 GPU）""],[1,""近段 + 远段：年轻的进循环层、年老的进远段全程序列，GPU 按档预算再加""]]","0","P => familyOf(P.type) === 'rise' && P.form === 'emitset'","无字段级条件","[]","","[""type"",""form""]","本字段不在LINK_KEYS轨迹同步列表；其他条件/默认联动另见本行","不走TIMING_KEYS通用时间联动","onParam：实时模拟更新，灰度烘焙按自动/手动模式处理","","","[]","","本字段无曲线控件","","参数 / 当前层 / 火花共用 / 贴图 / 贴图怎么分 [rtFar]","参数 / 当前层 / 火花共用 / 贴图 / 贴图怎么分 [rtFar]","参数 / 当前层 / 火花共用 / 贴图 / 贴图怎么分 [rtFar]","参数 / 当前层 / 火花共用 / 专属任务 · 贴图 / 贴图怎么分 [rtFar]","当前层 P；单层 wbSnap().P，多层 wbSnap().layers[i].P。保存/另存/切效果自动草稿及配方 JSON 保存完整快照。一次拖动/输入提交/选择为一步，全资产60步；输入框内快捷键留给文本撤销。切层/发射器不清历史，打开另一效果/版本重置。行/模块/发射器恢复到打开时与恢复模板默认不同。","tool/src/js/10_types.js:843","","tool/src/js/79_workbench.js:159; tool/src/js/79_undo.js:10","47_risetail.js rtNearW / makeRiseTailFarRenderer / rtLayoutFar / bakeEmitSet / fwlEmitSet TrailFar","用户 2026-10-05 01:28「合并渲染再加 800 个 cascade 粒子」、02:25 同意方案 6.4。两段按年龄交叉淡化，缝在 UE 里还要看。"
"SCHEMA-407","245-rtFTex","","rtFTex","P.rtFTex","P","当前效果 / 当前层 / 火花共用","number","贴图火花比例","细火花里有多少比例直接画进循环层贴图，其余仍由引擎里的 GPU 粒子发射。","命名表说明（可能滞后）；当前条件/换算来自源码，冲突见覆盖报告","引擎字段","1（无量纲）","1（无量纲）","[0,1,0.05]","","0","P => familyOf(P.type) === 'rise' && P.form === 'emitset'","P => +P.rtFar !== 1","[]","","[""type"",""form"",""rtFar""]","本字段不在LINK_KEYS轨迹同步列表；其他条件/默认联动另见本行","不走TIMING_KEYS通用时间联动","onParam：实时模拟更新，灰度烘焙按自动/手动模式处理","","","[]","","本字段无曲线控件","","参数 / 当前层 / 火花共用 / 贴图 / 贴图火花比例 [rtFTex]","参数 / 当前层 / 火花共用 / 贴图 / 贴图火花比例 [rtFTex]","参数 / 当前层 / 火花共用 / 贴图 / 贴图火花比例 [rtFTex]","参数 / 当前层 / 火花共用 / 专属任务 · 贴图 / 贴图火花比例 [rtFTex]","当前层 P；单层 wbSnap().P，多层 wbSnap().layers[i].P。保存/另存/切效果自动草稿及配方 JSON 保存完整快照。一次拖动/输入提交/选择为一步，全资产60步；输入框内快捷键留给文本撤销。切层/发射器不清历史，打开另一效果/版本重置。行/模块/发射器恢复到打开时与恢复模板默认不同。","tool/src/js/10_types.js:844","","tool/src/js/79_workbench.js:159; tool/src/js/79_undo.js:10","47_risetail.js:74 rtTexFrac（rtFRate > 0 才生效）；:79 每个循环周期贴图里 M = round(rtFRate×比例×周期) 颗；:287 GPU 出生率 × (1 − 比例)，≤ 0 时 continue（不写发射器）；:350 / :372-377 取景量贴图火花；:140-146 循环层画贴图火花。","细火花「生成速率」为 0 时不起作用。贴图火花按出膛速度在随体坐标里算，不受大涡阵风影响，引擎里随面片长度一起缩短；手机端不随「手机粒子比例」减少。比例 > 0 时取景要包住贴图火花，面片可能变长。"
"SCHEMA-408","245b-rtMTex","","rtMTex","P.rtMTex","P","当前效果 / 当前层 / 火花共用","number","中火花进贴图","中火花里有多少比例直接画进循环层贴图，其余仍由引擎里的 GPU 粒子发射（和「贴图火花比例」同一做法）。","命名表说明（可能滞后）；当前条件/换算来自源码，冲突见覆盖报告","引擎字段","1（无量纲）","1（无量纲）","[0,1,0.05]","","0","P => familyOf(P.type) === 'rise' && P.form === 'emitset'","P => +P.rtFar !== 1","[]","","[""type"",""form"",""rtFar""]","本字段不在LINK_KEYS轨迹同步列表；其他条件/默认联动另见本行","不走TIMING_KEYS通用时间联动","onParam：实时模拟更新，灰度烘焙按自动/手动模式处理","","","[]","","本字段无曲线控件","","参数 / 当前层 / 火花共用 / 贴图 / 中火花进贴图 [rtMTex]","参数 / 当前层 / 火花共用 / 贴图 / 中火花进贴图 [rtMTex]","参数 / 当前层 / 火花共用 / 贴图 / 中火花进贴图 [rtMTex]","参数 / 当前层 / 火花共用 / 专属任务 · 贴图 / 中火花进贴图 [rtMTex]","当前层 P；单层 wbSnap().P，多层 wbSnap().layers[i].P。保存/另存/切效果自动草稿及配方 JSON 保存完整快照。一次拖动/输入提交/选择为一步，全资产60步；输入框内快捷键留给文本撤销。切层/发射器不清历史，打开另一效果/版本重置。行/模块/发射器恢复到打开时与恢复模板默认不同。","tool/src/js/10_types.js:845","","tool/src/js/79_workbench.js:159; tool/src/js/79_undo.js:10","47_risetail.js RT_TEX_CLS、rtTexClasses、rtBuildES rate × (1 − 比例)","「中 · 生成速率」为 0 时不起作用。亮度 = 贴图火花亮度 × 中 · 亮度 ÷ 细 · 亮度。用户 10-04 14:58：一条尾缀 GPU 粒子同时活着 ≤ 800。"
"SCHEMA-409","245d-rtNearA0","","rtNearA0","P.rtNearA0","P","当前效果 / 当前层 / 火花共用","number","交接开始","火花长到这个年龄开始从近段（循环层）淡出、在远段淡入。","命名表说明（可能滞后）；当前条件/换算来自源码，冲突见覆盖报告","引擎字段","s","s","[0.1,3,0.05]","","0.6","P => familyOf(P.type) === 'rise' && P.form === 'emitset'","P => +P.rtFar === 1","[]","","[""type"",""form"",""rtFar""]","本字段不在LINK_KEYS轨迹同步列表；其他条件/默认联动另见本行","不走TIMING_KEYS通用时间联动","onParam：实时模拟更新，灰度烘焙按自动/手动模式处理","","","[]","","本字段无曲线控件","","参数 / 当前层 / 火花共用 / 贴图 / 交接开始 [rtNearA0]","参数 / 当前层 / 火花共用 / 贴图 / 交接开始 [rtNearA0]","参数 / 当前层 / 火花共用 / 贴图 / 交接开始 [rtNearA0]","参数 / 当前层 / 火花共用 / 专属任务 · 贴图 / 交接开始 [rtNearA0]","当前层 P；单层 wbSnap().P，多层 wbSnap().layers[i].P。保存/另存/切效果自动草稿及配方 JSON 保存完整快照。一次拖动/输入提交/选择为一步，全资产60步；输入框内快捷键留给文本撤销。切层/发射器不清历史，打开另一效果/版本重置。行/模块/发射器恢复到打开时与恢复模板默认不同。","tool/src/js/10_types.js:846","","tool/src/js/79_workbench.js:159; tool/src/js/79_undo.js:10","47_risetail.js rtNearW","近段权重 = 1 − smoothstep(开始, 交接完, 年龄)，远段 = 剩下的，两段相加 = 1。"
"SCHEMA-410","245e-rtNearA1","","rtNearA1","P.rtNearA1","P","当前效果 / 当前层 / 火花共用","number","交接完","火花长到这个年龄完全交给远段。","命名表说明（可能滞后）；当前条件/换算来自源码，冲突见覆盖报告","引擎字段","s","s","[0.2,4,0.05]","","1","P => familyOf(P.type) === 'rise' && P.form === 'emitset'","P => +P.rtFar === 1","[]","","[""type"",""form"",""rtFar""]","本字段不在LINK_KEYS轨迹同步列表；其他条件/默认联动另见本行","不走TIMING_KEYS通用时间联动","onParam：实时模拟更新，灰度烘焙按自动/手动模式处理","","","[]","","本字段无曲线控件","","参数 / 当前层 / 火花共用 / 贴图 / 交接完 [rtNearA1]","参数 / 当前层 / 火花共用 / 贴图 / 交接完 [rtNearA1]","参数 / 当前层 / 火花共用 / 贴图 / 交接完 [rtNearA1]","参数 / 当前层 / 火花共用 / 专属任务 · 贴图 / 交接完 [rtNearA1]","当前层 P；单层 wbSnap().P，多层 wbSnap().layers[i].P。保存/另存/切效果自动草稿及配方 JSON 保存完整快照。一次拖动/输入提交/选择为一步，全资产60步；输入框内快捷键留给文本撤销。切层/发射器不清历史，打开另一效果/版本重置。行/模块/发射器恢复到打开时与恢复模板默认不同。","tool/src/js/10_types.js:847","","tool/src/js/79_workbench.js:159; tool/src/js/79_undo.js:10","47_risetail.js rtNearW","小于等于「交接开始」时按「开始 + 0.05 s」。"
"SCHEMA-411","245cc-rtNearExpo","","rtNearExpo","P.rtNearExpo","P","当前效果 / 当前层 / 火花共用","number","近段曝光","近段循环层贴图按实时模拟的曝光 × 这个数来烘：白热段在贴图里不顶到 255（回放检查的过曝），引擎里 RiseLoop 的 Color Over Life × 1 / 这个数² 补回，暗处的火花和远段一样亮。","命名表说明（可能滞后）；当前条件/换算来自源码，冲突见覆盖报告","引擎字段","×","×","[0.2,1,0.01]","","1","P => familyOf(P.type) === 'rise' && P.form === 'emitset'","P => +P.rtFar === 1","[]","","[""type"",""form"",""rtFar""]","本字段不在LINK_KEYS轨迹同步列表；其他条件/默认联动另见本行","不走TIMING_KEYS通用时间联动","onParam：实时模拟更新，灰度烘焙按自动/手动模式处理","","","[]","","本字段无曲线控件","","参数 / 当前层 / 火花共用 / 贴图 / 近段曝光 [rtNearExpo]","参数 / 当前层 / 火花共用 / 贴图 / 近段曝光 [rtNearExpo]","参数 / 当前层 / 火花共用 / 贴图 / 近段曝光 [rtNearExpo]","参数 / 当前层 / 火花共用 / 专属任务 · 贴图 / 近段曝光 [rtNearExpo]","当前层 P；单层 wbSnap().P，多层 wbSnap().layers[i].P。保存/另存/切效果自动草稿及配方 JSON 保存完整快照。一次拖动/输入提交/选择为一步，全资产60步；输入框内快捷键留给文本撤销。切层/发射器不清历史，打开另一效果/版本重置。行/模块/发射器恢复到打开时与恢复模板默认不同。","tool/src/js/10_types.js:848","","tool/src/js/79_workbench.js:159; tool/src/js/79_undo.js:10","47_risetail.js rtNearExpoK / bakeEmitSet / fwlEmitSet colN / renderEmitExport","只在「近段 + 远段」时生效。按 1 / k² 补是为了交接处（近段里的暗火花）和远段一样亮；最亮的白热段在引擎里会亮一点（以前在贴图里本来就顶满）。"
"SCHEMA-412","245cd-rtFarVz","","rtFarVz","P.rtFarVz","P","当前效果 / 当前层 / 火花共用","number","远段上移速度","远段 TrailFar 是速度朝向的竖直面片，UE 里要有一点速度才知道往哪竖（用户 10-05 实测 1 cm/s 不够、50 cm/s 才对）。面片按这个速度往上走，烘焙时贴图内容按同样的速度往下补，火花的世界位置不变。","命名表说明（可能滞后）；当前条件/换算来自源码，冲突见覆盖报告","引擎字段","m/s","m/s","[0.05,5,0.05]","","0.5","P => familyOf(P.type) === 'rise' && P.form === 'emitset'","P => +P.rtFar === 1","[]","","[""type"",""form"",""rtFar""]","本字段不在LINK_KEYS轨迹同步列表；其他条件/默认联动另见本行","不走TIMING_KEYS通用时间联动","onParam：实时模拟更新，灰度烘焙按自动/手动模式处理","","","[]","","本字段无曲线控件","","参数 / 当前层 / 火花共用 / 贴图 / 远段上移速度 [rtFarVz]","参数 / 当前层 / 火花共用 / 贴图 / 远段上移速度 [rtFarVz]","参数 / 当前层 / 火花共用 / 贴图 / 远段上移速度 [rtFarVz]","参数 / 当前层 / 火花共用 / 专属任务 · 贴图 / 远段上移速度 [rtFarVz]","当前层 P；单层 wbSnap().P，多层 wbSnap().layers[i].P。保存/另存/切效果自动草稿及配方 JSON 保存完整快照。一次拖动/输入提交/选择为一步，全资产60步；输入框内快捷键留给文本撤销。切层/发射器不清历史，打开另一效果/版本重置。行/模块/发射器恢复到打开时与恢复模板默认不同。","tool/src/js/10_types.js:849","","tool/src/js/79_workbench.js:159; tool/src/js/79_undo.js:10","47_risetail.js rtFarVzOf / rtLayoutFar / makeRiseTailFarRenderer / rtFarStateAt / fwlEmitSet","只在「近段 + 远段」时显示。"
"SCHEMA-413","245f-rtGpuC","","rtGpuC","P.rtGpuC","P","当前效果 / 当前层 / 粗火花","number","GPU 颗数","粗火花里有多少颗（同时活着）用 GPU 软圆点画，其余进贴图（近段 / 远段）。","命名表说明（可能滞后）；当前条件/换算来自源码，冲突见覆盖报告","引擎字段","颗","颗","[0,5000,10]","","300","P => familyOf(P.type) === 'rise' && P.form === 'emitset'","P => +P.rtFar === 1","[]","","[""type"",""form"",""rtFar""]","本字段不在LINK_KEYS轨迹同步列表；其他条件/默认联动另见本行","不走TIMING_KEYS通用时间联动","onParam：实时模拟更新，灰度烘焙按自动/手动模式处理","","","[]","","本字段无曲线控件","","参数 / 当前层 / 粗火花 / 生成 / GPU 颗数 [rtGpuC]","参数 / 当前层 / 粗火花 / 生成 / GPU 颗数 [rtGpuC]","参数 / 当前层 / 粗火花 / 生成 / GPU 颗数 [rtGpuC]","参数 / 当前层 / 粗火花 / 时序与数量 / GPU 颗数 [rtGpuC]","当前层 P；单层 wbSnap().P，多层 wbSnap().layers[i].P。保存/另存/切效果自动草稿及配方 JSON 保存完整快照。一次拖动/输入提交/选择为一步，全资产60步；输入框内快捷键留给文本撤销。切层/发射器不清历史，打开另一效果/版本重置。行/模块/发射器恢复到打开时与恢复模板默认不同。","tool/src/js/10_types.js:850","","tool/src/js/79_workbench.js:159; tool/src/js/79_undo.js:10","47_risetail.js rtGpuSplit","只在「近段 + 远段」时生效。几档加起来再受「GPU 粒子上限」管：超了一起降，降掉的进贴图（总数不变）。"
"SCHEMA-414","245g-rtGpuM","","rtGpuM","P.rtGpuM","P","当前效果 / 当前层 / 中火花","number","GPU 颗数","中火花里有多少颗（同时活着）用 GPU 画，并带闪烁（SparksTwinkle），其余进贴图。","命名表说明（可能滞后）；当前条件/换算来自源码，冲突见覆盖报告","引擎字段","颗","颗","[0,5000,10]","","200","P => familyOf(P.type) === 'rise' && P.form === 'emitset'","P => +P.rtFar === 1","[]","","[""type"",""form"",""rtFar""]","本字段不在LINK_KEYS轨迹同步列表；其他条件/默认联动另见本行","不走TIMING_KEYS通用时间联动","onParam：实时模拟更新，灰度烘焙按自动/手动模式处理","","","[]","","本字段无曲线控件","","参数 / 当前层 / 中火花 / 生成 / GPU 颗数 [rtGpuM]","参数 / 当前层 / 中火花 / 生成 / GPU 颗数 [rtGpuM]","参数 / 当前层 / 中火花 / 生成 / GPU 颗数 [rtGpuM]","参数 / 当前层 / 中火花 / 时序与数量 / GPU 颗数 [rtGpuM]","当前层 P；单层 wbSnap().P，多层 wbSnap().layers[i].P。保存/另存/切效果自动草稿及配方 JSON 保存完整快照。一次拖动/输入提交/选择为一步，全资产60步；输入框内快捷键留给文本撤销。切层/发射器不清历史，打开另一效果/版本重置。行/模块/发射器恢复到打开时与恢复模板默认不同。","tool/src/js/10_types.js:851","","tool/src/js/79_workbench.js:159; tool/src/js/79_undo.js:10","47_risetail.js rtGpuSplit / rtBuildES","只在「近段 + 远段」时生效。"
"SCHEMA-415","245h-rtGpuF","","rtGpuF","P.rtGpuF","P","当前效果 / 当前层 / 细火花","number","GPU 颗数","细火花里有多少颗（同时活着）用 GPU 画（年轻、快、亮：给上升段一点视差），其余进贴图。","命名表说明（可能滞后）；当前条件/换算来自源码，冲突见覆盖报告","引擎字段","颗","颗","[0,5000,10]","","150","P => familyOf(P.type) === 'rise' && P.form === 'emitset'","P => +P.rtFar === 1","[]","","[""type"",""form"",""rtFar""]","本字段不在LINK_KEYS轨迹同步列表；其他条件/默认联动另见本行","不走TIMING_KEYS通用时间联动","onParam：实时模拟更新，灰度烘焙按自动/手动模式处理","","","[]","","本字段无曲线控件","","参数 / 当前层 / 细火花 / 生成 / GPU 颗数 [rtGpuF]","参数 / 当前层 / 细火花 / 生成 / GPU 颗数 [rtGpuF]","参数 / 当前层 / 细火花 / 生成 / GPU 颗数 [rtGpuF]","参数 / 当前层 / 细火花 / 时序与数量 / GPU 颗数 [rtGpuF]","当前层 P；单层 wbSnap().P，多层 wbSnap().layers[i].P。保存/另存/切效果自动草稿及配方 JSON 保存完整快照。一次拖动/输入提交/选择为一步，全资产60步；输入框内快捷键留给文本撤销。切层/发射器不清历史，打开另一效果/版本重置。行/模块/发射器恢复到打开时与恢复模板默认不同。","tool/src/js/10_types.js:852","","tool/src/js/79_workbench.js:159; tool/src/js/79_undo.js:10","47_risetail.js rtGpuSplit","只在「近段 + 远段」时生效。"
"SCHEMA-416","245i-rtGpuTw","","rtGpuTw","P.rtGpuTw","P","当前效果 / 当前层 / 中火花","number","闪烁","GPU 闪烁火花的 Color Over Life 明暗交替有多强（0 = 不闪）。","命名表说明（可能滞后）；当前条件/换算来自源码，冲突见覆盖报告","引擎字段","1（无量纲）","1（无量纲）","[0,1,0.01]","","0.8","P => familyOf(P.type) === 'rise' && P.form === 'emitset'","P => +P.rtFar === 1 && P.rtGpuM > 0","[]","","[""type"",""form"",""rtFar"",""rtGpuM""]","本字段不在LINK_KEYS轨迹同步列表；其他条件/默认联动另见本行","不走TIMING_KEYS通用时间联动","onParam：实时模拟更新，灰度烘焙按自动/手动模式处理","","","[]","","本字段无曲线控件","","参数 / 当前层 / 中火花 / 亮度 / 闪烁 [rtGpuTw]","参数 / 当前层 / 中火花 / 亮度 / 闪烁 [rtGpuTw]","参数 / 当前层 / 中火花 / 亮度 / 闪烁 [rtGpuTw]","参数 / 当前层 / 中火花 / 外观与颜色 / 闪烁 [rtGpuTw]","当前层 P；单层 wbSnap().P，多层 wbSnap().layers[i].P。保存/另存/切效果自动草稿及配方 JSON 保存完整快照。一次拖动/输入提交/选择为一步，全资产60步；输入框内快捷键留给文本撤销。切层/发射器不清历史，打开另一效果/版本重置。行/模块/发射器恢复到打开时与恢复模板默认不同。","tool/src/js/10_types.js:853","","tool/src/js/79_workbench.js:159; tool/src/js/79_undo.js:10","47_risetail.js rtBuildES rtSparkColor","和「火花颜色 › 闪烁」同一写法，只用在 GPU 闪烁层。"
"SCHEMA-417","245j-rtGpuDisp","","rtGpuDisp","P.rtGpuDisp","P","当前效果 / 当前层 / 火花共用","number","远看直径","GPU 火花在引擎里画多大：真实粒径远看不到半个像素，按「远处可读」放大到这个直径，亮度按光量不变降下去（要更亮用「粒子层亮度总倍数」）。0 = 真实大小。","命名表说明（可能滞后）；当前条件/换算来自源码，冲突见覆盖报告","引擎字段","m","m","[0,6,0.05]","","0","P => familyOf(P.type) === 'rise' && P.form === 'emitset'","无字段级条件","[]","","[""type"",""form""]","本字段不在LINK_KEYS轨迹同步列表；其他条件/默认联动另见本行","不走TIMING_KEYS通用时间联动","onParam：实时模拟更新，灰度烘焙按自动/手动模式处理","","","[]","","本字段无曲线控件","","参数 / 当前层 / 火花共用 / 大小 / 远看直径 [rtGpuDisp]","参数 / 当前层 / 火花共用 / 大小 / 远看直径 [rtGpuDisp]","参数 / 当前层 / 火花共用 / 大小 / 远看直径 [rtGpuDisp]","参数 / 当前层 / 火花共用 / 外观与颜色 / 远看直径 [rtGpuDisp]","当前层 P；单层 wbSnap().P，多层 wbSnap().layers[i].P。保存/另存/切效果自动草稿及配方 JSON 保存完整快照。一次拖动/输入提交/选择为一步，全资产60步；输入框内快捷键留给文本撤销。切层/发射器不清历史，打开另一效果/版本重置。行/模块/发射器恢复到打开时与恢复模板默认不同。","tool/src/js/10_types.js:854","","tool/src/js/79_workbench.js:159; tool/src/js/79_undo.js:10","47_risetail.js rtBuildES rtDisp","游戏内 1000 m、1080p 约 1 像素 ≈ 1 m；1.5–3 m 远看是 1–3 像素的点。"
"SCHEMA-418","245k-rtGpuGain","","rtGpuGain","P.rtGpuGain","P","当前效果 / 当前层 / 火花共用","number","远看增益","放大到「远看直径」以后，亮度在光量不变的基础上再乘这个数（光量不变时点放大了会变暗，远看要更明显就调大）。","命名表说明（可能滞后）；当前条件/换算来自源码，冲突见覆盖报告","引擎字段","×","×","[0.1,20,0.05]","","1","P => familyOf(P.type) === 'rise' && P.form === 'emitset'","P => P.rtGpuDisp > 0","[]","","[""type"",""form"",""rtGpuDisp""]","本字段不在LINK_KEYS轨迹同步列表；其他条件/默认联动另见本行","不走TIMING_KEYS通用时间联动","onParam：实时模拟更新，灰度烘焙按自动/手动模式处理","","","[]","","本字段无曲线控件","","参数 / 当前层 / 火花共用 / 大小 / 远看增益 [rtGpuGain]","参数 / 当前层 / 火花共用 / 大小 / 远看增益 [rtGpuGain]","参数 / 当前层 / 火花共用 / 大小 / 远看增益 [rtGpuGain]","参数 / 当前层 / 火花共用 / 外观与颜色 / 远看增益 [rtGpuGain]","当前层 P；单层 wbSnap().P，多层 wbSnap().layers[i].P。保存/另存/切效果自动草稿及配方 JSON 保存完整快照。一次拖动/输入提交/选择为一步，全资产60步；输入框内快捷键留给文本撤销。切层/发射器不清历史，打开另一效果/版本重置。行/模块/发射器恢复到打开时与恢复模板默认不同。","tool/src/js/10_types.js:855","","tool/src/js/79_workbench.js:159; tool/src/js/79_undo.js:10","47_risetail.js rtDispK","只在「远看直径」> 0 时显示、生效（细 / 闪烁 / 粗火花、落火、末段爆亮）；发射口火花不受影响。"
"SCHEMA-419","246-rtTexI","","rtTexI","P.rtTexI","P","当前效果 / 当前层 / 火花共用","number","贴图火花亮度","画进贴图的细火花有多亮；1 = 燃烧段一颗细火花是一颗白热段火花光量的 1%。","命名表说明（可能滞后）；当前条件/换算来自源码，冲突见覆盖报告","物理量","×","×","[0,2000,0.1]","","10","P => familyOf(P.type) === 'rise' && P.form === 'emitset'","P => P.rtFTex > 0 || P.rtMTex > 0 || +P.rtFar === 1","[]","","[""type"",""form"",""rtFTex"",""rtMTex"",""rtFar""]","本字段不在LINK_KEYS轨迹同步列表；其他条件/默认联动另见本行","不走TIMING_KEYS通用时间联动","onParam：实时模拟更新，灰度烘焙按自动/手动模式处理","","","[]","","本字段无曲线控件","","参数 / 当前层 / 火花共用 / 贴图 / 贴图火花亮度 [rtTexI]","参数 / 当前层 / 火花共用 / 贴图 / 贴图火花亮度 [rtTexI]","参数 / 当前层 / 火花共用 / 贴图 / 贴图火花亮度 [rtTexI]","参数 / 当前层 / 火花共用 / 专属任务 · 贴图 / 贴图火花亮度 [rtTexI]","当前层 P；单层 wbSnap().P，多层 wbSnap().layers[i].P。保存/另存/切效果自动草稿及配方 JSON 保存完整快照。一次拖动/输入提交/选择为一步，全资产60步；输入框内快捷键留给文本撤销。切层/发射器不清历史，打开另一效果/版本重置。行/模块/发射器恢复到打开时与恢复模板默认不同。","tool/src/js/10_types.js:856","","tool/src/js/79_workbench.js:159; tool/src/js/79_undo.js:10","47_risetail.js:80-82 lum = 黑体亮度曲线 / ref × 0.01 × rtTexI；ref = 0.25 × Lum(BB(Tb+dT)) / Lum(BB(Tb))，但 rtSparkColor 已按 Tb+dT 归一 → dT ≠ 0 时燃烧段不再是 1（dT −400、Tb 2450 时 ×7.47），疑似除法写反；:117 × (尺寸/标称)² × 脉动 × 收尾。","「贴图火花比例」为 0 时不显示、不起作用。还乘大小比例的平方和喷射脉动；不受「火花总亮度」影响。「细火花温度偏移」不为 0 时贴图火花亮度也会变（现在是偏移越低越亮，预设 −400 K 时约 ×7.5）。"
"SCHEMA-420","246b-rtTexCal","","rtTexCal","P.rtTexCal","P","当前效果 / 当前层 / 火花共用","select","贴图亮度口径","「贴图火花亮度」怎么算：旧口径里温度偏移越低贴图火花反而越亮（−400 K 时 ×7.5，渲染基础问题 H4）；新口径燃烧温度处 = 1，和温度偏移无关。","命名表说明（可能滞后）；当前条件/换算来自源码，冲突见覆盖报告","旧（待删）","选项","选项","","[[0,""旧（温度偏移越低越亮，H4）""],[1,""燃烧温度处 = 1（和温度偏移无关）""]]","0","P => familyOf(P.type) === 'rise' && P.form === 'emitset'","P => P.rtFTex > 0 || P.rtMTex > 0 || +P.rtFar === 1","[]","","[""type"",""form"",""rtFTex"",""rtMTex"",""rtFar""]","本字段不在LINK_KEYS轨迹同步列表；其他条件/默认联动另见本行","不走TIMING_KEYS通用时间联动","onParam：实时模拟更新，灰度烘焙按自动/手动模式处理","","","[]","","本字段无曲线控件","","参数 / 当前层 / 火花共用 / 贴图 / 贴图亮度口径 [rtTexCal]","参数 / 当前层 / 火花共用 / 贴图 / 贴图亮度口径 [rtTexCal]","参数 / 当前层 / 火花共用 / 贴图 / 贴图亮度口径 [rtTexCal]","参数 / 当前层 / 火花共用 / 专属任务 · 贴图 / 贴图亮度口径 [rtTexCal]","当前层 P；单层 wbSnap().P，多层 wbSnap().layers[i].P。保存/另存/切效果自动草稿及配方 JSON 保存完整快照。一次拖动/输入提交/选择为一步，全资产60步；输入框内快捷键留给文本撤销。切层/发射器不清历史，打开另一效果/版本重置。行/模块/发射器恢复到打开时与恢复模板默认不同。","tool/src/js/10_types.js:857","","tool/src/js/79_workbench.js:159; tool/src/js/79_undo.js:10","47_risetail.js rtTexClasses ref","缺省旧口径，RT1–RT4 不变；RT5 起用新口径。"
"SCHEMA-421","246c-rtGpuMax","","rtGpuMax","P.rtGpuMax","P","当前效果 / 当前层 / 火花共用","number","GPU 粒子上限","PC 上一条尾缀的 GPU 粒子同时活着最多多少颗：按「出生率 × 平均寿命」估，超了就把持续生成的 GPU 发射器出生率一起按比例降（发射口那一下不算）。0 = 不限。","命名表说明（可能滞后）；当前条件/换算来自源码，冲突见覆盖报告","引擎字段","颗","颗","[0,20000,50]","","0","P => familyOf(P.type) === 'rise' && P.form === 'emitset'","无字段级条件","[]","","[""type"",""form""]","本字段不在LINK_KEYS轨迹同步列表；其他条件/默认联动另见本行","不走TIMING_KEYS通用时间联动","onParam：实时模拟更新，灰度烘焙按自动/手动模式处理","","","[]","","本字段无曲线控件","","参数 / 当前层 / 火花共用 / 贴图 / GPU 粒子上限 [rtGpuMax]","参数 / 当前层 / 火花共用 / 贴图 / GPU 粒子上限 [rtGpuMax]","参数 / 当前层 / 火花共用 / 贴图 / GPU 粒子上限 [rtGpuMax]","参数 / 当前层 / 火花共用 / 专属任务 · 贴图 / GPU 粒子上限 [rtGpuMax]","当前层 P；单层 wbSnap().P，多层 wbSnap().layers[i].P。保存/另存/切效果自动草稿及配方 JSON 保存完整快照。一次拖动/输入提交/选择为一步，全资产60步；输入框内快捷键留给文本撤销。切层/发射器不清历史，打开另一效果/版本重置。行/模块/发射器恢复到打开时与恢复模板默认不同。","tool/src/js/10_types.js:858","","tool/src/js/79_workbench.js:159; tool/src/js/79_undo.js:10","47_risetail.js rtBuildES gpuEst / fCap","用户 2026-10-04 14:58：一条尾缀拖尾粒子同时活着不超过 800。只降数量、不补亮度。统计行写估算值和实际峰值。"
"SCHEMA-422","247-rtGlow","","rtGlow","P.rtGlow","P","当前效果 / 当前层 / 星头","number","亮度","星头外一团柔光（强光被空气 / 烟散射）的亮度，引擎里单独一颗软圆点跟着星头飞；0 关。","命名表说明（可能滞后）；当前条件/换算来自源码，冲突见覆盖报告","引擎字段","×","×","[0,5,0.01]","","0","P => familyOf(P.type) === 'rise' && P.form === 'emitset'","无字段级条件","[]","","[""type"",""form""]","本字段不在LINK_KEYS轨迹同步列表；其他条件/默认联动另见本行","不走TIMING_KEYS通用时间联动","onParam：实时模拟更新，灰度烘焙按自动/手动模式处理","","","[]","","本字段无曲线控件","","参数 / 当前层 / 星头 / 光晕 / 亮度 [rtGlow]","参数 / 当前层 / 星头 / 光晕 / 亮度 [rtGlow]","参数 / 当前层 / 星头 / 光晕 / 亮度 [rtGlow]","参数 / 当前层 / 星头 / 外观与颜色 / 亮度 [rtGlow]","当前层 P；单层 wbSnap().P，多层 wbSnap().layers[i].P。保存/另存/切效果自动草稿及配方 JSON 保存完整快照。一次拖动/输入提交/选择为一步，全资产60步；输入框内快捷键留给文本撤销。切层/发射器不清历史，打开另一效果/版本重置。行/模块/发射器恢复到打开时与恢复模板默认不同。","tool/src/js/10_types.js:861","","tool/src/js/79_workbench.js:159; tool/src/js/79_undo.js:10","47_risetail.js:307-313 HeadGlow：gpu false、bursts [[0,1]]、life [T,T]、drag = 弹道阻力、col = BB(rtT0)/Lum × 0.25 × rtGlow × pulse × (1 − 0.35·smoothstep(0.85,1,u))；:536 + 46_emitset.js:54/181 一颗的 Burst 手机照留。","弹道模块和循环层面片完全一样，所以和星头重合，开花时消失。颜色跟「出喷口温度」。不乘「火花总亮度」；手机端「手机粒子比例」为 0 也保留。"
"SCHEMA-423","248-rtGlowSize","","rtGlowSize","P.rtGlowSize","P","当前效果 / 当前层 / 星头","number","直径","星头光晕那颗软圆点的直径（米），升空过程中缩到 0.8 倍。","命名表说明（可能滞后）；当前条件/换算来自源码，冲突见覆盖报告","引擎字段","m","m","[0.5,30,0.1]","","4","P => familyOf(P.type) === 'rise' && P.form === 'emitset'","P => P.rtGlow > 0","[]","","[""type"",""form"",""rtGlow""]","本字段不在LINK_KEYS轨迹同步列表；其他条件/默认联动另见本行","不走TIMING_KEYS通用时间联动","onParam：实时模拟更新，灰度烘焙按自动/手动模式处理","","","[]","","本字段无曲线控件","","参数 / 当前层 / 星头 / 光晕 / 直径 [rtGlowSize]","参数 / 当前层 / 星头 / 光晕 / 直径 [rtGlowSize]","参数 / 当前层 / 星头 / 光晕 / 直径 [rtGlowSize]","参数 / 当前层 / 星头 / 外观与颜色 / 直径 [rtGlowSize]","当前层 P；单层 wbSnap().P，多层 wbSnap().layers[i].P。保存/另存/切效果自动草稿及配方 JSON 保存完整快照。一次拖动/输入提交/选择为一步，全资产60步；输入框内快捷键留给文本撤销。切层/发射器不清历史，打开另一效果/版本重置。行/模块/发射器恢复到打开时与恢复模板默认不同。","tool/src/js/10_types.js:861","","tool/src/js/79_workbench.js:159; tool/src/js/79_undo.js:10","47_risetail.js:308 S = rtGlowSize；:311-312 size [S,S]、sizeLife [[0,1],[1,0.8]]；46_emitset.js:117 光量 ∝ 尺寸²、中心值 = 颜色。","「星头光晕亮度」为 0 时不显示。软圆点按中心亮度算，直径变大时中心亮度不变、整团更大更亮。"
"SCHEMA-424","249-rtPopRate","","rtPopRate","P.rtPopRate","P","当前效果 / 当前层 / 爆亮","number","生成速率","末段爆亮粒子每秒生成几颗：和粗火花一样飞，寿命末段闪一下（熔渣微爆）；0 关。","命名表说明（可能滞后）；当前条件/换算来自源码，冲突见覆盖报告","物理量","颗/秒","颗/秒","[0,400,1]","","0","P => familyOf(P.type) === 'rise' && P.form === 'emitset'","无字段级条件","[]","","[""type"",""form""]","本字段不在LINK_KEYS轨迹同步列表；其他条件/默认联动另见本行","不走TIMING_KEYS通用时间联动","onParam：实时模拟更新，灰度烘焙按自动/手动模式处理","","","[]","","本字段无曲线控件","","参数 / 当前层 / 爆亮 / 生成 / 生成速率 [rtPopRate]","参数 / 当前层 / 爆亮 / 生成 / 生成速率 [rtPopRate]","参数 / 当前层 / 爆亮 / 生成 / 生成速率 [rtPopRate]","参数 / 当前层 / 爆亮 / 时序与数量 / 生成速率 [rtPopRate]","当前层 P；单层 wbSnap().P，多层 wbSnap().layers[i].P。保存/另存/切效果自动草稿及配方 JSON 保存完整快照。一次拖动/输入提交/选择为一步，全资产60步；输入框内快捷键留给文本撤销。切层/发射器不清历史，打开另一效果/版本重置。行/模块/发射器恢复到打开时与恢复模板默认不同。","tool/src/js/10_types.js:862","","tool/src/js/79_workbench.js:159; tool/src/js/79_undo.js:10","47_risetail.js:315-322 SparkPops：spawn(rtPopRate)、life rtCLife×[0.6,1.2]、drag rtCKd×(1±阻力随机)、turb(kd)、同一 loc/vel/cone，col 在 u0 前全黑。","是另加的一批粒子，不是从粗火花里挑；出生位置、初速、阻力、乱流和粗火花一样，寿命 = 粗火花寿命 × 0.6–1.2（不用粗火花的寿命随机），闪之前全黑。"
"SCHEMA-425","250-rtPopI","","rtPopI","P.rtPopI","P","当前效果 / 当前层 / 爆亮","number","亮度","爆亮那一闪的峰值亮度：颜色比出喷口温度再热 300 K（白），随后转金、熄灭。","命名表说明（可能滞后）；当前条件/换算来自源码，冲突见覆盖报告","物理量","×","×","[0,80,0.1]","","20","P => familyOf(P.type) === 'rise' && P.form === 'emitset'","P => P.rtPopRate > 0","[]","","[""type"",""form"",""rtPopRate""]","本字段不在LINK_KEYS轨迹同步列表；其他条件/默认联动另见本行","不走TIMING_KEYS通用时间联动","onParam：实时模拟更新，灰度烘焙按自动/手动模式处理","","","[]","","本字段无曲线控件","","参数 / 当前层 / 爆亮 / 亮度 / 亮度 [rtPopI]","参数 / 当前层 / 爆亮 / 亮度 / 亮度 [rtPopI]","参数 / 当前层 / 爆亮 / 亮度 / 亮度 [rtPopI]","参数 / 当前层 / 爆亮 / 外观与颜色 / 亮度 [rtPopI]","当前层 P；单层 wbSnap().P，多层 wbSnap().layers[i].P。保存/另存/切效果自动草稿及配方 JSON 保存完整快照。一次拖动/输入提交/选择为一步，全资产60步；输入框内快捷键留给文本撤销。切层/发射器不清历史，打开另一效果/版本重置。行/模块/发射器恢复到打开时与恢复模板默认不同。","tool/src/js/10_types.js:862","","tool/src/js/79_workbench.js:159; tool/src/js/79_undo.js:10","47_risetail.js:316 I = rtPopI × 0.25 / Lum(BB(rtT0+300)) × rtDotGain；:321 col 关键点 u0、u0+0.03、u0+0.08（金 ×0.12）、u0+0.15。","「爆亮生成速率」为 0 时不显示。乘「火花总亮度」。"
"SCHEMA-426","251-rtPopSize","","rtPopSize","P.rtPopSize","P","当前效果 / 当前层 / 爆亮","number","大小","爆亮粒子的直径（米，每颗 0.7–1.3 倍）；平时 0.4 倍，闪时放大到 1.2 倍。","命名表说明（可能滞后）；当前条件/换算来自源码，冲突见覆盖报告","物理量","m","m","[0.05,3,0.01]","","0.5","P => familyOf(P.type) === 'rise' && P.form === 'emitset'","P => P.rtPopRate > 0","[]","","[""type"",""form"",""rtPopRate""]","本字段不在LINK_KEYS轨迹同步列表；其他条件/默认联动另见本行","不走TIMING_KEYS通用时间联动","onParam：实时模拟更新，灰度烘焙按自动/手动模式处理","","","[]","","本字段无曲线控件","","参数 / 当前层 / 爆亮 / 大小 / 大小 [rtPopSize]","参数 / 当前层 / 爆亮 / 大小 / 大小 [rtPopSize]","参数 / 当前层 / 爆亮 / 大小 / 大小 [rtPopSize]","参数 / 当前层 / 爆亮 / 外观与颜色 / 大小 [rtPopSize]","当前层 P；单层 wbSnap().P，多层 wbSnap().layers[i].P。保存/另存/切效果自动草稿及配方 JSON 保存完整快照。一次拖动/输入提交/选择为一步，全资产60步；输入框内快捷键留给文本撤销。切层/发射器不清历史，打开另一效果/版本重置。行/模块/发射器恢复到打开时与恢复模板默认不同。","tool/src/js/10_types.js:862","","tool/src/js/79_workbench.js:159; tool/src/js/79_undo.js:10","47_risetail.js:319 size [rtPopSize×0.7, ×1.3]；:320 sizeLife [[0,0.4],[u0,0.4],[u0+0.02,1.2],[1,0.6]]。","「爆亮生成速率」为 0 时不显示。"
"SCHEMA-427","252-rtPopAt","","rtPopAt","P.rtPopAt","P","当前效果 / 当前层 / 爆亮","number","时刻（占寿命）","在每颗粒子寿命的哪个比例处闪（0.85 = 活到 85% 时闪），之前全黑。","命名表说明（可能滞后）；当前条件/换算来自源码，冲突见覆盖报告","物理量","1","1","[0.2,0.95,0.01]","","0.85","P => familyOf(P.type) === 'rise' && P.form === 'emitset'","P => P.rtPopRate > 0","[]","","[""type"",""form"",""rtPopRate""]","本字段不在LINK_KEYS轨迹同步列表；其他条件/默认联动另见本行","不走TIMING_KEYS通用时间联动","onParam：实时模拟更新，灰度烘焙按自动/手动模式处理","","","[]","","本字段无曲线控件","","参数 / 当前层 / 爆亮 / 寿命 / 时刻（占寿命） [rtPopAt]","参数 / 当前层 / 爆亮 / 寿命 / 时刻（占寿命） [rtPopAt]","参数 / 当前层 / 爆亮 / 寿命 / 时刻（占寿命） [rtPopAt]","参数 / 当前层 / 爆亮 / 时序与数量 / 时刻（占寿命） [rtPopAt]","当前层 P；单层 wbSnap().P，多层 wbSnap().layers[i].P。保存/另存/切效果自动草稿及配方 JSON 保存完整快照。一次拖动/输入提交/选择为一步，全资产60步；输入框内快捷键留给文本撤销。切层/发射器不清历史，打开另一效果/版本重置。行/模块/发射器恢复到打开时与恢复模板默认不同。","tool/src/js/10_types.js:862","","tool/src/js/79_workbench.js:159; tool/src/js/79_undo.js:10","47_risetail.js:316 u0 = clamp(rtPopAt, 0.2, 0.95)；:321 col 键 u0+0.08 在 u0 > 0.92 时 > 1（键乱序），min(1, u0+0.15) 在 u0 ≥ 0.85 时和最后的 [1,黑] 重复（默认 0.85 就有两个 1）。","「爆亮生成速率」为 0 时不显示。每颗寿命不同（粗火花寿命 × 0.6–1.2），闪的绝对时间是错开的。超过约 0.92 时颜色关键点会超出寿命 1。"
"SCHEMA-428","253-rtLaunch","","rtLaunch","P.rtLaunch","P","当前效果 / 当前层 / 发射口","number","亮度","发射药在炮筒口一闪（大光团，0.3 秒内熄灭）的亮度；0 关，发射口火花也一起关。","命名表说明（可能滞后）；当前条件/换算来自源码，冲突见覆盖报告","引擎字段","×","×","[0,10,0.01]","","0","P => familyOf(P.type) === 'rise' && P.form === 'emitset'","无字段级条件","[]","","[""type"",""form""]","本字段不在LINK_KEYS轨迹同步列表；其他条件/默认联动另见本行","不走TIMING_KEYS通用时间联动","onParam：实时模拟更新，灰度烘焙按自动/手动模式处理","","","[]","","本字段无曲线控件","","参数 / 当前层 / 发射口 / 闪光 / 亮度 [rtLaunch]","参数 / 当前层 / 发射口 / 闪光 / 亮度 [rtLaunch]","参数 / 当前层 / 发射口 / 闪光 / 亮度 [rtLaunch]","参数 / 当前层 / 发射口 / 事件与特性 / 亮度 [rtLaunch]","当前层 P；单层 wbSnap().P，多层 wbSnap().layers[i].P。保存/另存/切效果自动草稿及配方 JSON 保存完整快照。一次拖动/输入提交/选择为一步，全资产60步；输入框内快捷键留给文本撤销。切层/发射器不清历史，打开另一效果/版本重置。行/模块/发射器恢复到打开时与恢复模板默认不同。","tool/src/js/10_types.js:863","","tool/src/js/79_workbench.js:159; tool/src/js/79_undo.js:10","47_risetail.js:324-328 LaunchGlow：bursts [[0,1]]、life 0.3、loc (0,0,1)、col = BB(2300)/Lum × rtLaunch（没有 × 0.25，也不乘 rtDotGain）；:329 LaunchSparks 也在 rtLaunch > 0 里面。","为 0 时「发射口火花」几项都不起作用。不乘「火花总亮度」；手机端照留。口径和星头光晕不同：这里的 1 比星头光晕的 1 亮 4 倍。"
"SCHEMA-429","254-rtLaunchSize","","rtLaunchSize","P.rtLaunchSize","P","当前效果 / 当前层 / 发射口","number","直径","发射口闪光那团光的直径（米）：先从 0.6 倍长到 1 倍，再扩到 1.4 倍。","命名表说明（可能滞后）；当前条件/换算来自源码，冲突见覆盖报告","引擎字段","m","m","[1,40,0.1]","","8","P => familyOf(P.type) === 'rise' && P.form === 'emitset'","P => P.rtLaunch > 0","[]","","[""type"",""form"",""rtLaunch""]","本字段不在LINK_KEYS轨迹同步列表；其他条件/默认联动另见本行","不走TIMING_KEYS通用时间联动","onParam：实时模拟更新，灰度烘焙按自动/手动模式处理","","","[]","","本字段无曲线控件","","参数 / 当前层 / 发射口 / 闪光 / 直径 [rtLaunchSize]","参数 / 当前层 / 发射口 / 闪光 / 直径 [rtLaunchSize]","参数 / 当前层 / 发射口 / 闪光 / 直径 [rtLaunchSize]","参数 / 当前层 / 发射口 / 事件与特性 / 直径 [rtLaunchSize]","当前层 P；单层 wbSnap().P，多层 wbSnap().layers[i].P。保存/另存/切效果自动草稿及配方 JSON 保存完整快照。一次拖动/输入提交/选择为一步，全资产60步；输入框内快捷键留给文本撤销。切层/发射器不清历史，打开另一效果/版本重置。行/模块/发射器恢复到打开时与恢复模板默认不同。","tool/src/js/10_types.js:863","","tool/src/js/79_workbench.js:159; tool/src/js/79_undo.js:10","47_risetail.js:325 gs = rtLaunchSize；:327 size [gs,gs]、sizeLife [[0,0.6],[0.15,1],[1,1.4]]。","「发射口闪光亮度」为 0 时不显示。"
"SCHEMA-430","255-rtLaunchN","","rtLaunchN","P.rtLaunchN","P","当前效果 / 当前层 / 发射口","number","数量","发射瞬间从炮筒口向上一次性喷出的火花颗数。","命名表说明（可能滞后）；当前条件/换算来自源码，冲突见覆盖报告","物理量","颗","颗","[0,1000,1]","","0","P => familyOf(P.type) === 'rise' && P.form === 'emitset'","P => P.rtLaunch > 0","[]","","[""type"",""form"",""rtLaunch""]","本字段不在LINK_KEYS轨迹同步列表；其他条件/默认联动另见本行","不走TIMING_KEYS通用时间联动","onParam：实时模拟更新，灰度烘焙按自动/手动模式处理","","","[]","","本字段无曲线控件","","参数 / 当前层 / 发射口 / 火花 / 数量 [rtLaunchN]","参数 / 当前层 / 发射口 / 火花 / 数量 [rtLaunchN]","参数 / 当前层 / 发射口 / 火花 / 数量 [rtLaunchN]","参数 / 当前层 / 发射口 / 时序与数量 / 数量 [rtLaunchN]","当前层 P；单层 wbSnap().P，多层 wbSnap().layers[i].P。保存/另存/切效果自动草稿及配方 JSON 保存完整快照。一次拖动/输入提交/选择为一步，全资产60步；输入框内快捷键留给文本撤销。切层/发射器不清历史，打开另一效果/版本重置。行/模块/发射器恢复到打开时与恢复模板默认不同。","tool/src/js/10_types.js:863","","tool/src/js/79_workbench.js:159; tool/src/js/79_undo.js:10","47_risetail.js:325 n = round(rtLaunchN)；:329-331 bursts [[0,n]]、life [0.35,1]、size [0.12,0.3]、drag [2.5,4.5]、loc (0,0,0.5)；46_emitset.js:181 手机 round(n × 比例)。","要「发射口闪光亮度」> 0 才起作用。每颗寿命 0.35–1 s、直径 0.12–0.3 m、阻力 2.5–4.5，受重力，离地 0.5 m 出生（这些固定不可调）。"
"SCHEMA-431","256-rtLaunchV","","rtLaunchV","P.rtLaunchV","P","当前效果 / 当前层 / 发射口","number","初速","发射口火花向上喷的速度（米/秒）；竖直平均为 0.75 倍，每颗 0.45–1.05 倍。","命名表说明（可能滞后）；当前条件/换算来自源码，冲突见覆盖报告","物理量","m/s","m/s","[2,80,0.5]","","30","P => familyOf(P.type) === 'rise' && P.form === 'emitset'","P => P.rtLaunch > 0 && P.rtLaunchN > 0","[]","","[""type"",""form"",""rtLaunch"",""rtLaunchN""]","本字段不在LINK_KEYS轨迹同步列表；其他条件/默认联动另见本行","不走TIMING_KEYS通用时间联动","onParam：实时模拟更新，灰度烘焙按自动/手动模式处理","","","[]","","本字段无曲线控件","","参数 / 当前层 / 发射口 / 火花 / 初速 [rtLaunchV]","参数 / 当前层 / 发射口 / 火花 / 初速 [rtLaunchV]","参数 / 当前层 / 发射口 / 火花 / 初速 [rtLaunchV]","参数 / 当前层 / 发射口 / 时序与数量 / 初速 [rtLaunchV]","当前层 P；单层 wbSnap().P，多层 wbSnap().layers[i].P。保存/另存/切效果自动草稿及配方 JSON 保存完整快照。一次拖动/输入提交/选择为一步，全资产60步；输入框内快捷键留给文本撤销。切层/发射器不清历史，打开另一效果/版本重置。行/模块/发射器恢复到打开时与恢复模板默认不同。","tool/src/js/10_types.js:864","","tool/src/js/79_workbench.js:159; tool/src/js/79_undo.js:10","47_risetail.js:325 ca = tan(cone)·v；:330 vel (0,0,0.75v)；:331 velAdd 第一个盒子 z ±0.3v。","「发射口闪光亮度」和「发射口火花数」都 > 0 才显示。横向散开 = tan(张角) × 这个速度。"
"SCHEMA-432","257-rtLaunchCone","","rtLaunchCone","P.rtLaunchCone","P","当前效果 / 当前层 / 发射口","number","张角","发射口火花偏离竖直方向散开的角度（度），越大喷成越宽的一把。","命名表说明（可能滞后）；当前条件/换算来自源码，冲突见覆盖报告","物理量","°","°","[2,60,1]","","20","P => familyOf(P.type) === 'rise' && P.form === 'emitset'","P => P.rtLaunch > 0 && P.rtLaunchN > 0","[]","","[""type"",""form"",""rtLaunch"",""rtLaunchN""]","本字段不在LINK_KEYS轨迹同步列表；其他条件/默认联动另见本行","不走TIMING_KEYS通用时间联动","onParam：实时模拟更新，灰度烘焙按自动/手动模式处理","","","[]","","本字段无曲线控件","","参数 / 当前层 / 发射口 / 火花 / 张角 [rtLaunchCone]","参数 / 当前层 / 发射口 / 火花 / 张角 [rtLaunchCone]","参数 / 当前层 / 发射口 / 火花 / 张角 [rtLaunchCone]","参数 / 当前层 / 发射口 / 时序与数量 / 张角 [rtLaunchCone]","当前层 P；单层 wbSnap().P，多层 wbSnap().layers[i].P。保存/另存/切效果自动草稿及配方 JSON 保存完整快照。一次拖动/输入提交/选择为一步，全资产60步；输入框内快捷键留给文本撤销。切层/发射器不清历史，打开另一效果/版本重置。行/模块/发射器恢复到打开时与恢复模板默认不同。","tool/src/js/10_types.js:864","","tool/src/js/79_workbench.js:159; tool/src/js/79_undo.js:10","47_risetail.js:325 ca = tan(rtLaunchCone)·v；:331 velAdd 两个盒子 x/y 各 ±ca（竖直平均 0.75v）；抽样估算：设 20° 时中位 26.6°、31% 在 20° 内。","「发射口闪光亮度」和「发射口火花数」都 > 0 才显示。不是严格的锥角：横向是两个均匀随机相加，只有约 1/3 的火花在这个角度以内，中位约 1.3 倍。"
"SCHEMA-433","258-rtLaunchI","","rtLaunchI","P.rtLaunchI","P","当前效果 / 当前层 / 发射口","number","亮度","发射口火花的亮度；颜色按黑体冷却曲线，比其他火花热 200 K（按 0.7 秒寿命算）。","命名表说明（可能滞后）；当前条件/换算来自源码，冲突见覆盖报告","物理量","×","×","[0,40,0.1]","","8","P => familyOf(P.type) === 'rise' && P.form === 'emitset'","P => P.rtLaunch > 0 && P.rtLaunchN > 0","[]","","[""type"",""form"",""rtLaunch"",""rtLaunchN""]","本字段不在LINK_KEYS轨迹同步列表；其他条件/默认联动另见本行","不走TIMING_KEYS通用时间联动","onParam：实时模拟更新，灰度烘焙按自动/手动模式处理","","","[]","","本字段无曲线控件","","参数 / 当前层 / 发射口 / 火花 / 亮度 [rtLaunchI]","参数 / 当前层 / 发射口 / 火花 / 亮度 [rtLaunchI]","参数 / 当前层 / 发射口 / 火花 / 亮度 [rtLaunchI]","参数 / 当前层 / 发射口 / 时序与数量 / 亮度 [rtLaunchI]","当前层 P；单层 wbSnap().P，多层 wbSnap().layers[i].P。保存/另存/切效果自动草稿及配方 JSON 保存完整快照。一次拖动/输入提交/选择为一步，全资产60步；输入框内快捷键留给文本撤销。切层/发射器不清历史，打开另一效果/版本重置。行/模块/发射器恢复到打开时与恢复模板默认不同。","tool/src/js/10_types.js:864","","tool/src/js/79_workbench.js:159; tool/src/js/79_undo.js:10","47_risetail.js:332 col = rtSparkColor(P, 0.7, rtLaunchI × rtDotGain, +200)。","「发射口闪光亮度」和「发射口火花数」都 > 0 才显示。颜色跟「火花颜色与熄灭」几项（出喷口温度、燃烧温度、降温时间…）。"
"SCHEMA-434","460-109-rtPopSizeCurve","","rtPopSizeCurve","P.rtPopSizeCurve","P","当前效果 / 当前层 / 爆亮","curve","随寿命","末段爆亮每颗的大小随它的寿命变化。几行「时刻:倍数」，时刻是寿命的比例 0–1，在原来的变化上再乘这条曲线；空 = 不乘（和以前一样）。例「0:0.3, 0.2:1, 1:1」= 刚出来小、很快长到正常。","命名表说明（可能滞后）；当前条件/换算来自源码，冲突见覆盖报告","物理量","×（随寿命）","×（随寿命）","","","","P => familyOf(P.type) === 'rise' && P.form === 'emitset'","P => P.rtPopRate > 0","[]","","[""type"",""form"",""rtPopRate""]","本字段不在LINK_KEYS轨迹同步列表；其他条件/默认联动另见本行","不走TIMING_KEYS通用时间联动","onParam：实时模拟更新，灰度烘焙按自动/手动模式处理","","","[]","","0–1单粒寿命，文本提交 + 只读折线/表；空=×1；不支持拖点","","参数 / 当前层 / 爆亮 / 大小 / 随寿命 [rtPopSizeCurve]","参数 / 当前层 / 爆亮 / 大小 / 随寿命 [rtPopSizeCurve]","参数 / 当前层 / 爆亮 / 大小 / 随寿命 [rtPopSizeCurve]","参数 / 当前层 / 爆亮 / 外观与颜色 / 随寿命 [rtPopSizeCurve]","当前层 P；单层 wbSnap().P，多层 wbSnap().layers[i].P。保存/另存/切效果自动草稿及配方 JSON 保存完整快照。一次拖动/输入提交/选择为一步，全资产60步；输入框内快捷键留给文本撤销。切层/发射器不清历史，打开另一效果/版本重置。行/模块/发射器恢复到打开时与恢复模板默认不同。 注意：rowChanged仅处理数值/select/text，现曲线不计行/模块“改过”、无独立行尾还原按钮；全资产撤销可恢复曲线文本。不伪称这些行级状态已实现。","tool/src/js/10_types.js:865","","tool/src/js/79_workbench.js:159; tool/src/js/79_undo.js:10","","4.9.4（5.0，交互宪章 5）加：按寿命曲线，空 = 不乘，画面不变。"
"SCHEMA-435","460-110-rtPopBrightCurve","","rtPopBrightCurve","P.rtPopBrightCurve","P","当前效果 / 当前层 / 爆亮","curve","随寿命","末段爆亮每颗的亮度随它的寿命变化（在寿命末段那一闪之上再乘）。几行「时刻:倍数」，时刻是寿命的比例 0–1，在原来的变化上再乘这条曲线；空 = 不乘（和以前一样）。例「0:0.3, 0.2:1, 1:1」= 刚出来小、很快长到正常。","命名表说明（可能滞后）；当前条件/换算来自源码，冲突见覆盖报告","物理量","×（随寿命）","×（随寿命）","","","","P => familyOf(P.type) === 'rise' && P.form === 'emitset'","P => P.rtPopRate > 0","[]","","[""type"",""form"",""rtPopRate""]","本字段不在LINK_KEYS轨迹同步列表；其他条件/默认联动另见本行","不走TIMING_KEYS通用时间联动","onParam：实时模拟更新，灰度烘焙按自动/手动模式处理","","","[]","","0–1单粒寿命，文本提交 + 只读折线/表；空=×1；不支持拖点","","参数 / 当前层 / 爆亮 / 亮度 / 随寿命 [rtPopBrightCurve]","参数 / 当前层 / 爆亮 / 亮度 / 随寿命 [rtPopBrightCurve]","参数 / 当前层 / 爆亮 / 亮度 / 随寿命 [rtPopBrightCurve]","参数 / 当前层 / 爆亮 / 外观与颜色 / 随寿命 [rtPopBrightCurve]","当前层 P；单层 wbSnap().P，多层 wbSnap().layers[i].P。保存/另存/切效果自动草稿及配方 JSON 保存完整快照。一次拖动/输入提交/选择为一步，全资产60步；输入框内快捷键留给文本撤销。切层/发射器不清历史，打开另一效果/版本重置。行/模块/发射器恢复到打开时与恢复模板默认不同。 注意：rowChanged仅处理数值/select/text，现曲线不计行/模块“改过”、无独立行尾还原按钮；全资产撤销可恢复曲线文本。不伪称这些行级状态已实现。","tool/src/js/10_types.js:866","","tool/src/js/79_workbench.js:159; tool/src/js/79_undo.js:10","","4.9.4（5.0，交互宪章 5）加：按寿命曲线，空 = 不乘，画面不变。"
"SCHEMA-436","460-113-rtLaunchSizeCurve","","rtLaunchSizeCurve","P.rtLaunchSizeCurve","P","当前效果 / 当前层 / 发射口","curve","大小随寿命","发射口那一团闪光的大小随它的寿命变化。几行「时刻:倍数」，时刻是寿命的比例 0–1，在原来的变化上再乘这条曲线；空 = 不乘（和以前一样）。例「0:0.3, 0.2:1, 1:1」= 刚出来小、很快长到正常。","命名表说明（可能滞后）；当前条件/换算来自源码，冲突见覆盖报告","物理量","×（随寿命）","×（随寿命）","","","","P => familyOf(P.type) === 'rise' && P.form === 'emitset'","P => P.rtLaunch > 0","[]","","[""type"",""form"",""rtLaunch""]","本字段不在LINK_KEYS轨迹同步列表；其他条件/默认联动另见本行","不走TIMING_KEYS通用时间联动","onParam：实时模拟更新，灰度烘焙按自动/手动模式处理","","","[]","","0–1单粒寿命，文本提交 + 只读折线/表；空=×1；不支持拖点","","参数 / 当前层 / 发射口 / 闪光 / 大小随寿命 [rtLaunchSizeCurve]","参数 / 当前层 / 发射口 / 闪光 / 大小随寿命 [rtLaunchSizeCurve]","参数 / 当前层 / 发射口 / 闪光 / 大小随寿命 [rtLaunchSizeCurve]","参数 / 当前层 / 发射口 / 事件与特性 / 大小随寿命 [rtLaunchSizeCurve]","当前层 P；单层 wbSnap().P，多层 wbSnap().layers[i].P。保存/另存/切效果自动草稿及配方 JSON 保存完整快照。一次拖动/输入提交/选择为一步，全资产60步；输入框内快捷键留给文本撤销。切层/发射器不清历史，打开另一效果/版本重置。行/模块/发射器恢复到打开时与恢复模板默认不同。 注意：rowChanged仅处理数值/select/text，现曲线不计行/模块“改过”、无独立行尾还原按钮；全资产撤销可恢复曲线文本。不伪称这些行级状态已实现。","tool/src/js/10_types.js:867","","tool/src/js/79_workbench.js:159; tool/src/js/79_undo.js:10","","4.9.4（5.0，交互宪章 5）加：按寿命曲线，空 = 不乘，画面不变。"
"SCHEMA-437","460-114-rtLaunchBrightCurve","","rtLaunchBrightCurve","P.rtLaunchBrightCurve","P","当前效果 / 当前层 / 发射口","curve","亮度随寿命","发射口那一团闪光的亮度随它的寿命变化。几行「时刻:倍数」，时刻是寿命的比例 0–1，在原来的变化上再乘这条曲线；空 = 不乘（和以前一样）。例「0:0.3, 0.2:1, 1:1」= 刚出来小、很快长到正常。","命名表说明（可能滞后）；当前条件/换算来自源码，冲突见覆盖报告","物理量","×（随寿命）","×（随寿命）","","","","P => familyOf(P.type) === 'rise' && P.form === 'emitset'","P => P.rtLaunch > 0","[]","","[""type"",""form"",""rtLaunch""]","本字段不在LINK_KEYS轨迹同步列表；其他条件/默认联动另见本行","不走TIMING_KEYS通用时间联动","onParam：实时模拟更新，灰度烘焙按自动/手动模式处理","","","[]","","0–1单粒寿命，文本提交 + 只读折线/表；空=×1；不支持拖点","","参数 / 当前层 / 发射口 / 闪光 / 亮度随寿命 [rtLaunchBrightCurve]","参数 / 当前层 / 发射口 / 闪光 / 亮度随寿命 [rtLaunchBrightCurve]","参数 / 当前层 / 发射口 / 闪光 / 亮度随寿命 [rtLaunchBrightCurve]","参数 / 当前层 / 发射口 / 事件与特性 / 亮度随寿命 [rtLaunchBrightCurve]","当前层 P；单层 wbSnap().P，多层 wbSnap().layers[i].P。保存/另存/切效果自动草稿及配方 JSON 保存完整快照。一次拖动/输入提交/选择为一步，全资产60步；输入框内快捷键留给文本撤销。切层/发射器不清历史，打开另一效果/版本重置。行/模块/发射器恢复到打开时与恢复模板默认不同。 注意：rowChanged仅处理数值/select/text，现曲线不计行/模块“改过”、无独立行尾还原按钮；全资产撤销可恢复曲线文本。不伪称这些行级状态已实现。","tool/src/js/10_types.js:868","","tool/src/js/79_workbench.js:159; tool/src/js/79_undo.js:10","","4.9.4（5.0，交互宪章 5）加：按寿命曲线，空 = 不乘，画面不变。"
"SCHEMA-438","460-115-rtLaunchSparkSizeCurve","","rtLaunchSparkSizeCurve","P.rtLaunchSparkSizeCurve","P","当前效果 / 当前层 / 发射口","curve","大小随寿命","发射口喷出的火花每颗的大小随它的寿命变化。几行「时刻:倍数」，时刻是寿命的比例 0–1，在原来的变化上再乘这条曲线；空 = 不乘（和以前一样）。例「0:0.3, 0.2:1, 1:1」= 刚出来小、很快长到正常。","命名表说明（可能滞后）；当前条件/换算来自源码，冲突见覆盖报告","物理量","×（随寿命）","×（随寿命）","","","","P => familyOf(P.type) === 'rise' && P.form === 'emitset'","P => P.rtLaunch > 0 && P.rtLaunchN > 0","[]","","[""type"",""form"",""rtLaunch"",""rtLaunchN""]","本字段不在LINK_KEYS轨迹同步列表；其他条件/默认联动另见本行","不走TIMING_KEYS通用时间联动","onParam：实时模拟更新，灰度烘焙按自动/手动模式处理","","","[]","","0–1单粒寿命，文本提交 + 只读折线/表；空=×1；不支持拖点","","参数 / 当前层 / 发射口 / 火花 / 大小随寿命 [rtLaunchSparkSizeCurve]","参数 / 当前层 / 发射口 / 火花 / 大小随寿命 [rtLaunchSparkSizeCurve]","参数 / 当前层 / 发射口 / 火花 / 大小随寿命 [rtLaunchSparkSizeCurve]","参数 / 当前层 / 发射口 / 时序与数量 / 大小随寿命 [rtLaunchSparkSizeCurve]","当前层 P；单层 wbSnap().P，多层 wbSnap().layers[i].P。保存/另存/切效果自动草稿及配方 JSON 保存完整快照。一次拖动/输入提交/选择为一步，全资产60步；输入框内快捷键留给文本撤销。切层/发射器不清历史，打开另一效果/版本重置。行/模块/发射器恢复到打开时与恢复模板默认不同。 注意：rowChanged仅处理数值/select/text，现曲线不计行/模块“改过”、无独立行尾还原按钮；全资产撤销可恢复曲线文本。不伪称这些行级状态已实现。","tool/src/js/10_types.js:869","","tool/src/js/79_workbench.js:159; tool/src/js/79_undo.js:10","","4.9.4（5.0，交互宪章 5）加：按寿命曲线，空 = 不乘，画面不变。"
"SCHEMA-439","460-116-rtLaunchSparkBrightCurve","","rtLaunchSparkBrightCurve","P.rtLaunchSparkBrightCurve","P","当前效果 / 当前层 / 发射口","curve","亮度随寿命","发射口喷出的火花每颗的亮度随它的寿命变化。几行「时刻:倍数」，时刻是寿命的比例 0–1，在原来的变化上再乘这条曲线；空 = 不乘（和以前一样）。例「0:0.3, 0.2:1, 1:1」= 刚出来小、很快长到正常。","命名表说明（可能滞后）；当前条件/换算来自源码，冲突见覆盖报告","物理量","×（随寿命）","×（随寿命）","","","","P => familyOf(P.type) === 'rise' && P.form === 'emitset'","P => P.rtLaunch > 0 && P.rtLaunchN > 0","[]","","[""type"",""form"",""rtLaunch"",""rtLaunchN""]","本字段不在LINK_KEYS轨迹同步列表；其他条件/默认联动另见本行","不走TIMING_KEYS通用时间联动","onParam：实时模拟更新，灰度烘焙按自动/手动模式处理","","","[]","","0–1单粒寿命，文本提交 + 只读折线/表；空=×1；不支持拖点","","参数 / 当前层 / 发射口 / 火花 / 亮度随寿命 [rtLaunchSparkBrightCurve]","参数 / 当前层 / 发射口 / 火花 / 亮度随寿命 [rtLaunchSparkBrightCurve]","参数 / 当前层 / 发射口 / 火花 / 亮度随寿命 [rtLaunchSparkBrightCurve]","参数 / 当前层 / 发射口 / 时序与数量 / 亮度随寿命 [rtLaunchSparkBrightCurve]","当前层 P；单层 wbSnap().P，多层 wbSnap().layers[i].P。保存/另存/切效果自动草稿及配方 JSON 保存完整快照。一次拖动/输入提交/选择为一步，全资产60步；输入框内快捷键留给文本撤销。切层/发射器不清历史，打开另一效果/版本重置。行/模块/发射器恢复到打开时与恢复模板默认不同。 注意：rowChanged仅处理数值/select/text，现曲线不计行/模块“改过”、无独立行尾还原按钮；全资产撤销可恢复曲线文本。不伪称这些行级状态已实现。","tool/src/js/10_types.js:870","","tool/src/js/79_workbench.js:159; tool/src/js/79_undo.js:10","","4.9.4（5.0，交互宪章 5）加：按寿命曲线，空 = 不乘，画面不变。"
"SCHEMA-440","460-117-rtGlowSizeCurve","","rtGlowSizeCurve","P.rtGlowSizeCurve","P","当前效果 / 当前层 / 星头","curve","大小随寿命","星头光晕的大小随升空进度变化（寿命 = 升空时间）。几行「时刻:倍数」，时刻是寿命的比例 0–1，在原来的变化上再乘这条曲线；空 = 不乘（和以前一样）。例「0:0.3, 0.2:1, 1:1」= 刚出来小、很快长到正常。","命名表说明（可能滞后）；当前条件/换算来自源码，冲突见覆盖报告","物理量","×（随寿命）","×（随寿命）","","","","P => familyOf(P.type) === 'rise' && P.form === 'emitset'","P => P.rtGlow > 0","[]","","[""type"",""form"",""rtGlow""]","本字段不在LINK_KEYS轨迹同步列表；其他条件/默认联动另见本行","不走TIMING_KEYS通用时间联动","onParam：实时模拟更新，灰度烘焙按自动/手动模式处理","","","[]","","0–1单粒寿命，文本提交 + 只读折线/表；空=×1；不支持拖点","","参数 / 当前层 / 星头 / 光晕 / 大小随寿命 [rtGlowSizeCurve]","参数 / 当前层 / 星头 / 光晕 / 大小随寿命 [rtGlowSizeCurve]","参数 / 当前层 / 星头 / 光晕 / 大小随寿命 [rtGlowSizeCurve]","参数 / 当前层 / 星头 / 外观与颜色 / 大小随寿命 [rtGlowSizeCurve]","当前层 P；单层 wbSnap().P，多层 wbSnap().layers[i].P。保存/另存/切效果自动草稿及配方 JSON 保存完整快照。一次拖动/输入提交/选择为一步，全资产60步；输入框内快捷键留给文本撤销。切层/发射器不清历史，打开另一效果/版本重置。行/模块/发射器恢复到打开时与恢复模板默认不同。 注意：rowChanged仅处理数值/select/text，现曲线不计行/模块“改过”、无独立行尾还原按钮；全资产撤销可恢复曲线文本。不伪称这些行级状态已实现。","tool/src/js/10_types.js:871","","tool/src/js/79_workbench.js:159; tool/src/js/79_undo.js:10","","4.9.4（5.0，交互宪章 5）加：按寿命曲线，空 = 不乘，画面不变。"
"SCHEMA-441","460-118-rtGlowBrightCurve","","rtGlowBrightCurve","P.rtGlowBrightCurve","P","当前效果 / 当前层 / 星头","curve","亮度随寿命","星头光晕的亮度随升空进度变化。几行「时刻:倍数」，时刻是寿命的比例 0–1，在原来的变化上再乘这条曲线；空 = 不乘（和以前一样）。例「0:0.3, 0.2:1, 1:1」= 刚出来小、很快长到正常。","命名表说明（可能滞后）；当前条件/换算来自源码，冲突见覆盖报告","物理量","×（随寿命）","×（随寿命）","","","","P => familyOf(P.type) === 'rise' && P.form === 'emitset'","P => P.rtGlow > 0","[]","","[""type"",""form"",""rtGlow""]","本字段不在LINK_KEYS轨迹同步列表；其他条件/默认联动另见本行","不走TIMING_KEYS通用时间联动","onParam：实时模拟更新，灰度烘焙按自动/手动模式处理","","","[]","","0–1单粒寿命，文本提交 + 只读折线/表；空=×1；不支持拖点","","参数 / 当前层 / 星头 / 光晕 / 亮度随寿命 [rtGlowBrightCurve]","参数 / 当前层 / 星头 / 光晕 / 亮度随寿命 [rtGlowBrightCurve]","参数 / 当前层 / 星头 / 光晕 / 亮度随寿命 [rtGlowBrightCurve]","参数 / 当前层 / 星头 / 外观与颜色 / 亮度随寿命 [rtGlowBrightCurve]","当前层 P；单层 wbSnap().P，多层 wbSnap().layers[i].P。保存/另存/切效果自动草稿及配方 JSON 保存完整快照。一次拖动/输入提交/选择为一步，全资产60步；输入框内快捷键留给文本撤销。切层/发射器不清历史，打开另一效果/版本重置。行/模块/发射器恢复到打开时与恢复模板默认不同。 注意：rowChanged仅处理数值/select/text，现曲线不计行/模块“改过”、无独立行尾还原按钮；全资产撤销可恢复曲线文本。不伪称这些行级状态已实现。","tool/src/js/10_types.js:872","","tool/src/js/79_workbench.js:159; tool/src/js/79_undo.js:10","","4.9.4（5.0，交互宪章 5）加：按寿命曲线，空 = 不乘，画面不变。"
"SCHEMA-442","259-rtFdT","","rtFdT","P.rtFdT","P","当前效果 / 当前层 / 细火花","number","温度偏移","细火花的黑体温度整体上下挪（出喷口、燃烧温度都加这个数）：主要改颜色，高偏白、低偏金橙。","命名表说明（可能滞后）；当前条件/换算来自源码，冲突见覆盖报告","旧（待删）","K","K","[-800,800,10]","","0","P => familyOf(P.type) === 'rise' && P.form === 'emitset'","无字段级条件","[]","","[""type"",""form""]","本字段不在LINK_KEYS轨迹同步列表；其他条件/默认联动另见本行","不走TIMING_KEYS通用时间联动","onParam：实时模拟更新，灰度烘焙按自动/手动模式处理","","","[]","","本字段无曲线控件","","参数 / 当前层 / 细火花 / 颜色 / 温度偏移 [rtFdT]","参数 / 当前层 / 细火花 / 颜色 / 温度偏移 [rtFdT]","参数 / 当前层 / 细火花 / 颜色 / 温度偏移 [rtFdT]","参数 / 当前层 / 细火花 / 外观与颜色 / 温度偏移 [rtFdT]","当前层 P；单层 wbSnap().P，多层 wbSnap().layers[i].P。保存/另存/切效果自动草稿及配方 JSON 保存完整快照。一次拖动/输入提交/选择为一步，全资产60步；输入框内快捷键留给文本撤销。切层/发射器不清历史，打开另一效果/版本重置。行/模块/发射器恢复到打开时与恢复模板默认不同。","tool/src/js/10_types.js:875","","tool/src/js/79_workbench.js:159; tool/src/js/79_undo.js:10","47_risetail.js:221 rtSparkColor：T0、Tb 都 + dT（Tend 不加），按 Lum(BB(Tb+dT)) 归一 → 燃烧段亮度与 dT 无关；:291 用在这一档 GPU 发射器。 :81-82 贴图火花亮度另外 × Lum(BB(Tb))/Lum(BB(Tb+dT))（疑似写反）。","引擎粒子里只改色相，燃烧段亮度由这一档的「亮度」定；熄灭温度不跟着挪。也会改贴图火花的亮度（现在是越低越亮），见「贴图火花亮度」。"
"SCHEMA-443","260-rtMdT","","rtMdT","P.rtMdT","P","当前效果 / 当前层 / 中火花","number","温度偏移","中火花的黑体温度整体上下挪（出喷口、燃烧温度都加这个数）：主要改颜色，高偏白、低偏金橙。","命名表说明（可能滞后）；当前条件/换算来自源码，冲突见覆盖报告","旧（待删）","K","K","[-800,800,10]","","0","P => familyOf(P.type) === 'rise' && P.form === 'emitset'","无字段级条件","[]","","[""type"",""form""]","本字段不在LINK_KEYS轨迹同步列表；其他条件/默认联动另见本行","不走TIMING_KEYS通用时间联动","onParam：实时模拟更新，灰度烘焙按自动/手动模式处理","","","[]","","本字段无曲线控件","","参数 / 当前层 / 中火花 / 颜色 / 温度偏移 [rtMdT]","参数 / 当前层 / 中火花 / 颜色 / 温度偏移 [rtMdT]","参数 / 当前层 / 中火花 / 颜色 / 温度偏移 [rtMdT]","参数 / 当前层 / 中火花 / 外观与颜色 / 温度偏移 [rtMdT]","当前层 P；单层 wbSnap().P，多层 wbSnap().layers[i].P。保存/另存/切效果自动草稿及配方 JSON 保存完整快照。一次拖动/输入提交/选择为一步，全资产60步；输入框内快捷键留给文本撤销。切层/发射器不清历史，打开另一效果/版本重置。行/模块/发射器恢复到打开时与恢复模板默认不同。","tool/src/js/10_types.js:875","","tool/src/js/79_workbench.js:159; tool/src/js/79_undo.js:10","47_risetail.js:221 rtSparkColor：T0、Tb 都 + dT（Tend 不加），按 Lum(BB(Tb+dT)) 归一 → 燃烧段亮度与 dT 无关；:291 用在这一档 GPU 发射器。","引擎粒子里只改色相，燃烧段亮度由这一档的「亮度」定；熄灭温度不跟着挪。"
"SCHEMA-444","261-rtCdT","","rtCdT","P.rtCdT","P","当前效果 / 当前层 / 粗火花","number","温度偏移","粗火花的黑体温度整体上下挪（出喷口、燃烧温度都加这个数）：主要改颜色，高偏白、低偏金橙。","命名表说明（可能滞后）；当前条件/换算来自源码，冲突见覆盖报告","旧（待删）","K","K","[-800,800,10]","","0","P => familyOf(P.type) === 'rise' && P.form === 'emitset'","无字段级条件","[]","","[""type"",""form""]","本字段不在LINK_KEYS轨迹同步列表；其他条件/默认联动另见本行","不走TIMING_KEYS通用时间联动","onParam：实时模拟更新，灰度烘焙按自动/手动模式处理","","","[]","","本字段无曲线控件","","参数 / 当前层 / 粗火花 / 颜色 / 温度偏移 [rtCdT]","参数 / 当前层 / 粗火花 / 颜色 / 温度偏移 [rtCdT]","参数 / 当前层 / 粗火花 / 颜色 / 温度偏移 [rtCdT]","参数 / 当前层 / 粗火花 / 外观与颜色 / 温度偏移 [rtCdT]","当前层 P；单层 wbSnap().P，多层 wbSnap().layers[i].P。保存/另存/切效果自动草稿及配方 JSON 保存完整快照。一次拖动/输入提交/选择为一步，全资产60步；输入框内快捷键留给文本撤销。切层/发射器不清历史，打开另一效果/版本重置。行/模块/发射器恢复到打开时与恢复模板默认不同。","tool/src/js/10_types.js:875","","tool/src/js/79_workbench.js:159; tool/src/js/79_undo.js:10","47_risetail.js:221 rtSparkColor：T0、Tb 都 + dT（Tend 不加），按 Lum(BB(Tb+dT)) 归一 → 燃烧段亮度与 dT 无关；:291 用在这一档 GPU 发射器。","引擎粒子里只改色相，燃烧段亮度由这一档的「亮度」定；熄灭温度不跟着挪。配合更高的「亮度」，粗火花在相机里过曝发白。"
"SCHEMA-445","262-rtStreakT","","rtStreakT","P.rtStreakT","P","当前效果 / 当前层 / 火花共用","number","拖影时间","盯着星头看时的曝光时间：火花相对星头的速度 × 它 = 拖影长；0 = 全是圆点。","命名表说明（可能滞后）；当前条件/换算来自源码，冲突见覆盖报告","引擎字段","s","s","[0,0.2,0.002]","","0","P => familyOf(P.type) === 'rise' && P.form === 'emitset'","无字段级条件","[]","","[""type"",""form""]","本字段不在LINK_KEYS轨迹同步列表；其他条件/默认联动另见本行","不走TIMING_KEYS通用时间联动","onParam：实时模拟更新，灰度烘焙按自动/手动模式处理","","","[]","","本字段无曲线控件","","参数 / 当前层 / 火花共用 / 拖影 / 拖影时间 [rtStreakT]","参数 / 当前层 / 火花共用 / 拖影 / 拖影时间 [rtStreakT]","参数 / 当前层 / 火花共用 / 拖影 / 拖影时间 [rtStreakT]","参数 / 当前层 / 火花共用 / 专属任务 · 拖影 / 拖影时间 [rtStreakT]","当前层 P；单层 wbSnap().P，多层 wbSnap().layers[i].P。保存/另存/切效果自动草稿及配方 JSON 保存完整快照。一次拖动/输入提交/选择为一步，全资产60步；输入框内快捷键留给文本撤销。切层/发射器不清历史，打开另一效果/版本重置。行/模块/发射器恢复到打开时与恢复模板默认不同。","tool/src/js/10_types.js:876","","tool/src/js/79_workbench.js:159; tool/src/js/79_undo.js:10","47_risetail.js:253-265 rtStretchLife：长度 = |火花速度 − 星头速度| × τ，倍数 = √(1+(长度/尺寸)²) ≤ rtStreakMax，按 0.4T 出生的标称火花算 11 个点；:290-296 align screen、col ÷ 倍数；:111/:119 贴图火花同口径。","光量守恒：拖得越长单位长度越暗，要更亮才会过曝发白。每档只有一条拉长曲线（按升空中段出生的一颗算）。只作用在三档火花和贴图火花上；落火、爆亮、发射口火花不拉长。GPU + Rectangle 未经 UE 验证。"
"SCHEMA-446","263-rtStreakMax","","rtStreakMax","P.rtStreakMax","P","当前效果 / 当前层 / 火花共用","number","最大拉长倍数","拖影最长能拉到粒子直径的几倍，防止尾迹下段的老火花拖得过长。","命名表说明（可能滞后）；当前条件/换算来自源码，冲突见覆盖报告","旧（待删）","×","×","[1,30,0.1]","","6","P => familyOf(P.type) === 'rise' && P.form === 'emitset'","P => P.rtStreakT > 0","[]","","[""type"",""form"",""rtStreakT""]","本字段不在LINK_KEYS轨迹同步列表；其他条件/默认联动另见本行","不走TIMING_KEYS通用时间联动","onParam：实时模拟更新，灰度烘焙按自动/手动模式处理","","","[]","","本字段无曲线控件","","参数 / 当前层 / 火花共用 / 拖影 / 最大拉长倍数 [rtStreakMax]","参数 / 当前层 / 火花共用 / 拖影 / 最大拉长倍数 [rtStreakMax]","参数 / 当前层 / 火花共用 / 拖影 / 最大拉长倍数 [rtStreakMax]","参数 / 当前层 / 火花共用 / 专属任务 · 拖影 / 最大拉长倍数 [rtStreakMax]","当前层 P；单层 wbSnap().P，多层 wbSnap().layers[i].P。保存/另存/切效果自动草稿及配方 JSON 保存完整快照。一次拖动/输入提交/选择为一步，全资产60步；输入框内快捷键留给文本撤销。切层/发射器不清历史，打开另一效果/版本重置。行/模块/发射器恢复到打开时与恢复模板默认不同。","tool/src/js/10_types.js:877","","tool/src/js/79_workbench.js:159; tool/src/js/79_undo.js:10","47_risetail.js:254 cap = max(1, rtStreakMax)；:262 倍数 ≤ cap；:106/:119 贴图火花拖影长 ≤ smax × 当前尺寸。","「拖影时间」为 0 时不显示。贴图火花也用同一上限。"
"SCHEMA-447","264-rtFStreak","","rtFStreak","P.rtFStreak","P","当前效果 / 当前层 / 细火花","number","拖影倍数","细火花的拖影时间 = 拖影时间 × 这个倍数；0 = 这一档不拖影、是圆点。","命名表说明（可能滞后）；当前条件/换算来自源码，冲突见覆盖报告","引擎字段","×","×","[0,3,0.05]","","1","P => familyOf(P.type) === 'rise' && P.form === 'emitset'","P => P.rtStreakT > 0","[]","","[""type"",""form"",""rtStreakT""]","本字段不在LINK_KEYS轨迹同步列表；其他条件/默认联动另见本行","不走TIMING_KEYS通用时间联动","onParam：实时模拟更新，灰度烘焙按自动/手动模式处理","","","[]","","本字段无曲线控件","","参数 / 当前层 / 细火花 / 拖影 / 拖影倍数 [rtFStreak]","参数 / 当前层 / 细火花 / 拖影 / 拖影倍数 [rtFStreak]","参数 / 当前层 / 细火花 / 拖影 / 拖影倍数 [rtFStreak]","参数 / 当前层 / 细火花 / 专属任务 · 拖影 / 拖影倍数 [rtFStreak]","当前层 P；单层 wbSnap().P，多层 wbSnap().layers[i].P。保存/另存/切效果自动草稿及配方 JSON 保存完整快照。一次拖动/输入提交/选择为一步，全资产60步；输入框内快捷键留给文本撤销。切层/发射器不清历史，打开另一效果/版本重置。行/模块/发射器恢复到打开时与恢复模板默认不同。","tool/src/js/10_types.js:878","","tool/src/js/79_workbench.js:159; tool/src/js/79_undo.js:10","47_risetail.js:290 tauMul = rtFStreak；:255 τ ≤ 0 返回 null → 不拉长、Square；:111 贴图火花 τ = rtStreakT × rtFStreak。","「拖影时间」为 0 时不显示。贴图里的细火花也用这个倍数。"
"SCHEMA-448","265-rtMStreak","","rtMStreak","P.rtMStreak","P","当前效果 / 当前层 / 中火花","number","拖影倍数","中火花的拖影时间 = 拖影时间 × 这个倍数；0 = 这一档不拖影、是圆点。","命名表说明（可能滞后）；当前条件/换算来自源码，冲突见覆盖报告","引擎字段","×","×","[0,3,0.05]","","1","P => familyOf(P.type) === 'rise' && P.form === 'emitset'","P => P.rtStreakT > 0","[]","","[""type"",""form"",""rtStreakT""]","本字段不在LINK_KEYS轨迹同步列表；其他条件/默认联动另见本行","不走TIMING_KEYS通用时间联动","onParam：实时模拟更新，灰度烘焙按自动/手动模式处理","","","[]","","本字段无曲线控件","","参数 / 当前层 / 中火花 / 拖影 / 拖影倍数 [rtMStreak]","参数 / 当前层 / 中火花 / 拖影 / 拖影倍数 [rtMStreak]","参数 / 当前层 / 中火花 / 拖影 / 拖影倍数 [rtMStreak]","参数 / 当前层 / 中火花 / 专属任务 · 拖影 / 拖影倍数 [rtMStreak]","当前层 P；单层 wbSnap().P，多层 wbSnap().layers[i].P。保存/另存/切效果自动草稿及配方 JSON 保存完整快照。一次拖动/输入提交/选择为一步，全资产60步；输入框内快捷键留给文本撤销。切层/发射器不清历史，打开另一效果/版本重置。行/模块/发射器恢复到打开时与恢复模板默认不同。","tool/src/js/10_types.js:878","","tool/src/js/79_workbench.js:159; tool/src/js/79_undo.js:10","47_risetail.js:290 tauMul = rtMStreak；:255 τ ≤ 0 返回 null → 不拉长、Square；只用于 GPU 发射器。","「拖影时间」为 0 时不显示。"
"SCHEMA-449","266-rtCStreak","","rtCStreak","P.rtCStreak","P","当前效果 / 当前层 / 粗火花","number","拖影倍数","粗火花的拖影时间 = 拖影时间 × 这个倍数；0 = 这一档不拖影、是圆点。","命名表说明（可能滞后）；当前条件/换算来自源码，冲突见覆盖报告","引擎字段","×","×","[0,3,0.05]","","1","P => familyOf(P.type) === 'rise' && P.form === 'emitset'","P => P.rtStreakT > 0","[]","","[""type"",""form"",""rtStreakT""]","本字段不在LINK_KEYS轨迹同步列表；其他条件/默认联动另见本行","不走TIMING_KEYS通用时间联动","onParam：实时模拟更新，灰度烘焙按自动/手动模式处理","","","[]","","本字段无曲线控件","","参数 / 当前层 / 粗火花 / 拖影 / 拖影倍数 [rtCStreak]","参数 / 当前层 / 粗火花 / 拖影 / 拖影倍数 [rtCStreak]","参数 / 当前层 / 粗火花 / 拖影 / 拖影倍数 [rtCStreak]","参数 / 当前层 / 粗火花 / 专属任务 · 拖影 / 拖影倍数 [rtCStreak]","当前层 P；单层 wbSnap().P，多层 wbSnap().layers[i].P。保存/另存/切效果自动草稿及配方 JSON 保存完整快照。一次拖动/输入提交/选择为一步，全资产60步；输入框内快捷键留给文本撤销。切层/发射器不清历史，打开另一效果/版本重置。行/模块/发射器恢复到打开时与恢复模板默认不同。","tool/src/js/10_types.js:878","","tool/src/js/79_workbench.js:159; tool/src/js/79_undo.js:10","47_risetail.js:290 tauMul = rtCStreak；:255 τ ≤ 0 返回 null → 不拉长、Square；只用于 GPU 发射器。","「拖影时间」为 0 时不显示。"
"SCHEMA-450","267-rtTurb","","rtTurb","P.rtTurb","P","当前效果 / 当前层 / 效果","number","大涡阵风","高空大尺度阵风的典型风速：火花被阻力带着随风漂，越老漂越远，尾迹下段松开、轻轻弯。","命名表说明（可能滞后）；当前条件/换算来自源码，冲突见覆盖报告","物理量","m/s","m/s","[0,4,0.05]","","0","P => familyOf(P.type) === 'rise' && P.form === 'emitset'","P => +P.rtGpuSafe !== 1","[]","","[""type"",""form"",""rtGpuSafe""]","本字段不在LINK_KEYS轨迹同步列表；其他条件/默认联动另见本行","不走TIMING_KEYS通用时间联动","onParam：实时模拟更新，灰度烘焙按自动/手动模式处理","","","[]","沿弹道每隔「大涡尺度」取一个正态随机风速，中间平滑过渡；横向、景深均方根 = 该值，竖直 70%；同一时刻出生的火花共用同一股风（沿尾迹相关），由随机种子固定。","本字段无曲线控件","","参数 / 当前层 / 效果 / 环境 / 大涡阵风 [rtTurb]","参数 / 当前层 / 效果 / 环境 / 大涡阵风 [rtTurb]","参数 / 当前层 / 效果 / 环境 / 大涡阵风 [rtTurb]","参数 / 当前层 / 效果 / 环境与运动 / 大涡阵风 [rtTurb]","当前层 P；单层 wbSnap().P，多层 wbSnap().layers[i].P。保存/另存/切效果自动草稿及配方 JSON 保存完整快照。一次拖动/输入提交/选择为一步，全资产60步；输入框内快捷键留给文本撤销。切层/发射器不清历史，打开另一效果/版本重置。行/模块/发射器恢复到打开时与恢复模板默认不同。","tool/src/js/10_types.js:881","","tool/src/js/79_workbench.js:159; tool/src/js/79_undo.js:10","47_risetail.js:237-246 rtAir：沿弹道弧长每 Λ 一个正态节点、Catmull-Rom 插值、×1.11 补方差，z ×0.7；:282 accelCurve = kd × 风速；46_emitset.js:168 导出 Acceleration 曲线。","循环层贴图（白热段火花、贴图火花）不受大涡影响，以保持真循环。Acceleration 在 GPU 上未经 UE 验证，不生效时尾迹下段会比烘焙器里硬、直。"
"SCHEMA-451","268-rtTurbL","","rtTurbL","P.rtTurbL","P","当前效果 / 当前层 / 效果","number","大涡尺度","阵风变化一次的距离（米，沿弹道量）：尾迹每隔这么长换一股风。","命名表说明（可能滞后）；当前条件/换算来自源码，冲突见覆盖报告","物理量","m","m","[3,200,1]","","30","P => familyOf(P.type) === 'rise' && P.form === 'emitset'","P => P.rtTurb > 0 && +P.rtGpuSafe !== 1","[]","","[""type"",""form"",""rtTurb"",""rtGpuSafe""]","本字段不在LINK_KEYS轨迹同步列表；其他条件/默认联动另见本行","不走TIMING_KEYS通用时间联动","onParam：实时模拟更新，灰度烘焙按自动/手动模式处理","","","[]","","本字段无曲线控件","","参数 / 当前层 / 效果 / 环境 / 大涡尺度 [rtTurbL]","参数 / 当前层 / 效果 / 环境 / 大涡尺度 [rtTurbL]","参数 / 当前层 / 效果 / 环境 / 大涡尺度 [rtTurbL]","参数 / 当前层 / 效果 / 环境与运动 / 大涡尺度 [rtTurbL]","当前层 P；单层 wbSnap().P，多层 wbSnap().layers[i].P。保存/另存/切效果自动草稿及配方 JSON 保存完整快照。一次拖动/输入提交/选择为一步，全资产60步；输入框内快捷键留给文本撤销。切层/发射器不清历史，打开另一效果/版本重置。行/模块/发射器恢复到打开时与恢复模板默认不同。","tool/src/js/10_types.js:882","","tool/src/js/79_workbench.js:159; tool/src/js/79_undo.js:10","47_risetail.js:238 Lam = max(2, rtTurbL)；:245 节点坐标 = 弧长 / Λ。","「大涡阵风」为 0 时不显示。"
"SCHEMA-452","269-rtTurbS","","rtTurbS","P.rtTurbS","P","当前效果 / 当前层 / 效果","number","小涡漂移随机","小涡和弹体尾流给每颗火花一个各不相同的漂移速度（均方根），让火花散得更乱、更自然。","命名表说明（可能滞后）；当前条件/换算来自源码，冲突见覆盖报告","物理量","m/s","m/s","[0,4,0.05]","","0","P => familyOf(P.type) === 'rise' && P.form === 'emitset'","无字段级条件","[]","","[""type"",""form""]","本字段不在LINK_KEYS轨迹同步列表；其他条件/默认联动另见本行","不走TIMING_KEYS通用时间联动","onParam：实时模拟更新，灰度烘焙按自动/手动模式处理","","","[]","每粒火花一个固定漂移速度：两个均匀随机相加（中间多、边缘少），横向、景深均方根 = 该值，竖直 70%；白热段火花用正态（σ = 该值）。","本字段无曲线控件","","参数 / 当前层 / 效果 / 环境 / 小涡漂移随机 [rtTurbS]","参数 / 当前层 / 效果 / 环境 / 小涡漂移随机 [rtTurbS]","参数 / 当前层 / 效果 / 环境 / 小涡漂移随机 [rtTurbS]","参数 / 当前层 / 效果 / 环境与运动 / 小涡漂移随机 [rtTurbS]","当前层 P；单层 wbSnap().P，多层 wbSnap().layers[i].P。保存/另存/切效果自动草稿及配方 JSON 保存完整快照。一次拖动/输入提交/选择为一步，全资产60步；输入框内快捷键留给文本撤销。切层/发射器不清历史，打开另一效果/版本重置。行/模块/发射器恢复到打开时与恢复模板默认不同。","tool/src/js/10_types.js:883","","tool/src/js/79_workbench.js:159; tool/src/js/79_undo.js:10","47_risetail.js:280 us = rtTurbS × √1.5；:283 accelJit 两个盒子 ± us·kd（z ×0.7）；:53 火粉 wx = rtTurbS × 正态；:77/:91 贴图火花两个均匀相加。","也作用在循环层贴图里的白热段火花和贴图火花上（小涡不破坏循环）。Acceleration 在 GPU 上未经 UE 验证。"
"SCHEMA-453","270-rtT0","","rtT0","P.rtT0","P","当前效果 / 当前层 / 火花共用","number","出喷口温度","火花刚喷出时的黑体温度（K）：很热，看起来偏白、比燃烧段更亮。","命名表说明（可能滞后）；当前条件/换算来自源码，冲突见覆盖报告","物理量","K","K","[1600,3000,10]","","2450","P => familyOf(P.type) === 'rise' && P.form === 'emitset'","无字段级条件","[]","","[""type"",""form""]","本字段不在LINK_KEYS轨迹同步列表；其他条件/默认联动另见本行","不走TIMING_KEYS通用时间联动","onParam：实时模拟更新，灰度烘焙按自动/手动模式处理","","","[]","","本字段无曲线控件","","参数 / 当前层 / 火花共用 / 颜色 / 出喷口温度 [rtT0]","参数 / 当前层 / 火花共用 / 颜色 / 出喷口温度 [rtT0]","参数 / 当前层 / 火花共用 / 颜色 / 出喷口温度 [rtT0]","参数 / 当前层 / 火花共用 / 外观与颜色 / 出喷口温度 [rtT0]","当前层 P；单层 wbSnap().P，多层 wbSnap().layers[i].P。保存/另存/切效果自动草稿及配方 JSON 保存完整快照。一次拖动/输入提交/选择为一步，全资产60步；输入框内快捷键留给文本撤销。切层/发射器不清历史，打开另一效果/版本重置。行/模块/发射器恢复到打开时与恢复模板默认不同。","tool/src/js/10_types.js:886","","tool/src/js/79_workbench.js:159; tool/src/js/79_undo.js:10","47_risetail.js:221/:226 T = Tb + (T0 − Tb)·e^(−u/tcu)；:308 HeadGlow BB(rtT0)；:316 爆亮 BB(rtT0+300)；:81 贴图火花用同一条曲线。","低于「燃烧温度」时火花会先暗后亮。各档温度偏移加在它上面。贴图火花的亮度曲线也跟它。"
"SCHEMA-454","271-rtTb","","rtTb","P.rtTb","P","当前效果 / 当前层 / 火花共用","number","燃烧温度","火花在空气中稳定燃烧的温度（K），即寿命中段的颜色；各档「亮度」就是在这个温度下定的。","命名表说明（可能滞后）；当前条件/换算来自源码，冲突见覆盖报告","物理量","K","K","[1500,2800,10]","","2150","P => familyOf(P.type) === 'rise' && P.form === 'emitset'","无字段级条件","[]","","[""type"",""form""]","本字段不在LINK_KEYS轨迹同步列表；其他条件/默认联动另见本行","不走TIMING_KEYS通用时间联动","onParam：实时模拟更新，灰度烘焙按自动/手动模式处理","","","[]","","本字段无曲线控件","","参数 / 当前层 / 火花共用 / 颜色 / 燃烧温度 [rtTb]","参数 / 当前层 / 火花共用 / 颜色 / 燃烧温度 [rtTb]","参数 / 当前层 / 火花共用 / 颜色 / 燃烧温度 [rtTb]","参数 / 当前层 / 火花共用 / 外观与颜色 / 燃烧温度 [rtTb]","当前层 P；单层 wbSnap().P，多层 wbSnap().layers[i].P。保存/另存/切效果自动草稿及配方 JSON 保存完整快照。一次拖动/输入提交/选择为一步，全资产60步；输入框内快捷键留给文本撤销。切层/发射器不清历史，打开另一效果/版本重置。行/模块/发射器恢复到打开时与恢复模板默认不同。","tool/src/js/10_types.js:887","","tool/src/js/79_workbench.js:159; tool/src/js/79_undo.js:10","47_risetail.js:221 ref = Lum(BB(Tb))，燃烧段亮度 = 0.25 × 亮度；:317 爆亮余光 BB(rtTb)；:81 贴图火花归一。","亮度按燃烧温度归一，改它主要改颜色、不改中段亮度；但它和出喷口 / 熄灭温度的差决定开头亮多少、结尾暗多快。"
"SCHEMA-455","272-rtTc","","rtTc","P.rtTc","P","当前效果 / 当前层 / 火花共用","number","降温时间","从出喷口温度降向燃烧温度的时间（秒）；是指数降温的时间常数，这么久降掉约 63%。","命名表说明（可能滞后）；当前条件/换算来自源码，冲突见覆盖报告","物理量","s","s","[0.02,2,0.01]","","0.35","P => familyOf(P.type) === 'rise' && P.form === 'emitset'","无字段级条件","[]","","[""type"",""form""]","本字段不在LINK_KEYS轨迹同步列表；其他条件/默认联动另见本行","不走TIMING_KEYS通用时间联动","onParam：实时模拟更新，灰度烘焙按自动/手动模式处理","","","[]","","本字段无曲线控件","","参数 / 当前层 / 火花共用 / 颜色 / 降温时间 [rtTc]","参数 / 当前层 / 火花共用 / 颜色 / 降温时间 [rtTc]","参数 / 当前层 / 火花共用 / 颜色 / 降温时间 [rtTc]","参数 / 当前层 / 火花共用 / 外观与颜色 / 降温时间 [rtTc]","当前层 P；单层 wbSnap().P，多层 wbSnap().layers[i].P。保存/另存/切效果自动草稿及配方 JSON 保存完整快照。一次拖动/输入提交/选择为一步，全资产60步；输入框内快捷键留给文本撤销。切层/发射器不清历史，打开另一效果/版本重置。行/模块/发射器恢复到打开时与恢复模板默认不同。","tool/src/js/10_types.js:888","","tool/src/js/79_workbench.js:159; tool/src/js/79_undo.js:10","47_risetail.js:221 tcu = clamp(rtTc / 平均寿命, 0.005, 0.7)；:226 e^(−u/tcu)，2×tc 约 86%、3×tc 约 95%。","按每档平均寿命换算成相对寿命（最多 0.7 寿命），所以寿命比平均长的单颗冷得稍慢。"
"SCHEMA-456","273-rtTend","","rtTend","P.rtTend","P","当前效果 / 当前层 / 火花共用","number","熄灭温度","寿命最后 25% 降到的温度（K），同时亮度渐暗到 0：决定火花熄灭前的颜色。","命名表说明（可能滞后）；当前条件/换算来自源码，冲突见覆盖报告","物理量","K","K","[900,2200,10]","","1450","P => familyOf(P.type) === 'rise' && P.form === 'emitset'","无字段级条件","[]","","[""type"",""form""]","本字段不在LINK_KEYS轨迹同步列表；其他条件/默认联动另见本行","不走TIMING_KEYS通用时间联动","onParam：实时模拟更新，灰度烘焙按自动/手动模式处理","","","[]","","本字段无曲线控件","","参数 / 当前层 / 火花共用 / 颜色 / 熄灭温度 [rtTend]","参数 / 当前层 / 火花共用 / 颜色 / 熄灭温度 [rtTend]","参数 / 当前层 / 火花共用 / 颜色 / 熄灭温度 [rtTend]","参数 / 当前层 / 火花共用 / 外观与颜色 / 熄灭温度 [rtTend]","当前层 P；单层 wbSnap().P，多层 wbSnap().layers[i].P。保存/另存/切效果自动草稿及配方 JSON 保存完整快照。一次拖动/输入提交/选择为一步，全资产60步；输入框内快捷键留给文本撤销。切层/发射器不清历史，打开另一效果/版本重置。行/模块/发射器恢复到打开时与恢复模板默认不同。","tool/src/js/10_types.js:889","","tool/src/js/79_workbench.js:159; tool/src/js/79_undo.js:10","47_risetail.js:227 u > 0.75：T 从 Tb(+dT) 线性到 Tend，亮度包络 1 − v^1.5。","各档温度偏移不加在熄灭温度上。"
"SCHEMA-457","274-rtTw","","rtTw","P.rtTw","P","当前效果 / 当前层 / 火花共用","number","闪烁强度","火花寿命中段的明暗起伏：相邻关键点交替亮暗该值的一半（0.3 = ±15%）。","命名表说明（可能滞后）；当前条件/换算来自源码，冲突见覆盖报告","物理量","1","1","[0,1,0.01]","","0.3","P => familyOf(P.type) === 'rise' && P.form === 'emitset'","无字段级条件","[]","","[""type"",""form""]","本字段不在LINK_KEYS轨迹同步列表；其他条件/默认联动另见本行","不走TIMING_KEYS通用时间联动","onParam：实时模拟更新，灰度烘焙按自动/手动模式处理","","","[]","","本字段无曲线控件","","参数 / 当前层 / 火花共用 / 亮度 / 闪烁强度 [rtTw]","参数 / 当前层 / 火花共用 / 亮度 / 闪烁强度 [rtTw]","参数 / 当前层 / 火花共用 / 亮度 / 闪烁强度 [rtTw]","参数 / 当前层 / 火花共用 / 外观与颜色 / 闪烁强度 [rtTw]","当前层 P；单层 wbSnap().P，多层 wbSnap().layers[i].P。保存/另存/切效果自动草稿及配方 JSON 保存完整快照。一次拖动/输入提交/选择为一步，全资产60步；输入框内快捷键留给文本撤销。切层/发射器不清历史，打开另一效果/版本重置。行/模块/发射器恢复到打开时与恢复模板默认不同。","tool/src/js/10_types.js:890","","tool/src/js/79_workbench.js:159; tool/src/js/79_undo.js:10","47_risetail.js:228 0.2 < u < 0.75 的关键点（0.3/0.4/0.5/0.6 等）交替 × (1 ± 0.5·rtTw)。","按相对寿命起伏（约每 10% 寿命翻一次），每颗寿命不同所以相位错开；贴图火花和落火、发射口火花也一样。"
"SCHEMA-458","275-rtShrink","","rtShrink","P.rtShrink","P","当前效果 / 当前层 / 火花共用","number","熄灭时大小","火花烧到最后的大小（× 出生时）：寿命前 70% 不变，之后线性变到这个倍数。","命名表说明（可能滞后）；当前条件/换算来自源码，冲突见覆盖报告","物理量","×","×","[0.05,1.5,0.01]","","0.5","P => familyOf(P.type) === 'rise' && P.form === 'emitset'","无字段级条件","[]","","[""type"",""form""]","本字段不在LINK_KEYS轨迹同步列表；其他条件/默认联动另见本行","不走TIMING_KEYS通用时间联动","onParam：实时模拟更新，灰度烘焙按自动/手动模式处理","","","[]","","本字段无曲线控件","","参数 / 当前层 / 火花共用 / 大小 / 熄灭时大小 [rtShrink]","参数 / 当前层 / 火花共用 / 大小 / 熄灭时大小 [rtShrink]","参数 / 当前层 / 火花共用 / 大小 / 熄灭时大小 [rtShrink]","参数 / 当前层 / 火花共用 / 外观与颜色 / 熄灭时大小 [rtShrink]","当前层 P；单层 wbSnap().P，多层 wbSnap().layers[i].P。保存/另存/切效果自动草稿及配方 JSON 保存完整快照。一次拖动/输入提交/选择为一步，全资产60步；输入框内快捷键留给文本撤销。切层/发射器不清历史，打开另一效果/版本重置。行/模块/发射器恢复到打开时与恢复模板默认不同。","tool/src/js/10_types.js:891","","tool/src/js/79_workbench.js:159; tool/src/js/79_undo.js:10","47_risetail.js:289 sizeLife [[0,1],[0.7,1],[1,rtShrink]]；:84/:118 贴图火花同口径。","只作用在三档火花和贴图火花；落火、爆亮、发射口火花有各自固定的曲线。"
"SCHEMA-459","276-rtERate","","rtERate","P.rtERate","P","当前效果 / 当前层 / 落火","number","生成速率","落火每秒生成几颗：少量长寿的大颗火花，阻力小，往下掉在尾迹下方；0 关。","命名表说明（可能滞后）；当前条件/换算来自源码，冲突见覆盖报告","物理量","颗/秒","颗/秒","[0,200,1]","","10","P => familyOf(P.type) === 'rise' && P.form === 'emitset'","无字段级条件","[]","","[""type"",""form""]","本字段不在LINK_KEYS轨迹同步列表；其他条件/默认联动另见本行","不走TIMING_KEYS通用时间联动","onParam：实时模拟更新，灰度烘焙按自动/手动模式处理","","","[]","","本字段无曲线控件","","参数 / 当前层 / 落火 / 生成 / 生成速率 [rtERate]","参数 / 当前层 / 落火 / 生成 / 生成速率 [rtERate]","参数 / 当前层 / 落火 / 生成 / 生成速率 [rtERate]","参数 / 当前层 / 落火 / 时序与数量 / 生成速率 [rtERate]","当前层 P；单层 wbSnap().P，多层 wbSnap().layers[i].P。保存/另存/切效果自动草稿及配方 JSON 保存完整快照。一次拖动/输入提交/选择为一步，全资产60步；输入框内快捷键留给文本撤销。切层/发射器不清历史，打开另一效果/版本重置。行/模块/发射器恢复到打开时与恢复模板默认不同。","tool/src/js/10_types.js:894","","tool/src/js/79_workbench.js:159; tool/src/js/79_undo.js:10","47_risetail.js:298-304 Embers：spawn(rtERate)、vel(rtJet×0.6, rtFling×0.5)、velAdd 横 ±1.5c、竖 −c…+0.3c（soft 时同火花）、turb(kd)。","出生位置和三档火花一样；喷出速度只取 0.6 倍向后喷出、0.5 倍甩出，散开更宽、偏向下（「散开分布」为 1 时和火花一样）。受大涡 / 小涡乱流。"
"SCHEMA-460","277-rtELife","","rtELife","P.rtELife","P","当前效果 / 当前层 / 落火","number","寿命","每颗落火能烧多久（秒），每颗在 0.7–1.3 倍之间随机。","命名表说明（可能滞后）；当前条件/换算来自源码，冲突见覆盖报告","物理量","s","s","[0.2,8,0.05]","","3","P => familyOf(P.type) === 'rise' && P.form === 'emitset'","无字段级条件","[]","","[""type"",""form""]","本字段不在LINK_KEYS轨迹同步列表；其他条件/默认联动另见本行","不走TIMING_KEYS通用时间联动","onParam：实时模拟更新，灰度烘焙按自动/手动模式处理","","","[]","","本字段无曲线控件","","参数 / 当前层 / 落火 / 寿命 / 寿命 [rtELife]","参数 / 当前层 / 落火 / 寿命 / 寿命 [rtELife]","参数 / 当前层 / 落火 / 寿命 / 寿命 [rtELife]","参数 / 当前层 / 落火 / 时序与数量 / 寿命 [rtELife]","当前层 P；单层 wbSnap().P，多层 wbSnap().layers[i].P。保存/另存/切效果自动草稿及配方 JSON 保存完整快照。一次拖动/输入提交/选择为一步，全资产60步；输入框内快捷键留给文本撤销。切层/发射器不清历史，打开另一效果/版本重置。行/模块/发射器恢复到打开时与恢复模板默认不同。","tool/src/js/10_types.js:894","","tool/src/js/79_workbench.js:159; tool/src/js/79_undo.js:10","47_risetail.js:301 life [L×0.7, L×1.3]；:303 rtSparkColor(P, L, …)；:474 rtDuration。","颜色曲线（降温、熄灭）按这个平均寿命换算；也算进序列总时长。"
"SCHEMA-461","278-rtESize","","rtESize","P.rtESize","P","当前效果 / 当前层 / 落火","number","大小","落火的直径（米，每颗 0.8–1.2 倍），寿命末尾缩到 0.4 倍。","命名表说明（可能滞后）；当前条件/换算来自源码，冲突见覆盖报告","引擎字段","m","m","[0.05,5,0.01]","","0.8","P => familyOf(P.type) === 'rise' && P.form === 'emitset'","无字段级条件","[]","","[""type"",""form""]","本字段不在LINK_KEYS轨迹同步列表；其他条件/默认联动另见本行","不走TIMING_KEYS通用时间联动","onParam：实时模拟更新，灰度烘焙按自动/手动模式处理","","","[]","","本字段无曲线控件","","参数 / 当前层 / 落火 / 大小 / 大小 [rtESize]","参数 / 当前层 / 落火 / 大小 / 大小 [rtESize]","参数 / 当前层 / 落火 / 大小 / 大小 [rtESize]","参数 / 当前层 / 落火 / 外观与颜色 / 大小 [rtESize]","当前层 P；单层 wbSnap().P，多层 wbSnap().layers[i].P。保存/另存/切效果自动草稿及配方 JSON 保存完整快照。一次拖动/输入提交/选择为一步，全资产60步；输入框内快捷键留给文本撤销。切层/发射器不清历史，打开另一效果/版本重置。行/模块/发射器恢复到打开时与恢复模板默认不同。","tool/src/js/10_types.js:894","","tool/src/js/79_workbench.js:159; tool/src/js/79_undo.js:10","47_risetail.js:301 size [×0.8, ×1.2]；:303 sizeLife [[0,1],[0.8,0.9],[1,0.4]]。","不受三档火花的尺寸随机和「熄灭时大小」影响。"
"SCHEMA-462","279-rtEI","","rtEI","P.rtEI","P","当前效果 / 当前层 / 落火","number","亮度","落火的亮度；颜色按黑体冷却曲线，比三档火花冷 180 K（偏橙）。","命名表说明（可能滞后）；当前条件/换算来自源码，冲突见覆盖报告","物理量","×","×","[0,10,0.01]","","4","P => familyOf(P.type) === 'rise' && P.form === 'emitset'","无字段级条件","[]","","[""type"",""form""]","本字段不在LINK_KEYS轨迹同步列表；其他条件/默认联动另见本行","不走TIMING_KEYS通用时间联动","onParam：实时模拟更新，灰度烘焙按自动/手动模式处理","","","[]","","本字段无曲线控件","","参数 / 当前层 / 落火 / 亮度 / 亮度 [rtEI]","参数 / 当前层 / 落火 / 亮度 / 亮度 [rtEI]","参数 / 当前层 / 落火 / 亮度 / 亮度 [rtEI]","参数 / 当前层 / 落火 / 外观与颜色 / 亮度 [rtEI]","当前层 P；单层 wbSnap().P，多层 wbSnap().layers[i].P。保存/另存/切效果自动草稿及配方 JSON 保存完整快照。一次拖动/输入提交/选择为一步，全资产60步；输入框内快捷键留给文本撤销。切层/发射器不清历史，打开另一效果/版本重置。行/模块/发射器恢复到打开时与恢复模板默认不同。","tool/src/js/10_types.js:894","","tool/src/js/79_workbench.js:159; tool/src/js/79_undo.js:10","47_risetail.js:303 col = rtSparkColor(P, L, rtEI × rtDotGain, −180)。","乘「火花总亮度」。"
"SCHEMA-463","280-rtEKd","","rtEKd","P.rtEKd","P","当前效果 / 当前层 / 落火","number","阻力","落火的空气阻力（1/秒，每颗 0.7–1.3 倍）：越小越能带着弹体速度飞远、下坠越快。","命名表说明（可能滞后）；当前条件/换算来自源码，冲突见覆盖报告","物理量","1/s","1/s","[0.1,10,0.05]","","1","P => familyOf(P.type) === 'rise' && P.form === 'emitset'","无字段级条件","[]","","[""type"",""form""]","本字段不在LINK_KEYS轨迹同步列表；其他条件/默认联动另见本行","不走TIMING_KEYS通用时间联动","onParam：实时模拟更新，灰度烘焙按自动/手动模式处理","","","[]","","本字段无曲线控件","","参数 / 当前层 / 落火 / 受力 / 阻力 [rtEKd]","参数 / 当前层 / 落火 / 受力 / 阻力 [rtEKd]","参数 / 当前层 / 落火 / 受力 / 阻力 [rtEKd]","参数 / 当前层 / 落火 / 空间与运动 / 阻力 [rtEKd]","当前层 P；单层 wbSnap().P，多层 wbSnap().layers[i].P。保存/另存/切效果自动草稿及配方 JSON 保存完整快照。一次拖动/输入提交/选择为一步，全资产60步；输入框内快捷键留给文本撤销。切层/发射器不清历史，打开另一效果/版本重置。行/模块/发射器恢复到打开时与恢复模板默认不同。","tool/src/js/10_types.js:894","","tool/src/js/79_workbench.js:159; tool/src/js/79_undo.js:10","47_risetail.js:299/:301 drag [kd×0.7, kd×1.3]、turb(kd)。","乱流的漂移加速度也按这个阻力算。"
"SCHEMA-464","460-107-rtESizeCurve","","rtESizeCurve","P.rtESizeCurve","P","当前效果 / 当前层 / 落火","curve","随寿命","落火每颗的大小随它的寿命变化。几行「时刻:倍数」，时刻是寿命的比例 0–1，在原来的变化上再乘这条曲线；空 = 不乘（和以前一样）。例「0:0.3, 0.2:1, 1:1」= 刚出来小、很快长到正常。","命名表说明（可能滞后）；当前条件/换算来自源码，冲突见覆盖报告","物理量","×（随寿命）","×（随寿命）","","","","P => familyOf(P.type) === 'rise' && P.form === 'emitset'","P => P.rtERate > 0","[]","","[""type"",""form"",""rtERate""]","本字段不在LINK_KEYS轨迹同步列表；其他条件/默认联动另见本行","不走TIMING_KEYS通用时间联动","onParam：实时模拟更新，灰度烘焙按自动/手动模式处理","","","[]","","0–1单粒寿命，文本提交 + 只读折线/表；空=×1；不支持拖点","","参数 / 当前层 / 落火 / 大小 / 随寿命 [rtESizeCurve]","参数 / 当前层 / 落火 / 大小 / 随寿命 [rtESizeCurve]","参数 / 当前层 / 落火 / 大小 / 随寿命 [rtESizeCurve]","参数 / 当前层 / 落火 / 外观与颜色 / 随寿命 [rtESizeCurve]","当前层 P；单层 wbSnap().P，多层 wbSnap().layers[i].P。保存/另存/切效果自动草稿及配方 JSON 保存完整快照。一次拖动/输入提交/选择为一步，全资产60步；输入框内快捷键留给文本撤销。切层/发射器不清历史，打开另一效果/版本重置。行/模块/发射器恢复到打开时与恢复模板默认不同。 注意：rowChanged仅处理数值/select/text，现曲线不计行/模块“改过”、无独立行尾还原按钮；全资产撤销可恢复曲线文本。不伪称这些行级状态已实现。","tool/src/js/10_types.js:895","","tool/src/js/79_workbench.js:159; tool/src/js/79_undo.js:10","","4.9.4（5.0，交互宪章 5）加：按寿命曲线，空 = 不乘，画面不变。"
"SCHEMA-465","460-108-rtEBrightCurve","","rtEBrightCurve","P.rtEBrightCurve","P","当前效果 / 当前层 / 落火","curve","随寿命","落火每颗的亮度随它的寿命变化。几行「时刻:倍数」，时刻是寿命的比例 0–1，在原来的变化上再乘这条曲线；空 = 不乘（和以前一样）。例「0:0.3, 0.2:1, 1:1」= 刚出来小、很快长到正常。","命名表说明（可能滞后）；当前条件/换算来自源码，冲突见覆盖报告","物理量","×（随寿命）","×（随寿命）","","","","P => familyOf(P.type) === 'rise' && P.form === 'emitset'","P => P.rtERate > 0","[]","","[""type"",""form"",""rtERate""]","本字段不在LINK_KEYS轨迹同步列表；其他条件/默认联动另见本行","不走TIMING_KEYS通用时间联动","onParam：实时模拟更新，灰度烘焙按自动/手动模式处理","","","[]","","0–1单粒寿命，文本提交 + 只读折线/表；空=×1；不支持拖点","","参数 / 当前层 / 落火 / 亮度 / 随寿命 [rtEBrightCurve]","参数 / 当前层 / 落火 / 亮度 / 随寿命 [rtEBrightCurve]","参数 / 当前层 / 落火 / 亮度 / 随寿命 [rtEBrightCurve]","参数 / 当前层 / 落火 / 外观与颜色 / 随寿命 [rtEBrightCurve]","当前层 P；单层 wbSnap().P，多层 wbSnap().layers[i].P。保存/另存/切效果自动草稿及配方 JSON 保存完整快照。一次拖动/输入提交/选择为一步，全资产60步；输入框内快捷键留给文本撤销。切层/发射器不清历史，打开另一效果/版本重置。行/模块/发射器恢复到打开时与恢复模板默认不同。 注意：rowChanged仅处理数值/select/text，现曲线不计行/模块“改过”、无独立行尾还原按钮；全资产撤销可恢复曲线文本。不伪称这些行级状态已实现。","tool/src/js/10_types.js:896","","tool/src/js/79_workbench.js:159; tool/src/js/79_undo.js:10","","4.9.4（5.0，交互宪章 5）加：按寿命曲线，空 = 不乘，画面不变。"
"SCHEMA-466","281-rtSmoke","","rtSmoke","P.rtSmoke","P","当前效果 / 当前层 / 烟带","number","亮度","烟带的亮度：被火花照亮的淡烟，用很淡的发光软圆点做；0 关。","命名表说明（可能滞后）；当前条件/换算来自源码，冲突见覆盖报告","物理量","×","×","[0,0.5,0.001]","","0.003","P => familyOf(P.type) === 'rise' && P.form === 'emitset'","无字段级条件","[]","","[""type"",""form""]","本字段不在LINK_KEYS轨迹同步列表；其他条件/默认联动另见本行","不走TIMING_KEYS通用时间联动","onParam：实时模拟更新，灰度烘焙按自动/手动模式处理","","","[]","","本字段无曲线控件","","参数 / 当前层 / 烟带 / 亮度 / 亮度 [rtSmoke]","参数 / 当前层 / 烟带 / 亮度 / 亮度 [rtSmoke]","参数 / 当前层 / 烟带 / 亮度 / 亮度 [rtSmoke]","参数 / 当前层 / 烟带 / 外观与颜色 / 亮度 [rtSmoke]","当前层 P；单层 wbSnap().P，多层 wbSnap().layers[i].P。保存/另存/切效果自动草稿及配方 JSON 保存完整快照。一次拖动/输入提交/选择为一步，全资产60步；输入框内快捷键留给文本撤销。切层/发射器不清历史，打开另一效果/版本重置。行/模块/发射器恢复到打开时与恢复模板默认不同。","tool/src/js/10_types.js:899","","tool/src/js/79_workbench.js:159; tool/src/js/79_undo.js:10","47_risetail.js:334-340 Smoke：gpu false、vel = 弹体速度 × 0.12、accel +0.3、col [[0,黑],[0.08,sc×b],[0.5,×0.55],[1,黑]]；10_types.js:133/138/146 预设 rtSmoke 0。","不乘「火花总亮度」。三个尾缀预设里是 0（关）。烟的运动固定：沿弹道出生、带 12% 弹体速度、轻微上浮，不受乱流影响。"
"SCHEMA-467","282-rtSmokeRate","","rtSmokeRate","P.rtSmokeRate","P","当前效果 / 当前层 / 烟带","number","生成速率","每秒沿弹道放出几团烟（不跟喷射脉动）。","命名表说明（可能滞后）；当前条件/换算来自源码，冲突见覆盖报告","物理量","团/秒","团/秒","[1,200,1]","","25","P => familyOf(P.type) === 'rise' && P.form === 'emitset'","P => P.rtSmoke > 0","[]","","[""type"",""form"",""rtSmoke""]","本字段不在LINK_KEYS轨迹同步列表；其他条件/默认联动另见本行","不走TIMING_KEYS通用时间联动","onParam：实时模拟更新，灰度烘焙按自动/手动模式处理","","","[]","","本字段无曲线控件","","参数 / 当前层 / 烟带 / 生成 / 生成速率 [rtSmokeRate]","参数 / 当前层 / 烟带 / 生成 / 生成速率 [rtSmokeRate]","参数 / 当前层 / 烟带 / 生成 / 生成速率 [rtSmokeRate]","参数 / 当前层 / 烟带 / 时序与数量 / 生成速率 [rtSmokeRate]","当前层 P；单层 wbSnap().P，多层 wbSnap().layers[i].P。保存/另存/切效果自动草稿及配方 JSON 保存完整快照。一次拖动/输入提交/选择为一步，全资产60步；输入框内快捷键留给文本撤销。切层/发射器不清历史，打开另一效果/版本重置。行/模块/发射器恢复到打开时与恢复模板默认不同。","tool/src/js/10_types.js:900","","tool/src/js/79_workbench.js:159; tool/src/js/79_undo.js:10","47_risetail.js:338 spawn = [t, rtSmokeRate]（不乘 pulse）。","「亮度」为 0 时不显示。"
"SCHEMA-468","283-rtSmokeLife","","rtSmokeLife","P.rtSmokeLife","P","当前效果 / 当前层 / 烟带","number","寿命","每团烟存在多久（秒，每团 0.8–1.2 倍），期间慢慢变大、变淡。","命名表说明（可能滞后）；当前条件/换算来自源码，冲突见覆盖报告","物理量","s","s","[0.5,10,0.05]","","3.5","P => familyOf(P.type) === 'rise' && P.form === 'emitset'","P => P.rtSmoke > 0","[]","","[""type"",""form"",""rtSmoke""]","本字段不在LINK_KEYS轨迹同步列表；其他条件/默认联动另见本行","不走TIMING_KEYS通用时间联动","onParam：实时模拟更新，灰度烘焙按自动/手动模式处理","","","[]","","本字段无曲线控件","","参数 / 当前层 / 烟带 / 寿命 / 寿命 [rtSmokeLife]","参数 / 当前层 / 烟带 / 寿命 / 寿命 [rtSmokeLife]","参数 / 当前层 / 烟带 / 寿命 / 寿命 [rtSmokeLife]","参数 / 当前层 / 烟带 / 时序与数量 / 寿命 [rtSmokeLife]","当前层 P；单层 wbSnap().P，多层 wbSnap().layers[i].P。保存/另存/切效果自动草稿及配方 JSON 保存完整快照。一次拖动/输入提交/选择为一步，全资产60步；输入框内快捷键留给文本撤销。切层/发射器不清历史，打开另一效果/版本重置。行/模块/发射器恢复到打开时与恢复模板默认不同。","tool/src/js/10_types.js:901","","tool/src/js/79_workbench.js:159; tool/src/js/79_undo.js:10","47_risetail.js:339 life [L×0.8, L×1.2]；:474 rtDuration 算进烟的寿命。","「亮度」为 0 时不显示。也算进序列总时长。"
"SCHEMA-469","284-rtSmokeSize","","rtSmokeSize","P.rtSmokeSize","P","当前效果 / 当前层 / 烟带","number","初始大小","每团烟出生时的直径（米，每团 0.8–1.2 倍）。","命名表说明（可能滞后）；当前条件/换算来自源码，冲突见覆盖报告","物理量","m","m","[0.2,20,0.1]","","2.5","P => familyOf(P.type) === 'rise' && P.form === 'emitset'","P => P.rtSmoke > 0","[]","","[""type"",""form"",""rtSmoke""]","本字段不在LINK_KEYS轨迹同步列表；其他条件/默认联动另见本行","不走TIMING_KEYS通用时间联动","onParam：实时模拟更新，灰度烘焙按自动/手动模式处理","","","[]","","本字段无曲线控件","","参数 / 当前层 / 烟带 / 大小 / 初始大小 [rtSmokeSize]","参数 / 当前层 / 烟带 / 大小 / 初始大小 [rtSmokeSize]","参数 / 当前层 / 烟带 / 大小 / 初始大小 [rtSmokeSize]","参数 / 当前层 / 烟带 / 外观与颜色 / 初始大小 [rtSmokeSize]","当前层 P；单层 wbSnap().P，多层 wbSnap().layers[i].P。保存/另存/切效果自动草稿及配方 JSON 保存完整快照。一次拖动/输入提交/选择为一步，全资产60步；输入框内快捷键留给文本撤销。切层/发射器不清历史，打开另一效果/版本重置。行/模块/发射器恢复到打开时与恢复模板默认不同。","tool/src/js/10_types.js:902","","tool/src/js/79_workbench.js:159; tool/src/js/79_undo.js:10","47_risetail.js:339 size [S×0.8, S×1.2]。","「亮度」为 0 时不显示。"
"SCHEMA-470","285-rtSmokeGrow","","rtSmokeGrow","P.rtSmokeGrow","P","当前效果 / 当前层 / 烟带","number","变大倍数","烟团到寿命末尾变成出生时的几倍大（线性变大）。","命名表说明（可能滞后）；当前条件/换算来自源码，冲突见覆盖报告","物理量","×","×","[1,10,0.1]","","4","P => familyOf(P.type) === 'rise' && P.form === 'emitset'","P => P.rtSmoke > 0","[]","","[""type"",""form"",""rtSmoke""]","本字段不在LINK_KEYS轨迹同步列表；其他条件/默认联动另见本行","不走TIMING_KEYS通用时间联动","onParam：实时模拟更新，灰度烘焙按自动/手动模式处理","","","[]","","本字段无曲线控件","","参数 / 当前层 / 烟带 / 大小 / 变大倍数 [rtSmokeGrow]","参数 / 当前层 / 烟带 / 大小 / 变大倍数 [rtSmokeGrow]","参数 / 当前层 / 烟带 / 大小 / 变大倍数 [rtSmokeGrow]","参数 / 当前层 / 烟带 / 外观与颜色 / 变大倍数 [rtSmokeGrow]","当前层 P；单层 wbSnap().P，多层 wbSnap().layers[i].P。保存/另存/切效果自动草稿及配方 JSON 保存完整快照。一次拖动/输入提交/选择为一步，全资产60步；输入框内快捷键留给文本撤销。切层/发射器不清历史，打开另一效果/版本重置。行/模块/发射器恢复到打开时与恢复模板默认不同。","tool/src/js/10_types.js:903","","tool/src/js/79_workbench.js:159; tool/src/js/79_undo.js:10","47_risetail.js:340 sizeLife [[0,1],[1,rtSmokeGrow]]。","「亮度」为 0 时不显示。"
"SCHEMA-471","460-111-rtSmokeSizeCurve","","rtSmokeSizeCurve","P.rtSmokeSizeCurve","P","当前效果 / 当前层 / 烟带","curve","随寿命","烟团的大小随它的寿命变化（在「变大到」之上再乘）。几行「时刻:倍数」，时刻是寿命的比例 0–1，在原来的变化上再乘这条曲线；空 = 不乘（和以前一样）。例「0:0.3, 0.2:1, 1:1」= 刚出来小、很快长到正常。","命名表说明（可能滞后）；当前条件/换算来自源码，冲突见覆盖报告","物理量","×（随寿命）","×（随寿命）","","","","P => familyOf(P.type) === 'rise' && P.form === 'emitset'","P => P.rtSmoke > 0","[]","","[""type"",""form"",""rtSmoke""]","本字段不在LINK_KEYS轨迹同步列表；其他条件/默认联动另见本行","不走TIMING_KEYS通用时间联动","onParam：实时模拟更新，灰度烘焙按自动/手动模式处理","","","[]","","0–1单粒寿命，文本提交 + 只读折线/表；空=×1；不支持拖点","","参数 / 当前层 / 烟带 / 大小 / 随寿命 [rtSmokeSizeCurve]","参数 / 当前层 / 烟带 / 大小 / 随寿命 [rtSmokeSizeCurve]","参数 / 当前层 / 烟带 / 大小 / 随寿命 [rtSmokeSizeCurve]","参数 / 当前层 / 烟带 / 外观与颜色 / 随寿命 [rtSmokeSizeCurve]","当前层 P；单层 wbSnap().P，多层 wbSnap().layers[i].P。保存/另存/切效果自动草稿及配方 JSON 保存完整快照。一次拖动/输入提交/选择为一步，全资产60步；输入框内快捷键留给文本撤销。切层/发射器不清历史，打开另一效果/版本重置。行/模块/发射器恢复到打开时与恢复模板默认不同。 注意：rowChanged仅处理数值/select/text，现曲线不计行/模块“改过”、无独立行尾还原按钮；全资产撤销可恢复曲线文本。不伪称这些行级状态已实现。","tool/src/js/10_types.js:904","","tool/src/js/79_workbench.js:159; tool/src/js/79_undo.js:10","","4.9.4（5.0，交互宪章 5）加：按寿命曲线，空 = 不乘，画面不变。"
"SCHEMA-472","460-112-rtSmokeBrightCurve","","rtSmokeBrightCurve","P.rtSmokeBrightCurve","P","当前效果 / 当前层 / 烟带","curve","随寿命","烟团的亮度随它的寿命变化。几行「时刻:倍数」，时刻是寿命的比例 0–1，在原来的变化上再乘这条曲线；空 = 不乘（和以前一样）。例「0:0.3, 0.2:1, 1:1」= 刚出来小、很快长到正常。","命名表说明（可能滞后）；当前条件/换算来自源码，冲突见覆盖报告","物理量","×（随寿命）","×（随寿命）","","","","P => familyOf(P.type) === 'rise' && P.form === 'emitset'","P => P.rtSmoke > 0","[]","","[""type"",""form"",""rtSmoke""]","本字段不在LINK_KEYS轨迹同步列表；其他条件/默认联动另见本行","不走TIMING_KEYS通用时间联动","onParam：实时模拟更新，灰度烘焙按自动/手动模式处理","","","[]","","0–1单粒寿命，文本提交 + 只读折线/表；空=×1；不支持拖点","","参数 / 当前层 / 烟带 / 亮度 / 随寿命 [rtSmokeBrightCurve]","参数 / 当前层 / 烟带 / 亮度 / 随寿命 [rtSmokeBrightCurve]","参数 / 当前层 / 烟带 / 亮度 / 随寿命 [rtSmokeBrightCurve]","参数 / 当前层 / 烟带 / 外观与颜色 / 随寿命 [rtSmokeBrightCurve]","当前层 P；单层 wbSnap().P，多层 wbSnap().layers[i].P。保存/另存/切效果自动草稿及配方 JSON 保存完整快照。一次拖动/输入提交/选择为一步，全资产60步；输入框内快捷键留给文本撤销。切层/发射器不清历史，打开另一效果/版本重置。行/模块/发射器恢复到打开时与恢复模板默认不同。 注意：rowChanged仅处理数值/select/text，现曲线不计行/模块“改过”、无独立行尾还原按钮；全资产撤销可恢复曲线文本。不伪称这些行级状态已实现。","tool/src/js/10_types.js:905","","tool/src/js/79_workbench.js:159; tool/src/js/79_undo.js:10","","4.9.4（5.0，交互宪章 5）加：按寿命曲线，空 = 不乘，画面不变。"
"SCHEMA-473","285b-rtLoopSize","","rtLoopSize","P.rtLoopSize","P","当前效果 / 当前层 / 输出","select","循环层长度","循环层面片多长：「全程不变」是 4.4 的做法（出场淡入）；「跟真实尾迹」= 弹体最近一段白热时间走过的路：起步时从短长出来（不再伸到地下），减速时变短；消散按最后的长度单独烘、真实大小，和循环层最后一帧接上。","命名表说明（可能滞后）；当前条件/换算来自源码，冲突见覆盖报告","旧（待删）","选项","选项","","[[0,""全程不变（4.4，出场淡入）""],[1,""跟真实尾迹（起步从短长出来、减速变短）""]]","0","P => familyOf(P.type) === 'rise' && P.form === 'emitset'","无字段级条件","[]","","[""type"",""form""]","本字段不在LINK_KEYS轨迹同步列表；其他条件/默认联动另见本行","不走TIMING_KEYS通用时间联动","onParam：实时模拟更新，灰度烘焙按自动/手动模式处理","","","[]","","本字段无曲线控件","","参数 / 当前层 / 输出 / 取景 / 循环层长度 [rtLoopSize]","参数 / 当前层 / 输出 / 取景 / 循环层长度 [rtLoopSize]","参数 / 当前层 / 输出 / 取景 / 循环层长度 [rtLoopSize]","参数 / 当前层 / 输出 / 取景 / 循环层长度 [rtLoopSize]","当前层 P；单层 wbSnap().P，多层 wbSnap().layers[i].P。保存/另存/切效果自动草稿及配方 JSON 保存完整快照。一次拖动/输入提交/选择为一步，全资产60步；输入框内快捷键留给文本撤销。切层/发射器不清历史，打开另一效果/版本重置。行/模块/发射器恢复到打开时与恢复模板默认不同。","tool/src/js/10_types.js:908","","tool/src/js/79_workbench.js:159; tool/src/js/79_undo.js:10","47_risetail.js rtLoopSizeKeys / rtLayoutGrow / bakeEmitSet / fwlEmitSet","用户 2026-10-04 17:41「跟从地上长出来一样」、17:27「消散一出来是扁的」。Size By Life 在 UE 里是否按曲线播（🟡）要看一眼。缺省旧做法，RT1–RT4 不变。"
"SCHEMA-474","285c-rtLoopMin","","rtLoopMin","P.rtLoopMin","P","当前效果 / 当前层 / 输出","number","循环层最短","循环层长满以后最短压到面片长的多少（贴图按出膛速度烘，压得太扁里面的点就成了横线）。","命名表说明（可能滞后）；当前条件/换算来自源码，冲突见覆盖报告","旧（待删）","×","×","[0.05,1,0.01]","","0.25","P => familyOf(P.type) === 'rise' && P.form === 'emitset'","P => +P.rtLoopSize === 1","[]","","[""type"",""form"",""rtLoopSize""]","本字段不在LINK_KEYS轨迹同步列表；其他条件/默认联动另见本行","不走TIMING_KEYS通用时间联动","onParam：实时模拟更新，灰度烘焙按自动/手动模式处理","","","[]","","本字段无曲线控件","","参数 / 当前层 / 输出 / 取景 / 循环层最短 [rtLoopMin]","参数 / 当前层 / 输出 / 取景 / 循环层最短 [rtLoopMin]","参数 / 当前层 / 输出 / 取景 / 循环层最短 [rtLoopMin]","参数 / 当前层 / 输出 / 取景 / 循环层最短 [rtLoopMin]","当前层 P；单层 wbSnap().P，多层 wbSnap().layers[i].P。保存/另存/切效果自动草稿及配方 JSON 保存完整快照。一次拖动/输入提交/选择为一步，全资产60步；输入框内快捷键留给文本撤销。切层/发射器不清历史，打开另一效果/版本重置。行/模块/发射器恢复到打开时与恢复模板默认不同。","tool/src/js/10_types.js:909","","tool/src/js/79_workbench.js:159; tool/src/js/79_undo.js:10","47_risetail.js rtLoopSizeKeys lo","只在「循环层长度」= 跟真实尾迹时显示。"
"SCHEMA-475","286-rtGrid","","rtGrid","P.rtGrid","P","当前效果 / 当前层 / 输出","number","格子排布","循环层格子：0 自动按面片长宽比挑；1 = 16×1，2 = 8×2，3 = 4×4。","命名表说明（可能滞后）；当前条件/换算来自源码，冲突见覆盖报告","引擎字段","1（无量纲）","1（无量纲）","[0,3,1]","","0","P => familyOf(P.type) === 'rise' && P.form === 'emitset'","无字段级条件","[]","","[""type"",""form""]","本字段不在LINK_KEYS轨迹同步列表；其他条件/默认联动另见本行","不走TIMING_KEYS通用时间联动","onParam：实时模拟更新，灰度烘焙按自动/手动模式处理","","","[]","","本字段无曲线控件","","参数 / 当前层 / 输出 / 贴图 / 格子排布 [rtGrid]","参数 / 当前层 / 输出 / 贴图 / 格子排布 [rtGrid]","参数 / 当前层 / 输出 / 贴图 / 格子排布 [rtGrid]","参数 / 当前层 / 输出 / 贴图 / 格子排布 [rtGrid]","当前层 P；单层 wbSnap().P，多层 wbSnap().layers[i].P。保存/另存/切效果自动草稿及配方 JSON 保存完整快照。一次拖动/输入提交/选择为一步，全资产60步；输入框内快捷键留给文本撤销。切层/发射器不清历史，打开另一效果/版本重置。行/模块/发射器恢复到打开时与恢复模板默认不同。","tool/src/js/10_types.js:910","","tool/src/js/79_workbench.js:159; tool/src/js/79_undo.js:10","47_risetail.js:394-397 rtGrid > 0 强制 GR[rtGrid−1]，否则按 |log(格子长宽比 / 面片长宽比)| 最小挑；:400 消散格子同大小；:490/:497 导出 cols/rows。","每格像素数不变（2048² 贴图时 = 512²），帧数 = 格子数 × 通道数（预设 64）。消散贴图用同样大的格子。固定的格子和面片形状差得远时，一个方向的像素会浪费。"
"SCHEMA-476","287-rtMobileTex","","rtMobileTex","P.rtMobileTex","P","当前效果 / 当前层 / 输出","number","手机贴图比例","手机版贴图边长是 PC 的几倍（格子、取景都一样）：0.5 = 单格 256² 像素。","命名表说明（可能滞后）；当前条件/换算来自源码，冲突见覆盖报告","引擎字段","×","×","[0.25,1,0.05]","","0.5","P => familyOf(P.type) === 'rise' && P.form === 'emitset'","无字段级条件","[]","","[""type"",""form""]","本字段不在LINK_KEYS轨迹同步列表；其他条件/默认联动另见本行","不走TIMING_KEYS通用时间联动","onParam：实时模拟更新，灰度烘焙按自动/手动模式处理","","","[]","","本字段无曲线控件","","参数 / 当前层 / 输出 / 手机 / 手机贴图比例 [rtMobileTex]","参数 / 当前层 / 输出 / 手机 / 手机贴图比例 [rtMobileTex]","参数 / 当前层 / 输出 / 手机 / 手机贴图比例 [rtMobileTex]","参数 / 当前层 / 输出 / 手机 / 手机贴图比例 [rtMobileTex]","当前层 P；单层 wbSnap().P，多层 wbSnap().layers[i].P。保存/另存/切效果自动草稿及配方 JSON 保存完整快照。一次拖动/输入提交/选择为一步，全资产60步；输入框内快捷键留给文本撤销。切层/发射器不清历史，打开另一效果/版本重置。行/模块/发射器恢复到打开时与恢复模板默认不同。","tool/src/js/10_types.js:911","","tool/src/js/79_workbench.js:159; tool/src/js/79_undo.js:10","49_playback.js:39 emitset 手机：bake({...P, texW×f, texH×f})，f = clamp(rtMobileTex, 0.25, 1)；66_fwlcascade.js:109 手机用 mobileBake。","「格子留边」按像素算、不跟着缩小，比例小时留边相对更宽。"
"SCHEMA-477","288-rtBright","","rtBright","P.rtBright","P","当前效果 / 当前层 / 输出","number","循环层亮度","循环层面片（星头 + 白热段火花 + 贴图火花）在引擎里的亮度倍数，不改贴图本身。","命名表说明（可能滞后）；当前条件/换算来自源码，冲突见覆盖报告","引擎字段","×","×","[0.1,10,0.05]","","1","P => familyOf(P.type) === 'rise' && P.form === 'emitset'","无字段级条件","[]","","[""type"",""form""]","本字段不在LINK_KEYS轨迹同步列表；其他条件/默认联动另见本行","不走TIMING_KEYS通用时间联动","onParam：实时模拟更新，灰度烘焙按自动/手动模式处理","","","[]","","本字段无曲线控件","","参数 / 当前层 / 输出 / 曝光光晕 / 循环层亮度 [rtBright]","参数 / 当前层 / 输出 / 曝光光晕 / 循环层亮度 [rtBright]","参数 / 当前层 / 输出 / 曝光光晕 / 循环层亮度 [rtBright]","参数 / 当前层 / 输出 / 曝光光晕 / 循环层亮度 [rtBright]","当前层 P；单层 wbSnap().P，多层 wbSnap().layers[i].P。保存/另存/切效果自动草稿及配方 JSON 保存完整快照。一次拖动/输入提交/选择为一步，全资产60步；输入框内快捷键留给文本撤销。切层/发射器不清历史，打开另一效果/版本重置。行/模块/发射器恢复到打开时与恢复模板默认不同。","tool/src/js/10_types.js:912","","tool/src/js/79_workbench.js:159; tool/src/js/79_undo.js:10","47_risetail.js:501 col = fwlColor(M, T, 0, rtBright)；:530 RiseFade 用最后一个颜色；:635/:659 回放 headInt × rtBright。","贴图像素值不变。粒子层不受影响（粒子层看「火花总亮度」）。"
"SCHEMA-478","289-rtDotGain","","rtDotGain","P.rtDotGain","P","当前效果 / 当前层 / 输出","number","火花总亮度","火花类粒子发射器（三档火花、落火、爆亮、发射口火花）亮度的总倍数。","命名表说明（可能滞后）；当前条件/换算来自源码，冲突见覆盖报告","旧（待删）","×","×","[0,10,0.01]","","1","P => familyOf(P.type) === 'rise' && P.form === 'emitset'","无字段级条件","[]","","[""type"",""form""]","本字段不在LINK_KEYS轨迹同步列表；其他条件/默认联动另见本行","不走TIMING_KEYS通用时间联动","onParam：实时模拟更新，灰度烘焙按自动/手动模式处理","","","[]","","本字段无曲线控件","","参数 / 当前层 / 输出 / 曝光光晕 / 火花总亮度 [rtDotGain]","参数 / 当前层 / 输出 / 曝光光晕 / 火花总亮度 [rtDotGain]","参数 / 当前层 / 输出 / 曝光光晕 / 火花总亮度 [rtDotGain]","参数 / 当前层 / 输出 / 曝光光晕 / 火花总亮度 [rtDotGain]","当前层 P；单层 wbSnap().P，多层 wbSnap().layers[i].P。保存/另存/切效果自动草稿及配方 JSON 保存完整快照。一次拖动/输入提交/选择为一步，全资产60步；输入框内快捷键留给文本撤销。切层/发射器不清历史，打开另一效果/版本重置。行/模块/发射器恢复到打开时与恢复模板默认不同。","tool/src/js/10_types.js:913","","tool/src/js/79_workbench.js:159; tool/src/js/79_undo.js:10","47_risetail.js:291/:303/:316/:332 乘 rtDotGain；:309 HeadGlow、:328 LaunchGlow、:340 Smoke 都没乘。","不作用在星头光晕、发射口闪光、烟带和贴图火花上。"
"SCHEMA-479","290-rtMobile","","rtMobile","P.rtMobile","P","当前效果 / 当前层 / 输出","number","手机粒子比例","手机版粒子数是 PC 的几倍（生成速率、Burst 都乘它），手机全用 CPU 粒子。","命名表说明（可能滞后）；当前条件/换算来自源码，冲突见覆盖报告","引擎字段","×","×","[0,1,0.01]","","0.2","P => familyOf(P.type) === 'rise' && P.form === 'emitset'","无字段级条件","[]","","[""type"",""form""]","本字段不在LINK_KEYS轨迹同步列表；其他条件/默认联动另见本行","不走TIMING_KEYS通用时间联动","onParam：实时模拟更新，灰度烘焙按自动/手动模式处理","","","[]","","本字段无曲线控件","","参数 / 当前层 / 输出 / 手机 / 手机粒子比例 [rtMobile]","参数 / 当前层 / 输出 / 手机 / 手机粒子比例 [rtMobile]","参数 / 当前层 / 输出 / 手机 / 手机粒子比例 [rtMobile]","参数 / 当前层 / 输出 / 手机 / 手机粒子比例 [rtMobile]","当前层 P；单层 wbSnap().P，多层 wbSnap().layers[i].P。保存/另存/切效果自动草稿及配方 JSON 保存完整快照。一次拖动/输入提交/选择为一步，全资产60步；输入框内快捷键留给文本撤销。切层/发射器不清历史，打开另一效果/版本重置。行/模块/发射器恢复到打开时与恢复模板默认不同。","tool/src/js/10_types.js:914","","tool/src/js/79_workbench.js:159; tool/src/js/79_undo.js:10","46_emitset.js:155 手机 gpu false、f = frac；:180-181 rate × f、burst round(n×f)（1 颗保留）；47_risetail.js:536 比例 0 时跳过非单颗发射器；:449/:534 参数缺失时按 0.3（BASE 是 0.2）。","只有 1 颗的 Burst（星头光晕、发射口闪光）手机上始终保留。贴图火花不受影响。"
"SCHEMA-480","291-rtDissolve","","rtDissolve","P.rtDissolve","P","当前效果 / 当前层 / 输出","number","溶解终值","开花后消散面片的 dissolve 动态参数最后升到多少；0 = 不写。","命名表说明（可能滞后）；当前条件/换算来自源码，冲突见覆盖报告","旧（待删）","1（无量纲）","1（无量纲）","[0,1,0.01]","","1","P => familyOf(P.type) === 'rise' && P.form === 'emitset'","无字段级条件","[]","","[""type"",""form""]","本字段不在LINK_KEYS轨迹同步列表；其他条件/默认联动另见本行","不走TIMING_KEYS通用时间联动","onParam：实时模拟更新，灰度烘焙按自动/手动模式处理","","","[]","","本字段无曲线控件","","参数 / 当前层 / 输出 / 消散 / 溶解终值 [rtDissolve]","参数 / 当前层 / 输出 / 消散 / 溶解终值 [rtDissolve]","参数 / 当前层 / 输出 / 消散 / 溶解终值 [rtDissolve]","参数 / 当前层 / 输出 / 消散 / 溶解终值 [rtDissolve]","当前层 P；单层 wbSnap().P，多层 wbSnap().layers[i].P。保存/另存/切效果自动草稿及配方 JSON 保存完整快照。一次拖动/输入提交/选择为一步，全资产60步；输入框内快捷键留给文本撤销。切层/发射器不清历史，打开另一效果/版本重置。行/模块/发射器恢复到打开时与恢复模板默认不同。","tool/src/js/10_types.js:915","","tool/src/js/79_workbench.js:159; tool/src/js/79_undo.js:10","47_risetail.js:528-529 dissolve curve [[0,0],[0.4,0],[1,rtDissolve]]，rtDissolve > 0 才写；:665 回放注明溶解另由材质处理。","烘焙器的引擎回放不画溶解，在烘焙器里看不出变化；材质里怎么表现未经 UE 验证。"
"SCHEMA-481","292-rtFadeFps","","rtFadeFps","P.rtFadeFps","P","当前效果 / 当前层 / 输出","number","消散帧率","开花后消散序列的帧率上限（0 = 自动 30）；帧数 ≈ 消散时长 × 帧率。","命名表说明（可能滞后）；当前条件/换算来自源码，冲突见覆盖报告","引擎字段","fps","fps","[0,30,1]","","0","P => familyOf(P.type) === 'rise' && P.form === 'emitset'","无字段级条件","[]","{""source"":""自动 30 fps"",""calculate"":""() => 30"",""sentinel"":0,""linkedWhen"":""autoLinked(rtFadeFps,v)"",""behavior"":""直接编辑断开；跟着算固定当前计算值；接回存哨兵，均进入快照撤销""}","[""type"",""form""]","本字段不在LINK_KEYS轨迹同步列表；其他条件/默认联动另见本行","不走TIMING_KEYS通用时间联动","onParam：实时模拟更新，灰度烘焙按自动/手动模式处理","","","[]","","本字段无曲线控件","","参数 / 当前层 / 输出 / 消散 / 消散帧率 [rtFadeFps]","参数 / 当前层 / 输出 / 消散 / 消散帧率 [rtFadeFps]","参数 / 当前层 / 输出 / 消散 / 消散帧率 [rtFadeFps]","参数 / 当前层 / 输出 / 消散 / 消散帧率 [rtFadeFps]","当前层 P；单层 wbSnap().P，多层 wbSnap().layers[i].P。保存/另存/切效果自动草稿及配方 JSON 保存完整快照。一次拖动/输入提交/选择为一步，全资产60步；输入框内快捷键留给文本撤销。切层/发射器不清历史，打开另一效果/版本重置。行/模块/发射器恢复到打开时与恢复模板默认不同。","tool/src/js/10_types.js:916","","tool/src/js/79_workbench.js:159; tool/src/js/79_undo.js:10","47_risetail.js:400 fpsT = rtFadeFps > 0 ? min(30, rtFadeFps) : 30，Fmax = floor(Dlife × fpsT)；:402-407 选格子、fps = F / Dlife；:528 帧号曲线。","实际帧率 = 帧数 ÷ 消散时长，会小于等于设定值；上限 30（引擎每 tick 取一帧不跳帧）。"
"SCHEMA-482","293-shutter","","shutter","P.shutter","P","当前效果 / 当前层 / 输出","number","循环层运动模糊","烘循环层 / 消散贴图时，每帧快门占这一帧时长的比例：让白热段火花连成一片。","命名表说明（可能滞后）；当前条件/换算来自源码，冲突见覆盖报告","引擎字段","1（无量纲）","1（无量纲）","[0,1,0.01]","","0.6","P => familyOf(P.type) === 'rise' && P.form === 'emitset'","无字段级条件","[]","","[""type"",""form""]","本字段不在LINK_KEYS轨迹同步列表；其他条件/默认联动另见本行","不走TIMING_KEYS通用时间联动","onParam：实时模拟更新，灰度烘焙按自动/手动模式处理","","","[]","","本字段无曲线控件","","参数 / 当前层 / 输出 / 画质 / 循环层运动模糊 [shutter]","参数 / 当前层 / 输出 / 画质 / 循环层运动模糊 [shutter]","参数 / 当前层 / 输出 / 画质 / 循环层运动模糊 [shutter]","参数 / 当前层 / 输出 / 画质 / 循环层运动模糊 [shutter]","当前层 P；单层 wbSnap().P，多层 wbSnap().layers[i].P。保存/另存/切效果自动草稿及配方 JSON 保存完整快照。一次拖动/输入提交/选择为一步，全资产60步；输入框内快捷键留给文本撤销。切层/发射器不清历史，打开另一效果/版本重置。行/模块/发射器恢复到打开时与恢复模板默认不同。","tool/src/js/10_types.js:917","","tool/src/js/79_workbench.js:159; tool/src/js/79_undo.js:10","48_render40.js:3-7 快门宽 = shutter × max(本帧时长, 1/30)；:14-25 子帧采样；47_risetail.js:107-109 贴图火花只在离本帧中间最近的子帧画一次。","贴图火花不受它影响（火花的拖影由「拖影时间」管）。实时模拟里看不出，要烘焙后看。"
"SCHEMA-483","294-cellPad","","cellPad","P.cellPad","P","当前效果 / 当前层 / 输出","number","格子留边","每格四周留空的像素数：最外这么宽清零、往里同样宽渐变，防止串到相邻格。","命名表说明（可能滞后）；当前条件/换算来自源码，冲突见覆盖报告","引擎字段","px","px","[0,8,1]","","2","P => familyOf(P.type) === 'rise' && P.form === 'emitset'","无字段级条件","[]","","[""type"",""form""]","本字段不在LINK_KEYS轨迹同步列表；其他条件/默认联动另见本行","不走TIMING_KEYS通用时间联动","onParam：实时模拟更新，灰度烘焙按自动/手动模式处理","","","[]","","本字段无曲线控件","","参数 / 当前层 / 输出 / 直接调 / 格子留边 [cellPad]","参数 / 当前层 / 输出 / 直接调 / 格子留边 [cellPad]","参数 / 当前层 / 输出 / 直接调 / 格子留边 [cellPad]","参数 / 当前层 / 输出 / 直接调 / 格子留边 [cellPad]","当前层 P；单层 wbSnap().P，多层 wbSnap().layers[i].P。保存/另存/切效果自动草稿及配方 JSON 保存完整快照。一次拖动/输入提交/选择为一步，全资产60步；输入框内快捷键留给文本撤销。切层/发射器不清历史，打开另一效果/版本重置。行/模块/发射器恢复到打开时与恢复模板默认不同。","tool/src/js/10_types.js:918","","tool/src/js/79_workbench.js:159; tool/src/js/79_undo.js:10","40_gl.js:41-43 FS_PACK：离格边 < pad 为 0、pad–2pad 线性渐变；50_bake.js:175 uPad = cellPad × scale。","手机贴图也按同样像素数留边（相对更宽）。"
"SCHEMA-484","295-loopT","","loopT","P.loopT","P","当前效果 / 当前层 / 效果","number","循环周期","地面效果一个循环的时长：这段里的火花首尾严格接上，贴图的帧均匀摊在这段里。","命名表说明（可能滞后）；当前条件/换算来自源码，冲突见覆盖报告","引擎字段","s","s","[0.3,4,0.05]","","1","P => familyOf(P.type) === 'ground'","无字段级条件","[]","","[""type""]","本字段不在LINK_KEYS轨迹同步列表；其他条件/默认联动另见本行","不走TIMING_KEYS通用时间联动","onParam：实时模拟更新，灰度烘焙按自动/手动模式处理","","","[]","","本字段无曲线控件","","参数 / 当前层 / 效果 / 规格 / 循环周期 [loopT]","参数 / 当前层 / 效果 / 规格 / 循环周期 [loopT]","参数 / 当前层 / 效果 / 规格 / 循环周期 [loopT]","参数 / 当前层 / 效果 / 规格与制作范围 / 循环周期 [loopT]","当前层 P；单层 wbSnap().P，多层 wbSnap().layers[i].P。保存/另存/切效果自动草稿及配方 JSON 保存完整快照。一次拖动/输入提交/选择为一步，全资产60步；输入框内快捷键留给文本撤销。切层/发射器不清历史，打开另一效果/版本重置。行/模块/发射器恢复到打开时与恢复模板默认不同。","tool/src/js/10_types.js:921","","tool/src/js/79_workbench.js:159; tool/src/js/79_undo.js:10","40_gl.js:455-457 Tp = P.loopT，火花按编号对 Mp = round(sparkRate×Tp) 取模周期生成；40_gl.js:459 转轮 omega = 2π/Tp；50_bake.js:134-141 loopPlan 帧时刻 f×Tp/F 均匀；70_ui.js:35 地面 duration = loopT；65_cascade.js:257-264 参数表 Emitter Duration / Loops = 0。","转轮一个周期正好转一圈；扇形 / 连发每个周期的发射数 = 彗星发射率 × 周期再取整。序列时长自动等于它。模板：喷泉 1、瀑布 1.2、转轮 0.8、扇形 / 连发 2、仕掛け 1 s。"
"SCHEMA-485","296-seed","","seed","P.seed","P","当前效果 / 当前层 / 效果","number","随机种子","火花随机排布的编号：换一个数就换一套火花的位置、速度、闪烁，整体样子不变。","命名表说明（可能滞后）；当前条件/换算来自源码，冲突见覆盖报告","引擎字段","1（无量纲）","1（无量纲）","[1,999,1]","","7","P => familyOf(P.type) === 'ground'","无字段级条件","[]","","[""type""]","同批星轨迹组：当前启用联动时同步组内层；我的效果显式建组/候选推断组。可暂时关闭；组本身不在参数撤销快照。","不走TIMING_KEYS通用时间联动","onParam：实时模拟更新，灰度烘焙按自动/手动模式处理","","","[]","","本字段无曲线控件","","参数 / 当前层 / 效果 / 规格 / 随机种子 [seed]","参数 / 当前层 / 效果 / 规格 / 随机种子 [seed]","参数 / 当前层 / 效果 / 规格 / 随机种子 [seed]","参数 / 当前层 / 效果 / 规格与制作范围 / 随机种子 [seed]","当前层 P；单层 wbSnap().P，多层 wbSnap().layers[i].P。保存/另存/切效果自动草稿及配方 JSON 保存完整快照。一次拖动/输入提交/选择为一步，全资产60步；输入框内快捷键留给文本撤销。切层/发射器不清历史，打开另一效果/版本重置。行/模块/发射器恢复到打开时与恢复模板默认不同。","tool/src/js/10_types.js:922","","tool/src/js/79_workbench.js:159; tool/src/js/79_undo.js:10","40_gl.js:476 uSeed = P.seed；40_gl.js:116-118 GLSL_HASH 用 uSeed 生成每粒火花的随机数。","换种子不影响首尾接缝（火花按周期编号取随机数）。和其他节的「随机种子」是同一个字段（seed）。"
"SCHEMA-486","297-nozzles","","nozzles","P.nozzles","P","当前效果 / 当前层 / 喷口","number","喷口数量","同时喷火的喷口个数：喷泉 / 瀑布排成一行，转轮均布在轮缘，扇形 / 连发轮流打出彗星。","命名表说明（可能滞后）；当前条件/换算来自源码，冲突见覆盖报告","物理量","个","个","[1,24,1]","","1","P => familyOf(P.type) === 'ground'","P => P.type !== 'shikake'","[]","","[""type""]","本字段不在LINK_KEYS轨迹同步列表；其他条件/默认联动另见本行","不走TIMING_KEYS通用时间联动","onParam：实时模拟更新，灰度烘焙按自动/手动模式处理","","","[]","","本字段无曲线控件","","参数 / 当前层 / 喷口 / 形状 / 喷口数量 [nozzles]","参数 / 当前层 / 喷口 / 形状 / 喷口数量 [nozzles]","参数 / 当前层 / 喷口 / 形状 / 喷口数量 [nozzles]","参数 / 当前层 / 喷口 / 空间与运动 / 喷口数量 [nozzles]","当前层 P；单层 wbSnap().P，多层 wbSnap().layers[i].P。保存/另存/切效果自动草稿及配方 JSON 保存完整快照。一次拖动/输入提交/选择为一步，全资产60步；输入框内快捷键留给文本撤销。切层/发射器不清历史，打开另一效果/版本重置。行/模块/发射器恢复到打开时与恢复模板默认不同。","tool/src/js/10_types.js:923","","tool/src/js/79_workbench.js:159; tool/src/js/79_undo.js:10","40_gl.js:439-443 喷泉 / 瀑布每个喷口一个源；40_gl.js:459/461 转轮、彗星 nsrc = nozzles；40_gl.js:243-245 彗星按 km mod nsrc 轮流用喷口；40_gl.js:248/257 每个源各按 uRate 生成火花（火花率是每个喷口的）。","扇形 / 连发：彗星总数由「彗星发射率」定，喷口数只决定彗星从几个位置按顺序轮流打出（从左到右扫）；只有 1 个喷口时「扇面角度」不起作用。仕掛け 不用它（灯芯个数由星数定）。模板：瀑布 14、转轮 4、扇形 7。"
"SCHEMA-487","298-spacing","","spacing","P.spacing","P","当前效果 / 当前层 / 喷口","number","喷口间距","相邻两个喷口的水平距离；仕掛け 时是整个文字 / 图案的宽度（高约为宽的 0.62）。","命名表说明（可能滞后）；当前条件/换算来自源码，冲突见覆盖报告","物理量","m","m","[0.5,80,0.5]","","6","P => familyOf(P.type) === 'ground'","P => ['falls', 'fan', 'shikake', 'fountain', 'barrage'].includes(P.type)","[{""when"":""P => familyOf(P.type) === 'ground' && P.type !== 'shikake' && Math.round(+P.nozzles || 1) <= 1"",""reason"":""「喷口数」是 1 时不起作用""}]","","[""type"",""nozzles""]","本字段不在LINK_KEYS轨迹同步列表；其他条件/默认联动另见本行","不走TIMING_KEYS通用时间联动","onParam：实时模拟更新，灰度烘焙按自动/手动模式处理","","","[]","","本字段无曲线控件","","参数 / 当前层 / 喷口 / 形状 / 喷口间距 [spacing]","参数 / 当前层 / 喷口 / 形状 / 喷口间距 [spacing]","参数 / 当前层 / 喷口 / 形状 / 喷口间距 [spacing]","参数 / 当前层 / 喷口 / 空间与运动 / 喷口间距 [spacing]","当前层 P；单层 wbSnap().P，多层 wbSnap().layers[i].P。保存/另存/切效果自动草稿及配方 JSON 保存完整快照。一次拖动/输入提交/选择为一步，全资产60步；输入框内快捷键留给文本撤销。切层/发射器不清历史，打开另一效果/版本重置。行/模块/发射器恢复到打开时与恢复模板默认不同。","tool/src/js/10_types.js:924","","tool/src/js/79_workbench.js:159; tool/src/js/79_undo.js:10","40_gl.js:437 仕掛け 点位 x×spacing/2、高 groundH+(y+1)×spacing/2×0.62；40_gl.js:439/443 喷口 x = (i−(n−1)/2)×spacing；40_gl.js:245 彗星同样排列；10_types.js:590 显示条件不含 barrage。","只有 1 个喷口时不起作用。连发（barrage）喷口数 > 1 时也按它排开，但面板不显示这一项。模板：瀑布 3、扇形 1.5、仕掛け 30 m。"
"SCHEMA-488","299-groundH","","groundH","P.groundH","P","当前效果 / 当前层 / 喷口","number","离地高度","喷口离地面的高度：瀑布是挂火的高度，转轮是轮心高度，仕掛け 是图案底边高度。","命名表说明（可能滞后）；当前条件/换算来自源码，冲突见覆盖报告","物理量","m","m","[0,60,0.5]","","0","P => familyOf(P.type) === 'ground'","P => ['falls', 'wheel', 'shikake'].includes(P.type)","[]","","[""type""]","本字段不在LINK_KEYS轨迹同步列表；其他条件/默认联动另见本行","不走TIMING_KEYS通用时间联动","onParam：实时模拟更新，灰度烘焙按自动/手动模式处理","","","[]","","本字段无曲线控件","","参数 / 当前层 / 喷口 / 形状 / 离地高度 [groundH]","参数 / 当前层 / 喷口 / 形状 / 离地高度 [groundH]","参数 / 当前层 / 喷口 / 形状 / 离地高度 [groundH]","参数 / 当前层 / 喷口 / 空间与运动 / 离地高度 [groundH]","当前层 P；单层 wbSnap().P，多层 wbSnap().layers[i].P。保存/另存/切效果自动草稿及配方 JSON 保存完整快照。一次拖动/输入提交/选择为一步，全资产60步；输入框内快捷键留给文本撤销。切层/发射器不清历史，打开另一效果/版本重置。行/模块/发射器恢复到打开时与恢复模板默认不同。","tool/src/js/10_types.js:925","","tool/src/js/79_workbench.js:159; tool/src/js/79_undo.js:10","40_gl.js:437-443 源点 y = groundH；40_gl.js:263/289 转轮中心 (0, groundH)；40_gl.js:245 彗星起点 y = uGH；50_bake.js:557 box[2] = min(box[2],0) 取景包含地面；65_cascade.js:264 Initial Location Z = cy。","取景总是把地面（高度 0）包进画面，离得越高贴图里空的越多。模板：瀑布 18、转轮 8、仕掛け 10 m。喷泉 / 扇形 / 连发也会用它，但面板不显示（默认 0）。"
"SCHEMA-489","300-wheelR","","wheelR","P.wheelR","P","当前效果 / 当前层 / 喷口","number","转轮半径","转轮上喷口所在圆的半径；转轮每个循环周期正好转一圈。","命名表说明（可能滞后）；当前条件/换算来自源码，冲突见覆盖报告","物理量","m","m","[0.5,10,0.1]","","3","P => familyOf(P.type) === 'ground'","P => P.type === 'wheel'","[]","","[""type""]","本字段不在LINK_KEYS轨迹同步列表；其他条件/默认联动另见本行","不走TIMING_KEYS通用时间联动","onParam：实时模拟更新，灰度烘焙按自动/手动模式处理","","","[]","","本字段无曲线控件","","参数 / 当前层 / 喷口 / 形状 / 转轮半径 [wheelR]","参数 / 当前层 / 喷口 / 形状 / 转轮半径 [wheelR]","参数 / 当前层 / 喷口 / 形状 / 转轮半径 [wheelR]","参数 / 当前层 / 喷口 / 空间与运动 / 转轮半径 [wheelR]","当前层 P；单层 wbSnap().P，多层 wbSnap().layers[i].P。保存/另存/切效果自动草稿及配方 JSON 保存完整快照。一次拖动/输入提交/选择为一步，全资产60步；输入框内快捷键留给文本撤销。切层/发射器不清历史，打开另一效果/版本重置。行/模块/发射器恢复到打开时与恢复模板默认不同。","tool/src/js/10_types.js:926","","tool/src/js/79_workbench.js:159; tool/src/js/79_undo.js:10","40_gl.js:262-263 喷口在 (R·cos a, groundH + R·sin a)，火花速度加 tg×omega×R；40_gl.js:289 星头同位置；40_gl.js:459 omega = 2π/Tp。","只有转轮显示。轮缘线速度 = 2π × 半径 ÷ 循环周期，也加到火花初速上。模板 2.5 m。"
"SCHEMA-490","301-jetSpeed","","jetSpeed","P.jetSpeed","P","当前效果 / 当前层 / 喷口","number","喷射速度","火花离开喷口的速度（沿喷射方向）；每粒火花另有约 ±15% 的随机（正态）。","命名表说明（可能滞后）；当前条件/换算来自源码，冲突见覆盖报告","物理量","m/s","m/s","[0,80,0.5]","","28","P => familyOf(P.type) === 'ground'","P => !hasComets(P)","[]","","[""type""]","本字段不在LINK_KEYS轨迹同步列表；其他条件/默认联动另见本行","不走TIMING_KEYS通用时间联动","onParam：实时模拟更新，灰度烘焙按自动/手动模式处理","","","[]","","本字段无曲线控件","","参数 / 当前层 / 喷口 / 初速 / 喷射速度 [jetSpeed]","参数 / 当前层 / 喷口 / 初速 / 喷射速度 [jetSpeed]","参数 / 当前层 / 喷口 / 初速 / 喷射速度 [jetSpeed]","参数 / 当前层 / 喷口 / 空间与运动 / 喷射速度 [jetSpeed]","当前层 P；单层 wbSnap().P，多层 wbSnap().layers[i].P。保存/另存/切效果自动草稿及配方 JSON 保存完整快照。一次拖动/输入提交/选择为一步，全资产60步；输入框内快捷键留给文本撤销。切层/发射器不清历史，打开另一效果/版本重置。行/模块/发射器恢复到打开时与恢复模板默认不同。","tool/src/js/10_types.js:927","","tool/src/js/79_workbench.js:159; tool/src/js/79_undo.js:10","40_gl.js:261 vel = coneDir×uJet×(1+0.15·gss)；40_gl.js:263 转轮 ×(1+0.1·gss)、方向 −tg；40_gl.js:489 uJet = P.jetSpeed。","扇形 / 连发不用它（看「彗星初速」）。转轮的随机是 ±10%，方向朝轮子转动的反方向，再加轮缘线速度。「火花散布」的随机速度叠加在上面。仕掛け 模板 0.6 m/s（只是往下滴）。"
"SCHEMA-491","302-jetCone","","jetCone","P.jetCone","P","当前效果 / 当前层 / 喷口","number","喷射锥角","火花方向偏离喷射方向的最大角度（半角），在这个圆锥里均匀分布。","命名表说明（可能滞后）；当前条件/换算来自源码，冲突见覆盖报告","物理量","°","°","[0,90,0.5]","","10","P => familyOf(P.type) === 'ground'","P => !hasComets(P)","[]","","[""type""]","本字段不在LINK_KEYS轨迹同步列表；其他条件/默认联动另见本行","不走TIMING_KEYS通用时间联动","onParam：实时模拟更新，灰度烘焙按自动/手动模式处理","","","[]","","本字段无曲线控件","","参数 / 当前层 / 喷口 / 初速 / 喷射锥角 [jetCone]","参数 / 当前层 / 喷口 / 初速 / 喷射锥角 [jetCone]","参数 / 当前层 / 喷口 / 初速 / 喷射锥角 [jetCone]","参数 / 当前层 / 喷口 / 空间与运动 / 喷射锥角 [jetCone]","当前层 P；单层 wbSnap().P，多层 wbSnap().layers[i].P。保存/另存/切效果自动草稿及配方 JSON 保存完整快照。一次拖动/输入提交/选择为一步，全资产60步；输入框内快捷键留给文本撤销。切层/发射器不清历史，打开另一效果/版本重置。行/模块/发射器恢复到打开时与恢复模板默认不同。","tool/src/js/10_types.js:928","","tool/src/js/79_workbench.js:159; tool/src/js/79_undo.js:10","40_gl.js:240 coneDir θ = uCone×√hash（锥内按面积均匀）；40_gl.js:442 喷泉 fanAngle = 0 时 spread = jetCone×0.5；40_gl.js:489 uCone = jetCone 弧度。","喷泉有多个喷口且「扇面角度」= 0 时，各喷口朝向按 锥角 × 0.5 的总范围错开。扇形 / 连发不用它。"
"SCHEMA-492","303-jetDir","","jetDir","P.jetDir","P","当前效果 / 当前层 / 喷口","number","喷射方向","喷射朝向：90° 竖直向上，0° 向右，−90° 竖直向下（瀑布约 −80°）。","命名表说明（可能滞后）；当前条件/换算来自源码，冲突见覆盖报告","物理量","°","°","[-90,90,1]","","90","P => familyOf(P.type) === 'ground'","P => ['fountain', 'falls'].includes(P.type)","[]","","[""type""]","本字段不在LINK_KEYS轨迹同步列表；其他条件/默认联动另见本行","不走TIMING_KEYS通用时间联动","onParam：实时模拟更新，灰度烘焙按自动/手动模式处理","","","[]","","本字段无曲线控件","","参数 / 当前层 / 喷口 / 初速 / 喷射方向 [jetDir]","参数 / 当前层 / 喷口 / 初速 / 喷射方向 [jetDir]","参数 / 当前层 / 喷口 / 初速 / 喷射方向 [jetDir]","参数 / 当前层 / 喷口 / 空间与运动 / 喷射方向 [jetDir]","当前层 P；单层 wbSnap().P，多层 wbSnap().layers[i].P。保存/另存/切效果自动草稿及配方 JSON 保存完整快照。一次拖动/输入提交/选择为一步，全资产60步；输入框内快捷键留给文本撤销。切层/发射器不清历史，打开另一效果/版本重置。行/模块/发射器恢复到打开时与恢复模板默认不同。","tool/src/js/10_types.js:929","","tool/src/js/79_workbench.js:159; tool/src/js/79_undo.js:10","40_gl.js:437-443 源点第 3 分量 = jetDir（喷泉再加扇面偏移）；40_gl.js:260 a = radians(S.z)，方向 (cos a, sin a)。","只在喷泉、瀑布显示；喷泉多个喷口时，各喷口在这个方向两边按「扇面角度」摊开。仕掛け 内部用 −90°（往下滴），面板不显示。"
"SCHEMA-493","304-fanAngle","","fanAngle","P.fanAngle","P","当前效果 / 当前层 / 喷口","number","扇面角度","多个喷口的朝向从左到右摊开的总角度：扇形 / 连发是彗星发射角，喷泉是各喷口朝向。","命名表说明（可能滞后）；当前条件/换算来自源码，冲突见覆盖报告","物理量","°","°","[0,160,1]","","70","P => familyOf(P.type) === 'ground'","P => hasComets(P) || P.type === 'fountain'","[{""when"":""P => typeof hasComets === 'function' && hasComets(P) && Math.round(+P.nozzles || 1) <= 1"",""reason"":""「喷口数」是 1 时不起作用（扇面角度是几个喷口之间张开的角度）""}]","","[""type"",""nozzles""]","本字段不在LINK_KEYS轨迹同步列表；其他条件/默认联动另见本行","不走TIMING_KEYS通用时间联动","onParam：实时模拟更新，灰度烘焙按自动/手动模式处理","","","[]","","本字段无曲线控件","","参数 / 当前层 / 喷口 / 形状 / 扇面角度 [fanAngle]","参数 / 当前层 / 喷口 / 形状 / 扇面角度 [fanAngle]","参数 / 当前层 / 喷口 / 形状 / 扇面角度 [fanAngle]","参数 / 当前层 / 喷口 / 空间与运动 / 扇面角度 [fanAngle]","当前层 P；单层 wbSnap().P，多层 wbSnap().layers[i].P。保存/另存/切效果自动草稿及配方 JSON 保存完整快照。一次拖动/输入提交/选择为一步，全资产60步；输入框内快捷键留给文本撤销。切层/发射器不清历史，打开另一效果/版本重置。行/模块/发射器恢复到打开时与恢复模板默认不同。","tool/src/js/10_types.js:930","","tool/src/js/79_workbench.js:159; tool/src/js/79_undo.js:10","40_gl.js:244 彗星角 = 90°+fan×(0.5−n/(nsrc−1))，nsrc = 1 时 fr = 0.5 恒竖直，另加 0.02 rad·gss；40_gl.js:442-443 喷泉 spread = fanAngle；10_types.js:187 连发模板 nozzles 1、fanAngle 8。","只有 1 个喷口时不起作用（连发模板 1 个喷口、8°，等于没开）。彗星每发另有约 ±1° 的随机（正态）。喷泉模板 = 0（朝向按喷射锥角的一半错开）。"
"SCHEMA-494","305-shotRate","","shotRate","P.shotRate","P","当前效果 / 当前层 / 彗星","number","生成速率","每秒打出几发彗星（所有喷口合计）；会取整成每个循环周期整数发，保证首尾接上。","命名表说明（可能滞后）；当前条件/换算来自源码，冲突见覆盖报告","物理量","发/秒","发/秒","[0.5,20,0.1]","","3","P => familyOf(P.type) === 'ground'","P => P.type === 'fan' || P.type === 'barrage'","[]","","[""type""]","本字段不在LINK_KEYS轨迹同步列表；其他条件/默认联动另见本行","不走TIMING_KEYS通用时间联动","onParam：实时模拟更新，灰度烘焙按自动/手动模式处理","","","[]","","本字段无曲线控件","","参数 / 当前层 / 彗星 / 生成 / 生成速率 [shotRate]","参数 / 当前层 / 彗星 / 生成 / 生成速率 [shotRate]","参数 / 当前层 / 彗星 / 生成 / 生成速率 [shotRate]","参数 / 当前层 / 彗星 / 时序与数量 / 生成速率 [shotRate]","当前层 P；单层 wbSnap().P，多层 wbSnap().layers[i].P。保存/另存/切效果自动草稿及配方 JSON 保存完整快照。一次拖动/输入提交/选择为一步，全资产60步；输入框内快捷键留给文本撤销。切层/发射器不清历史，打开另一效果/版本重置。行/模块/发射器恢复到打开时与恢复模板默认不同。","tool/src/js/10_types.js:931","","tool/src/js/79_workbench.js:159; tool/src/js/79_undo.js:10","40_gl.js:461 nshot = max(1, round(shotRate×Tp))，shot = nshot/Tp；65_cascade.js:10-11 声音节点；65_cascade.js:275 烟 Spawn Rate。","实际值 = round(发射频率 × 循环周期) ÷ 循环周期，例如扇形 3.5 发/秒 × 2 s = 7 发。喷口按顺序轮流发射。只在扇形、连发显示。"
"SCHEMA-495","306-shotSpeed","","shotSpeed","P.shotSpeed","P","当前效果 / 当前层 / 彗星","number","初速","彗星离开喷口时的速度；每发另有约 ±3% 的随机（正态）。","命名表说明（可能滞后）；当前条件/换算来自源码，冲突见覆盖报告","物理量","m/s","m/s","[10,200,1]","","70","P => familyOf(P.type) === 'ground'","P => P.type === 'fan' || P.type === 'barrage'","[]","","[""type""]","本字段不在LINK_KEYS轨迹同步列表；其他条件/默认联动另见本行","不走TIMING_KEYS通用时间联动","onParam：实时模拟更新，灰度烘焙按自动/手动模式处理","","","[]","","本字段无曲线控件","","参数 / 当前层 / 彗星 / 初速 / 初速 [shotSpeed]","参数 / 当前层 / 彗星 / 初速 / 初速 [shotSpeed]","参数 / 当前层 / 彗星 / 初速 / 初速 [shotSpeed]","参数 / 当前层 / 彗星 / 空间与运动 / 初速 [shotSpeed]","当前层 P；单层 wbSnap().P，多层 wbSnap().layers[i].P。保存/另存/切效果自动草稿及配方 JSON 保存完整快照。一次拖动/输入提交/选择为一步，全资产60步；输入框内快捷键留给文本撤销。切层/发射器不清历史，打开另一效果/版本重置。行/模块/发射器恢复到打开时与恢复模板默认不同。","tool/src/js/10_types.js:932","","tool/src/js/79_workbench.js:159; tool/src/js/79_undo.js:10","40_gl.js:245/284 v0 = 方向×uShotSpd×(1+0.03·gss)；40_gl.js:477 uShotSpd = P.shotSpeed。","飞多高还看「彗星终端速度」（阻力）和「彗星寿命」。模板：扇形 75、连发 90。"
"SCHEMA-496","307-cometBurn","","cometBurn","P.cometBurn","P","当前效果 / 当前层 / 彗星","number","燃烧时间","彗星（带尾迹的大星）从发射到熄灭的时间；燃烧期间一路喷火花。","命名表说明（可能滞后）；当前条件/换算来自源码，冲突见覆盖报告","物理量","s","s","[0.2,4,0.05]","","1.4","P => familyOf(P.type) === 'ground'","P => P.type === 'fan' || P.type === 'barrage'","[]","","[""type""]","本字段不在LINK_KEYS轨迹同步列表；其他条件/默认联动另见本行","不走TIMING_KEYS通用时间联动","onParam：实时模拟更新，灰度烘焙按自动/手动模式处理","","","[]","","本字段无曲线控件","","参数 / 当前层 / 彗星 / 寿命 / 燃烧时间 [cometBurn]","参数 / 当前层 / 彗星 / 寿命 / 燃烧时间 [cometBurn]","参数 / 当前层 / 彗星 / 寿命 / 燃烧时间 [cometBurn]","参数 / 当前层 / 彗星 / 时序与数量 / 燃烧时间 [cometBurn]","当前层 P；单层 wbSnap().P，多层 wbSnap().layers[i].P。保存/另存/切效果自动草稿及配方 JSON 保存完整快照。一次拖动/输入提交/选择为一步，全资产60步；输入框内快捷键留给文本撤销。切层/发射器不清历史，打开另一效果/版本重置。行/模块/发射器恢复到打开时与恢复模板默认不同。","tool/src/js/10_types.js:933","","tool/src/js/79_workbench.js:159; tool/src/js/79_undo.js:10","40_gl.js:252-253 只在 ca < uCBurn 期间出火花；40_gl.js:293-295 星头 ca < uCBurn 可见，之后接小花；65_cascade.js:11 pop 时刻 = +cometBurn。","末端子花在彗星熄灭那一刻开花。星头在最初 0.04 s 从暗到亮。模板：扇形 1.5、连发 1.6 s。"
"SCHEMA-497","308-vt","","vt","P.vt","P","当前效果 / 当前层 / 彗星","number","终端速度","彗星在空气里最终的下落速度，代表空气阻力：数值越小阻力越大。","命名表说明（可能滞后）；当前条件/换算来自源码，冲突见覆盖报告","物理量","m/s","m/s","[5,80,0.5]","","18","P => familyOf(P.type) === 'ground'","P => P.type === 'fan' || P.type === 'barrage'","[]","","[""type""]","同批星轨迹组：当前启用联动时同步组内层；我的效果显式建组/候选推断组。可暂时关闭；组本身不在参数撤销快照。","不走TIMING_KEYS通用时间联动","onParam：实时模拟更新，灰度烘焙按自动/手动模式处理","","","[]","","本字段无曲线控件","","参数 / 当前层 / 彗星 / 受力 / 终端速度 [vt]","参数 / 当前层 / 彗星 / 受力 / 终端速度 [vt]","参数 / 当前层 / 彗星 / 受力 / 终端速度 [vt]","参数 / 当前层 / 彗星 / 空间与运动 / 终端速度 [vt]","当前层 P；单层 wbSnap().P，多层 wbSnap().layers[i].P。保存/另存/切效果自动草稿及配方 JSON 保存完整快照。一次拖动/输入提交/选择为一步，全资产60步；输入框内快捷键留给文本撤销。切层/发射器不清历史，打开另一效果/版本重置。行/模块/发射器恢复到打开时与恢复模板默认不同。","tool/src/js/10_types.js:934","","tool/src/js/79_workbench.js:159; tool/src/js/79_undo.js:10","40_gl.js:462 E.ck = G/max(1,vt)；40_gl.js:246 mot(…, g=−9.81, k=uCK)；40_gl.js:122 mot = 线性阻力解析解。","这里按线性阻力算（空中花型是二次阻力），重力固定 9.81，不受「重力倍率」影响。和「开花与燃烧」的终端速度是同一个字段（vt）。模板：扇形 30、连发 32。"
"SCHEMA-498","309-burstStars","","burstStars","P.burstStars","P","当前效果 / 当前层 / 子花","number","星数","每发彗星熄灭时开出的子星颗数（0 = 不开花）；子星只有星头、不带火花。","命名表说明（可能滞后）；当前条件/换算来自源码，冲突见覆盖报告","物理量","颗","颗","[0,40,1]","","0","P => familyOf(P.type) === 'ground'","P => P.type === 'fan' || P.type === 'barrage'","[]","","[""type""]","本字段不在LINK_KEYS轨迹同步列表；其他条件/默认联动另见本行","不走TIMING_KEYS通用时间联动","onParam：实时模拟更新，灰度烘焙按自动/手动模式处理","","","[]","","本字段无曲线控件","","参数 / 当前层 / 子花 / 生成 / 星数 [burstStars]","参数 / 当前层 / 子花 / 生成 / 星数 [burstStars]","参数 / 当前层 / 子花 / 生成 / 星数 [burstStars]","参数 / 当前层 / 子花 / 时序与数量 / 星数 [burstStars]","当前层 P；单层 wbSnap().P，多层 wbSnap().layers[i].P。保存/另存/切效果自动草稿及配方 JSON 保存完整快照。一次拖动/输入提交/选择为一步，全资产60步；输入框内快捷键留给文本撤销。切层/发射器不清历史，打开另一效果/版本重置。行/模块/发射器恢复到打开时与恢复模板默认不同。","tool/src/js/10_types.js:935","","tool/src/js/79_workbench.js:159; tool/src/js/79_undo.js:10","40_gl.js:290-298 每发彗星 1 + uNb 个星头槽，b > 0 是小花；40_gl.js:296 方向 normalize(三个 gss)；40_gl.js:498 uNb = burstStars；VS_EMIT 只给彗星出火花。","小星方向随机（三维随机方向投影到画面）。连发模板 14 颗。为 0 时「子花初速」「子花寿命」隐藏。"
"SCHEMA-499","310-subSpeed","","subSpeed","P.subSpeed","P","当前效果 / 当前层 / 子花","number","初速","末端子星开花的速度，再叠加彗星当时速度的 30%；每颗约 ±10% 随机（正态）。","命名表说明（可能滞后）；当前条件/换算来自源码，冲突见覆盖报告","物理量","m/s","m/s","[5,80,1]","","40","P => familyOf(P.type) === 'ground'","P => hasComets(P) && P.burstStars > 0","[]","","[""type"",""burstStars""]","本字段不在LINK_KEYS轨迹同步列表；其他条件/默认联动另见本行","不走TIMING_KEYS通用时间联动","onParam：实时模拟更新，灰度烘焙按自动/手动模式处理","","","[""subSpeedJit"",""subScaleJit""]","","本字段无曲线控件","","参数 / 当前层 / 子花 / 初速 / 初速 [subSpeed]","参数 / 当前层 / 子花 / 初速 / 初速 [subSpeed]","参数 / 当前层 / 子花 / 初速 / 初速 [subSpeed]","参数 / 当前层 / 子花 / 空间与运动 / 初速 [subSpeed]","当前层 P；单层 wbSnap().P，多层 wbSnap().layers[i].P。保存/另存/切效果自动草稿及配方 JSON 保存完整快照。一次拖动/输入提交/选择为一步，全资产60步；输入框内快捷键留给文本撤销。切层/发射器不清历史，打开另一效果/版本重置。行/模块/发射器恢复到打开时与恢复模板默认不同。","tool/src/js/10_types.js:936","","tool/src/js/79_workbench.js:159; tool/src/js/79_undo.js:10","40_gl.js:297 q = mot(p, v×0.3 + d×uSS×(1+0.1·gss), g=−9.81, k=0.6)；40_gl.js:498 uSS = P.subSpeed。","小星受固定阻力 0.6/s 和重力 9.81。和「千轮 / 分裂」的子花初速是同一个字段（subSpeed）。连发模板 22。"
"SCHEMA-500","311-subBurn","","subBurn","P.subBurn","P","当前效果 / 当前层 / 子花","number","燃烧时间","末端小星亮多久；每颗在 0.8–1.2 倍之间均匀随机，越到最后越暗。","命名表说明（可能滞后）；当前条件/换算来自源码，冲突见覆盖报告","物理量","s","s","[0.2,3,0.05]","","0.9","P => familyOf(P.type) === 'ground'","P => hasComets(P) && P.burstStars > 0","[]","","[""type"",""burstStars""]","本字段不在LINK_KEYS轨迹同步列表；其他条件/默认联动另见本行","不走TIMING_KEYS通用时间联动","onParam：实时模拟更新，灰度烘焙按自动/手动模式处理","","","[]","","本字段无曲线控件","","参数 / 当前层 / 子花 / 寿命 / 燃烧时间 [subBurn]","参数 / 当前层 / 子花 / 寿命 / 燃烧时间 [subBurn]","参数 / 当前层 / 子花 / 寿命 / 燃烧时间 [subBurn]","参数 / 当前层 / 子花 / 时序与数量 / 燃烧时间 [subBurn]","当前层 P；单层 wbSnap().P，多层 wbSnap().layers[i].P。保存/另存/切效果自动草稿及配方 JSON 保存完整快照。一次拖动/输入提交/选择为一步，全资产60步；输入框内快捷键留给文本撤销。切层/发射器不清历史，打开另一效果/版本重置。行/模块/发射器恢复到打开时与恢复模板默认不同。","tool/src/js/10_types.js:937","","tool/src/js/79_workbench.js:159; tool/src/js/79_undo.js:10","40_gl.js:295 life = uSB×(0.8+0.4·hash)；40_gl.js:298 亮度 ×0.9×(1−x²)、大小 ×0.8。","亮度按 1 − (时间 ÷ 寿命)² 收掉，大小是彗星星头的 0.8 倍。和「千轮 / 分裂」的子花燃烧是同一个字段（subBurn）。"
"SCHEMA-501","4931-01-exportScale","","exportScale","P.exportScale","P","当前效果 / 当前层 / 输出","select","导出缩放","导出时整个效果等比缩小：cascade.json（PC / 手机 / 低端）里面片大小、出生位置、球面半径、速度、加速度都 × 这个数；时间、帧号、贴图、颜色不变。粒子系统名加 _S80 / _S50，贴图名不变、几档共用。","命名表说明（可能滞后）；当前条件/换算来自源码，冲突见覆盖报告","引擎字段","×","×","","[[1,""1（原大）""],[0.8,""0.8""],[0.5,""0.5""]]","1","P => isSeq(P) || isEmit(P) || isTrail(P)","无字段级条件","[{""when"":""P => { if (typeof sizeSpecOf !== 'function') return false; const sp = sizeSpecOf(); return !!(sp && !sp.off); }"",""reason"":""这个效果按「导出尺寸」那一档导出（交付清单顶上选、写了倍数；选「原大」或「这次不按标定」这里才管用）""}]","","[]","本字段不在LINK_KEYS轨迹同步列表；其他条件/默认联动另见本行","不走TIMING_KEYS通用时间联动","onExportScheme：保存方案快照，主灰度贴图通常不重烘；unit变体数/随机例外使unit缓存失效。","","","[]","","本字段无曲线控件","","参数 / 当前层 / 输出 / 直接调 / 导出缩放 [exportScale]","参数 / 当前层 / 输出 / 直接调 / 导出缩放 [exportScale]","参数 / 当前层 / 输出 / 直接调 / 导出缩放 [exportScale]","参数 / 当前层 / 输出 / 直接调 / 导出缩放 [exportScale]","当前层 P；单层 wbSnap().P，多层 wbSnap().layers[i].P。保存/另存/切效果自动草稿及配方 JSON 保存完整快照。一次拖动/输入提交/选择为一步，全资产60步；输入框内快捷键留给文本撤销。切层/发射器不清历史，打开另一效果/版本重置。行/模块/发射器恢复到打开时与恢复模板默认不同。","tool/src/js/10_types.js:947","","tool/src/js/79_workbench.js:159; tool/src/js/79_undo.js:10","66_fwlcascade.js fwlScaleJSON / scaleCascadeFiles；60_export.js 导出；80_render.js exportScaleNow","4.9.31（对话框23，用户 10-07 14:56「现在三个效果的比例都有点太大了，我们的观看距离可能没那么远……导出可以让我选0.5/0.8/1这样」）加。导出方案的键：改了不重烘。"
"SCHEMA-502","4932-01-exportScaleRise","","exportScaleRise","P.exportScaleRise","P","当前效果 / 当前层 / 输出","select","升空高度（缩小时）","升空尾缀导出缩放 < 1 时：跟着缩 = 整个尾缀等比缩小（升空高度 × 缩放，_S80 / _S50）；不变 = 只缩粗细（序列面片只缩宽、火花大小和随机散开 × 缩放，出生位置、弹道、加速度、时间不变，升空高度和尾长照旧，_W80 / _W50）。","命名表说明（可能滞后）；当前条件/换算来自源码，冲突见覆盖报告","引擎字段","选项","选项","","[[""scale"",""跟着缩（等比缩小版，高度 × 缩放）""],[""keep"",""不变（只缩粗细、火花大小和散开）""]]","scale","P => isSeq(P) || isEmit(P) || isTrail(P)","P => (isEmit(P) || isTrail(P)) && +P.exportScale > 0 && +P.exportScale < 1","[{""when"":""P => { if (typeof sizeSpecOf !== 'function') return false; const sp = sizeSpecOf(); return !!(sp && !sp.off); }"",""reason"":""这个效果按「导出尺寸」那一档导出（交付清单顶上选、写了倍数；选「原大」或「这次不按标定」这里才管用）""}]","","[""exportScale""]","本字段不在LINK_KEYS轨迹同步列表；其他条件/默认联动另见本行","不走TIMING_KEYS通用时间联动","onExportScheme：保存方案快照，主灰度贴图通常不重烘；unit变体数/随机例外使unit缓存失效。","","","[]","","本字段无曲线控件","","参数 / 当前层 / 输出 / 直接调 / 升空高度（缩小时） [exportScaleRise]","参数 / 当前层 / 输出 / 直接调 / 升空高度（缩小时） [exportScaleRise]","参数 / 当前层 / 输出 / 直接调 / 升空高度（缩小时） [exportScaleRise]","参数 / 当前层 / 输出 / 直接调 / 升空高度（缩小时） [exportScaleRise]","当前层 P；单层 wbSnap().P，多层 wbSnap().layers[i].P。保存/另存/切效果自动草稿及配方 JSON 保存完整快照。一次拖动/输入提交/选择为一步，全资产60步；输入框内快捷键留给文本撤销。切层/发射器不清历史，打开另一效果/版本重置。行/模块/发射器恢复到打开时与恢复模板默认不同。","tool/src/js/10_types.js:949","","tool/src/js/79_workbench.js:159; tool/src/js/79_undo.js:10","66_fwlcascade.js exportKeepOf / fwlScaleJSON(keep)；46_emitset.js esKeepScale；47_risetail.js renderEmitExport；80_render.js exportWidthNow / drawTrailLayer","4.9.32（对话框23，用户 10-07 16:15「2.缩小到0.8/0.5，升空的高度还是之前正确的吗？」，16:2x 选「两种都要，导出时选」）加。只在升空尾缀、导出缩放 < 1 时出现。导出方案的键：改了不重烘。"
"SCHEMA-503","311b-outPC","","outPC","P.outPC","P","当前效果 / 当前层 / 输出","select","PC 导出","PC 素材包里这一层怎么出：序列（大面片贴图）/ 单束（每颗星一个面片，贴图是一颗星的序列）/ GPU 光点（只出星头，软圆点材质，没有贴图）/ 不出。和多层效果层页头的「导出方案」同一套。 4.9.35 起多一个「单帧」（一张图 + 功能图，写进 cascade.json）。","命名表说明（可能滞后）；当前条件/换算来自源码，冲突见覆盖报告","引擎字段","选项","选项","","[[""seq"",""序列（大面片）""],[""unit"",""单束（每颗星一个面片，带尾迹）""],[""dots"",""GPU 光点（只出星头）""],[""frame"",""单帧（一张图 + 功能图）""],[""off"",""不出""]]","seq","P => singleSchemeOn(P)","无字段级条件","[]","","[]","本字段不在LINK_KEYS轨迹同步列表；其他条件/默认联动另见本行","不走TIMING_KEYS通用时间联动","onExportScheme：保存方案快照，主灰度贴图通常不重烘；unit变体数/随机例外使unit缓存失效。","","","[]","","本字段无曲线控件","","参数 / 当前层 / 输出 / 直接调 / PC 导出 [outPC]","参数 / 当前层 / 输出 / 直接调 / PC 导出 [outPC]","参数 / 当前层 / 输出 / 直接调 / PC 导出 [outPC]","参数 / 当前层 / 输出 / 直接调 / PC 导出 [outPC]","当前层 P；单层 wbSnap().P，多层 wbSnap().layers[i].P。保存/另存/切效果自动草稿及配方 JSON 保存完整快照。一次拖动/输入提交/选择为一步，全资产60步；输入框内快捷键留给文本撤销。切层/发射器不清历史，打开另一效果/版本重置。行/模块/发射器恢复到打开时与恢复模板默认不同。","tool/src/js/10_types.js:953","","tool/src/js/79_workbench.js:159; tool/src/js/79_undo.js:10","60_export.js exportMaster → singleSchemeFiles；67_fwlcombo.js fwlCombo / fwlDots / fwlUnit","用户 2026-10-04 21:17：以前只有多层效果能选 GPU 光点。手机不用 GPU 粒子，手机另选。 4.9.35（用户 10-07 18:50「低端这个分类应该不需要，直接合入产物表里」；18:5x「手机列保留，手机也可以选序列或者单帧或者单束，但没有GPU」）：PC 加「单帧」。"
"SCHEMA-504","311c-outMobile","","outMobile","P.outMobile","P","当前效果 / 当前层 / 输出","select","手机导出","手机素材包（cascade_mobile.json）里这一层出不出序列。手机不用 GPU 粒子。 4.9.35 起也能出单束（CPU，贴图和 PC 单束同一套）、单帧（和 PC 同一张）；手机没有 GPU 光点。","命名表说明（可能滞后）；当前条件/换算来自源码，冲突见覆盖报告","引擎字段","选项","选项","","[[""seq"",""序列""],[""unit"",""单束""],[""frame"",""单帧（一张图 + 功能图）""],[""off"",""不出""]]","seq","P => singleSchemeOn(P)","无字段级条件","[]","","[]","本字段不在LINK_KEYS轨迹同步列表；其他条件/默认联动另见本行","不走TIMING_KEYS通用时间联动","onExportScheme：保存方案快照，主灰度贴图通常不重烘；unit变体数/随机例外使unit缓存失效。","","","[]","","本字段无曲线控件","","参数 / 当前层 / 输出 / 直接调 / 手机导出 [outMobile]","参数 / 当前层 / 输出 / 直接调 / 手机导出 [outMobile]","参数 / 当前层 / 输出 / 直接调 / 手机导出 [outMobile]","参数 / 当前层 / 输出 / 直接调 / 手机导出 [outMobile]","当前层 P；单层 wbSnap().P，多层 wbSnap().layers[i].P。保存/另存/切效果自动草稿及配方 JSON 保存完整快照。一次拖动/输入提交/选择为一步，全资产60步；输入框内快捷键留给文本撤销。切层/发射器不清历史，打开另一效果/版本重置。行/模块/发射器恢复到打开时与恢复模板默认不同。","tool/src/js/10_types.js:954","","tool/src/js/79_workbench.js:159; tool/src/js/79_undo.js:10","60_export.js exportMaster → singleSchemeFiles；67_fwlcombo.js fwlCombo / fwlDots / fwlUnit"," 4.9.35（用户 10-07 18:50「低端这个分类应该不需要，直接合入产物表里」；18:5x「手机列保留，手机也可以选序列或者单帧或者单束，但没有GPU」）：手机从 序列 / 不出 变成 序列 / 单束 / 单帧 / 不出。"
"SCHEMA-505","4929-02-lowPick","","lowPick","P.lowPick","P","当前效果 / 当前层 / 输出","select","单帧取哪一刻","某一帧 = 时间轴上的一刻（缺省自动取花开得最大那一刻）；长曝光 = 入点到出点之间每个像素取最亮，一整朵带尾迹的「太阳」。","命名表说明（可能滞后）；当前条件/换算来自源码，冲突见覆盖报告","引擎字段","选项","选项","","[[""frame"",""某一帧""],[""expo"",""长曝光（入点 → 出点每像素取最亮）""]]","frame","P => singleSchemeOn(P)","P => frameOn(P)","[]","","[]","本字段不在LINK_KEYS轨迹同步列表；其他条件/默认联动另见本行","不走TIMING_KEYS通用时间联动","onExportScheme：保存方案快照，主灰度贴图通常不重烘；unit变体数/随机例外使unit缓存失效。","","","[]","","本字段无曲线控件","","参数 / 当前层 / 输出 / 导出方案 / 单帧取哪一刻 [lowPick]","参数 / 当前层 / 输出 / 导出方案 / 单帧取哪一刻 [lowPick]","参数 / 当前层 / 输出 / 导出方案 / 单帧取哪一刻 [lowPick]","参数 / 当前层 / 输出 / 导出方案 / 单帧取哪一刻 [lowPick]","当前层 P；单层 wbSnap().P，多层 wbSnap().layers[i].P。保存/另存/切效果自动草稿及配方 JSON 保存完整快照。一次拖动/输入提交/选择为一步，全资产60步；输入框内快捷键留给文本撤销。切层/发射器不清历史，打开另一效果/版本重置。行/模块/发射器恢复到打开时与恢复模板默认不同。","tool/src/js/10_types.js:955","","tool/src/js/79_workbench.js:159; tool/src/js/79_undo.js:10","68_lowframe.js lowOf / bakeLow / fwlLow / lowFiles / drawLowLayer；67_fwlcombo.js 导出；80_render.js 低端平台；40_gl.js FS_LOW；61_naming.js 低端命名；79_workbench.js 产物表低端列","4.9.29（对话框23，用户 10-07 09:41 / 09:54 / 13:45）加。单层存在效果参数里（导出方案的键，改了不重烘大面片），多层存在层上（L.out.low、L.lowPick…，层页头「导出方案」）。缺省「不出」：以前的素材包逐字不变。 4.9.35 起 PC 或手机选了单帧才出现（低端并进产物表）。"
"SCHEMA-506","4929-03-lowAt","","lowAt","P.lowAt","P","当前效果 / 当前层 / 输出","number","单帧时刻","单帧取的时刻（从爆点算）；0 = 自动：花开得最大的那一刻。右栏有「用时间轴现在的时刻」。","命名表说明（可能滞后）；当前条件/换算来自源码，冲突见覆盖报告","引擎字段","s","s","[0,30,0.0333]","","0","P => singleSchemeOn(P)","P => frameOn(P) && P.lowPick !== 'expo'","[]","","[""lowPick""]","本字段不在LINK_KEYS轨迹同步列表；其他条件/默认联动另见本行","不走TIMING_KEYS通用时间联动","onExportScheme：保存方案快照，主灰度贴图通常不重烘；unit变体数/随机例外使unit缓存失效。","","","[]","","本字段无曲线控件","","参数 / 当前层 / 输出 / 导出方案 / 单帧时刻 [lowAt]","参数 / 当前层 / 输出 / 导出方案 / 单帧时刻 [lowAt]","参数 / 当前层 / 输出 / 导出方案 / 单帧时刻 [lowAt]","参数 / 当前层 / 输出 / 导出方案 / 单帧时刻 [lowAt]","当前层 P；单层 wbSnap().P，多层 wbSnap().layers[i].P。保存/另存/切效果自动草稿及配方 JSON 保存完整快照。一次拖动/输入提交/选择为一步，全资产60步；输入框内快捷键留给文本撤销。切层/发射器不清历史，打开另一效果/版本重置。行/模块/发射器恢复到打开时与恢复模板默认不同。","tool/src/js/10_types.js:956","","tool/src/js/79_workbench.js:159; tool/src/js/79_undo.js:10","68_lowframe.js lowOf / bakeLow / fwlLow / lowFiles / drawLowLayer；67_fwlcombo.js 导出；80_render.js 低端平台；40_gl.js FS_LOW；61_naming.js 低端命名；79_workbench.js 产物表低端列","4.9.29（对话框23，用户 10-07 09:41 / 09:54 / 13:45）加。单层存在效果参数里（导出方案的键，改了不重烘大面片），多层存在层上（L.out.low、L.lowPick…，层页头「导出方案」）。缺省「不出」：以前的素材包逐字不变。 4.9.35 起 PC 或手机选了单帧才出现（低端并进产物表）。"
"SCHEMA-507","4929-08-info:lowAtNow","","info:lowAtNow","derived:info:lowAtNow","READ","当前效果 / 当前层 / 输出","info","单帧取的时刻","只读：单帧现在取哪一刻；按钮「用时间轴现在的时刻」把单帧时刻设成时间轴上的这一刻，「改回自动」回到花开得最大那一刻。","命名表说明（可能滞后）；当前条件/换算来自源码，冲突见覆盖报告","只读","选项","选项","","","","P => singleSchemeOn(P)","P => frameOn(P) && P.lowPick !== 'expo'","[]","","[""lowPick""]","本字段不在LINK_KEYS轨迹同步列表；其他条件/默认联动另见本行","不走TIMING_KEYS通用时间联动","信息/规格容器；其中原有快捷动作见infoActions","取当前engineTick时刻或恢复自动→P.lowAt/onExportScheme","","[]","","本字段无曲线控件","","参数 / 当前层 / 输出 / 导出方案 / 单帧取的时刻 [info:lowAtNow]","参数 / 当前层 / 输出 / 导出方案 / 单帧取的时刻 [info:lowAtNow]","参数 / 当前层 / 输出 / 导出方案 / 单帧取的时刻 [info:lowAtNow]","参数 / 当前层 / 输出 / 导出方案 / 单帧取的时刻 [info:lowAtNow]","结果本身只读；内含原快捷动作改变对应P字段，按rules.P的完整快照保存/撤销，不另存信息行。","tool/src/js/10_types.js:957","","tool/src/js/79_workbench.js:159; tool/src/js/79_undo.js:10","70_ui.js buildMasterPanel lowAtNow","4.9.29（对话框23，用户 10-07 09:54「默认某一帧」） 4.9.35 起 PC 或手机选了单帧才出现（低端并进产物表）。"
"SCHEMA-508","4929-04-lowSize","","lowSize","P.lowSize","P","当前效果 / 当前层 / 输出","select","单帧贴图大小","单帧贴图边长（一整张就是一个画面）；功能图最大 512。","命名表说明（可能滞后）；当前条件/换算来自源码，冲突见覆盖报告","引擎字段","px","px","","[[512,""512""],[1024,""1024""],[2048,""2048""]]","1024","P => singleSchemeOn(P)","P => frameOn(P)","[]","","[]","本字段不在LINK_KEYS轨迹同步列表；其他条件/默认联动另见本行","不走TIMING_KEYS通用时间联动","onExportScheme：保存方案快照，主灰度贴图通常不重烘；unit变体数/随机例外使unit缓存失效。","","","[]","","本字段无曲线控件","","参数 / 当前层 / 输出 / 导出方案 / 单帧贴图大小 [lowSize]","参数 / 当前层 / 输出 / 导出方案 / 单帧贴图大小 [lowSize]","参数 / 当前层 / 输出 / 导出方案 / 单帧贴图大小 [lowSize]","参数 / 当前层 / 输出 / 导出方案 / 单帧贴图大小 [lowSize]","当前层 P；单层 wbSnap().P，多层 wbSnap().layers[i].P。保存/另存/切效果自动草稿及配方 JSON 保存完整快照。一次拖动/输入提交/选择为一步，全资产60步；输入框内快捷键留给文本撤销。切层/发射器不清历史，打开另一效果/版本重置。行/模块/发射器恢复到打开时与恢复模板默认不同。","tool/src/js/10_types.js:958","","tool/src/js/79_workbench.js:159; tool/src/js/79_undo.js:10","68_lowframe.js lowOf / bakeLow / fwlLow / lowFiles / drawLowLayer；67_fwlcombo.js 导出；80_render.js 低端平台；40_gl.js FS_LOW；61_naming.js 低端命名；79_workbench.js 产物表低端列","4.9.29（对话框23，用户 10-07 09:41 / 09:54 / 13:45）加。单层存在效果参数里（导出方案的键，改了不重烘大面片），多层存在层上（L.out.low、L.lowPick…，层页头「导出方案」）。缺省「不出」：以前的素材包逐字不变。 4.9.35 起 PC 或手机选了单帧才出现（低端并进产物表）。"
"SCHEMA-509","4929-05-lowJit","","lowJit","P.lowJit","P","当前效果 / 当前层 / 输出","number","溶解错落","溶解图里，按 2 × 2 像素一小块给熄灭时刻加一点随机：0 = 完全按模拟（每个像素最后亮着的时刻），1 = 很碎。","命名表说明（可能滞后）；当前条件/换算来自源码，冲突见覆盖报告","引擎字段","1（无量纲）","1（无量纲）","[0,1,0.05]","","0.3","P => singleSchemeOn(P)","P => frameOn(P)","[]","","[]","本字段不在LINK_KEYS轨迹同步列表；其他条件/默认联动另见本行","不走TIMING_KEYS通用时间联动","onExportScheme：保存方案快照，主灰度贴图通常不重烘；unit变体数/随机例外使unit缓存失效。","","low","[]","","本字段无曲线控件","","参数 / 当前层 / 输出 / 导出方案 / 溶解错落 [lowJit]","参数 / 当前层 / 输出 / 导出方案 / 溶解错落 [lowJit]","参数 / 当前层 / 输出 / 导出方案 / 溶解错落 [lowJit]","参数 / 当前层 / 输出 / 导出方案 / 溶解错落 [lowJit]","当前层 P；单层 wbSnap().P，多层 wbSnap().layers[i].P。保存/另存/切效果自动草稿及配方 JSON 保存完整快照。一次拖动/输入提交/选择为一步，全资产60步；输入框内快捷键留给文本撤销。切层/发射器不清历史，打开另一效果/版本重置。行/模块/发射器恢复到打开时与恢复模板默认不同。","tool/src/js/10_types.js:959","","tool/src/js/79_workbench.js:159; tool/src/js/79_undo.js:10","68_lowframe.js lowOf / bakeLow / fwlLow / lowFiles / drawLowLayer；67_fwlcombo.js 导出；80_render.js 低端平台；40_gl.js FS_LOW；61_naming.js 低端命名；79_workbench.js 产物表低端列","4.9.29（对话框23，用户 10-07 09:41 / 09:54 / 13:45）加。单层存在效果参数里（导出方案的键，改了不重烘大面片），多层存在层上（L.out.low、L.lowPick…，层页头「导出方案」）。缺省「不出」：以前的素材包逐字不变。 4.9.35 起 PC 或手机选了单帧才出现（低端并进产物表）。"
"SCHEMA-510","4929-06-lowMaps","","lowMaps","P.lowMaps","P","当前效果 / 当前层 / 输出","select","功能图","合并成一张的功能图：D 溶解（每个像素最后亮着的时刻）、C 轮廓（单帧有内容的地方外扩 3 像素）、A 出现顺序（第一次亮的时刻）；按 D → R、C → G、A → B 放。","命名表说明（可能滞后）；当前条件/换算来自源码，冲突见覆盖报告","引擎字段","选项","选项","","[[""DCA"",""D + C + A""],[""DA"",""D + A""],[""DC"",""D + C""],[""D"",""只要 D""],["""",""不要""]]","DCA","P => singleSchemeOn(P)","P => frameOn(P)","[]","","[]","本字段不在LINK_KEYS轨迹同步列表；其他条件/默认联动另见本行","不走TIMING_KEYS通用时间联动","onExportScheme：保存方案快照，主灰度贴图通常不重烘；unit变体数/随机例外使unit缓存失效。","","","[]","","本字段无曲线控件","","参数 / 当前层 / 输出 / 导出方案 / 功能图 [lowMaps]","参数 / 当前层 / 输出 / 导出方案 / 功能图 [lowMaps]","参数 / 当前层 / 输出 / 导出方案 / 功能图 [lowMaps]","参数 / 当前层 / 输出 / 导出方案 / 功能图 [lowMaps]","当前层 P；单层 wbSnap().P，多层 wbSnap().layers[i].P。保存/另存/切效果自动草稿及配方 JSON 保存完整快照。一次拖动/输入提交/选择为一步，全资产60步；输入框内快捷键留给文本撤销。切层/发射器不清历史，打开另一效果/版本重置。行/模块/发射器恢复到打开时与恢复模板默认不同。","tool/src/js/10_types.js:960","","tool/src/js/79_workbench.js:159; tool/src/js/79_undo.js:10","68_lowframe.js lowOf / bakeLow / fwlLow / lowFiles / drawLowLayer；67_fwlcombo.js 导出；80_render.js 低端平台；40_gl.js FS_LOW；61_naming.js 低端命名；79_workbench.js 产物表低端列","4.9.29（对话框23，用户 10-07 09:41 / 09:54 / 13:45）加。单层存在效果参数里（导出方案的键，改了不重烘大面片），多层存在层上（L.out.low、L.lowPick…，层页头「导出方案」）。缺省「不出」：以前的素材包逐字不变。 4.9.35 起 PC 或手机选了单帧才出现（低端并进产物表）。"
"SCHEMA-511","4929-07-lowSuffix","","lowSuffix","P.lowSuffix","P","当前效果 / 当前层 / 输出","text","功能图后缀","功能图文件名的后缀，你填（例：溶解 + 轮廓 = DC）；空 = 按勾的几种自动拼。只要字母和数字，最多 8 个。","命名表说明（可能滞后）；当前条件/换算来自源码，冲突见覆盖报告","引擎字段","选项","选项","","","","P => singleSchemeOn(P)","P => frameOn(P) && P.lowMaps !== ''","[]","","[""lowMaps""]","本字段不在LINK_KEYS轨迹同步列表；其他条件/默认联动另见本行","不走TIMING_KEYS通用时间联动","onExportScheme：保存方案快照，主灰度贴图通常不重烘；unit变体数/随机例外使unit缓存失效。","","","[]","","本字段无曲线控件","","参数 / 当前层 / 输出 / 导出方案 / 功能图后缀 [lowSuffix]","参数 / 当前层 / 输出 / 导出方案 / 功能图后缀 [lowSuffix]","参数 / 当前层 / 输出 / 导出方案 / 功能图后缀 [lowSuffix]","参数 / 当前层 / 输出 / 导出方案 / 功能图后缀 [lowSuffix]","当前层 P；单层 wbSnap().P，多层 wbSnap().layers[i].P。保存/另存/切效果自动草稿及配方 JSON 保存完整快照。一次拖动/输入提交/选择为一步，全资产60步；输入框内快捷键留给文本撤销。切层/发射器不清历史，打开另一效果/版本重置。行/模块/发射器恢复到打开时与恢复模板默认不同。","tool/src/js/10_types.js:961","","tool/src/js/79_workbench.js:159; tool/src/js/79_undo.js:10","68_lowframe.js lowOf / bakeLow / fwlLow / lowFiles / drawLowLayer；67_fwlcombo.js 导出；80_render.js 低端平台；40_gl.js FS_LOW；61_naming.js 低端命名；79_workbench.js 产物表低端列","4.9.29（对话框23，用户 10-07 09:41 / 09:54 / 13:45）加。单层存在效果参数里（导出方案的键，改了不重烘大面片），多层存在层上（L.out.low、L.lowPick…，层页头「导出方案」）。缺省「不出」：以前的素材包逐字不变。 4.9.35 起 PC 或手机选了单帧才出现（低端并进产物表）。"
"SCHEMA-512","311d-dotSize","","dotSize","P.dotSize","P","当前效果 / 当前层 / 输出","number","光点大小","GPU 光点的直径 = 星头大小 × 本值。","命名表说明（可能滞后）；当前条件/换算来自源码，冲突见覆盖报告","引擎字段","×","×","[0.2,4,0.05]","","1","P => singleSchemeOn(P)","P => P.outPC === 'dots'","[]","","[""outPC""]","本字段不在LINK_KEYS轨迹同步列表；其他条件/默认联动另见本行","不走TIMING_KEYS通用时间联动","onExportScheme：保存方案快照，主灰度贴图通常不重烘；unit变体数/随机例外使unit缓存失效。","","","[]","","本字段无曲线控件","","参数 / 当前层 / 输出 / 导出方案 / 光点大小 [dotSize]","参数 / 当前层 / 输出 / 导出方案 / 光点大小 [dotSize]","参数 / 当前层 / 输出 / 导出方案 / 光点大小 [dotSize]","参数 / 当前层 / 输出 / 导出方案 / 光点大小 [dotSize]","当前层 P；单层 wbSnap().P，多层 wbSnap().layers[i].P。保存/另存/切效果自动草稿及配方 JSON 保存完整快照。一次拖动/输入提交/选择为一步，全资产60步；输入框内快捷键留给文本撤销。切层/发射器不清历史，打开另一效果/版本重置。行/模块/发射器恢复到打开时与恢复模板默认不同。","tool/src/js/10_types.js:962","","tool/src/js/79_workbench.js:159; tool/src/js/79_undo.js:10","60_export.js exportMaster → singleSchemeFiles；67_fwlcombo.js fwlCombo / fwlDots / fwlUnit",""
"SCHEMA-513","311e-dotBright","","dotBright","P.dotBright","P","当前效果 / 当前层 / 输出","number","光点亮度","GPU 光点的亮度倍数（乘在这一层的颜色 × 星头亮度上）。","命名表说明（可能滞后）；当前条件/换算来自源码，冲突见覆盖报告","引擎字段","×","×","[0.1,4,0.05]","","1","P => singleSchemeOn(P)","P => P.outPC === 'dots'","[]","","[""outPC""]","本字段不在LINK_KEYS轨迹同步列表；其他条件/默认联动另见本行","不走TIMING_KEYS通用时间联动","onExportScheme：保存方案快照，主灰度贴图通常不重烘；unit变体数/随机例外使unit缓存失效。","","","[]","","本字段无曲线控件","","参数 / 当前层 / 输出 / 导出方案 / 光点亮度 [dotBright]","参数 / 当前层 / 输出 / 导出方案 / 光点亮度 [dotBright]","参数 / 当前层 / 输出 / 导出方案 / 光点亮度 [dotBright]","参数 / 当前层 / 输出 / 导出方案 / 光点亮度 [dotBright]","当前层 P；单层 wbSnap().P，多层 wbSnap().layers[i].P。保存/另存/切效果自动草稿及配方 JSON 保存完整快照。一次拖动/输入提交/选择为一步，全资产60步；输入框内快捷键留给文本撤销。切层/发射器不清历史，打开另一效果/版本重置。行/模块/发射器恢复到打开时与恢复模板默认不同。","tool/src/js/10_types.js:963","","tool/src/js/79_workbench.js:159; tool/src/js/79_undo.js:10","60_export.js exportMaster → singleSchemeFiles；67_fwlcombo.js fwlCombo / fwlDots / fwlUnit",""
"SCHEMA-514","4928-01-unitVariants","","unitVariants","P.unitVariants","P","当前效果 / 当前层 / 输出","number","单束变体数","PC 出单束时，这一层烘几张单束贴图：每张换一个种子（火花纹路不同），星数平分，每张一个发射器。","命名表说明（可能滞后）；当前条件/换算来自源码，冲突见覆盖报告","引擎字段","张","张","[1,4,1]","","1","P => singleSchemeOn(P)","P => P.outPC === 'unit' || P.outMobile === 'unit'","[]","","[""outPC"",""outMobile""]","本字段不在LINK_KEYS轨迹同步列表；其他条件/默认联动另见本行","不走TIMING_KEYS通用时间联动","onExportScheme：保存方案快照，主灰度贴图通常不重烘；unit变体数/随机例外使unit缓存失效。","","","[]","","本字段无曲线控件","","参数 / 当前层 / 输出 / 导出方案 / 单束变体数 [unitVariants]","参数 / 当前层 / 输出 / 导出方案 / 单束变体数 [unitVariants]","参数 / 当前层 / 输出 / 导出方案 / 单束变体数 [unitVariants]","参数 / 当前层 / 输出 / 导出方案 / 单束变体数 [unitVariants]","当前层 P；单层 wbSnap().P，多层 wbSnap().layers[i].P。保存/另存/切效果自动草稿及配方 JSON 保存完整快照。一次拖动/输入提交/选择为一步，全资产60步；输入框内快捷键留给文本撤销。切层/发射器不清历史，打开另一效果/版本重置。行/模块/发射器恢复到打开时与恢复模板默认不同。","tool/src/js/10_types.js:964","","tool/src/js/79_workbench.js:159; tool/src/js/79_undo.js:10","67_fwlcombo.js unitVarOf / unitVarPs / bakeUnitSet / fwlUnit；80_render.js drawUnitLayer；40_gl.js VS_UNIT（uId0、uSJ）；61_naming.js namingSheets；79_workbench.js 产物表 / 层页头","4.9.28（对话框23，用户 10-07 09:20「同时这些效果要对粗细、长短或多个不同种子一起组合，提升随机感，降低随机感」；11:45 选「变体数 + 随机感」）加。单层存在效果参数里（导出方案的键，改了不重烘大面片、只重烘单束），多层存在层上（L.unitVariants / L.unitRandom，层页头「导出方案」）。缺省 1 / 0 = 以前那一张，cascade.json 逐字不变。"
"SCHEMA-515","4928-02-unitRandom","","unitRandom","P.unitRandom","P","当前效果 / 当前层 / 输出","number","单束随机感","① 几张单束之间粗细（火花大小、星头大小 × 1 ± 0.4 × 本值）和长短（尾长 × 1 ± 0.35 × 本值）拉开多少；② Cascade 里每颗星的大小随机（宽 ± 25 % × 本值、长 ± 20 % × 本值），一张也有用。","命名表说明（可能滞后）；当前条件/换算来自源码，冲突见覆盖报告","引擎字段","1（无量纲）","1（无量纲）","[0,1,0.05]","","0","P => singleSchemeOn(P)","P => P.outPC === 'unit' || P.outMobile === 'unit'","[]","","[""outPC"",""outMobile""]","本字段不在LINK_KEYS轨迹同步列表；其他条件/默认联动另见本行","不走TIMING_KEYS通用时间联动","onExportScheme：保存方案快照，主灰度贴图通常不重烘；unit变体数/随机例外使unit缓存失效。","","","[]","","本字段无曲线控件","","参数 / 当前层 / 输出 / 导出方案 / 单束随机感 [unitRandom]","参数 / 当前层 / 输出 / 导出方案 / 单束随机感 [unitRandom]","参数 / 当前层 / 输出 / 导出方案 / 单束随机感 [unitRandom]","参数 / 当前层 / 输出 / 导出方案 / 单束随机感 [unitRandom]","当前层 P；单层 wbSnap().P，多层 wbSnap().layers[i].P。保存/另存/切效果自动草稿及配方 JSON 保存完整快照。一次拖动/输入提交/选择为一步，全资产60步；输入框内快捷键留给文本撤销。切层/发射器不清历史，打开另一效果/版本重置。行/模块/发射器恢复到打开时与恢复模板默认不同。","tool/src/js/10_types.js:965","","tool/src/js/79_workbench.js:159; tool/src/js/79_undo.js:10","67_fwlcombo.js unitVarOf / unitVarPs / bakeUnitSet / fwlUnit；80_render.js drawUnitLayer；40_gl.js VS_UNIT（uId0、uSJ）；61_naming.js namingSheets；79_workbench.js 产物表 / 层页头","4.9.28（对话框23，用户 10-07 09:20「同时这些效果要对粗细、长短或多个不同种子一起组合，提升随机感，降低随机感」；11:45 选「变体数 + 随机感」）加。单层存在效果参数里（导出方案的键，改了不重烘大面片、只重烘单束），多层存在层上（L.unitVariants / L.unitRandom，层页头「导出方案」）。缺省 1 / 0 = 以前那一张，cascade.json 逐字不变。"
"SCHEMA-516","311f-info:schemeNote","","info:schemeNote","derived:info:schemeNote","READ","当前效果 / 当前层 / 输出","info","导出说明","只读：选了这个方案以后这一层会少什么（有尾迹的层选光点没有尾迹、星头不发光的层光点出不来…）。","命名表说明（可能滞后）；当前条件/换算来自源码，冲突见覆盖报告","只读","选项","选项","","","","P => singleSchemeOn(P)","无字段级条件","[]","","[]","本字段不在LINK_KEYS轨迹同步列表；其他条件/默认联动另见本行","不走TIMING_KEYS通用时间联动","信息/规格容器；其中原有快捷动作见infoActions","无直接编辑动作","","[]","","本字段无曲线控件","","参数 / 当前层 / 输出 / 导出方案 / 导出说明 [info:schemeNote]","参数 / 当前层 / 输出 / 导出方案 / 导出说明 [info:schemeNote]","参数 / 当前层 / 输出 / 导出方案 / 导出说明 [info:schemeNote]","参数 / 当前层 / 输出 / 导出方案 / 导出说明 [info:schemeNote]","只读结果/容器，无直接保存或撤销；受上游配方与成功烘焙影响。","tool/src/js/10_types.js:966","","tool/src/js/79_workbench.js:159; tool/src/js/79_undo.js:10","60_export.js exportMaster → singleSchemeFiles；67_fwlcombo.js fwlCombo / fwlDots / fwlUnit",""
"SCHEMA-517","312-cutIn","","cutIn","P.cutIn","P","当前效果 / 当前层 / 输出","number","入点","贴图从模拟的第几秒开始烘：帧只分给入点到出点这一段；0 = 从第一次看得见开始。","命名表说明（可能滞后）；当前条件/换算来自源码，冲突见覆盖报告","引擎字段","s","s","[0,30,0.0333]","","0","function usesTickPlan40(P) { return familyOf(P.type)==='aerial' && ['master','segments'].includes(P.form); }","无字段级条件","[]","","[""type"",""form""]","本字段不在LINK_KEYS轨迹同步列表；其他条件/默认联动另见本行","不走TIMING_KEYS通用时间联动","onParam：实时模拟更新，灰度烘焙按自动/手动模式处理","","","[]","","本字段无曲线控件","","参数 / 当前层 / 输出 / 直接调 / 入点 [cutIn]","参数 / 当前层 / 输出 / 直接调 / 入点 [cutIn]","参数 / 当前层 / 输出 / 直接调 / 入点 [cutIn]","参数 / 当前层 / 输出 / 直接调 / 入点 [cutIn]","当前层 P；单层 wbSnap().P，多层 wbSnap().layers[i].P。保存/另存/切效果自动草稿及配方 JSON 保存完整快照。一次拖动/输入提交/选择为一步，全资产60步；输入框内快捷键留给文本撤销。切层/发射器不清历史，打开另一效果/版本重置。行/模块/发射器恢复到打开时与恢复模板默认不同。","tool/src/js/10_types.js:969","","tool/src/js/79_workbench.js:159; tool/src/js/79_undo.js:10","50_bake.js:351 cutIn 夹到 duration − 1/30，plan(P,fm,cutIn,…)；50_bake.js:375 设了 cutIn 不裁开头；79_workbench.js:599-604 时段条按 engineTick 设；66_fwlcascade.js:39 delay_s。","一般在时间轴下面的时段条上点「设为入点」，对齐到 1/30 s 的 tick。设了入点，「裁掉开头空白」不再起作用；入点之前怎么显示看「入点前处理」。只在 4.0 大面片 / 分段出现。"
"SCHEMA-518","313-cutOut","","cutOut","P.cutOut","P","当前效果 / 当前层 / 输出","number","出点","贴图烘到模拟的第几秒为止，之后引擎里直接结束；0 = 到最后一次看得见。","命名表说明（可能滞后）；当前条件/换算来自源码，冲突见覆盖报告","引擎字段","s","s","[0,30,0.0333]","","0","function usesTickPlan40(P) { return familyOf(P.type)==='aerial' && ['master','segments'].includes(P.form); }","无字段级条件","[]","","[""type"",""form""]","本字段不在LINK_KEYS轨迹同步列表；其他条件/默认联动另见本行","不走TIMING_KEYS通用时间联动","onParam：实时模拟更新，灰度烘焙按自动/手动模式处理","","","[]","","本字段无曲线控件","","参数 / 当前层 / 输出 / 直接调 / 出点 [cutOut]","参数 / 当前层 / 输出 / 直接调 / 出点 [cutOut]","参数 / 当前层 / 输出 / 直接调 / 出点 [cutOut]","参数 / 当前层 / 输出 / 直接调 / 出点 [cutOut]","当前层 P；单层 wbSnap().P，多层 wbSnap().layers[i].P。保存/另存/切效果自动草稿及配方 JSON 保存完整快照。一次拖动/输入提交/选择为一步，全资产60步；输入框内快捷键留给文本撤销。切层/发射器不清历史，打开另一效果/版本重置。行/模块/发射器恢复到打开时与恢复模板默认不同。","tool/src/js/10_types.js:970","","tool/src/js/79_workbench.js:159; tool/src/js/79_undo.js:10","50_bake.js:351 cutOut > cutIn 才生效、上限 duration；50_bake.js:375 设了 cutOut 不裁末尾；79_workbench.js:606-608。","必须晚于入点，超过序列时长按序列时长算。设了出点，自动裁末尾全黑帧不再起作用。"
"SCHEMA-519","314-preRoll","","preRoll","P.preRoll","P","当前效果 / 当前层 / 输出","select","入点前处理","从第一次看得见到入点这段，引擎里怎么办：用入点那一帧从小放大，或干脆不显示。","命名表说明（可能滞后）；当前条件/换算来自源码，冲突见覆盖报告","旧（待删）","选项","选项","","[[1,""用入点那一帧从小放大（Size By Life）""],[0,""不显示（发射器延迟到入点）""]]","1","function usesTickPlan40(P) { return familyOf(P.type)==='aerial' && ['master','segments'].includes(P.form); }","P => +P.cutIn > 0","[{""when"":""P => P.zoom === 'on'"",""reason"":""「面片取景」是「随开花放大」时不起作用（Zoom 本来就从小放大）""}]","","[""type"",""form"",""cutIn"",""zoom""]","本字段不在LINK_KEYS轨迹同步列表；其他条件/默认联动另见本行","不走TIMING_KEYS通用时间联动","onParam：实时模拟更新，灰度烘焙按自动/手动模式处理","","","[]","","本字段无曲线控件","","参数 / 当前层 / 输出 / 入点出点 / 入点前处理 [preRoll]","参数 / 当前层 / 输出 / 入点出点 / 入点前处理 [preRoll]","参数 / 当前层 / 输出 / 入点出点 / 入点前处理 [preRoll]","参数 / 当前层 / 输出 / 入点出点 / 入点前处理 [preRoll]","当前层 P；单层 wbSnap().P，多层 wbSnap().layers[i].P。保存/另存/切效果自动草稿及配方 JSON 保存完整快照。一次拖动/输入提交/选择为一步，全资产60步；输入框内快捷键留给文本撤销。切层/发射器不清历史，打开另一效果/版本重置。行/模块/发射器恢复到打开时与恢复模板默认不同。","tool/src/js/10_types.js:971","","tool/src/js/79_workbench.js:159; tool/src/js/79_undo.js:10","50_bake.js:387 cutIn && preRoll≠0 && !zoom 才算 pre；50_bake.js:591 from = flash>0 ? 0 : 第一次看得见；66_fwlcascade.js:25-39 pre → Size By Life、帧号前段停 0、delay_s = from。","只在入点 > 0 时出现。只对「固定」取景有效：Zoom 取景时两个选项结果一样（都不放大、延迟到入点）。有开花闪光时从 0 s 开始放大。"
"SCHEMA-520","315-preScale0","","preScale0","P.preScale0","P","当前效果 / 当前层 / 输出","number","放大起始大小","入点前放大开始那一刻，面片是正常大小的几倍；0 = 按当时花径 ÷ 入点时花径自动算。","命名表说明（可能滞后）；当前条件/换算来自源码，冲突见覆盖报告","旧（待删）","×","×","[0,1,0.01]","","0","function usesTickPlan40(P) { return familyOf(P.type)==='aerial' && ['master','segments'].includes(P.form); }","P => +P.cutIn > 0 && +P.preRoll !== 0","[{""when"":""P => P.zoom === 'on'"",""reason"":""「面片取景」是「随开花放大」时不起作用（Zoom 本来就从小放大）""}]","","[""type"",""form"",""cutIn"",""preRoll"",""zoom""]","本字段不在LINK_KEYS轨迹同步列表；其他条件/默认联动另见本行","不走TIMING_KEYS通用时间联动","onParam：实时模拟更新，灰度烘焙按自动/手动模式处理","","","[]","","本字段无曲线控件","","参数 / 当前层 / 输出 / 入点出点 / 放大起始大小 [preScale0]","参数 / 当前层 / 输出 / 入点出点 / 放大起始大小 [preScale0]","参数 / 当前层 / 输出 / 入点出点 / 放大起始大小 [preScale0]","参数 / 当前层 / 输出 / 入点出点 / 放大起始大小 [preScale0]","当前层 P；单层 wbSnap().P，多层 wbSnap().layers[i].P。保存/另存/切效果自动草稿及配方 JSON 保存完整快照。一次拖动/输入提交/选择为一步，全资产60步；输入框内快捷键留给文本撤销。切层/发射器不清历史，打开另一效果/版本重置。行/模块/发射器恢复到打开时与恢复模板默认不同。","tool/src/js/10_types.js:972","","tool/src/js/79_workbench.js:159; tool/src/js/79_undo.js:10","50_bake.js:597-599 s0 = preScale0>0 ? preScale0 : clamp(r0/rIn,0.02,1)，关键点按花径 r95 插值；66_fwlcascade.js:33。","自动值最小 0.02。手动时中间仍按花径变大的快慢放大，只是起点换成这个值。「入点前处理」选「不显示」时不出现。"
"SCHEMA-521","317-info:outSummary","","info:outSummary","derived:info:outSummary","READ","当前效果 / 当前层 / 输出","info","输出概况","只读：烘好后显示烘了多少帧、入点到出点几个 tick、帧率范围、几张贴图、格子用了多少。","命名表说明（可能滞后）；当前条件/换算来自源码，冲突见覆盖报告","只读","选项","选项","","","","P => !isTrail(P) && !isPhys(P) && !isEmit(P)","function usesTickPlan40(P) { return familyOf(P.type)==='aerial' && ['master','segments'].includes(P.form); }","[]","","[""type"",""form""]","本字段不在LINK_KEYS轨迹同步列表；其他条件/默认联动另见本行","不走TIMING_KEYS通用时间联动","信息/规格容器；其中原有快捷动作见infoActions","试算页数用这个→P.pageTarget/onParam","","[]","","本字段无曲线控件","","参数 / 当前层 / 输出 / 算出来的 / 输出概况 [info:outSummary]","参数 / 当前层 / 输出 / 算出来的 / 输出概况 [info:outSummary]","参数 / 当前层 / 输出 / 算出来的 / 输出概况 [info:outSummary]","参数 / 当前层 / 输出 / 算出来的 / 输出概况 [info:outSummary]","结果本身只读；内含原快捷动作改变对应P字段，按rules.P的完整快照保存/撤销，不另存信息行。","tool/src/js/10_types.js:976","","tool/src/js/79_workbench.js:159; tool/src/js/79_undo.js:10","10_types.js:616 { info: 'outSummary', show: usesTickPlan40 }；79_workbench.js:524-541 outSummaryHTML。","燃烧段最慢低于 10 fps、整体最慢低于 7.5 fps、一半以上格子空着时给 ⚠ 提醒（标准里的暂定建议值）。只在 4.0 大面片 / 分段出现。"
"SCHEMA-522","318-info:specBox","","info:specBox","derived:info:specBox","READ","当前效果 / 当前层 / 输出","info","贴图宽 × 高 · 格子","一组下拉：贴图尺寸、列 × 行、通道接力、星头拖尾合并或分开、编码、取帧、模拟内核、取景。","命名表说明（可能滞后）；当前条件/换算来自源码，冲突见覆盖报告","只读","选项","选项","","","","P => !isTrail(P) && !isPhys(P) && !isEmit(P)","无字段级条件","[]","","[]","本字段不在LINK_KEYS轨迹同步列表；其他条件/默认联动另见本行","不走TIMING_KEYS通用时间联动","信息/规格容器；其中原有快捷动作见infoActions","容器移动原贴图宽高/格子真实控件；见SPEC入口","","[]","","本字段无曲线控件","","参数 / 当前层 / 输出 / 直接调 / 贴图宽 × 高 · 格子 [info:specBox]","参数 / 当前层 / 输出 / 直接调 / 贴图宽 × 高 · 格子 [info:specBox]","参数 / 当前层 / 输出 / 直接调 / 贴图宽 × 高 · 格子 [info:specBox]","参数 / 当前层 / 输出 / 直接调 / 贴图宽 × 高 · 格子 [info:specBox]","只读结果/容器，无直接保存或撤销；受上游配方与成功烘焙影响。","tool/src/js/10_types.js:977","","tool/src/js/79_workbench.js:159; tool/src/js/79_undo.js:10","10_types.js:617 { info: 'specBox' }；70_ui.js:553-554 并入；body.html:159-168 子控件；90_events.js:16-25 写回 P。","原来在右栏最下面，4.2.6 起并进这一节。里面的 10 个控件不在 SCHEMA 里，后面补了 10 行（额外行）。"
"SCHEMA-523","495-info:specMore","","info:specMore","derived:info:specMore","READ","当前效果 / 当前层 / 输出","info","贴图其它设置","一组下拉：通道接力、星头火花合并或分开、灰度编码、取帧方式、面片取景（Zoom 是旧（待删））。","命名表说明（可能滞后）；当前条件/换算来自源码，冲突见覆盖报告","只读","选项","选项","","","","P => !isTrail(P) && !isPhys(P) && !isEmit(P)","无字段级条件","[]","","[]","本字段不在LINK_KEYS轨迹同步列表；其他条件/默认联动另见本行","不走TIMING_KEYS通用时间联动","信息/规格容器；其中原有快捷动作见infoActions","容器移动原贴图其它设置；见SPEC入口","","[]","","本字段无曲线控件","","参数 / 当前层 / 输出 / 贴图 / 贴图其它设置 [info:specMore]","参数 / 当前层 / 输出 / 贴图 / 贴图其它设置 [info:specMore]","参数 / 当前层 / 输出 / 贴图 / 贴图其它设置 [info:specMore]","参数 / 当前层 / 输出 / 贴图 / 贴图其它设置 [info:specMore]","只读结果/容器，无直接保存或撤销；受上游配方与成功烘焙影响。","tool/src/js/10_types.js:978","","tool/src/js/79_workbench.js:159; tool/src/js/79_undo.js:10","10_types.js:617 { info: 'specBox' }；70_ui.js:553-554 并入；body.html:159-168 子控件；90_events.js:16-25 写回 P。","4.9.5（宪章遗漏 1）：贴图宽高、列 × 行搬到「直接调」，剩下的放这里。"
"SCHEMA-524","329-fpsFloor","","fpsFloor","P.fpsFloor","P","当前效果 / 当前层 / 输出","number","最低帧率","3.7 / 单束按运动分帧时，慢下来的时段至少按这个帧率的比重分帧，免得后段太稀。","命名表说明（可能滞后）；当前条件/换算来自源码，冲突见覆盖报告","旧（待删）","fps","fps","[8,60,1]","","24","P => !isTrail(P) && !isPhys(P) && !isEmit(P)","P => !isGround(P) && !usesTickPlan40(P)","[]","","[]","本字段不在LINK_KEYS轨迹同步列表；其他条件/默认联动另见本行","不走TIMING_KEYS通用时间联动","onParam：实时模拟更新，灰度烘焙按自动/手动模式处理","","","[]","","本字段无曲线控件","","参数 / 当前层 / 输出 / 帧 / 最低帧率 [fpsFloor]","参数 / 当前层 / 输出 / 帧 / 最低帧率 [fpsFloor]","参数 / 当前层 / 输出 / 帧 / 最低帧率 [fpsFloor]","参数 / 当前层 / 输出 / 帧 / 最低帧率 [fpsFloor]","当前层 P；单层 wbSnap().P，多层 wbSnap().layers[i].P。保存/另存/切效果自动草稿及配方 JSON 保存完整快照。一次拖动/输入提交/选择为一步，全资产60步；输入框内快捷键留给文本撤销。切层/发射器不清历史，打开另一效果/版本重置。行/模块/发射器恢复到打开时与恢复模板默认不同。","tool/src/js/10_types.js:979","","tool/src/js/79_workbench.js:159; tool/src/js/79_undo.js:10","30_plan.js:127 dens = max(运动密度, fpsFloor)，再按总帧数 L.F 归一；10_types.js:618 显示条件。","总帧数由格子定，它只改分配比例，不保证真的达到这个帧率。取帧 = 均匀、上升循环时不起作用；4.0 大面片 / 分段和地面不显示（4.0 用「帧数分配」）。"
"SCHEMA-525","330-frameBudget","","frameBudget","P.frameBudget","P","当前效果 / 当前层 / 输出","select","帧数分配","4.0 大面片入点到出点烘多少帧、帧给在哪：自动、最省、手动、分段、全程 30 fps。","命名表说明（可能滞后）；当前条件/换算来自源码，冲突见覆盖报告","引擎字段","选项","选项","","[[""motion"",""按运动分（默认）：开花段每 tick 一帧（30 fps），慢下来每帧多停几个 tick，先放进一张，放不下自动加张""],[""fixed"",""固定机位 + 匀速帧：整段每帧停一样多 tick，帧号一条直线（一张贴图时开花段常常只有 10 fps）""],[""lean"",""旧（待删）· 最省：只用到最慢帧率需要的帧""],[""count"",""旧（待删）· 手动：自己定总帧数（按运动分配）""],[""tiers"",""旧（待删）· 分段帧率（开花 / 燃烧 / 淡出各定帧率）""],[""full"",""旧（待删）· 全程 30 fps（每个 tick 一帧，最费贴图）""]]","motion","P => !isTrail(P) && !isPhys(P) && !isEmit(P)","function usesTickPlan40(P) { return familyOf(P.type)==='aerial' && ['master','segments'].includes(P.form); }","[]","","[""type"",""form""]","本字段不在LINK_KEYS轨迹同步列表；其他条件/默认联动另见本行","不走TIMING_KEYS通用时间联动","onParam：实时模拟更新，灰度烘焙按自动/手动模式处理","","","[]","","本字段无曲线控件","","参数 / 当前层 / 输出 / 帧 / 帧数分配 [frameBudget]","参数 / 当前层 / 输出 / 帧 / 帧数分配 [frameBudget]","参数 / 当前层 / 输出 / 帧 / 帧数分配 [frameBudget]","参数 / 当前层 / 输出 / 帧 / 帧数分配 [frameBudget]","当前层 P；单层 wbSnap().P，多层 wbSnap().layers[i].P。保存/另存/切效果自动草稿及配方 JSON 保存完整快照。一次拖动/输入提交/选择为一步，全资产60步；输入框内快捷键留给文本撤销。切层/发射器不清历史，打开另一效果/版本重置。行/模块/发射器恢复到打开时与恢复模板默认不同。","tool/src/js/10_types.js:980","","tool/src/js/79_workbench.js:159; tool/src/js/79_undo.js:10","31_plan40.js:199-227 五种模式；31_plan40.js:177-190 motionSchedule40；31_plan40.js:269-281 splitPlan40 分张；66_fwlcascade.js:16-43 每张一个发射器。","自动：先放进「初始贴图张数」，放得下就每 tick 一帧，放不下按星速分（开花段每 tick 一帧，每帧停留一次最多多 1 tick）。最省：每帧都停到最低帧率允许的最长。手动：看「总帧数」。分段帧率：看三段帧率。"
"SCHEMA-526","331-frameCount","","frameCount","P.frameCount","P","当前效果 / 当前层 / 输出","number","总帧数","手动模式下一共烘多少帧，按星的运动快慢分到入点到出点之间。","命名表说明（可能滞后）；当前条件/换算来自源码，冲突见覆盖报告","引擎字段","帧","帧","[4,256,1]","","24","P => !isTrail(P) && !isPhys(P) && !isEmit(P)","P => usesTickPlan40(P) && P.frameBudget === 'count'","[]","","[""frameBudget""]","本字段不在LINK_KEYS轨迹同步列表；其他条件/默认联动另见本行","不走TIMING_KEYS通用时间联动","onParam：实时模拟更新，灰度烘焙按自动/手动模式处理","","","[]","","本字段无曲线控件","","参数 / 当前层 / 输出 / 帧 / 总帧数 [frameCount]","参数 / 当前层 / 输出 / 帧 / 总帧数 [frameCount]","参数 / 当前层 / 输出 / 帧 / 总帧数 [frameCount]","参数 / 当前层 / 输出 / 帧 / 总帧数 [frameCount]","当前层 P；单层 wbSnap().P，多层 wbSnap().layers[i].P。保存/另存/切效果自动草稿及配方 JSON 保存完整快照。一次拖动/输入提交/选择为一步，全资产60步；输入框内快捷键留给文本撤销。切层/发射器不清历史，打开另一效果/版本重置。行/模块/发射器恢复到打开时与恢复模板默认不同。","tool/src/js/10_types.js:981","","tool/src/js/79_workbench.js:159; tool/src/js/79_undo.js:10","31_plan40.js:206-216 want = clamp(frameCount,1,N)，放宽 maxHold 到 8，再按 0.5 权重均分。","不会多于入点到出点的 tick 数。太少时先把每帧最长停留放宽到 8 tick（3.75 fps），还不够就按运动和平均各一半来分，帧率会很低，输出概况会提醒。只在「帧数分配 = 手动」时出现。"
"SCHEMA-527","332-outPack","","outPack","P.outPack","P","当前效果 / 当前层 / 输出","select","格子装法","帧少时贴图怎么定：固定按设好的尺寸和列 × 行（空格子留着），或按帧数挑装得下的最小格子。","命名表说明（可能滞后）；当前条件/换算来自源码，冲突见覆盖报告","引擎字段","选项","选项","","[[""grid"",""固定：按贴图尺寸和列 × 行（帧少时空格子留着）""],[""fit"",""按帧数选最小贴图：单格不变，格子 1×1 / 2×1 / 2×2 / 4×2 / 4×4 里挑最小的放得下的""]]","grid","P => !isTrail(P) && !isPhys(P) && !isEmit(P)","function usesTickPlan40(P) { return familyOf(P.type)==='aerial' && ['master','segments'].includes(P.form); }","[]","","[""type"",""form""]","本字段不在LINK_KEYS轨迹同步列表；其他条件/默认联动另见本行","不走TIMING_KEYS通用时间联动","onParam：实时模拟更新，灰度烘焙按自动/手动模式处理","","","[]","","本字段无曲线控件","","参数 / 当前层 / 输出 / 贴图 / 格子装法 [outPack]","参数 / 当前层 / 输出 / 贴图 / 格子装法 [outPack]","参数 / 当前层 / 输出 / 贴图 / 格子装法 [outPack]","参数 / 当前层 / 输出 / 贴图 / 格子装法 [outPack]","当前层 P；单层 wbSnap().P，多层 wbSnap().layers[i].P。保存/另存/切效果自动草稿及配方 JSON 保存完整快照。一次拖动/输入提交/选择为一步，全资产60步；输入框内快捷键留给文本撤销。切层/发射器不清历史，打开另一效果/版本重置。行/模块/发射器恢复到打开时与恢复模板默认不同。","tool/src/js/10_types.js:982","","tool/src/js/79_workbench.js:159; tool/src/js/79_undo.js:10","31_plan40.js:254/261-268 fitLayout40；31_plan40.js:277 每张各挑；50_bake.js:358 每张按自己的格子开贴图。","挑选顺序 1×1、2×1、2×2、4×2、4×4、8×4、8×8，不超过原来的列 × 行；多张时每张各挑（最后一张可以更小）。一半以上格子空着时输出概况会建议用它。"
"SCHEMA-528","333-outCell","","outCell","P.outCell","P","当前效果 / 当前层 / 输出","select","单格","每一帧（一个格子）多少像素；0 = 贴图尺寸 ÷ 列数，选了数值就反过来按它定列 × 行。","命名表说明（可能滞后）；当前条件/换算来自源码，冲突见覆盖报告","引擎字段","px","px","","[[0,""跟贴图尺寸 ÷ 列数""],[512,""512 px（PC 下限）""],[1024,""1024 px""],[2048,""2048 px""]]","0","P => !isTrail(P) && !isPhys(P) && !isEmit(P)","function usesTickPlan40(P) { return familyOf(P.type)==='aerial' && ['master','segments'].includes(P.form); }","[]","","[""type"",""form""]","本字段不在LINK_KEYS轨迹同步列表；其他条件/默认联动另见本行","不走TIMING_KEYS通用时间联动","onParam：实时模拟更新，灰度烘焙按自动/手动模式处理","","","[]","","本字段无曲线控件","","参数 / 当前层 / 输出 / 算出来的 / 单格 [outCell]","参数 / 当前层 / 输出 / 算出来的 / 单格 [outCell]","参数 / 当前层 / 输出 / 算出来的 / 单格 [outCell]","参数 / 当前层 / 输出 / 算出来的 / 单格 [outCell]","当前层 P；单层 wbSnap().P，多层 wbSnap().layers[i].P。保存/另存/切效果自动草稿及配方 JSON 保存完整快照。一次拖动/输入提交/选择为一步，全资产60步；输入框内快捷键留给文本撤销。切层/发射器不清历史，打开另一效果/版本重置。行/模块/发射器恢复到打开时与恢复模板默认不同。","tool/src/js/10_types.js:983","","tool/src/js/79_workbench.js:159; tool/src/js/79_undo.js:10","31_plan40.js:193-194 oc = max(512,outCell)，cols = floor(texW/oc)；70_ui.js:365-369。","贴图尺寸不变，列 = 贴图宽 ÷ 单格。512 是 PC 下限，不是固定值，按效果选；任何时候都不会小于 512。"
"SCHEMA-529","334-pageTarget","","pageTarget","P.pageTarget","P","当前效果 / 当前层 / 输出","number","贴图张数","自动模式下先试着把整段放进几张贴图；放不下才一张张往上加（最多 12 张）。","命名表说明（可能滞后）；当前条件/换算来自源码，冲突见覆盖报告","引擎字段","张","张","[1,8,1]","","1","P => !isTrail(P) && !isPhys(P) && !isEmit(P)","P => usesTickPlan40(P) && ['motion', 'fixed'].includes(P.frameBudget || 'motion')","[]","{""source"":""从 1 张起，放不下自动加"",""calculate"":""() => outCalc().pages"",""sentinel"":1,""linkedWhen"":""v => !(+v > 1)"",""behavior"":""直接编辑断开；跟着算固定当前计算值；接回存哨兵，均进入快照撤销""}","[""frameBudget""]","本字段不在LINK_KEYS轨迹同步列表；其他条件/默认联动另见本行","不走TIMING_KEYS通用时间联动","onParam：实时模拟更新，灰度烘焙按自动/手动模式处理","","","[]","","本字段无曲线控件","","参数 / 当前层 / 输出 / 算出来的 / 贴图张数 [pageTarget]","参数 / 当前层 / 输出 / 算出来的 / 贴图张数 [pageTarget]","参数 / 当前层 / 输出 / 算出来的 / 贴图张数 [pageTarget]","参数 / 当前层 / 输出 / 算出来的 / 贴图张数 [pageTarget]","当前层 P；单层 wbSnap().P，多层 wbSnap().layers[i].P。保存/另存/切效果自动草稿及配方 JSON 保存完整快照。一次拖动/输入提交/选择为一步，全资产60步；输入框内快捷键留给文本撤销。切层/发射器不清历史，打开另一效果/版本重置。行/模块/发射器恢复到打开时与恢复模板默认不同。","tool/src/js/10_types.js:984","","tool/src/js/79_workbench.js:159; tool/src/js/79_undo.js:10","31_plan40.js:222-225 pages 从 pageTarget 起加到 12；10_types.js:86-89 注释。","用户实测 4.56 s 的金芒菊放一张 4×4×RGBA（64 帧）就流畅，所以默认 1。只在「帧数分配 = 自动」时出现。"
"SCHEMA-530","495-holdTicks","","holdTicks","P.holdTicks","P","当前效果 / 当前层 / 输出","number","每帧停","固定机位 + 匀速帧时，每一帧在引擎里停几个 tick（30 fps 下 1 = 30 fps、2 = 15 fps、3 = 10 fps）。0 = 自动：取放得下的最快那档（放不下 10 fps 就加贴图张数）。","命名表说明（可能滞后）；当前条件/换算来自源码，冲突见覆盖报告","引擎字段","tick","tick","[0,3,1]","","0","P => !isTrail(P) && !isPhys(P) && !isEmit(P)","P => usesTickPlan40(P) && (P.frameBudget || 'motion') === 'fixed'","[]","{""source"":""放得下的最快（1 = 30 fps、2 = 15、3 = 10）"",""calculate"":""() => outCalc().hold"",""sentinel"":0,""linkedWhen"":""autoLinked(holdTicks,v)"",""behavior"":""直接编辑断开；跟着算固定当前计算值；接回存哨兵，均进入快照撤销""}","[""frameBudget""]","本字段不在LINK_KEYS轨迹同步列表；其他条件/默认联动另见本行","不走TIMING_KEYS通用时间联动","onParam：实时模拟更新，灰度烘焙按自动/手动模式处理","","","[]","","本字段无曲线控件","","参数 / 当前层 / 输出 / 算出来的 / 每帧停 [holdTicks]","参数 / 当前层 / 输出 / 算出来的 / 每帧停 [holdTicks]","参数 / 当前层 / 输出 / 算出来的 / 每帧停 [holdTicks]","参数 / 当前层 / 输出 / 算出来的 / 每帧停 [holdTicks]","当前层 P；单层 wbSnap().P，多层 wbSnap().layers[i].P。保存/另存/切效果自动草稿及配方 JSON 保存完整快照。一次拖动/输入提交/选择为一步，全资产60步；输入框内快捷键留给文本撤销。切层/发射器不清历史，打开另一效果/版本重置。行/模块/发射器恢复到打开时与恢复模板默认不同。","tool/src/js/10_types.js:985","","tool/src/js/79_workbench.js:159; tool/src/js/79_undo.js:10","31_plan40.js plan40 fixed 分支；70_ui.js AUTO_DEF holdTicks","4.9.5（宪章遗漏 1，输出栏收口）加：以前固定机位的帧率只能自动定。0 = 自动，和以前一样。"
"SCHEMA-531","335-maxHoldBurn","","maxHoldBurn","P.maxHoldBurn","P","当前效果 / 当前层 / 输出","select","燃烧最低帧率","燃烧段（开花段之后到淡出起点）一帧最多停几个 tick，也就是这段最低的帧率。","命名表说明（可能滞后）；当前条件/换算来自源码，冲突见覆盖报告","引擎字段","选项","选项","","[[2,""15 fps（停 2 tick）""],[3,""10 fps（停 3 tick，默认）""],[4,""7.5 fps（停 4 tick）""]]","3","P => !isTrail(P) && !isPhys(P) && !isEmit(P)","P => usesTickPlan40(P) && ['motion', 'lean', 'count'].includes(P.frameBudget || 'motion')","[]","","[""frameBudget""]","本字段不在LINK_KEYS轨迹同步列表；其他条件/默认联动另见本行","不走TIMING_KEYS通用时间联动","onParam：实时模拟更新，灰度烘焙按自动/手动模式处理","","","[]","","本字段无曲线控件","","参数 / 当前层 / 输出 / 帧 / 燃烧最低帧率 [maxHoldBurn]","参数 / 当前层 / 输出 / 帧 / 燃烧最低帧率 [maxHoldBurn]","参数 / 当前层 / 输出 / 帧 / 燃烧最低帧率 [maxHoldBurn]","参数 / 当前层 / 输出 / 帧 / 燃烧最低帧率 [maxHoldBurn]","当前层 P；单层 wbSnap().P，多层 wbSnap().layers[i].P。保存/另存/切效果自动草稿及配方 JSON 保存完整快照。一次拖动/输入提交/选择为一步，全资产60步；输入框内快捷键留给文本撤销。切层/发射器不清历史，打开另一效果/版本重置。行/模块/发射器恢复到打开时与恢复模板默认不同。","tool/src/js/10_types.js:986","","tool/src/js/79_workbench.js:159; tool/src/js/79_undo.js:10","31_plan40.js:203/222 maxHoldBurn = min(maxHold, …)；31_plan40.js:181 t < fadeAt 用 maxHoldBurn。","不会比「淡出最低帧率」更慢（取两者里更快的）。燃烧段和淡出段的分界看「淡出起点」。只在自动 / 最省 / 手动时出现；10 fps 是标准里的暂定下限。"
"SCHEMA-532","336-maxHold","","maxHold","P.maxHold","P","当前效果 / 当前层 / 输出","select","淡出最低帧率","淡出段（花径到头、星慢下来之后）一帧最多停几个 tick，也就是这段最低的帧率。","命名表说明（可能滞后）；当前条件/换算来自源码，冲突见覆盖报告","引擎字段","选项","选项","","[[2,""15 fps（停 2 tick）""],[3,""10 fps（停 3 tick）""],[4,""7.5 fps（停 4 tick）""],[5,""6 fps（停 5 tick）""]]","4","P => !isTrail(P) && !isPhys(P) && !isEmit(P)","P => usesTickPlan40(P) && ['motion', 'lean', 'count'].includes(P.frameBudget || 'motion')","[]","","[""frameBudget""]","本字段不在LINK_KEYS轨迹同步列表；其他条件/默认联动另见本行","不走TIMING_KEYS通用时间联动","onParam：实时模拟更新，灰度烘焙按自动/手动模式处理","","","[]","","本字段无曲线控件","","参数 / 当前层 / 输出 / 帧 / 淡出最低帧率 [maxHold]","参数 / 当前层 / 输出 / 帧 / 淡出最低帧率 [maxHold]","参数 / 当前层 / 输出 / 帧 / 淡出最低帧率 [maxHold]","参数 / 当前层 / 输出 / 帧 / 淡出最低帧率 [maxHold]","当前层 P；单层 wbSnap().P，多层 wbSnap().layers[i].P。保存/另存/切效果自动草稿及配方 JSON 保存完整快照。一次拖动/输入提交/选择为一步，全资产60步；输入框内快捷键留给文本撤销。切层/发射器不清历史，打开另一效果/版本重置。行/模块/发射器恢复到打开时与恢复模板默认不同。","tool/src/js/10_types.js:987","","tool/src/js/79_workbench.js:159; tool/src/js/79_undo.js:10","31_plan40.js:181 hm = min(t<fadeAt ? maxHoldBurn : maxHold, prev+1)；31_plan40.js:208 放宽到 8。","它同时是燃烧段的上限。手动帧数放不下时会自动放宽到 8 tick（3.75 fps）。7.5 fps 是标准里的暂定下限。"
"SCHEMA-533","337-fpsBurst","","fpsBurst","P.fpsBurst","P","当前效果 / 当前层 / 输出","select","开花段帧率","分段帧率模式下，开花段（开花后前「开花段时长」秒）的帧率。","命名表说明（可能滞后）；当前条件/换算来自源码，冲突见覆盖报告","引擎字段","fps","fps","","[[30,""30 fps""],[15,""15 fps""]]","30","P => !isTrail(P) && !isPhys(P) && !isEmit(P)","P => usesTickPlan40(P) && P.frameBudget === 'tiers'","[]","","[""frameBudget""]","本字段不在LINK_KEYS轨迹同步列表；其他条件/默认联动另见本行","不走TIMING_KEYS通用时间联动","onParam：实时模拟更新，灰度烘焙按自动/手动模式处理","","","[]","","本字段无曲线控件","","参数 / 当前层 / 输出 / 帧 / 开花段帧率 [fpsBurst]","参数 / 当前层 / 输出 / 帧 / 开花段帧率 [fpsBurst]","参数 / 当前层 / 输出 / 帧 / 开花段帧率 [fpsBurst]","参数 / 当前层 / 输出 / 帧 / 开花段帧率 [fpsBurst]","当前层 P；单层 wbSnap().P，多层 wbSnap().layers[i].P。保存/另存/切效果自动草稿及配方 JSON 保存完整快照。一次拖动/输入提交/选择为一步，全资产60步；输入框内快捷键留给文本撤销。切层/发射器不清历史，打开另一效果/版本重置。行/模块/发射器恢复到打开时与恢复模板默认不同。","tool/src/js/10_types.js:988","","tool/src/js/79_workbench.js:159; tool/src/js/79_undo.js:10","31_plan40.js:131 hold40 = round(30/fps)；31_plan40.js:143-149 三段 holds 和点灭 strobeHold。","只在「帧数分配 = 分段帧率」时出现。点灭星点灭期间会自动提高帧率（点灭频率 ≤ 0.4 × 帧率）。设了张数上限时开花段最后才降，最低 15。"
"SCHEMA-534","338-burstSec","","burstSec","P.burstSec","P","当前效果 / 当前层 / 输出","number","开花段时长","开花后前几秒算开花段：自动 / 最省 / 手动下这段每 tick 一帧（30 fps）。","命名表说明（可能滞后）；当前条件/换算来自源码，冲突见覆盖报告","引擎字段","s","s","[0,2,0.05]","","0.5","P => !isTrail(P) && !isPhys(P) && !isEmit(P)","P => usesTickPlan40(P) && !['fixed', 'full'].includes(P.frameBudget || 'motion')","[]","","[""frameBudget""]","本字段不在LINK_KEYS轨迹同步列表；其他条件/默认联动另见本行","不走TIMING_KEYS通用时间联动","onParam：实时模拟更新，灰度烘焙按自动/手动模式处理","","","[]","","本字段无曲线控件","","参数 / 当前层 / 输出 / 帧 / 开花段时长 [burstSec]","参数 / 当前层 / 输出 / 帧 / 开花段时长 [burstSec]","参数 / 当前层 / 输出 / 帧 / 开花段时长 [burstSec]","参数 / 当前层 / 输出 / 帧 / 开花段时长 [burstSec]","当前层 P；单层 wbSnap().P，多层 wbSnap().layers[i].P。保存/另存/切效果自动草稿及配方 JSON 保存完整快照。一次拖动/输入提交/选择为一步，全资产60步；输入框内快捷键留给文本撤销。切层/发射器不清历史，打开另一效果/版本重置。行/模块/发射器恢复到打开时与恢复模板默认不同。","tool/src/js/10_types.js:989","","tool/src/js/79_workbench.js:159; tool/src/js/79_undo.js:10","31_plan40.js:140 burstEnd = burstSec；31_plan40.js:181 t < burstEnd 时 hm = 1；31_plan40.js:148 tiers 用 holds[0]；10_types.js:627。","从开花（模拟 0 s）算，不是从入点算。分段帧率模式下这段用「开花段帧率」（可以是 15 fps，括号里的「每 tick 一帧」不一定成立）；全程 30 fps 时不起作用。"
"SCHEMA-535","339-fpsActive","","fpsActive","P.fpsActive","P","当前效果 / 当前层 / 输出","select","燃烧段帧率","分段帧率模式下，燃烧段（开花段之后到淡出起点）的帧率。","命名表说明（可能滞后）；当前条件/换算来自源码，冲突见覆盖报告","引擎字段","fps","fps","","[[30,""30 fps""],[15,""15 fps""],[10,""10 fps""]]","15","P => !isTrail(P) && !isPhys(P) && !isEmit(P)","P => usesTickPlan40(P) && P.frameBudget === 'tiers'","[]","","[""frameBudget""]","本字段不在LINK_KEYS轨迹同步列表；其他条件/默认联动另见本行","不走TIMING_KEYS通用时间联动","onParam：实时模拟更新，灰度烘焙按自动/手动模式处理","","","[]","","本字段无曲线控件","","参数 / 当前层 / 输出 / 帧 / 燃烧段帧率 [fpsActive]","参数 / 当前层 / 输出 / 帧 / 燃烧段帧率 [fpsActive]","参数 / 当前层 / 输出 / 帧 / 燃烧段帧率 [fpsActive]","参数 / 当前层 / 输出 / 帧 / 燃烧段帧率 [fpsActive]","当前层 P；单层 wbSnap().P，多层 wbSnap().layers[i].P。保存/另存/切效果自动草稿及配方 JSON 保存完整快照。一次拖动/输入提交/选择为一步，全资产60步；输入框内快捷键留给文本撤销。切层/发射器不清历史，打开另一效果/版本重置。行/模块/发射器恢复到打开时与恢复模板默认不同。","tool/src/js/10_types.js:990","","tool/src/js/79_workbench.js:159; tool/src/js/79_undo.js:10","31_plan40.js:145 holds[1]；31_plan40.js:229-232 降档顺序 淡出 → 燃烧 → 开花，下限 7.5 / 10 / 15。","只在「分段帧率」时出现。设了张数上限时第二个被降，最低 10 fps。"
"SCHEMA-536","340-fpsFade","","fpsFade","P.fpsFade","P","当前效果 / 当前层 / 输出","select","淡出段帧率","分段帧率模式下，淡出段（从淡出起点到出点）的帧率。","命名表说明（可能滞后）；当前条件/换算来自源码，冲突见覆盖报告","引擎字段","fps","fps","","[[30,""30 fps""],[15,""15 fps""],[10,""10 fps""],[7.5,""7.5 fps""]]","10","P => !isTrail(P) && !isPhys(P) && !isEmit(P)","P => usesTickPlan40(P) && P.frameBudget === 'tiers'","[]","","[""frameBudget""]","本字段不在LINK_KEYS轨迹同步列表；其他条件/默认联动另见本行","不走TIMING_KEYS通用时间联动","onParam：实时模拟更新，灰度烘焙按自动/手动模式处理","","","[]","","本字段无曲线控件","","参数 / 当前层 / 输出 / 帧 / 淡出段帧率 [fpsFade]","参数 / 当前层 / 输出 / 帧 / 淡出段帧率 [fpsFade]","参数 / 当前层 / 输出 / 帧 / 淡出段帧率 [fpsFade]","参数 / 当前层 / 输出 / 帧 / 淡出段帧率 [fpsFade]","当前层 P；单层 wbSnap().P，多层 wbSnap().layers[i].P。保存/另存/切效果自动草稿及配方 JSON 保存完整快照。一次拖动/输入提交/选择为一步，全资产60步；输入框内快捷键留给文本撤销。切层/发射器不清历史，打开另一效果/版本重置。行/模块/发射器恢复到打开时与恢复模板默认不同。","tool/src/js/10_types.js:991","","tool/src/js/79_workbench.js:159; tool/src/js/79_undo.js:10","31_plan40.js:145 holds[2]；31_plan40.js:233-240 末页 < 25% 时降淡出段。","张数上限超了最先降它，最低 7.5 fps；最后一张贴图只用了不到 25% 时，也会试着降它省掉一张。"
"SCHEMA-537","341-fadeAt","","fadeAt","P.fadeAt","P","当前效果 / 当前层 / 输出","number","淡出起点","从第几秒起算淡出段；0 = 自动：花径到 97%、星速降到峰值 35% 以下那一刻。","命名表说明（可能滞后）；当前条件/换算来自源码，冲突见覆盖报告","引擎字段","s","s","[0,20,0.05]","","0","P => !isTrail(P) && !isPhys(P) && !isEmit(P)","P => usesTickPlan40(P) && !['fixed', 'full'].includes(P.frameBudget || 'motion')","[]","","[""frameBudget""]","本字段不在LINK_KEYS轨迹同步列表；其他条件/默认联动另见本行","不走TIMING_KEYS通用时间联动","onParam：实时模拟更新，灰度烘焙按自动/手动模式处理","","","[]","","本字段无曲线控件","","参数 / 当前层 / 输出 / 帧 / 淡出起点 [fadeAt]","参数 / 当前层 / 输出 / 帧 / 淡出起点 [fadeAt]","参数 / 当前层 / 输出 / 帧 / 淡出起点 [fadeAt]","参数 / 当前层 / 输出 / 帧 / 淡出起点 [fadeAt]","当前层 P；单层 wbSnap().P，多层 wbSnap().layers[i].P。保存/另存/切效果自动草稿及配方 JSON 保存完整快照。一次拖动/输入提交/选择为一步，全资产60步；输入框内快捷键留给文本撤销。切层/发射器不清历史，打开另一效果/版本重置。行/模块/发射器恢复到打开时与恢复模板默认不同。","tool/src/js/10_types.js:992","","tool/src/js/79_workbench.js:159; tool/src/js/79_undo.js:10","31_plan40.js:132-138 fadeAt40；31_plan40.js:181 motionSchedule40 用 B.fadeAt；10_types.js:630 显示条件只有 tiers。","面板上只在分段帧率时出现，但自动 / 最省 / 手动也用它区分燃烧段和淡出段（填过的值一直生效）。不会早于开花段结束；自动找不到时取序列时长的 60%。"
"SCHEMA-538","342-maxPages","","maxPages","P.maxPages","P","当前效果 / 当前层 / 输出","number","贴图张数上限","分段帧率模式下最多用几张贴图；超了按淡出、燃烧、开花的顺序一档档降帧率。0 = 不限。","命名表说明（可能滞后）；当前条件/换算来自源码，冲突见覆盖报告","引擎字段","张","张","[0,12,1]","","0","P => !isTrail(P) && !isPhys(P) && !isEmit(P)","P => usesTickPlan40(P) && P.frameBudget === 'tiers'","[]","","[""frameBudget""]","本字段不在LINK_KEYS轨迹同步列表；其他条件/默认联动另见本行","不走TIMING_KEYS通用时间联动","onParam：实时模拟更新，灰度烘焙按自动/手动模式处理","","","[]","","本字段无曲线控件","","参数 / 当前层 / 输出 / 贴图 / 贴图张数上限 [maxPages]","参数 / 当前层 / 输出 / 贴图 / 贴图张数上限 [maxPages]","参数 / 当前层 / 输出 / 贴图 / 贴图张数上限 [maxPages]","参数 / 当前层 / 输出 / 贴图 / 贴图张数上限 [maxPages]","当前层 P；单层 wbSnap().P，多层 wbSnap().layers[i].P。保存/另存/切效果自动草稿及配方 JSON 保存完整快照。一次拖动/输入提交/选择为一步，全资产60步；输入框内快捷键留给文本撤销。切层/发射器不清历史，打开另一效果/版本重置。行/模块/发射器恢复到打开时与恢复模板默认不同。","tool/src/js/10_types.js:993","","tool/src/js/79_workbench.js:159; tool/src/js/79_undo.js:10","31_plan40.js:229-232 coarsen 循环，只在 mode === 'tiers' 执行。","降到下限（淡出 7.5、燃烧 10、开花 15 fps）还放不下就不再降，张数会超过上限。只在「分段帧率」时起作用。"
"SCHEMA-539","343-shutter","","shutter","P.shutter","P","当前效果 / 当前层 / 输出","number","运动模糊","烘每帧时快门开多久，占这帧在引擎里显示时长的比例，类似快门角度（0.6 ≈ 216°）。","命名表说明（可能滞后）；当前条件/换算来自源码，冲突见覆盖报告","引擎字段","1（无量纲）","1（无量纲）","[0,1,0.01]","","0.6","P => !isTrail(P) && !isPhys(P) && !isEmit(P)","无字段级条件","[]","","[]","本字段不在LINK_KEYS轨迹同步列表；其他条件/默认联动另见本行","不走TIMING_KEYS通用时间联动","onParam：实时模拟更新，灰度烘焙按自动/手动模式处理","","","[]","","本字段无曲线控件","","参数 / 当前层 / 输出 / 画质 / 运动模糊 [shutter]","参数 / 当前层 / 输出 / 画质 / 运动模糊 [shutter]","参数 / 当前层 / 输出 / 画质 / 运动模糊 [shutter]","参数 / 当前层 / 输出 / 画质 / 运动模糊 [shutter]","当前层 P；单层 wbSnap().P，多层 wbSnap().layers[i].P。保存/另存/切效果自动草稿及配方 JSON 保存完整快照。一次拖动/输入提交/选择为一步，全资产60步；输入框内快捷键留给文本撤销。切层/发射器不清历史，打开另一效果/版本重置。行/模块/发射器恢复到打开时与恢复模板默认不同。","tool/src/js/10_types.js:994","","tool/src/js/79_workbench.js:159; tool/src/js/79_undo.js:10","48_render40.js:3-7 shutterWindow width = shutter×max(dur,1/30)，居中于 t；50_bake.js:157 3.7 W = shutter×dur 居中 tc；50_bake.js:158 子样本数。","4.0：窗口 = 比例 × 这一帧停留时间（至少 1/30 s），以帧开始的时刻为中心；3.7：以帧中点为中心。快门里取几个样本看「快门采样率」「子样本上限」。0 = 瞬时快照。"
"SCHEMA-540","347-trimLead","","trimLead","P.trimLead","P","当前效果 / 当前层 / 输出","number","裁掉开头空白","贴图是否从第一次看得见才开始：开头全黑的帧不烘，引擎里用发射器延迟补上那段时间。","命名表说明（可能滞后）；当前条件/换算来自源码，冲突见覆盖报告","旧（待删）","1（无量纲）","1（无量纲）","[0,1,1]","","1","P => !isTrail(P) && !isPhys(P) && !isEmit(P)","P => P.form === 'master' || usesTickPlan40(P)","[]","","[""form""]","本字段不在LINK_KEYS轨迹同步列表；其他条件/默认联动另见本行","不走TIMING_KEYS通用时间联动","onParam：实时模拟更新，灰度烘焙按自动/手动模式处理","","","[]","","本字段无曲线控件","","参数 / 当前层 / 输出 / 入点出点 / 裁掉开头空白 [trimLead]","参数 / 当前层 / 输出 / 入点出点 / 裁掉开头空白 [trimLead]","参数 / 当前层 / 输出 / 入点出点 / 裁掉开头空白 [trimLead]","参数 / 当前层 / 输出 / 入点出点 / 裁掉开头空白 [trimLead]","当前层 P；单层 wbSnap().P，多层 wbSnap().layers[i].P。保存/另存/切效果自动草稿及配方 JSON 保存完整快照。一次拖动/输入提交/选择为一步，全资产60步；输入框内快捷键留给文本撤销。切层/发射器不清历史，打开另一效果/版本重置。行/模块/发射器恢复到打开时与恢复模板默认不同。","tool/src/js/10_types.js:995","","tool/src/js/79_workbench.js:159; tool/src/js/79_undo.js:10","50_bake.js:373-375 4.0 lit = ≥ 2/255，trimLead = 0 或有 cutIn 时不裁；50_bake.js:603-608 3.7 leadOf；66_fwlcascade.js:39 delay_s = t0。","4.0 按真正写出的贴图裁（最亮像素 ≤ 1/255 才算全黑）；3.7 按星头第一次亮起前 0.05 s，空白不到 0.25 s 不裁。设了入点就不看它。点火延迟、千轮子花这类前面空的层最有用。"
"SCHEMA-541","348-unitElev","","unitElev","P.unitElev","P","当前效果 / 当前层 / 输出","number","代表星仰角","烘单束贴图时，那一颗代表星的发射仰角（0 = 水平）。","命名表说明（可能滞后）；当前条件/换算来自源码，冲突见覆盖报告","引擎字段","°","°","[-60,60,1]","","0","P => !isTrail(P) && !isPhys(P) && !isEmit(P)","P => P.form === 'unit' && isAir(P)","[]","","[""form""]","本字段不在LINK_KEYS轨迹同步列表；其他条件/默认联动另见本行","不走TIMING_KEYS通用时间联动","onParam：实时模拟更新，灰度烘焙按自动/手动模式处理","","","[]","","本字段无曲线控件","","参数 / 当前层 / 输出 / 取景 / 代表星仰角 [unitElev]","参数 / 当前层 / 输出 / 取景 / 代表星仰角 [unitElev]","参数 / 当前层 / 输出 / 取景 / 代表星仰角 [unitElev]","参数 / 当前层 / 输出 / 取景 / 代表星仰角 [unitElev]","当前层 P；单层 wbSnap().P，多层 wbSnap().layers[i].P。保存/另存/切效果自动草稿及配方 JSON 保存完整快照。一次拖动/输入提交/选择为一步，全资产60步；输入框内快捷键留给文本撤销。切层/发射器不清历史，打开另一效果/版本重置。行/模块/发射器恢复到打开时与恢复模板默认不同。","tool/src/js/10_types.js:996","","tool/src/js/79_workbench.js:159; tool/src/js/79_undo.js:10","20_sim.js:102 _unit 时方向 = (cos e, sin e)；50_bake.js:484 bakeUnit 把 grav / sparkGrav / wind / turb 置 0，50_bake.js:37-41 xfAt 再转到速度朝上；50_bake.js:113 starPath 另把 unitElev 置 0。不确定对 tailDiffuse / flutter 的影响有多大。","疑似不起作用：只可能影响落叶摆动、尾迹扩散噪声这类按世界方向算的细节。只在空中花型、产物 = 单束时出现。"
"SCHEMA-542","349-cellPad","","cellPad","P.cellPad","P","当前效果 / 当前层 / 输出","number","格子留边","每个格子四周留多少像素的黑边，防止 mip 和压缩时把相邻帧的内容串进来。","命名表说明（可能滞后）；当前条件/换算来自源码，冲突见覆盖报告","引擎字段","px","px","[0,8,1]","","2","P => !isTrail(P) && !isPhys(P) && !isEmit(P)","无字段级条件","[]","","[]","本字段不在LINK_KEYS轨迹同步列表；其他条件/默认联动另见本行","不走TIMING_KEYS通用时间联动","onParam：实时模拟更新，灰度烘焙按自动/手动模式处理","","","[]","","本字段无曲线控件","","参数 / 当前层 / 输出 / 直接调 / 格子留边 [cellPad]","参数 / 当前层 / 输出 / 直接调 / 格子留边 [cellPad]","参数 / 当前层 / 输出 / 直接调 / 格子留边 [cellPad]","参数 / 当前层 / 输出 / 直接调 / 格子留边 [cellPad]","当前层 P；单层 wbSnap().P，多层 wbSnap().layers[i].P。保存/另存/切效果自动草稿及配方 JSON 保存完整快照。一次拖动/输入提交/选择为一步，全资产60步；输入框内快捷键留给文本撤销。切层/发射器不清历史，打开另一效果/版本重置。行/模块/发射器恢复到打开时与恢复模板默认不同。","tool/src/js/10_types.js:997","","tool/src/js/79_workbench.js:159; tool/src/js/79_undo.js:10","40_gl.js:43 m = clamp((min(d)−uPad)/uPad, 0, 1)；50_bake.js:175 ×scale；31_plan40.js:95 收紧时 ePx ≥ 2×pad。","最外 N 像素压成全黑，再往里 N 像素渐变到正常。4K 母版按两倍算。取景收紧时内容至少离格子边 2 × 留边。"
"SCHEMA-543","point17-coreProfile","","coreProfile","P.coreProfile","P","当前效果 / 当前层 / 输出","select","亮核分布","选择均匀亮核或中心更集中的渐变亮核。","命名表说明（可能滞后）；当前条件/换算来自源码，冲突见覆盖报告","引擎字段","选项","选项","","[[0,""均匀亮核（兼容）""],[1,""渐变亮核""]]","0","() => true","无字段级条件","[{""when"":""P => isTrail(P)"",""reason"":""V5尾缀沿用已通过的高斯核；本选项不改变它和开花闪光""}]","","[]","本字段不在LINK_KEYS轨迹同步列表；其他条件/默认联动另见本行","不走TIMING_KEYS通用时间联动","onParam：实时模拟更新，灰度烘焙按自动/手动模式处理","","","[]","","本字段无曲线控件","","参数 / 当前层 / 输出 / 曝光光晕 / 亮核分布 [coreProfile]","参数 / 当前层 / 输出 / 曝光光晕 / 亮核分布 [coreProfile]","参数 / 当前层 / 输出 / 曝光光晕 / 亮核分布 [coreProfile]","参数 / 当前层 / 输出 / 曝光光晕 / 亮核分布 [coreProfile]","当前层 P；单层 wbSnap().P，多层 wbSnap().layers[i].P。保存/另存/切效果自动草稿及配方 JSON 保存完整快照。一次拖动/输入提交/选择为一步，全资产60步；输入框内快捷键留给文本撤销。切层/发射器不清历史，打开另一效果/版本重置。行/模块/发射器恢复到打开时与恢复模板默认不同。","tool/src/js/10_types.js:1000","","tool/src/js/79_workbench.js:159; tool/src/js/79_undo.js:10","05_quality.js / 41_particles40.js / 48_render40.js；point_profile_check.py","渐变核保持线性总光量和二阶矩；大小表示与旧圆盘等效的直径。适用于烘焙光点（星头、火花、爆裂小闪），不改变V5兼容高斯、开花闪光及UE独立软圆点。亚像素光点仍须足够单格分辨率。"
"SCHEMA-544","350-exposure","","exposure","P.exposure","P","当前效果 / 当前层 / 输出","number","固定曝光","写入灰度贴图前的固定曝光；降低可保留亮部层次，显示强度在颜色栏另调。","命名表说明（可能滞后）；当前条件/换算来自源码，冲突见覆盖报告","引擎字段","×","×","[0.001,20,0.001]","","1","() => true","P => !P.exposureLock","[]","","[""exposureLock""]","本字段不在LINK_KEYS轨迹同步列表；其他条件/默认联动另见本行","不走TIMING_KEYS通用时间联动","onParam：实时模拟更新，灰度烘焙按自动/手动模式处理","","","[]","","本字段无曲线控件","","参数 / 当前层 / 输出 / 直接调 / 固定曝光 [exposure]","参数 / 当前层 / 输出 / 直接调 / 固定曝光 [exposure]","参数 / 当前层 / 输出 / 直接调 / 固定曝光 [exposure]","参数 / 当前层 / 输出 / 直接调 / 固定曝光 [exposure]","当前层 P；单层 wbSnap().P，多层 wbSnap().layers[i].P。保存/另存/切效果自动草稿及配方 JSON 保存完整快照。一次拖动/输入提交/选择为一步，全资产60步；输入框内快捷键留给文本撤销。切层/发射器不清历史，打开另一效果/版本重置。行/模块/发射器恢复到打开时与恢复模板默认不同。","tool/src/js/10_types.js:1001","","tool/src/js/79_workbench.js:159; tool/src/js/79_undo.js:10","48_render40.js:9 fixedExposure；50_bake.js:189-190 4.0 eH = eT = fixedExposure；40_gl.js:52 编码；48_render40.js:117-146 建议曝光；10_types.js:195 EXPOSURE40。","建议曝光只在点击时更新，按最亮采样时刻99.8%分位及建议亮部目标计算，不含开花闪光。降低曝光会改变Ramp取色，不会自动保持明暗或颜色。"
"SCHEMA-545","point17-exposureTarget","","exposureTarget","P.exposureTarget","P","当前效果 / 当前层 / 输出","number","建议亮部目标","点击建议曝光时，亮部软压缩后的目标值；数值越低，保留亮部余量越多。","命名表说明（可能滞后）；当前条件/换算来自源码，冲突见覆盖报告","预览设置","1（无量纲）","1（无量纲）","[0.5,0.98,0.01]","","0.96","() => true","无字段级条件","[{""when"":""P => isTrail(P) || isPhys(P) || isEmit(P)"",""reason"":""这类产物目前不使用「建议曝光」；可直接调贴图曝光""}]","","[]","本字段不在LINK_KEYS轨迹同步列表；其他条件/默认联动另见本行","不走TIMING_KEYS通用时间联动","onParam：实时模拟更新，灰度烘焙按自动/手动模式处理","","","[]","","本字段无曲线控件","","参数 / 当前层 / 输出 / 曝光光晕 / 建议亮部目标 [exposureTarget]","参数 / 当前层 / 输出 / 曝光光晕 / 建议亮部目标 [exposureTarget]","参数 / 当前层 / 输出 / 曝光光晕 / 建议亮部目标 [exposureTarget]","参数 / 当前层 / 输出 / 曝光光晕 / 建议亮部目标 [exposureTarget]","当前层 P；单层 wbSnap().P，多层 wbSnap().layers[i].P。保存/另存/切效果自动草稿及配方 JSON 保存完整快照。一次拖动/输入提交/选择为一步，全资产60步；输入框内快捷键留给文本撤销。切层/发射器不清历史，打开另一效果/版本重置。行/模块/发射器恢复到打开时与恢复模板默认不同。","tool/src/js/10_types.js:1002","","tool/src/js/79_workbench.js:159; tool/src/js/79_undo.js:10","05_quality.js / 41_particles40.js / 48_render40.js；point_profile_check.py","默认0.96兼容旧计算；试0.80–0.85后点击建议曝光，再在颜色栏补显示强度。目标指编码gamma之前，不保证所有像素都低于目标；没有点击时不改变当前曝光。不自动补亮。"
"SCHEMA-546","351-exposureLock","","exposureLock","P.exposureLock","P","当前效果 / 当前层 / 输出","select","锁定曝光","锁住当前曝光：隐藏曝光滑杆、禁用「建议曝光」按钮，防止误改。","命名表说明（可能滞后）；当前条件/换算来自源码，冲突见覆盖报告","预览设置","选项","选项","","[[0,""未锁定（曝光仍固定）""],[1,""已锁定""]]","0","() => true","无字段级条件","[]","","[]","本字段不在LINK_KEYS轨迹同步列表；其他条件/默认联动另见本行","不走TIMING_KEYS通用时间联动","onParam：实时模拟更新，灰度烘焙按自动/手动模式处理","","","[]","","本字段无曲线控件","","参数 / 当前层 / 输出 / 曝光光晕 / 锁定曝光 [exposureLock]","参数 / 当前层 / 输出 / 曝光光晕 / 锁定曝光 [exposureLock]","参数 / 当前层 / 输出 / 曝光光晕 / 锁定曝光 [exposureLock]","参数 / 当前层 / 输出 / 曝光光晕 / 锁定曝光 [exposureLock]","当前层 P；单层 wbSnap().P，多层 wbSnap().layers[i].P。保存/另存/切效果自动草稿及配方 JSON 保存完整快照。一次拖动/输入提交/选择为一步，全资产60步；输入框内快捷键留给文本撤销。切层/发射器不清历史，打开另一效果/版本重置。行/模块/发射器恢复到打开时与恢复模板默认不同。","tool/src/js/10_types.js:1003","","tool/src/js/79_workbench.js:159; tool/src/js/79_undo.js:10","10_types.js:641 exposure 显示条件 !exposureLock；70_ui.js:592 禁用按钮；48_render40.js:138/144；70_ui.js:621 随机微调跳过 exposure。","不改变烘焙结果本身。随机微调本来就不动曝光。"
"SCHEMA-547","352-haloFrac","","haloFrac","P.haloFrac","P","当前效果 / 当前层 / 输出","number","光晕占比","每个颗粒（星头、火花）在实心亮核外再加一圈柔光；这是柔光占总光量的比例。","命名表说明（可能滞后）；当前条件/换算来自源码，冲突见覆盖报告","引擎字段","1（无量纲）","1（无量纲）","[0,0.85,0.01]","","0.22","() => true","无字段级条件","[]","","[]","本字段不在LINK_KEYS轨迹同步列表；其他条件/默认联动另见本行","不走TIMING_KEYS通用时间联动","onParam：实时模拟更新，灰度烘焙按自动/手动模式处理","","","[]","","本字段无曲线控件","","参数 / 当前层 / 输出 / 曝光光晕 / 光晕占比 [haloFrac]","参数 / 当前层 / 输出 / 曝光光晕 / 光晕占比 [haloFrac]","参数 / 当前层 / 输出 / 曝光光晕 / 光晕占比 [haloFrac]","参数 / 当前层 / 输出 / 曝光光晕 / 光晕占比 [haloFrac]","当前层 P；单层 wbSnap().P，多层 wbSnap().layers[i].P。保存/另存/切效果自动草稿及配方 JSON 保存完整快照。一次拖动/输入提交/选择为一步，全资产60步；输入框内快捷键留给文本撤销。切层/发射器不清历史，打开另一效果/版本重置。行/模块/发射器恢复到打开时与恢复模板默认不同。","tool/src/js/10_types.js:1004","","tool/src/js/79_workbench.js:159; tool/src/js/79_undo.js:10","41_particles40.js:35-41 halo = πσxσy·f/(1−f)·高斯覆盖，亮核 diskCoverage 不变；05_quality.js:9 夹在 0–0.85。模块放「烘焙输出」是为了跟着这一节，也可以归「外观」。","亮核的光量不变，光晕是加上去的：总光量 = 亮核 ÷ (1 − 占比)，0.22 时整体约亮 1.28 倍。光晕大小看「光晕半径倍数」。升空尾缀循环层模板用 0.04。"
"SCHEMA-548","353-haloR","","haloR","P.haloR","P","当前效果 / 当前层 / 输出","number","光晕半径倍数","柔光的大小是亮核半径的几倍（高斯分布的宽度，约 4 倍处收到 0）。","命名表说明（可能滞后）；当前条件/换算来自源码，冲突见覆盖报告","引擎字段","×","×","[1,8,0.1]","","3","() => true","无字段级条件","[]","","[]","本字段不在LINK_KEYS轨迹同步列表；其他条件/默认联动另见本行","不走TIMING_KEYS通用时间联动","onParam：实时模拟更新，灰度烘焙按自动/手动模式处理","","","[]","","本字段无曲线控件","","参数 / 当前层 / 输出 / 曝光光晕 / 光晕半径倍数 [haloR]","参数 / 当前层 / 输出 / 曝光光晕 / 光晕半径倍数 [haloR]","参数 / 当前层 / 输出 / 曝光光晕 / 光晕半径倍数 [haloR]","参数 / 当前层 / 输出 / 曝光光晕 / 光晕半径倍数 [haloR]","当前层 P；单层 wbSnap().P，多层 wbSnap().layers[i].P。保存/另存/切效果自动草稿及配方 JSON 保存完整快照。一次拖动/输入提交/选择为一步，全资产60步；输入框内快捷键留给文本撤销。切层/发射器不清历史，打开另一效果/版本重置。行/模块/发射器恢复到打开时与恢复模板默认不同。","tool/src/js/10_types.js:1005","","tool/src/js/79_workbench.js:159; tool/src/js/79_undo.js:10","41_particles40.js:36 sigma = vSig×haloR；41_particles40.js:39 3.5–4σ 收尾；41_particles40.js:7 画的范围 4×haloR。","光晕占比 = 0 时不起作用。越大每个颗粒画的范围越大，烘焙越慢。"
"SCHEMA-549","4953-01-haloShape","","haloShape","P.haloShape","P","当前效果 / 当前层 / 输出","select","光晕形状","光晕的径向分布：高斯（兼容，以前的样子）、幂律（Moffat，像真实镜头：贴着亮核亮、向外拖得长而淡）、多层柔光（近晕 + 远晕四个高斯，照 Blender 万彩千轮 / FanComet R4 / 银彩菊，4.9.55）。能量占比、半径倍数含义不变。","命名表说明（可能滞后）；当前条件/换算来自源码，冲突见覆盖报告","引擎字段","选项","选项","","[[0,""高斯（兼容）""],[1,""幂律（像真实镜头）""],[2,""多层柔光（近晕 + 远晕，像 Blender）""]]","0","() => true","无字段级条件","[]","","[]","本字段不在LINK_KEYS轨迹同步列表；其他条件/默认联动另见本行","不走TIMING_KEYS通用时间联动","onParam：实时模拟更新，灰度烘焙按自动/手动模式处理","","","[]","","本字段无曲线控件","","参数 / 当前层 / 输出 / 曝光光晕 / 光晕形状 [haloShape]","参数 / 当前层 / 输出 / 曝光光晕 / 光晕形状 [haloShape]","参数 / 当前层 / 输出 / 曝光光晕 / 光晕形状 [haloShape]","参数 / 当前层 / 输出 / 曝光光晕 / 光晕形状 [haloShape]","当前层 P；单层 wbSnap().P，多层 wbSnap().layers[i].P。保存/另存/切效果自动草稿及配方 JSON 保存完整快照。一次拖动/输入提交/选择为一步，全资产60步；输入框内快捷键留给文本撤销。切层/发射器不清历史，打开另一效果/版本重置。行/模块/发射器恢复到打开时与恢复模板默认不同。","tool/src/js/10_types.js:1006","","tool/src/js/79_workbench.js:159; tool/src/js/79_undo.js:10","05_quality.js qualityOf；41_particles40.js moffatFS40 / moffatProgram40；基准回归","4.9.53（对话框相机渲染，用户 10-09 18:29「按顺序测试」= 诊断方案 P2）加；缺省 0 = 高斯，以前逐像素不变。诊断 analysis/probe/星头光晕诊断_2026-10-09/诊断.md。"
"SCHEMA-550","4953-02-haloBeta","","haloBeta","P.haloBeta","P","当前效果 / 当前层 / 输出","number","幂律指数","幂律光晕 (1 + r²/α²)^−β 里的 β：越小外圈拖得越长越亮，越大越接近高斯。实拍红星头量出来 1.8–3.4。光晕形状 = 幂律才起作用。","命名表说明（可能滞后）；当前条件/换算来自源码，冲突见覆盖报告","引擎字段","1（无量纲）","1（无量纲）","[1.2,6,0.1]","","2.2","() => true","P => +P.haloShape === 1","[]","","[""haloShape""]","本字段不在LINK_KEYS轨迹同步列表；其他条件/默认联动另见本行","不走TIMING_KEYS通用时间联动","onParam：实时模拟更新，灰度烘焙按自动/手动模式处理","","","[]","","本字段无曲线控件","","参数 / 当前层 / 输出 / 曝光光晕 / 幂律指数 [haloBeta]","参数 / 当前层 / 输出 / 曝光光晕 / 幂律指数 [haloBeta]","参数 / 当前层 / 输出 / 曝光光晕 / 幂律指数 [haloBeta]","参数 / 当前层 / 输出 / 曝光光晕 / 幂律指数 [haloBeta]","当前层 P；单层 wbSnap().P，多层 wbSnap().layers[i].P。保存/另存/切效果自动草稿及配方 JSON 保存完整快照。一次拖动/输入提交/选择为一步，全资产60步；输入框内快捷键留给文本撤销。切层/发射器不清历史，打开另一效果/版本重置。行/模块/发射器恢复到打开时与恢复模板默认不同。","tool/src/js/10_types.js:1007","","tool/src/js/79_workbench.js:159; tool/src/js/79_undo.js:10","05_quality.js qualityOf；41_particles40.js moffatFS40 / moffatProgram40；基准回归","4.9.53（对话框相机渲染，用户 10-09 18:29「按顺序测试」= 诊断方案 P2）加；缺省 0 = 高斯，以前逐像素不变。诊断 analysis/probe/星头光晕诊断_2026-10-09/诊断.md。"
"SCHEMA-551","354-previewBloom","","previewBloom","P.previewBloom","VIEW","画布预览","select","预览光晕","只在烘焙器画面上加一层泛光，看个大概；不烘进贴图。","命名表说明（可能滞后）；当前条件/换算来自源码，冲突见覆盖报告","预览设置","选项","选项","","[[0,""关闭（UE Bloom 另算）""],[1,""开启""]]","0","() => true","无字段级条件","[]","","[]","本字段不在LINK_KEYS轨迹同步列表；其他条件/默认联动另见本行","不走TIMING_KEYS通用时间联动","onParam：实时模拟更新，灰度烘焙按自动/手动模式处理","","","[]","","本字段无曲线控件","","画布 / 预览设置 / 预览泛光（SCHEMA定义与画布入口同字段） [previewBloom]","画布 / 预览设置 / 预览泛光（SCHEMA定义与画布入口同字段） [previewBloom]","画布 / 预览设置 / 预览泛光（SCHEMA定义与画布入口同字段） [previewBloom]","画布 / 预览设置 / 预览泛光（SCHEMA定义与画布入口同字段） [previewBloom]","P.previewBloom仍在当前配方快照；OUT_SIG比较剔除previewBloom。只影响预览，不进贴图。","tool/src/js/10_types.js:1008","","tool/src/js/79_workbench.js:159; tool/src/js/79_undo.js:10","80_render.js:125 uBloom = previewBloom；41_particles40.js:67 c += b×0.2×uBloom；48_render40.js:161 renderStills40 也调 post。","定帧对照图也走这一步，开了会影响对照图的观感。3.7 的预览始终带这层泛光。"
"SCHEMA-552","355-qSS","","qSS","P.qSS","P","当前效果 / 当前层 / 输出","number","空间超采样","每个输出像素每边多算几倍再平均（2 = 每像素 2×2 个样本），边缘和细火花更平滑。","命名表说明（可能滞后）；当前条件/换算来自源码，冲突见覆盖报告","引擎字段","×","×","[1,8,1]","","2","P => isSeq(P) || isEmit(P)","无字段级条件","[]","","[]","本字段不在LINK_KEYS轨迹同步列表；其他条件/默认联动另见本行","不走TIMING_KEYS通用时间联动","onParam：实时模拟更新，灰度烘焙按自动/手动模式处理","","","[]","","本字段无曲线控件","","参数 / 当前层 / 输出 / 画质 / 空间超采样 [qSS]","参数 / 当前层 / 输出 / 画质 / 空间超采样 [qSS]","参数 / 当前层 / 输出 / 画质 / 空间超采样 [qSS]","参数 / 当前层 / 输出 / 画质 / 空间超采样 [qSS]","当前层 P；单层 wbSnap().P，多层 wbSnap().layers[i].P。保存/另存/切效果自动草稿及配方 JSON 保存完整快照。一次拖动/输入提交/选择为一步，全资产60步；输入框内快捷键留给文本撤销。切层/发射器不清历史，打开另一效果/版本重置。行/模块/发射器恢复到打开时与恢复模板默认不同。","tool/src/js/10_types.js:1011","","tool/src/js/79_workbench.js:159; tool/src/js/79_undo.js:10","05_quality.js:10 ss 夹 1–8；50_bake.js:150 超采样缓冲 = 单格 × ss；40_gl.js:45-46 FS_PACK 平均。","2× 时等于原来的双线性取样；3 及以上按线性亮度逐样本平均。「精细」档用 4。"
"SCHEMA-553","356-qHz","","qHz","P.qHz","P","当前效果 / 当前层 / 输出","number","快门采样率","快门打开期间每秒取多少个时间样本叠加；样本越多，运动模糊越连续。","命名表说明（可能滞后）；当前条件/换算来自源码，冲突见覆盖报告","引擎字段","Hz","Hz","[120,1920,30]","","300","P => isSeq(P) || isEmit(P)","无字段级条件","[]","","[]","本字段不在LINK_KEYS轨迹同步列表；其他条件/默认联动另见本行","不走TIMING_KEYS通用时间联动","onParam：实时模拟更新，灰度烘焙按自动/手动模式处理","","","[]","","本字段无曲线控件","","参数 / 当前层 / 输出 / 画质 / 快门采样率 [qHz]","参数 / 当前层 / 输出 / 画质 / 快门采样率 [qHz]","参数 / 当前层 / 输出 / 画质 / 快门采样率 [qHz]","参数 / 当前层 / 输出 / 画质 / 快门采样率 [qHz]","当前层 P；单层 wbSnap().P，多层 wbSnap().layers[i].P。保存/另存/切效果自动草稿及配方 JSON 保存完整快照。一次拖动/输入提交/选择为一步，全资产60步；输入框内快捷键留给文本撤销。切层/发射器不清历史，打开另一效果/版本重置。行/模块/发射器恢复到打开时与恢复模板默认不同。","tool/src/js/10_types.js:1012","","tool/src/js/79_workbench.js:159; tool/src/js/79_undo.js:10","48_render40.js:16 count = clamp(ceil(width×hz),1,maxSub)；50_bake.js:158 3.7 同样。","每帧样本数 = 快门时长 × 频率，至少 1、最多「子样本上限」，例如 0.6 × 0.1 s × 300 Hz = 18 → 封顶 16。运动模糊 = 0 时只取 1 个。「精细」档 960 Hz。"
"SCHEMA-554","357-qMaxSub","","qMaxSub","P.qMaxSub","P","当前效果 / 当前层 / 输出","number","子样本上限","每帧最多取多少个时间样本，给烘焙时间封顶。","命名表说明（可能滞后）；当前条件/换算来自源码，冲突见覆盖报告","引擎字段","次","次","[1,128,1]","","16","P => isSeq(P) || isEmit(P)","无字段级条件","[]","","[]","本字段不在LINK_KEYS轨迹同步列表；其他条件/默认联动另见本行","不走TIMING_KEYS通用时间联动","onParam：实时模拟更新，灰度烘焙按自动/手动模式处理","","","[]","","本字段无曲线控件","","参数 / 当前层 / 输出 / 画质 / 子样本上限 [qMaxSub]","参数 / 当前层 / 输出 / 画质 / 子样本上限 [qMaxSub]","参数 / 当前层 / 输出 / 画质 / 子样本上限 [qMaxSub]","参数 / 当前层 / 输出 / 画质 / 子样本上限 [qMaxSub]","当前层 P；单层 wbSnap().P，多层 wbSnap().layers[i].P。保存/另存/切效果自动草稿及配方 JSON 保存完整快照。一次拖动/输入提交/选择为一步，全资产60步；输入框内快捷键留给文本撤销。切层/发射器不清历史，打开另一效果/版本重置。行/模块/发射器恢复到打开时与恢复模板默认不同。","tool/src/js/10_types.js:1013","","tool/src/js/79_workbench.js:159; tool/src/js/79_undo.js:10","05_quality.js:10 maxSub 夹 1–128；48_render40.js:16。","「精细」档 64。"
"","SPEC-form","","form","P.form","P","当前层制作/输出","select","产物形式","产物形式由花型决定：空中母版/分段，地面循环，升空尾缀V5及打开的旧形式；切形式可同步规格","","","选项","选项","","","master","","formOptions按family/type及旧形式；syncExport若不在选项中会重选第一项","","","[""type"",""texW"",""texH"",""cols"",""rows"",""chans"",""outMode"",""encGamma"",""frameMode"",""zoom""]","","","原事件绑定；见source。P规格触发onParam；预览泛光例外仅wbSync。","","","","","本入口无独立曲线控件","","","参数 / 当前层 / 输出 / 贴图 / 产物形式 [form]","参数 / 当前层 / 输出 / 贴图 / 产物形式 [form]","参数 / 当前层 / 输出 / 贴图 / 产物形式 [form]","当前层 P；单层 wbSnap().P，多层 wbSnap().layers[i].P。保存/另存/切效果自动草稿及配方 JSON 保存完整快照。一次拖动/输入提交/选择为一步，全资产60步；输入框内快捷键留给文本撤销。切层/发射器不清历史，打开另一效果/版本重置。行/模块/发射器恢复到打开时与恢复模板默认不同。","tool/src/js/70_ui.js:402; tool/src/js/90_events.js:12","tool/src/js/90_events.js:12","","",""
"","SPEC-texW","319-texW","texW","P.texW","P","当前层制作/输出","select","贴图宽","导出贴图的宽度（像素），512–4096 可选，4096 标为「母版」。","","","px","px","","[512,1024,2048,4096,""原配方已有尺寸""]","2048","","当前层规格；512/1024/2048/4096及配方已有尺寸","","","[""form"",""texW"",""texH"",""cols"",""rows"",""outCell"",""autoGrid""]","","","原事件绑定；见source。P规格触发onParam；预览泛光例外仅wbSync。","","","","","本入口无独立曲线控件","","","参数 / 当前层 / 输出 / 直接调 / 贴图宽 [texW]","参数 / 当前层 / 输出 / 直接调 / 贴图宽 [texW]","参数 / 当前层 / 输出 / 直接调 / 贴图宽 [texW]","当前层 P；单层 wbSnap().P，多层 wbSnap().layers[i].P。保存/另存/切效果自动草稿及配方 JSON 保存完整快照。一次拖动/输入提交/选择为一步，全资产60步；输入框内快捷键留给文本撤销。切层/发射器不清历史，打开另一效果/版本重置。行/模块/发射器恢复到打开时与恢复模板默认不同。","tool/src/js/70_ui.js:402; tool/src/js/90_events.js:12","tool/src/js/90_events.js:13","","",""
"","SPEC-texH","320-texH","texH","P.texH","P","当前层制作/输出","select","贴图高","导出贴图的高（像素），可以和宽不同（例如地面模板 2048 × 1024）。","","","px","px","","[512,1024,2048,4096,""原配方已有尺寸""]","2048","","同宽度；可独立选高","","","[""form"",""texW"",""texH"",""cols"",""rows"",""outCell"",""autoGrid""]","","","原事件绑定；见source。P规格触发onParam；预览泛光例外仅wbSync。","","","","","本入口无独立曲线控件","","","参数 / 当前层 / 输出 / 直接调 / 贴图高 [texH]","参数 / 当前层 / 输出 / 直接调 / 贴图高 [texH]","参数 / 当前层 / 输出 / 直接调 / 贴图高 [texH]","当前层 P；单层 wbSnap().P，多层 wbSnap().layers[i].P。保存/另存/切效果自动草稿及配方 JSON 保存完整快照。一次拖动/输入提交/选择为一步，全资产60步；输入框内快捷键留给文本撤销。切层/发射器不清历史，打开另一效果/版本重置。行/模块/发射器恢复到打开时与恢复模板默认不同。","tool/src/js/70_ui.js:402; tool/src/js/90_events.js:12","tool/src/js/90_events.js:14","","",""
"","SPEC-cols","321-cols","cols","P.cols","P","当前层制作/输出","select","列数","贴图横向分几格；单格宽 = 贴图宽 ÷ 列数。","","","列","列","","[1,2,4,8,16,32]","8","","GRID_OPTS 1/2/4/8/16/32；母版/分段按单格≥512和outCell限制","","","[""form"",""texW"",""texH"",""cols"",""rows"",""outCell"",""autoGrid""]","","","原事件绑定；见source。P规格触发onParam；预览泛光例外仅wbSync。","","","","","本入口无独立曲线控件","","","参数 / 当前层 / 输出 / 直接调 / 列数 [cols]","参数 / 当前层 / 输出 / 直接调 / 列数 [cols]","参数 / 当前层 / 输出 / 直接调 / 列数 [cols]","当前层 P；单层 wbSnap().P，多层 wbSnap().layers[i].P。保存/另存/切效果自动草稿及配方 JSON 保存完整快照。一次拖动/输入提交/选择为一步，全资产60步；输入框内快捷键留给文本撤销。切层/发射器不清历史，打开另一效果/版本重置。行/模块/发射器恢复到打开时与恢复模板默认不同。","tool/src/js/70_ui.js:402; tool/src/js/90_events.js:12","tool/src/js/90_events.js:15","","",""
"","SPEC-rows","322-rows","rows","P.rows","P","当前层制作/输出","select","行数","贴图纵向分几格；单格高 = 贴图高 ÷ 行数。","","","行","行","","[1,2,4,8,16,32]","8","","同列数；autoGrid/outCell影响实际格子","","","[""form"",""texW"",""texH"",""cols"",""rows"",""outCell"",""autoGrid""]","","","原事件绑定；见source。P规格触发onParam；预览泛光例外仅wbSync。","","","","","本入口无独立曲线控件","","","参数 / 当前层 / 输出 / 直接调 / 行数 [rows]","参数 / 当前层 / 输出 / 直接调 / 行数 [rows]","参数 / 当前层 / 输出 / 直接调 / 行数 [rows]","当前层 P；单层 wbSnap().P，多层 wbSnap().layers[i].P。保存/另存/切效果自动草稿及配方 JSON 保存完整快照。一次拖动/输入提交/选择为一步，全资产60步；输入框内快捷键留给文本撤销。切层/发射器不清历史，打开另一效果/版本重置。行/模块/发射器恢复到打开时与恢复模板默认不同。","tool/src/js/70_ui.js:402; tool/src/js/90_events.js:12","tool/src/js/90_events.js:16","","",""
"","SPEC-chans","323-chans","chans","P.chans","P","当前层制作/输出","select","通道","帧放进哪些通道：RGBA 接力 = 填满 R 再填 G、B、A，帧位×4；单通道只用灰度。","","","选项","选项","","[[""4"",""RGBA 接力（先填满 R）""],[""1"",""单通道（短序列）""]]","4","","单层或选中组合层的对应输出方案适用","","","[]","","","原事件绑定；见source。P规格触发onParam；预览泛光例外仅wbSync。","","","","","本入口无独立曲线控件","","","参数 / 当前层 / 输出 / 贴图 / 通道 [chans]","参数 / 当前层 / 输出 / 贴图 / 通道 [chans]","参数 / 当前层 / 输出 / 贴图 / 通道 [chans]","当前层 P；单层 wbSnap().P，多层 wbSnap().layers[i].P。保存/另存/切效果自动草稿及配方 JSON 保存完整快照。一次拖动/输入提交/选择为一步，全资产60步；输入框内快捷键留给文本撤销。切层/发射器不清历史，打开另一效果/版本重置。行/模块/发射器恢复到打开时与恢复模板默认不同。","tool/src/js/70_ui.js:402; tool/src/js/90_events.js:12","tool/src/js/90_events.js:17","","",""
"","SPEC-outMode","324-outMode","outMode","P.outMode","P","当前层制作/输出","select","输出拆分","星头和火花拖尾烘进同一张灰度图，还是分成 Head、Tail 两张。","","","选项","选项","","[[""combined"",""星头与火花合并""],[""split"",""星头、火花分开""]]","combined","","单层或选中组合层的对应输出方案适用","","","[]","","","原事件绑定；见source。P规格触发onParam；预览泛光例外仅wbSync。","","","","","本入口无独立曲线控件","","","参数 / 当前层 / 输出 / 贴图 / 输出拆分 [outMode]","参数 / 当前层 / 输出 / 贴图 / 输出拆分 [outMode]","参数 / 当前层 / 输出 / 贴图 / 输出拆分 [outMode]","当前层 P；单层 wbSnap().P，多层 wbSnap().layers[i].P。保存/另存/切效果自动草稿及配方 JSON 保存完整快照。一次拖动/输入提交/选择为一步，全资产60步；输入框内快捷键留给文本撤销。切层/发射器不清历史，打开另一效果/版本重置。行/模块/发射器恢复到打开时与恢复模板默认不同。","tool/src/js/70_ui.js:402; tool/src/js/90_events.js:12","tool/src/js/90_events.js:18","","",""
"","SPEC-encGamma","325-encGamma","encGamma","P.encGamma","P","当前层制作/输出","select","编码","亮度写进 8 位贴图的方式：线性，或 Gamma 2.2（暗部多分灰阶，暗火花更细腻）。","","","选项","选项","","[[""1"",""线性灰度""],[""2.2"",""Gamma 2.2（暗部更细；UE 材质不还原，没在 UE 验证前别用）""]]","1","","单层或选中组合层的对应输出方案适用","","","[]","","","原事件绑定；见source。P规格触发onParam；预览泛光例外仅wbSync。","","","","","本入口无独立曲线控件","","","参数 / 当前层 / 输出 / 贴图 / 编码 [encGamma]","参数 / 当前层 / 输出 / 贴图 / 编码 [encGamma]","参数 / 当前层 / 输出 / 贴图 / 编码 [encGamma]","当前层 P；单层 wbSnap().P，多层 wbSnap().layers[i].P。保存/另存/切效果自动草稿及配方 JSON 保存完整快照。一次拖动/输入提交/选择为一步，全资产60步；输入框内快捷键留给文本撤销。切层/发射器不清历史，打开另一效果/版本重置。行/模块/发射器恢复到打开时与恢复模板默认不同。","tool/src/js/70_ui.js:402; tool/src/js/90_events.js:12","tool/src/js/90_events.js:19","","",""
"","SPEC-frameMode","326-frameMode","frameMode","P.frameMode","P","当前层制作/输出","select","取帧方式","单束 / 上升整段的帧怎么摊到时间上：按运动快慢，或均匀。","","","选项","选项","","[[""tick30"",""30 fps（自动分段）""],[""auto"",""自动（按运动快慢）""],[""uniform"",""均匀""]]","auto","","循环loop/riseLoop禁用；usesTickPlan40时仅tick30自动分段且禁用","","","[]","","","原事件绑定；见source。P规格触发onParam；预览泛光例外仅wbSync。","","","","","本入口无独立曲线控件","","","参数 / 当前层 / 输出 / 贴图 / 取帧方式 [frameMode]","参数 / 当前层 / 输出 / 贴图 / 取帧方式 [frameMode]","参数 / 当前层 / 输出 / 贴图 / 取帧方式 [frameMode]","当前层 P；单层 wbSnap().P，多层 wbSnap().layers[i].P。保存/另存/切效果自动草稿及配方 JSON 保存完整快照。一次拖动/输入提交/选择为一步，全资产60步；输入框内快捷键留给文本撤销。切层/发射器不清历史，打开另一效果/版本重置。行/模块/发射器恢复到打开时与恢复模板默认不同。","tool/src/js/70_ui.js:402; tool/src/js/90_events.js:12","tool/src/js/90_events.js:20","","",""
"","SPEC-zoom","328-zoom","zoom","P.zoom","P","当前层制作/输出","select","取景方式","大面片取景：固定大小（整段一个框），或 Zoom（爆点居中，每帧按花大小换面片大小）。","","","选项","选项","","[[""off"",""固定大小（5.0 默认：面片不缩放，整段一个取景）""],[""on"",""随开花放大（Zoom：省贴图；最多 12 级大小，靠 Size By Life 补）""]]","off","","bakeKind master/segments才可编辑，固定/Zoom两项","","","[]","","","原事件绑定；见source。P规格触发onParam；预览泛光例外仅wbSync。","","","","","本入口无独立曲线控件","","","参数 / 当前层 / 输出 / 贴图 / 取景方式 [zoom]","参数 / 当前层 / 输出 / 贴图 / 取景方式 [zoom]","参数 / 当前层 / 输出 / 贴图 / 取景方式 [zoom]","当前层 P；单层 wbSnap().P，多层 wbSnap().layers[i].P。保存/另存/切效果自动草稿及配方 JSON 保存完整快照。一次拖动/输入提交/选择为一步，全资产60步；输入框内快捷键留给文本撤销。切层/发射器不清历史，打开另一效果/版本重置。行/模块/发射器恢复到打开时与恢复模板默认不同。","tool/src/js/70_ui.js:402; tool/src/js/90_events.js:12","tool/src/js/90_events.js:21","","",""
"","SPEC-unitFlip","","unitFlip","P.unitFlip","P","当前层制作/输出","checkbox","星头朝下","单束或升空星头循环贴图朝下；不改变整层弹道","","","开关","开关","","","0","","bakeKind unit或riseLoop才显示","","","[]","","","原事件绑定；见source。P规格触发onParam；预览泛光例外仅wbSync。","","","","","本入口无独立曲线控件","","","参数 / 当前层 / 输出 / 贴图 / 星头朝下 [unitFlip]","参数 / 当前层 / 输出 / 贴图 / 星头朝下 [unitFlip]","参数 / 当前层 / 输出 / 贴图 / 星头朝下 [unitFlip]","当前层 P；单层 wbSnap().P，多层 wbSnap().layers[i].P。保存/另存/切效果自动草稿及配方 JSON 保存完整快照。一次拖动/输入提交/选择为一步，全资产60步；输入框内快捷键留给文本撤销。切层/发射器不清历史，打开另一效果/版本重置。行/模块/发射器恢复到打开时与恢复模板默认不同。","tool/src/js/70_ui.js:402; tool/src/js/90_events.js:12","tool/src/js/90_events.js:22","","",""
"","SPEC-autoGrid","","autoGrid","P.autoGrid","P","当前层制作/输出","checkbox","自动格子","非母版/分段形式自动安排格子；母版/分段入口隐藏","","","开关","开关","","","1","","bakeKind非master/segments才显示","","","[]","","","原事件绑定；见source。P规格触发onParam；预览泛光例外仅wbSync。","","","","","本入口无独立曲线控件","","","参数 / 当前层 / 输出 / 贴图 / 自动格子 [autoGrid]","参数 / 当前层 / 输出 / 贴图 / 自动格子 [autoGrid]","参数 / 当前层 / 输出 / 贴图 / 自动格子 [autoGrid]","当前层 P；单层 wbSnap().P，多层 wbSnap().layers[i].P。保存/另存/切效果自动草稿及配方 JSON 保存完整快照。一次拖动/输入提交/选择为一步，全资产60步；输入框内快捷键留给文本撤销。切层/发射器不清历史，打开另一效果/版本重置。行/模块/发射器恢复到打开时与恢复模板默认不同。","tool/src/js/70_ui.js:402; tool/src/js/90_events.js:12","tool/src/js/90_events.js:23","","",""
"","MAT-xw","","xw","M.xw","M","当前层材质/颜色","number","变色过渡","颜色段之间过渡宽度","","","s","s","","","","","本层共用颜色；多层state.M绑定L","","","[""stages"",""xw"",""headInt"",""tailInt"",""ramp0"",""ramp1"",""ramp2"",""ramp3""]","","","","","","","","本入口无独立曲线控件","","","参数 / 本层颜色 / 变色过渡 [xw]","参数 / 本层颜色 / 变色过渡 [xw]","参数 / 本层颜色 / 变色过渡 [xw]","单层 M、多层选中 L（state.M=L），wbSnap 保留；材质/颜色修改通常不重烘灰度图，影响上色/导出。快照撤销60步，同效果切层不重置。","tool/src/js/70_ui.js:559; tool/src/js/70_ui.js:701","","","",""
"","MAT-headInt","","headInt","M.headInt","M","当前层材质/颜色","number","显示强度","写Color Over Life，不改灰度贴图；拆分输出时作用星头","","","×","×","","","","","本层共用颜色；多层state.M绑定L","","","[""stages"",""xw"",""headInt"",""tailInt"",""ramp0"",""ramp1"",""ramp2"",""ramp3""]","","","","","","","","本入口无独立曲线控件","","","参数 / 本层颜色 / 显示强度 [headInt]","参数 / 本层颜色 / 显示强度 [headInt]","参数 / 本层颜色 / 显示强度 [headInt]","单层 M、多层选中 L（state.M=L），wbSnap 保留；材质/颜色修改通常不重烘灰度图，影响上色/导出。快照撤销60步，同效果切层不重置。","tool/src/js/70_ui.js:559; tool/src/js/70_ui.js:701","","","",""
"","MAT-tailInt","","tailInt","M.tailInt","M","当前层材质/颜色","number","尾迹显示强度","拆分输出尾迹强度","","","×","×","","","","","本层共用颜色；多层state.M绑定L","","","[""stages"",""xw"",""headInt"",""tailInt"",""ramp0"",""ramp1"",""ramp2"",""ramp3""]","","","","","","","","本入口无独立曲线控件","","","参数 / 本层颜色 / 尾迹显示强度 [tailInt]","参数 / 本层颜色 / 尾迹显示强度 [tailInt]","参数 / 本层颜色 / 尾迹显示强度 [tailInt]","单层 M、多层选中 L（state.M=L），wbSnap 保留；材质/颜色修改通常不重烘灰度图，影响上色/导出。快照撤销60步，同效果切层不重置。","tool/src/js/70_ui.js:559; tool/src/js/70_ui.js:701","","","",""
"","MAT-ramp0","","ramp0","M.ramp0","M","当前层材质/颜色","color","渐变图暗端","灰度亮度查Ramp，颜色选择器编辑","","","RGB色值","RGB色值","","","","","本层共用颜色；多层state.M绑定L","","","[""stages"",""xw"",""headInt"",""tailInt"",""ramp0"",""ramp1"",""ramp2"",""ramp3""]","","","","","","","","本入口无独立曲线控件","","","参数 / 本层颜色 / 渐变图暗端 [ramp0]","参数 / 本层颜色 / 渐变图暗端 [ramp0]","参数 / 本层颜色 / 渐变图暗端 [ramp0]","单层 M、多层选中 L（state.M=L），wbSnap 保留；材质/颜色修改通常不重烘灰度图，影响上色/导出。快照撤销60步，同效果切层不重置。","tool/src/js/70_ui.js:559; tool/src/js/70_ui.js:701","","","",""
"","MAT-ramp1","","ramp1","M.ramp1","M","当前层材质/颜色","color","渐变图中暗","灰度亮度查Ramp，颜色选择器编辑","","","RGB色值","RGB色值","","","","","本层共用颜色；多层state.M绑定L","","","[""stages"",""xw"",""headInt"",""tailInt"",""ramp0"",""ramp1"",""ramp2"",""ramp3""]","","","","","","","","本入口无独立曲线控件","","","参数 / 本层颜色 / 渐变图中暗 [ramp1]","参数 / 本层颜色 / 渐变图中暗 [ramp1]","参数 / 本层颜色 / 渐变图中暗 [ramp1]","单层 M、多层选中 L（state.M=L），wbSnap 保留；材质/颜色修改通常不重烘灰度图，影响上色/导出。快照撤销60步，同效果切层不重置。","tool/src/js/70_ui.js:559; tool/src/js/70_ui.js:701","","","",""
"","MAT-ramp2","","ramp2","M.ramp2","M","当前层材质/颜色","color","渐变图中亮","灰度亮度查Ramp，颜色选择器编辑","","","RGB色值","RGB色值","","","","","本层共用颜色；多层state.M绑定L","","","[""stages"",""xw"",""headInt"",""tailInt"",""ramp0"",""ramp1"",""ramp2"",""ramp3""]","","","","","","","","本入口无独立曲线控件","","","参数 / 本层颜色 / 渐变图中亮 [ramp2]","参数 / 本层颜色 / 渐变图中亮 [ramp2]","参数 / 本层颜色 / 渐变图中亮 [ramp2]","单层 M、多层选中 L（state.M=L），wbSnap 保留；材质/颜色修改通常不重烘灰度图，影响上色/导出。快照撤销60步，同效果切层不重置。","tool/src/js/70_ui.js:559; tool/src/js/70_ui.js:701","","","",""
"","MAT-ramp3","","ramp3","M.ramp3","M","当前层材质/颜色","color","渐变图亮端","灰度亮度查Ramp，颜色选择器编辑","","","RGB色值","RGB色值","","","","","本层共用颜色；多层state.M绑定L","","","[""stages"",""xw"",""headInt"",""tailInt"",""ramp0"",""ramp1"",""ramp2"",""ramp3""]","","","","","","","","本入口无独立曲线控件","","","参数 / 本层颜色 / 渐变图亮端 [ramp3]","参数 / 本层颜色 / 渐变图亮端 [ramp3]","参数 / 本层颜色 / 渐变图亮端 [ramp3]","单层 M、多层选中 L（state.M=L），wbSnap 保留；材质/颜色修改通常不重烘灰度图，影响上色/导出。快照撤销60步，同效果切层不重置。","tool/src/js/70_ui.js:559; tool/src/js/70_ui.js:701","","","",""
"","MAT-stages[i][0]","","stages[i][0]","M.stages[i][0]","M","当前层材质/颜色","number","颜色段起始","当前层绝对时间，从开花0s算；首段固定0，最多5段","","","s","s","","","","","本层共用颜色；多层state.M绑定L","","","[""stages"",""xw"",""headInt"",""tailInt"",""ramp0"",""ramp1"",""ramp2"",""ramp3""]","","","","","","","","本入口无独立曲线控件","","","参数 / 本层颜色 / 颜色段起始 [stages[i][0]]","参数 / 本层颜色 / 颜色段起始 [stages[i][0]]","参数 / 本层颜色 / 颜色段起始 [stages[i][0]]","单层 M、多层选中 L（state.M=L），wbSnap 保留；材质/颜色修改通常不重烘灰度图，影响上色/导出。快照撤销60步，同效果切层不重置。","tool/src/js/70_ui.js:559; tool/src/js/70_ui.js:701","","","",""
"","MAT-stages[i][1]","","stages[i][1]","M.stages[i][1]","M","当前层材质/颜色","color","颜色段色值","每段颜色，原拾色器/预设修改","","","RGB色值","RGB色值","","","","","本层共用颜色；多层state.M绑定L","","","[""stages"",""xw"",""headInt"",""tailInt"",""ramp0"",""ramp1"",""ramp2"",""ramp3""]","","","","","","","","本入口无独立曲线控件","","","参数 / 本层颜色 / 颜色段色值 [stages[i][1]]","参数 / 本层颜色 / 颜色段色值 [stages[i][1]]","参数 / 本层颜色 / 颜色段色值 [stages[i][1]]","单层 M、多层选中 L（state.M=L），wbSnap 保留；材质/颜色修改通常不重烘灰度图，影响上色/导出。快照撤销60步，同效果切层不重置。","tool/src/js/70_ui.js:559; tool/src/js/70_ui.js:701","","","",""
"","LAYER-delay","","delay","L.delay","L","当前组合层","number","开始时间","组合层独立字段；与单层P方案同义，保存位置不同","","","s","s","","","","","组合层；图层行、层设置、时间轴共用；层设置0–10，整体旧入口0–3","","","[""out.pc"",""out.mobile"",""delay"",""rate"",""scale""]","","","","","","","","本入口无独立曲线控件","","","参数 / 当前层 / 效果 / 这一层在整朵里 / 开始时间 [delay]","参数 / 当前层 / 效果 / 这一层在整朵里 / 开始时间 [delay]","参数 / 当前层 / 效果 / 这一层在整朵里 / 开始时间 [delay]","多层 wbSnap().layers[i].L，保存/配方文件保留，逐操作快照撤销。层观察独看/静音另存在观察状态，不是导出关闭。","tool/src/js/79_workbench.js:86","","","",""
"","LAYER-scale","","scale","L.scale","L","当前组合层","number","缩放","组合层独立字段；与单层P方案同义，保存位置不同","","","×","×","","","","","组合层；只改整层合成/导出尺度，不改P初速","","","[""out.pc"",""out.mobile"",""delay"",""rate"",""scale""]","","","","","","","","本入口无独立曲线控件","","","参数 / 当前层 / 效果 / 这一层在整朵里 / 缩放 [scale]","参数 / 当前层 / 效果 / 这一层在整朵里 / 缩放 [scale]","参数 / 当前层 / 效果 / 这一层在整朵里 / 缩放 [scale]","多层 wbSnap().layers[i].L，保存/配方文件保留，逐操作快照撤销。层观察独看/静音另存在观察状态，不是导出关闭。","tool/src/js/79_workbench.js:86","","","",""
"","LAYER-rate","","rate","L.rate","L","当前组合层","number","时间倍率","组合层独立字段；与单层P方案同义，保存位置不同","","","×","×","","","","","组合层播放/输出时间倍率；区别P.tempo改写制作参数","","","[""out.pc"",""out.mobile"",""delay"",""rate"",""scale""]","","","","","","","","本入口无独立曲线控件","","","参数 / 当前层 / 效果 / 这一层在整朵里 / 时间倍率 [rate]","参数 / 当前层 / 效果 / 这一层在整朵里 / 时间倍率 [rate]","参数 / 当前层 / 效果 / 这一层在整朵里 / 时间倍率 [rate]","多层 wbSnap().layers[i].L，保存/配方文件保留，逐操作快照撤销。层观察独看/静音另存在观察状态，不是导出关闭。","tool/src/js/79_workbench.js:86","","","",""
"","LAYER-mirror","","mirror","L.mirror","L","当前组合层","checkbox","水平镜像","组合层独立字段；与单层P方案同义，保存位置不同","","","开关","开关","","","","","组合层","","","[""out.pc"",""out.mobile"",""delay"",""rate"",""scale""]","","","","","","","","本入口无独立曲线控件","","","参数 / 当前层 / 效果 / 这一层在整朵里 / 水平镜像 [mirror]","参数 / 当前层 / 效果 / 这一层在整朵里 / 水平镜像 [mirror]","参数 / 当前层 / 效果 / 这一层在整朵里 / 水平镜像 [mirror]","多层 wbSnap().layers[i].L，保存/配方文件保留，逐操作快照撤销。层观察独看/静音另存在观察状态，不是导出关闭。","tool/src/js/79_workbench.js:86","","","",""
"","LAYER-out.pc","","pc","L.out.pc","L","当前组合层","select","PC产物","组合层独立字段；与单层P方案同义，保存位置不同","","","选项","选项","","","","","PC：seq/unit/dots/frame/off","","","[""out.pc"",""out.mobile"",""delay"",""rate"",""scale""]","","","","","","","","本入口无独立曲线控件","","","参数 / 当前层 / 输出 / 导出方案 / PC产物 [pc]","参数 / 当前层 / 输出 / 导出方案 / PC产物 [pc]","参数 / 当前层 / 输出 / 导出方案 / PC产物 [pc]","多层 wbSnap().layers[i].L，保存/配方文件保留，逐操作快照撤销。层观察独看/静音另存在观察状态，不是导出关闭。","tool/src/js/79_workbench.js:86","","","",""
"","LAYER-out.mobile","","mobile","L.out.mobile","L","当前组合层","select","手机产物","组合层独立字段；与单层P方案同义，保存位置不同","","","选项","选项","","","","","手机：seq/unit/frame/off，无GPU","","","[""out.pc"",""out.mobile"",""delay"",""rate"",""scale""]","","","","","","","","本入口无独立曲线控件","","","参数 / 当前层 / 输出 / 导出方案 / 手机产物 [mobile]","参数 / 当前层 / 输出 / 导出方案 / 手机产物 [mobile]","参数 / 当前层 / 输出 / 导出方案 / 手机产物 [mobile]","多层 wbSnap().layers[i].L，保存/配方文件保留，逐操作快照撤销。层观察独看/静音另存在观察状态，不是导出关闭。","tool/src/js/79_workbench.js:86","","","",""
"","LAYER-dotSize","","dotSize","L.dotSize","L","当前组合层","number","光点大小","组合层独立字段；与单层P方案同义，保存位置不同","","","×星头","×星头","","","","","PC为dots","","","[""out.pc"",""out.mobile"",""delay"",""rate"",""scale""]","","","","","","","","本入口无独立曲线控件","","","参数 / 当前层 / 输出 / 导出方案 / 光点大小 [dotSize]","参数 / 当前层 / 输出 / 导出方案 / 光点大小 [dotSize]","参数 / 当前层 / 输出 / 导出方案 / 光点大小 [dotSize]","多层 wbSnap().layers[i].L，保存/配方文件保留，逐操作快照撤销。层观察独看/静音另存在观察状态，不是导出关闭。","tool/src/js/79_workbench.js:86","","","",""
"","LAYER-dotBright","","dotBright","L.dotBright","L","当前组合层","number","光点亮度","组合层独立字段；与单层P方案同义，保存位置不同","","","×","×","","","","","PC为dots","","","[""out.pc"",""out.mobile"",""delay"",""rate"",""scale""]","","","","","","","","本入口无独立曲线控件","","","参数 / 当前层 / 输出 / 导出方案 / 光点亮度 [dotBright]","参数 / 当前层 / 输出 / 导出方案 / 光点亮度 [dotBright]","参数 / 当前层 / 输出 / 导出方案 / 光点亮度 [dotBright]","多层 wbSnap().layers[i].L，保存/配方文件保留，逐操作快照撤销。层观察独看/静音另存在观察状态，不是导出关闭。","tool/src/js/79_workbench.js:86","","","",""
"","LAYER-unitVariants","","unitVariants","L.unitVariants","L","当前组合层","number","单束变体数","组合层独立字段；与单层P方案同义，保存位置不同","","","张","张","","","","","任一平台unit","","","[""out.pc"",""out.mobile"",""delay"",""rate"",""scale""]","","","","","","","","本入口无独立曲线控件","","","参数 / 当前层 / 输出 / 导出方案 / 单束变体数 [unitVariants]","参数 / 当前层 / 输出 / 导出方案 / 单束变体数 [unitVariants]","参数 / 当前层 / 输出 / 导出方案 / 单束变体数 [unitVariants]","多层 wbSnap().layers[i].L，保存/配方文件保留，逐操作快照撤销。层观察独看/静音另存在观察状态，不是导出关闭。","tool/src/js/79_workbench.js:86","","","",""
"","LAYER-unitRandom","","unitRandom","L.unitRandom","L","当前组合层","number","单束随机感","组合层独立字段；与单层P方案同义，保存位置不同","","","1","1","","","","","任一平台unit","","","[""out.pc"",""out.mobile"",""delay"",""rate"",""scale""]","","","","","","","","本入口无独立曲线控件","","","参数 / 当前层 / 输出 / 导出方案 / 单束随机感 [unitRandom]","参数 / 当前层 / 输出 / 导出方案 / 单束随机感 [unitRandom]","参数 / 当前层 / 输出 / 导出方案 / 单束随机感 [unitRandom]","多层 wbSnap().layers[i].L，保存/配方文件保留，逐操作快照撤销。层观察独看/静音另存在观察状态，不是导出关闭。","tool/src/js/79_workbench.js:86","","","",""
"","LAYER-lowPick","","lowPick","L.lowPick","L","当前组合层","select","单帧取法","组合层独立字段；与单层P方案同义，保存位置不同","","","选项","选项","","","","","任一平台frame","","","[""out.pc"",""out.mobile"",""delay"",""rate"",""scale""]","","","","","","","","本入口无独立曲线控件","","","参数 / 当前层 / 输出 / 导出方案 / 单帧取法 [lowPick]","参数 / 当前层 / 输出 / 导出方案 / 单帧取法 [lowPick]","参数 / 当前层 / 输出 / 导出方案 / 单帧取法 [lowPick]","多层 wbSnap().layers[i].L，保存/配方文件保留，逐操作快照撤销。层观察独看/静音另存在观察状态，不是导出关闭。","tool/src/js/79_workbench.js:86","","","",""
"","LAYER-lowAt","","lowAt","L.lowAt","L","当前组合层","number","单帧时刻","组合层独立字段；与单层P方案同义，保存位置不同","","","s","s","","","","","frame，0自动选最大帧","","","[""out.pc"",""out.mobile"",""delay"",""rate"",""scale""]","","","","","","","","本入口无独立曲线控件","","","参数 / 当前层 / 输出 / 导出方案 / 单帧时刻 [lowAt]","参数 / 当前层 / 输出 / 导出方案 / 单帧时刻 [lowAt]","参数 / 当前层 / 输出 / 导出方案 / 单帧时刻 [lowAt]","多层 wbSnap().layers[i].L，保存/配方文件保留，逐操作快照撤销。层观察独看/静音另存在观察状态，不是导出关闭。","tool/src/js/79_workbench.js:86","","","",""
"","LAYER-lowSize","","lowSize","L.lowSize","L","当前组合层","select","单帧边长","组合层独立字段；与单层P方案同义，保存位置不同","","","px","px","","","","","frame","","","[""out.pc"",""out.mobile"",""delay"",""rate"",""scale""]","","","","","","","","本入口无独立曲线控件","","","参数 / 当前层 / 输出 / 导出方案 / 单帧边长 [lowSize]","参数 / 当前层 / 输出 / 导出方案 / 单帧边长 [lowSize]","参数 / 当前层 / 输出 / 导出方案 / 单帧边长 [lowSize]","多层 wbSnap().layers[i].L，保存/配方文件保留，逐操作快照撤销。层观察独看/静音另存在观察状态，不是导出关闭。","tool/src/js/79_workbench.js:86","","","",""
"","LAYER-lowJit","","lowJit","L.lowJit","L","当前组合层","number","单帧随机缩放","组合层独立字段；与单层P方案同义，保存位置不同","","","1","1","","","","","frame","","","[""out.pc"",""out.mobile"",""delay"",""rate"",""scale""]","","","","","","","","本入口无独立曲线控件","","","参数 / 当前层 / 输出 / 导出方案 / 单帧随机缩放 [lowJit]","参数 / 当前层 / 输出 / 导出方案 / 单帧随机缩放 [lowJit]","参数 / 当前层 / 输出 / 导出方案 / 单帧随机缩放 [lowJit]","多层 wbSnap().layers[i].L，保存/配方文件保留，逐操作快照撤销。层观察独看/静音另存在观察状态，不是导出关闭。","tool/src/js/79_workbench.js:86","","","",""
"","LAYER-lowMaps","","lowMaps","L.lowMaps","L","当前组合层","select","单帧功能图","组合层独立字段；与单层P方案同义，保存位置不同","","","选项","选项","","","","","frame","","","[""out.pc"",""out.mobile"",""delay"",""rate"",""scale""]","","","","","","","","本入口无独立曲线控件","","","参数 / 当前层 / 输出 / 导出方案 / 单帧功能图 [lowMaps]","参数 / 当前层 / 输出 / 导出方案 / 单帧功能图 [lowMaps]","参数 / 当前层 / 输出 / 导出方案 / 单帧功能图 [lowMaps]","多层 wbSnap().layers[i].L，保存/配方文件保留，逐操作快照撤销。层观察独看/静音另存在观察状态，不是导出关闭。","tool/src/js/79_workbench.js:86","","","",""
"","LAYER-lowSuffix","","lowSuffix","L.lowSuffix","L","当前组合层","text","单帧后缀","组合层独立字段；与单层P方案同义，保存位置不同","","","文本","文本","","","","","frame","","","[""out.pc"",""out.mobile"",""delay"",""rate"",""scale""]","","","","","","","","本入口无独立曲线控件","","","参数 / 当前层 / 输出 / 导出方案 / 单帧后缀 [lowSuffix]","参数 / 当前层 / 输出 / 导出方案 / 单帧后缀 [lowSuffix]","参数 / 当前层 / 输出 / 导出方案 / 单帧后缀 [lowSuffix]","多层 wbSnap().layers[i].L，保存/配方文件保留，逐操作快照撤销。层观察独看/静音另存在观察状态，不是导出关闭。","tool/src/js/79_workbench.js:86","","","",""
"","VIEW-dist","","dist","state.dist","VIEW","浏览器查看/本机交付设置","range","观察距离","引擎/实时游戏内大小，滑杆0–1000经对数换算，实际50–1200m","","","m","m","","","","","引擎/实时游戏内大小，滑杆0–1000经对数换算，实际50–1200m","","","[]","","","","","","","","本入口无独立曲线控件","","","画布 / 预览设置 / 观察距离 [dist]","画布 / 预览设置 / 观察距离 [dist]","画布 / 预览设置 / 观察距离 [dist]","仅浏览器/运行时查看设置；不承诺被效果快照或 Ctrl+Z 保存/撤销。各项按事件源码注明实际持久化键。","tool/src/js/90_events.js","tool/src/js/90_events.js:40","","",""
"","VIEW-expo","","expo","state.expo","VIEW","浏览器查看/本机交付设置","range","显示曝光","仅预览0.2–3，不改P.exposure或贴图","","","×","×","","","","","仅预览0.2–3，不改P.exposure或贴图","","","[]","","","","","","","","本入口无独立曲线控件","","","画布 / 预览设置 / 显示曝光 [expo]","画布 / 预览设置 / 显示曝光 [expo]","画布 / 预览设置 / 显示曝光 [expo]","仅浏览器/运行时查看设置；不承诺被效果快照或 Ctrl+Z 保存/撤销。各项按事件源码注明实际持久化键。","tool/src/js/90_events.js","tool/src/js/90_events.js:24","","",""
"","VIEW-autoBakeChk","","auto","bakeMode.auto","VIEW","浏览器查看/本机交付设置","checkbox","自动烘焙","store autoBake；关闭后按B/查看产物/导出触发烘焙","","","开关","开关","","","","","store autoBake；关闭后按B/查看产物/导出触发烘焙","","","[]","","","","","","","","本入口无独立曲线控件","","","画布 / 预览设置 / 自动烘焙 [auto]","画布 / 预览设置 / 自动烘焙 [auto]","画布 / 预览设置 / 自动烘焙 [auto]","仅浏览器/运行时查看设置；不承诺被效果快照或 Ctrl+Z 保存/撤销。各项按事件源码注明实际持久化键。","tool/src/js/90_events.js","tool/src/js/90_events.js:102","","",""
"","VIEW-exportResolution","","exportResolution","state.exportResolution","VIEW","浏览器查看/本机交付设置","checkbox","按导出分辨率","预览设置","","","开关","开关","","","","","预览设置","","","[]","","","","","","","","本入口无独立曲线控件","","","画布 / 预览设置 / 按导出分辨率 [exportResolution]","画布 / 预览设置 / 按导出分辨率 [exportResolution]","画布 / 预览设置 / 按导出分辨率 [exportResolution]","仅浏览器/运行时查看设置；不承诺被效果快照或 Ctrl+Z 保存/撤销。各项按事件源码注明实际持久化键。","tool/src/js/90_events.js","tool/src/js/90_events.js:25","","",""
"","VIEW-previewBloomChk","","previewBloom","P.previewBloom","VIEW","浏览器查看/本机交付设置","checkbox","预览泛光","只改画布，配方快照保留，导出指纹比较剔除","","","开关","开关","","","0","","只改画布，配方快照保留，导出指纹比较剔除","","","[]","","","原事件绑定；见source。P规格触发onParam；预览泛光例外仅wbSync。","","","","","本入口无独立曲线控件","","","画布 / 预览设置 / 预览泛光 [previewBloom]","画布 / 预览设置 / 预览泛光 [previewBloom]","画布 / 预览设置 / 预览泛光 [previewBloom]","配方快照包含P.previewBloom，但OUT_SIG对比剔除；预览事件不直接调用undoNote，不能保证独立一步撤销","tool/src/js/90_events.js","tool/src/js/90_events.js:27","","",""
"","VIEW-speed","","speed","state.speed","VIEW","浏览器查看/本机交付设置","select","播放速度","1/0.5/0.25/0.1","","","×","×","","","","","1/0.5/0.25/0.1","","","[]","","","","","","","","本入口无独立曲线控件","","","画布 / 预览设置 / 播放速度 [speed]","画布 / 预览设置 / 播放速度 [speed]","画布 / 预览设置 / 播放速度 [speed]","仅浏览器/运行时查看设置；不承诺被效果快照或 Ctrl+Z 保存/撤销。各项按事件源码注明实际持久化键。","tool/src/js/90_events.js","tool/src/js/90_events.js:45","","",""
"","VIEW-loopChk","","loopPlay","state.loopPlay","VIEW","浏览器查看/本机交付设置","checkbox","循环播放","store loopPlay；关后播放一遍","","","开关","开关","","","","","store loopPlay；关后播放一遍","","","[]","","","","","","","","本入口无独立曲线控件","","","画布 / 预览设置 / 循环播放 [loopPlay]","画布 / 预览设置 / 循环播放 [loopPlay]","画布 / 预览设置 / 循环播放 [loopPlay]","仅浏览器/运行时查看设置；不承诺被效果快照或 Ctrl+Z 保存/撤销。各项按事件源码注明实际持久化键。","tool/src/js/90_events.js","","","",""
"","VIEW-scrub","","t","state.t","VIEW","浏览器查看/本机交付设置","range","播放时刻","与当前制作范围关联，非曲线关键帧","","","s（滑杆0–1000换算）","s（滑杆0–1000换算）","","","","","与当前制作范围关联，非曲线关键帧","","","[]","","","","","","","","本入口无独立曲线控件","","","画布 / 预览设置 / 播放时刻 [t]","画布 / 预览设置 / 播放时刻 [t]","画布 / 预览设置 / 播放时刻 [t]","仅浏览器/运行时查看设置；不承诺被效果快照或 Ctrl+Z 保存/撤销。各项按事件源码注明实际持久化键。","tool/src/js/90_events.js","tool/src/js/90_events.js:44","","",""
"","VIEW-lowDissolve","","lowDissolve","state.lowDissolve","VIEW","浏览器查看/本机交付设置","checkbox","溶解预览","单帧观察","","","开关","开关","","","","","单帧观察","","","[]","","","","","","","","本入口无独立曲线控件","","","画布 / 预览设置 / 溶解预览 [lowDissolve]","画布 / 预览设置 / 溶解预览 [lowDissolve]","画布 / 预览设置 / 溶解预览 [lowDissolve]","仅浏览器/运行时查看设置；不承诺被效果快照或 Ctrl+Z 保存/撤销。各项按事件源码注明实际持久化键。","tool/src/js/90_events.js","tool/src/js/90_events.js:36","","",""
"","VIEW-lowSide","","lowSide","state.lowSide","VIEW","浏览器查看/本机交付设置","checkbox","单帧并排","只改变观察","","","开关","开关","","","","","只改变观察","","","[]","","","","","","","","本入口无独立曲线控件","","","画布 / 预览设置 / 单帧并排 [lowSide]","画布 / 预览设置 / 单帧并排 [lowSide]","画布 / 预览设置 / 单帧并排 [lowSide]","仅浏览器/运行时查看设置；不承诺被效果快照或 Ctrl+Z 保存/撤销。各项按事件源码注明实际持久化键。","tool/src/js/90_events.js","tool/src/js/90_events.js:37","","",""
"","VIEW-assetDir","","files","DOM.assetDir.files","VIEW","浏览器查看/本机交付设置","file","选择素材包文件夹","素材只读打开，不改变制作配方","","","文件集合","文件集合","","","","","素材只读打开，不改变制作配方","","","[]","","","","","","","","本入口无独立曲线控件","","","画布 / 预览设置 / 选择素材包文件夹 [files]","画布 / 预览设置 / 选择素材包文件夹 [files]","画布 / 预览设置 / 选择素材包文件夹 [files]","打开原始文件仅用于查看；不保存粒子参数，不属wbSnap撤销","tool/src/js/77_assets.js:311","tool/src/js/77_assets.js:308","","",""
"","VIEW-assetCut","","cutout","asset.cutout","VIEW","浏览器查看/本机交付设置","checkbox","素材轮廓","素材只读查看","","","开关","开关","","","","","素材只读查看","","","[]","","","","","","","","本入口无独立曲线控件","","","画布 / 预览设置 / 素材轮廓 [cutout]","画布 / 预览设置 / 素材轮廓 [cutout]","画布 / 预览设置 / 素材轮廓 [cutout]","仅浏览器/运行时查看设置；不承诺被效果快照或 Ctrl+Z 保存/撤销。各项按事件源码注明实际持久化键。","tool/src/js/77_assets.js:311","tool/src/js/77_assets.js:311","","",""
"","VIEW-assetSky","","sky","asset.sky","VIEW","浏览器查看/本机交付设置","checkbox","素材天空","素材只读查看","","","开关","开关","","","","","素材只读查看","","","[]","","","","","","","","本入口无独立曲线控件","","","画布 / 预览设置 / 素材天空 [sky]","画布 / 预览设置 / 素材天空 [sky]","画布 / 预览设置 / 素材天空 [sky]","仅浏览器/运行时查看设置；不承诺被效果快照或 Ctrl+Z 保存/撤销。各项按事件源码注明实际持久化键。","tool/src/js/77_assets.js:311","tool/src/js/77_assets.js:312","","",""
"","UI-q","","q","pview.q","VIEW","浏览器查看/本机交付设置","view","参数搜索","呈现/操作设置，区别制作参数。搜索当前层全部发射器，清除恢复开合","","","状态","状态","","","","","搜索当前层全部发射器，清除恢复开合","","","[]","","","","","","","","本入口无独立曲线控件","","","参数 / 定位与状态 / 参数搜索 [q]","参数 / 定位与状态 / 参数搜索 [q]","参数 / 定位与状态 / 参数搜索 [q]","仅浏览器/运行时查看设置；不承诺被效果快照或 Ctrl+Z 保存/撤销。各项按事件源码注明实际持久化键。","tool/src/js/70_ui.js; tool/src/js/90_events.js","","","",""
"","UI-changed","","changed","pview.changed","VIEW","浏览器查看/本机交付设置","view","仅改动","呈现/操作设置，区别制作参数。相对打开/版本基线；store pChanged","","","状态","状态","","","","","相对打开/版本基线；store pChanged","","","[]","","","","","","","","本入口无独立曲线控件","","","参数 / 定位与状态 / 仅改动 [changed]","参数 / 定位与状态 / 仅改动 [changed]","参数 / 定位与状态 / 仅改动 [changed]","仅浏览器/运行时查看设置；不承诺被效果快照或 Ctrl+Z 保存/撤销。各项按事件源码注明实际持久化键。","tool/src/js/70_ui.js; tool/src/js/90_events.js","","","",""
"","UI-en","","en","pview.en","VIEW","浏览器查看/本机交付设置","view","英文名","呈现/操作设置，区别制作参数。store pEN；改变名字呈现","","","状态","状态","","","","","store pEN；改变名字呈现","","","[]","","","","","","","","本入口无独立曲线控件","","","参数 / 定位与状态 / 英文名 [en]","参数 / 定位与状态 / 英文名 [en]","参数 / 定位与状态 / 英文名 [en]","仅浏览器/运行时查看设置；不承诺被效果快照或 Ctrl+Z 保存/撤销。各项按事件源码注明实际持久化键。","tool/src/js/70_ui.js; tool/src/js/90_events.js","","","",""
"","UI-mopen","","mopen","pview.mopen","VIEW","浏览器查看/本机交付设置","view","模块开合","呈现/操作设置，区别制作参数。store pModOpen，按发射器›模块键；当前不是逐层独立","","","状态","状态","","","","","store pModOpen，按发射器›模块键；当前不是逐层独立","","","[]","","","","","","","","本入口无独立曲线控件","","","参数 / 定位与状态 / 模块开合 [mopen]","参数 / 定位与状态 / 模块开合 [mopen]","参数 / 定位与状态 / 模块开合 [mopen]","仅浏览器/运行时查看设置；不承诺被效果快照或 Ctrl+Z 保存/撤销。各项按事件源码注明实际持久化键。","tool/src/js/70_ui.js; tool/src/js/90_events.js","","","",""
"","UI-ropen","","ropen","pview.ropen","VIEW","浏览器查看/本机交付设置","view","随机开合","呈现/操作设置，区别制作参数。store pRandOpen，按本体key","","","状态","状态","","","","","store pRandOpen，按本体key","","","[]","","","","","","","","本入口无独立曲线控件","","","参数 / 定位与状态 / 随机开合 [ropen]","参数 / 定位与状态 / 随机开合 [ropen]","参数 / 定位与状态 / 随机开合 [ropen]","仅浏览器/运行时查看设置；不承诺被效果快照或 Ctrl+Z 保存/撤销。各项按事件源码注明实际持久化键。","tool/src/js/70_ui.js; tool/src/js/90_events.js","","","",""
"","UI-tab","","tab","pview.tab","VIEW","浏览器查看/本机交付设置","view","发射器选择","呈现/操作设置，区别制作参数。store pEmitTab，按家族；切层会共用，不承诺逐对象恢复","","","状态","状态","","","","","store pEmitTab，按家族；切层会共用，不承诺逐对象恢复","","","[]","","","","","","","","本入口无独立曲线控件","","","参数 / 定位与状态 / 发射器选择 [tab]","参数 / 定位与状态 / 发射器选择 [tab]","参数 / 定位与状态 / 发射器选择 [tab]","仅浏览器/运行时查看设置；不承诺被效果快照或 Ctrl+Z 保存/撤销。各项按事件源码注明实际持久化键。","tool/src/js/70_ui.js; tool/src/js/90_events.js","","","",""
"","UI-locks","","locks","state.locks","VIEW","浏览器查看/本机交付设置","view","参数锁","呈现/操作设置，区别制作参数。state.locks；阻止号数/随机微调，不锁直接编辑，不属wbSnap","","","状态","状态","","","","","state.locks；阻止号数/随机微调，不锁直接编辑，不属wbSnap","","","[]","","","","","","","","本入口无独立曲线控件","","","参数 / 定位与状态 / 参数锁 [locks]","参数 / 定位与状态 / 参数锁 [locks]","参数 / 定位与状态 / 参数锁 [locks]","仅浏览器/运行时查看设置；不承诺被效果快照或 Ctrl+Z 保存/撤销。各项按事件源码注明实际持久化键。","tool/src/js/70_ui.js; tool/src/js/90_events.js","","","",""
"","UI-linkOff","","linkOff","state.linkOff","VIEW","浏览器查看/本机交付设置","view","暂时不联动","呈现/操作设置，区别制作参数。state.linkOff；现有候选同批星轨迹组，仅临时状态","","","状态","状态","","","","","state.linkOff；现有候选同批星轨迹组，仅临时状态","","","[]","","","","","","","","本入口无独立曲线控件","","","参数 / 定位与状态 / 暂时不联动 [linkOff]","参数 / 定位与状态 / 暂时不联动 [linkOff]","参数 / 定位与状态 / 暂时不联动 [linkOff]","仅浏览器/运行时查看设置；不承诺被效果快照或 Ctrl+Z 保存/撤销。各项按事件源码注明实际持久化键。","tool/src/js/70_ui.js; tool/src/js/90_events.js","","","",""
"","UI-timeLink","","timeLink","state.followOff（反向）","VIEW","浏览器查看/本机交付设置","view","时长/入点跟着走","呈现/操作设置，区别制作参数。时间工具；影响时间参数联动，不是所有字段链条","","","状态","状态","","","","","store tlFollowOff；关=只改该时间点，开=制作时长/入点跟随；79_workbench.js:658","","","[]","","","","","","","","本入口无独立曲线控件","","","参数 / 定位与状态 / 时长/入点跟着走 [timeLink]","参数 / 定位与状态 / 时长/入点跟着走 [timeLink]","参数 / 定位与状态 / 时长/入点跟着走 [timeLink]","仅浏览器/运行时查看设置；不承诺被效果快照或 Ctrl+Z 保存/撤销。各项按事件源码注明实际持久化键。","tool/src/js/79_workbench.js:541; tool/src/js/79_workbench.js:658","","","",""
"","LINK-groups","","links / linksLive","lib.my.links / linksLive","L","当前组合层","selection","轨迹联动组","我的效果显式同批星组，P轨迹字段同步，颜色各层独立；wbSnap不含links，必须单独核对保存与撤销边界","","","层ID集合","层ID集合","","","","","我的效果可编辑；候选按推断组","","","[]","","","","","","","","本入口无独立曲线控件","","","参数 / 当前层 / 效果 / 轨迹联动 [links / linksLive]","参数 / 当前层 / 效果 / 轨迹联动 [links / linksLive]","参数 / 当前层 / 效果 / 轨迹联动 [links / linksLive]","links由mySave显式存/另有linksLive；wbSnap仅P/M/L，不含分组本身。不能承诺Ctrl+Z撤销建组；关联引发P数值改变可被快照撤销。","tool/src/js/79_myfx.js:142","","","",""
"","VIEW-solo","","solo","state.layerView.solo","VIEW","浏览器查看/本机交付设置","toggle","独看","当前层只看此层，切编辑对象不会自动独看，不改变导出方案","","","层索引","层索引","","","","","所在工作区/对象适用时","","","[]","","","","","","","","本入口无独立曲线控件","","","图层管理 / 独看 [solo]","图层管理 / 独看 [solo]","图层管理 / 独看 [solo]","仅浏览器/运行时查看设置；不承诺被效果快照或 Ctrl+Z 保存/撤销。各项按事件源码注明实际持久化键。","tool/src/js/79_workbench.js:16","","","",""
"","VIEW-mute","","mute","state.layerView.mute","VIEW","浏览器查看/本机交付设置","toggle","静音","观察屏蔽，不等于输出off，不属于wbSnap层内容","","","层索引集合","层索引集合","","","","","所在工作区/对象适用时","","","[]","","","","","","","","本入口无独立曲线控件","","","图层管理 / 静音 [mute]","图层管理 / 静音 [mute]","图层管理 / 静音 [mute]","仅浏览器/运行时查看设置；不承诺被效果快照或 Ctrl+Z 保存/撤销。各项按事件源码注明实际持久化键。","tool/src/js/79_workbench.js:16","","","",""
"","UI-glue","","glueOff（反向）","state.glueOff（反向）","VIEW","浏览器查看/本机交付设置","checkbox","同一时刻的点一起动","时间点粘连，区别轨迹分组；store tlGlueOff，快照不含此设置","","","开关","开关","","","","","组合且存在轨迹关联组","","","[]","","","","","","","","本入口无独立曲线控件","","","时间轴 / 时间工具 / 同一时刻的点一起动 [glueOff（反向）]","时间轴 / 时间工具 / 同一时刻的点一起动 [glueOff（反向）]","时间轴 / 时间工具 / 同一时刻的点一起动 [glueOff（反向）]","仅浏览器/运行时查看设置；不承诺被效果快照或 Ctrl+Z 保存/撤销。各项按事件源码注明实际持久化键。","tool/src/js/79_workbench.js:659","","","",""
"","NAME-base","","base","store.packNames[wbKey()].base","LOCAL","浏览器查看/本机交付设置","text","效果英文名","按效果保存，素材包/贴图/UE资产采用同一名；不能随便猜资源映射","","","ASCII名称","ASCII名称","","","","","ASCII字母/数字/下划线，非空","","","[]","","","","","","","","本入口无独立曲线控件","","","交付清单 / 英文名 [base]","交付清单 / 英文名 [base]","交付清单 / 英文名 [base]","浏览器fwb.packNames；我的效果仓库另存；不在wbSnap，参数Ctrl+Z不撤销名称","tool/src/js/79_workbench.js:906","tool/src/js/90_events.js:11","","",""
"","NAME-layer","","layers[i]","store.packNames[wbKey()].layers[i]","LOCAL","浏览器查看/本机交付设置","text","层英文名","整包内部层名称；非空层名不可重复，数据-ly[i]入口","","","ASCII名称","ASCII名称","","","","","组合层；现有ASCII校验","","","[]","","","","","","","","本入口无独立曲线控件","","","交付清单 / 第i层名称 [layers[i]]","交付清单 / 第i层名称 [layers[i]]","交付清单 / 第i层名称 [layers[i]]","同packNames保存，与制作参数撤销分开","tool/src/js/79_workbench.js:900","","","",""
"","SIZE-pick","","sizeSpecPick[sizePickKey]","store.sizeSpecPick[sizePickKey]","LOCAL","浏览器查看/本机交付设置","select","导出尺寸档","自动按最新尺寸标定；选择只改导出长度不改时间，影响导出指纹；原大/不标定才使用exportScale","","","标定档ID/none","标定档ID/none","","","","","存在标定表","","","[]","","","","","","","","本入口无独立曲线控件","","","交付清单 / 导出尺寸 [sizeSpecPick[sizePickKey]]","交付清单 / 导出尺寸 [sizeSpecPick[sizePickKey]]","交付清单 / 导出尺寸 [sizeSpecPick[sizePickKey]]","浏览器fwb.sizeSpecPick，参数快照不含选择；应分别提示已保存和素材旧","tool/src/js/66_fwlcascade.js:272; tool/src/js/79_workbench.js:915","","","",""
"","DELIVERY-destination","","deliveryDestination","deliveryDestination","LOCAL","浏览器查看/本机交付设置","select","导出方式","指定目录/下载ZIP独立动作；选择不授权UE写入","","","选项","选项","","","","","目录服务可用","","","[]","","","","","","","","本入口无独立曲线控件","","","资源交付 / 导出方式 [deliveryDestination]","资源交付 / 导出方式 [deliveryDestination]","资源交付 / 导出方式 [deliveryDestination]","运行时交付设置，不进配方快照/参数撤销","tool/src/js/67_delivery.js","","","",""
"","DELIVERY-root","","root","本机服务config.root","LOCAL","浏览器查看/本机交付设置","text","资源导出目录","本机目录配置；保存通过真实服务回执，不是Blob路径","","","路径","路径","","","","","仅本机适配器可保存","","","[]","","","","","","","","本入口无独立曲线控件","","","资源交付 / 资源导出目录 [root]","资源交付 / 资源导出目录 [root]","资源交付 / 资源导出目录 [root]","本机服务持久化，不进配方Ctrl+Z；失败保留填写内容","tool/src/js/67_delivery.js; tool/local_delivery/service.py","","","",""
"","NAV-type","","type","DOM.type","NAV","浏览器查看/本机交付设置","navigation","花型/来源选择","对象/文件操作入口，非粒子物理参数；换效果/版本重置当前撤销栈","","","文本/选项","文本/选项","","","","","对应操作开启","","","[]","","","","","","","","本入口无独立曲线控件","","","对象与文件操作 / 花型/来源选择 [type]","对象与文件操作 / 花型/来源选择 [type]","对象与文件操作 / 花型/来源选择 [type]","按原对象/文件命令规则，不等同参数数值撤销","tool/src/body.html; tool/src/js/70_ui.js","tool/src/js/90_events.js:6","","",""
"","NAV-fileIn","","fileIn","DOM.fileIn","NAV","浏览器查看/本机交付设置","navigation","导入参数JSON","对象/文件操作入口，非粒子物理参数；换效果/版本重置当前撤销栈","","","文本/选项","文本/选项","","","","","对应操作开启","","","[]","","","","","","","","本入口无独立曲线控件","","","对象与文件操作 / 导入参数JSON [fileIn]","对象与文件操作 / 导入参数JSON [fileIn]","对象与文件操作 / 导入参数JSON [fileIn]","按原对象/文件命令规则，不等同参数数值撤销","tool/src/body.html; tool/src/js/70_ui.js","tool/src/js/90_events.js:55","","",""
"","NAV-pkSearch","","pkSearch","DOM.pkSearch","NAV","浏览器查看/本机交付设置","navigation","模板搜索","对象/文件操作入口，非粒子物理参数；换效果/版本重置当前撤销栈","","","文本/选项","文本/选项","","","","","对应操作开启","","","[]","","","","","","","","本入口无独立曲线控件","","","对象与文件操作 / 模板搜索 [pkSearch]","对象与文件操作 / 模板搜索 [pkSearch]","对象与文件操作 / 模板搜索 [pkSearch]","按原对象/文件命令规则，不等同参数数值撤销","tool/src/body.html; tool/src/js/70_ui.js","","","",""
"","NAV-saveNameInput","","saveNameInput","DOM.saveNameInput","NAV","浏览器查看/本机交付设置","navigation","保存名称","对象/文件操作入口，非粒子物理参数；换效果/版本重置当前撤销栈","","","文本/选项","文本/选项","","","","","对应操作开启","","","[]","","","","","","","","本入口无独立曲线控件","","","对象与文件操作 / 保存名称 [saveNameInput]","对象与文件操作 / 保存名称 [saveNameInput]","对象与文件操作 / 保存名称 [saveNameInput]","按原对象/文件命令规则，不等同参数数值撤销","tool/src/body.html; tool/src/js/70_ui.js","","","",""
