id,fieldId,key,dataPath,oldPosition,continuous,modules,tasks,status,source
"SCHEMA-001","000-shellNo","shellNo","P.shellNo","参数 / 当前层 / 效果 / 规格 / 号数 [shellNo]","当前效果 / 当前层 / 效果 / 规格 / 规格 / 号数","当前效果 / 当前层 / 效果 / 规格 / 号数","当前效果 / 当前层 / 效果 / 规格 / 规格 / 号数","同一控件模型，按源码条件展示","tool/src/js/10_types.js:425"
"SCHEMA-002","001-duration","duration","P.duration","参数 / 当前层 / 效果 / 规格 / 序列时长 [duration]","当前效果 / 当前层 / 效果 / 规格 / 规格 / 序列时长","当前效果 / 当前层 / 效果 / 规格 / 序列时长","当前效果 / 当前层 / 效果 / 规格 / 规格 / 序列时长","同一控件模型，按源码条件展示","tool/src/js/10_types.js:428"
"SCHEMA-003","001c-info:endInfo","info:endInfo","derived:info:endInfo","参数 / 当前层 / 效果 / 规格 / 火花灭完 [info:endInfo]","当前效果 / 当前层 / 效果 / 规格 / 规格 / 火花灭完","当前效果 / 当前层 / 效果 / 规格 / 火花灭完","当前效果 / 当前层 / 效果 / 规格 / 规格 / 火花灭完","需烘焙回执；样板无假结果","tool/src/js/10_types.js:429"
"SCHEMA-004","002-seed","seed","P.seed","参数 / 当前层 / 效果 / 规格 / 随机种子 [seed]","当前效果 / 当前层 / 效果 / 规格 / 规格 / 随机种子","当前效果 / 当前层 / 效果 / 规格 / 随机种子","当前效果 / 当前层 / 效果 / 规格 / 规格 / 随机种子","同一控件模型，按源码条件展示","tool/src/js/10_types.js:430"
"SCHEMA-005","003-stars","stars","P.stars","参数 / 当前层 / 星 / 生成 / 星数 [stars]","当前效果 / 当前层 / 星 / 时序与数量 / 生成 / 星数","当前效果 / 当前层 / 星 / 生成 / 星数","当前效果 / 当前层 / 星 / 时序与数量 / 生成 / 星数","同一控件模型，按源码条件展示","tool/src/js/10_types.js:431"
"SCHEMA-006","004-burstR0","burstR0","P.burstR0","参数 / 当前层 / 星 / 形状 / 起始半径 [burstR0]","当前效果 / 当前层 / 星 / 空间与运动 / 形状 / 起始半径","当前效果 / 当前层 / 星 / 形状 / 起始半径","当前效果 / 当前层 / 星 / 空间与运动 / 形状 / 起始半径","同一控件模型，按源码条件展示","tool/src/js/10_types.js:432"
"SCHEMA-007","005-v0","v0","P.v0","参数 / 当前层 / 星 / 初速 / 初速 [v0]","当前效果 / 当前层 / 星 / 空间与运动 / 初速 / 初速","当前效果 / 当前层 / 星 / 初速 / 初速","当前效果 / 当前层 / 星 / 空间与运动 / 初速 / 初速","同一控件模型，按源码条件展示","tool/src/js/10_types.js:433"
"SCHEMA-008","006-vt","vt","P.vt","参数 / 当前层 / 星 / 受力 / 终端速度 [vt]","当前效果 / 当前层 / 星 / 空间与运动 / 受力 / 终端速度","当前效果 / 当前层 / 星 / 受力 / 终端速度","当前效果 / 当前层 / 星 / 空间与运动 / 受力 / 终端速度","同一控件模型，按源码条件展示","tool/src/js/10_types.js:434"
"SCHEMA-009","007-grav","grav","P.grav","参数 / 当前层 / 星 / 受力 / 重力倍率 [grav]","当前效果 / 当前层 / 星 / 空间与运动 / 受力 / 重力倍率","当前效果 / 当前层 / 星 / 受力 / 重力倍率","当前效果 / 当前层 / 星 / 空间与运动 / 受力 / 重力倍率","同一控件模型，按源码条件展示","tool/src/js/10_types.js:435"
"SCHEMA-010","008-speedJit","speedJit","P.speedJit","参数 / 当前层 / 星 / 初速 / 初速 / 随机 / 初速随机 [speedJit]","当前效果 / 当前层 / 星 / 空间与运动 / 初速 / 初速随机","当前效果 / 当前层 / 星 / 初速 / 初速随机","当前效果 / 当前层 / 星 / 空间与运动 / 初速 / 初速随机","同一控件模型，按源码条件展示","tool/src/js/10_types.js:436"
"SCHEMA-011","009-dirJit","dirJit","P.dirJit","参数 / 当前层 / 星 / 初速 / 初速 / 随机 / 方向随机 [dirJit]","当前效果 / 当前层 / 星 / 空间与运动 / 初速 / 方向随机","当前效果 / 当前层 / 星 / 初速 / 方向随机","当前效果 / 当前层 / 星 / 空间与运动 / 初速 / 方向随机","同一控件模型，按源码条件展示","tool/src/js/10_types.js:437"
"SCHEMA-012","010-burn","burn","P.burn","参数 / 当前层 / 星 / 寿命 / 燃烧时间 [burn]","当前效果 / 当前层 / 星 / 时序与数量 / 寿命 / 燃烧时间","当前效果 / 当前层 / 星 / 寿命 / 燃烧时间","当前效果 / 当前层 / 星 / 时序与数量 / 寿命 / 燃烧时间","同一控件模型，按源码条件展示","tool/src/js/10_types.js:438"
"SCHEMA-013","011-burnJit","burnJit","P.burnJit","参数 / 当前层 / 星 / 寿命 / 燃烧时间 / 随机 / 燃烧时间随机 [burnJit]","当前效果 / 当前层 / 星 / 时序与数量 / 寿命 / 燃烧时间随机","当前效果 / 当前层 / 星 / 寿命 / 燃烧时间随机","当前效果 / 当前层 / 星 / 时序与数量 / 寿命 / 燃烧时间随机","同一控件模型，按源码条件展示","tool/src/js/10_types.js:439"
"SCHEMA-014","012-fade","fade","P.fade","参数 / 当前层 / 星 / 亮度 / 渐隐比例 [fade]","当前效果 / 当前层 / 星 / 外观与颜色 / 亮度 / 渐隐比例","当前效果 / 当前层 / 星 / 亮度 / 渐隐比例","当前效果 / 当前层 / 星 / 外观与颜色 / 亮度 / 渐隐比例","同一控件模型，按源码条件展示","tool/src/js/10_types.js:440"
"SCHEMA-015","013-lastFlare","lastFlare","P.lastFlare","参数 / 当前层 / 星 / 亮度 / 熄灭前闪亮 [lastFlare]","当前效果 / 当前层 / 星 / 外观与颜色 / 亮度 / 熄灭前闪亮","当前效果 / 当前层 / 星 / 亮度 / 熄灭前闪亮","当前效果 / 当前层 / 星 / 外观与颜色 / 亮度 / 熄灭前闪亮","同一控件模型，按源码条件展示","tool/src/js/10_types.js:441"
"SCHEMA-016","014-flash","flash","P.flash","参数 / 当前层 / 开花闪光 / 闪光 / 亮度 [flash]","当前效果 / 当前层 / 开花闪光 / 事件与特性 / 闪光 / 亮度","当前效果 / 当前层 / 开花闪光 / 闪光 / 亮度","当前效果 / 当前层 / 开花闪光 / 事件与特性 / 闪光 / 亮度","同一控件模型，按源码条件展示","tool/src/js/10_types.js:442"
"SCHEMA-017","014b-flashSize","flashSize","P.flashSize","参数 / 当前层 / 开花闪光 / 闪光 / 大小 [flashSize]","当前效果 / 当前层 / 开花闪光 / 事件与特性 / 闪光 / 大小","当前效果 / 当前层 / 开花闪光 / 闪光 / 大小","当前效果 / 当前层 / 开花闪光 / 事件与特性 / 闪光 / 大小","同一控件模型，按源码条件展示","tool/src/js/10_types.js:443"
"SCHEMA-018","460-26-flashR","flashR","P.flashR","参数 / 当前层 / 开花闪光 / 大小 / 半径 [flashR]","当前效果 / 当前层 / 开花闪光 / 外观与颜色 / 大小 / 半径","当前效果 / 当前层 / 开花闪光 / 大小 / 半径","当前效果 / 当前层 / 开花闪光 / 外观与颜色 / 大小 / 半径","同一控件模型，按源码条件展示","tool/src/js/10_types.js:444"
"SCHEMA-019","460-27-flashTau","flashTau","P.flashTau","参数 / 当前层 / 开花闪光 / 亮度 / 衰减 [flashTau]","当前效果 / 当前层 / 开花闪光 / 外观与颜色 / 亮度 / 衰减","当前效果 / 当前层 / 开花闪光 / 亮度 / 衰减","当前效果 / 当前层 / 开花闪光 / 外观与颜色 / 亮度 / 衰减","同一控件模型，按源码条件展示","tool/src/js/10_types.js:445"
"SCHEMA-020","460-28-flashLife","flashLife","P.flashLife","参数 / 当前层 / 开花闪光 / 寿命 / 寿命 [flashLife]","当前效果 / 当前层 / 开花闪光 / 时序与数量 / 寿命 / 寿命","当前效果 / 当前层 / 开花闪光 / 寿命 / 寿命","当前效果 / 当前层 / 开花闪光 / 时序与数量 / 寿命 / 寿命","同一控件模型，按源码条件展示","tool/src/js/10_types.js:446"
"SCHEMA-021","460-95-flashBrightCurve","flashBrightCurve","P.flashBrightCurve","参数 / 当前层 / 开花闪光 / 亮度 / 随寿命 [flashBrightCurve]","当前效果 / 当前层 / 开花闪光 / 外观与颜色 / 亮度 / 随寿命","当前效果 / 当前层 / 开花闪光 / 亮度 / 随寿命","当前效果 / 当前层 / 开花闪光 / 外观与颜色 / 亮度 / 随寿命","同一控件模型，按源码条件展示","tool/src/js/10_types.js:447"
"SCHEMA-022","460-100-flashSizeCurve","flashSizeCurve","P.flashSizeCurve","参数 / 当前层 / 开花闪光 / 大小 / 随寿命 [flashSizeCurve]","当前效果 / 当前层 / 开花闪光 / 外观与颜色 / 大小 / 随寿命","当前效果 / 当前层 / 开花闪光 / 大小 / 随寿命","当前效果 / 当前层 / 开花闪光 / 外观与颜色 / 大小 / 随寿命","同一控件模型，按源码条件展示","tool/src/js/10_types.js:448"
"SCHEMA-023","015-pattern","pattern","P.pattern","参数 / 当前层 / 星 / 形状 / 开花图案 [pattern]","当前效果 / 当前层 / 星 / 空间与运动 / 形状 / 开花图案","当前效果 / 当前层 / 星 / 形状 / 开花图案","当前效果 / 当前层 / 星 / 空间与运动 / 形状 / 开花图案","同一控件模型，按源码条件展示","tool/src/js/10_types.js:451"
"SCHEMA-024","4915-00-clusterLayout","clusterLayout","P.clusterLayout","参数 / 当前层 / 星 / 形状 / 排法 [clusterLayout]","当前效果 / 当前层 / 星 / 空间与运动 / 形状 / 排法","当前效果 / 当前层 / 星 / 形状 / 排法","当前效果 / 当前层 / 星 / 空间与运动 / 形状 / 排法","同一控件模型，按源码条件展示","tool/src/js/10_types.js:452"
"SCHEMA-025","4915-01-clusterN","clusterN","P.clusterN","参数 / 当前层 / 星 / 形状 / 簇数 [clusterN]","当前效果 / 当前层 / 星 / 空间与运动 / 形状 / 簇数","当前效果 / 当前层 / 星 / 形状 / 簇数","当前效果 / 当前层 / 星 / 空间与运动 / 形状 / 簇数","同一控件模型，按源码条件展示","tool/src/js/10_types.js:453"
"SCHEMA-026","4934-00-clusterFan","clusterFan","P.clusterFan","参数 / 当前层 / 星 / 形状 / 扇面张角 [clusterFan]","当前效果 / 当前层 / 星 / 空间与运动 / 形状 / 扇面张角","当前效果 / 当前层 / 星 / 形状 / 扇面张角","当前效果 / 当前层 / 星 / 空间与运动 / 形状 / 扇面张角","同一控件模型，按源码条件展示","tool/src/js/10_types.js:454"
"SCHEMA-027","4934-01-clusterSweep","clusterSweep","P.clusterSweep","参数 / 当前层 / 星 / 形状 / 依次出膛 [clusterSweep]","当前效果 / 当前层 / 星 / 空间与运动 / 形状 / 依次出膛","当前效果 / 当前层 / 星 / 形状 / 依次出膛","当前效果 / 当前层 / 星 / 空间与运动 / 形状 / 依次出膛","同一控件模型，按源码条件展示","tool/src/js/10_types.js:455"
"SCHEMA-028","fanspk-06-clusterGap","clusterGap","P.clusterGap","参数 / 当前层 / 星 / 形状 / 筒距 [clusterGap]","当前效果 / 当前层 / 星 / 空间与运动 / 形状 / 筒距","当前效果 / 当前层 / 星 / 形状 / 筒距","当前效果 / 当前层 / 星 / 空间与运动 / 形状 / 筒距","同一控件模型，按源码条件展示","tool/src/js/10_types.js:456"
"SCHEMA-029","4915-02-clusterCone","clusterCone","P.clusterCone","参数 / 当前层 / 星 / 形状 / 张角 [clusterCone]","当前效果 / 当前层 / 星 / 空间与运动 / 形状 / 张角","当前效果 / 当前层 / 星 / 形状 / 张角","当前效果 / 当前层 / 星 / 空间与运动 / 形状 / 张角","同一控件模型，按源码条件展示","tool/src/js/10_types.js:457"
"SCHEMA-030","4919-00-clusterYaw","clusterYaw","P.clusterYaw","参数 / 当前层 / 星 / 形状 / 偏转 [clusterYaw]","当前效果 / 当前层 / 星 / 空间与运动 / 形状 / 偏转","当前效果 / 当前层 / 星 / 形状 / 偏转","当前效果 / 当前层 / 星 / 空间与运动 / 形状 / 偏转","同一控件模型，按源码条件展示","tool/src/js/10_types.js:458"
"SCHEMA-031","4916-00-clusterRoll","clusterRoll","P.clusterRoll","参数 / 当前层 / 星 / 形状 / 转角 [clusterRoll]","当前效果 / 当前层 / 星 / 空间与运动 / 形状 / 转角","当前效果 / 当前层 / 星 / 形状 / 转角","当前效果 / 当前层 / 星 / 空间与运动 / 形状 / 转角","同一控件模型，按源码条件展示","tool/src/js/10_types.js:459"
"SCHEMA-032","4917-00-clusterStarsJit","clusterStarsJit","P.clusterStarsJit","参数 / 当前层 / 星 / 形状 / 星数随机 [clusterStarsJit]","当前效果 / 当前层 / 星 / 空间与运动 / 形状 / 星数随机","当前效果 / 当前层 / 星 / 形状 / 星数随机","当前效果 / 当前层 / 星 / 空间与运动 / 形状 / 星数随机","同一控件模型，按源码条件展示","tool/src/js/10_types.js:460"
"SCHEMA-033","4917-01-clusterDirJit","clusterDirJit","P.clusterDirJit","参数 / 当前层 / 星 / 形状 / 方向随机 [clusterDirJit]","当前效果 / 当前层 / 星 / 空间与运动 / 形状 / 方向随机","当前效果 / 当前层 / 星 / 形状 / 方向随机","当前效果 / 当前层 / 星 / 空间与运动 / 形状 / 方向随机","同一控件模型，按源码条件展示","tool/src/js/10_types.js:461"
"SCHEMA-034","016-pattern","pattern","P.pattern","参数 / 当前层 / 星 / 形状 / 灯芯图案 [pattern]","当前效果 / 当前层 / 星 / 空间与运动 / 形状 / 灯芯图案","当前效果 / 当前层 / 星 / 形状 / 灯芯图案","当前效果 / 当前层 / 星 / 空间与运动 / 形状 / 灯芯图案","同一控件模型，按源码条件展示","tool/src/js/10_types.js:451"
"SCHEMA-035","017-text","text","P.text","参数 / 当前层 / 星 / 形状 / 文字 [text]","当前效果 / 当前层 / 星 / 空间与运动 / 形状 / 文字","当前效果 / 当前层 / 星 / 形状 / 文字","当前效果 / 当前层 / 星 / 空间与运动 / 形状 / 文字","同一控件模型，按源码条件展示","tool/src/js/10_types.js:463"
"SCHEMA-036","018-tilt","tilt","P.tilt","参数 / 当前层 / 星 / 形状 / 倾斜 [tilt]","当前效果 / 当前层 / 星 / 空间与运动 / 形状 / 倾斜","当前效果 / 当前层 / 星 / 形状 / 倾斜","当前效果 / 当前层 / 星 / 空间与运动 / 形状 / 倾斜","同一控件模型，按源码条件展示","tool/src/js/10_types.js:464"
"SCHEMA-037","019-ringFrac","ringFrac","P.ringFrac","参数 / 当前层 / 星 / 形状 / 环上星比例 [ringFrac]","当前效果 / 当前层 / 星 / 空间与运动 / 形状 / 环上星比例","当前效果 / 当前层 / 星 / 形状 / 环上星比例","当前效果 / 当前层 / 星 / 空间与运动 / 形状 / 环上星比例","同一控件模型，按源码条件展示","tool/src/js/10_types.js:465"
"SCHEMA-038","020-waterRefl","waterRefl","P.waterRefl","参数 / 当前层 / 效果 / 场景 / 水面倒影 [waterRefl]","当前效果 / 当前层 / 效果 / 场景 / 场景 / 水面倒影","当前效果 / 当前层 / 效果 / 场景 / 水面倒影","当前效果 / 当前层 / 效果 / 场景 / 场景 / 水面倒影","同一控件模型，按源码条件展示","tool/src/js/10_types.js:466"
"SCHEMA-039","021-wind","wind","P.wind","参数 / 当前层 / 效果 / 环境 / 风速 [wind]","当前效果 / 当前层 / 效果 / 环境 / 环境 / 风速","当前效果 / 当前层 / 效果 / 环境 / 风速","当前效果 / 当前层 / 效果 / 环境 / 环境 / 风速","同一控件模型，按源码条件展示","tool/src/js/10_types.js:469"
"SCHEMA-040","022-turb","turb","P.turb","参数 / 当前层 / 效果 / 环境 / 湍流强度 [turb]","当前效果 / 当前层 / 效果 / 环境 / 环境 / 湍流强度","当前效果 / 当前层 / 效果 / 环境 / 湍流强度","当前效果 / 当前层 / 效果 / 环境 / 环境 / 湍流强度","同一控件模型，按源码条件展示","tool/src/js/10_types.js:470"
"SCHEMA-041","023-turbScale","turbScale","P.turbScale","参数 / 当前层 / 效果 / 环境 / 湍流尺度 [turbScale]","当前效果 / 当前层 / 效果 / 环境 / 环境 / 湍流尺度","当前效果 / 当前层 / 效果 / 环境 / 湍流尺度","当前效果 / 当前层 / 效果 / 环境 / 环境 / 湍流尺度","同一控件模型，按源码条件展示","tool/src/js/10_types.js:471"
"SCHEMA-042","024-tailDiffuse","tailDiffuse","P.tailDiffuse","参数 / 当前层 / 火花 / 受力 / 扩散 [tailDiffuse]","当前效果 / 当前层 / 火花 / 空间与运动 / 受力 / 扩散","当前效果 / 当前层 / 火花 / 受力 / 扩散","当前效果 / 当前层 / 火花 / 空间与运动 / 受力 / 扩散","同一控件模型，按源码条件展示","tool/src/js/10_types.js:472"
"SCHEMA-043","025-tailDiffuseScale","tailDiffuseScale","P.tailDiffuseScale","参数 / 当前层 / 火花 / 受力 / 扩散尺度 [tailDiffuseScale]","当前效果 / 当前层 / 火花 / 空间与运动 / 受力 / 扩散尺度","当前效果 / 当前层 / 火花 / 受力 / 扩散尺度","当前效果 / 当前层 / 火花 / 空间与运动 / 受力 / 扩散尺度","同一控件模型，按源码条件展示","tool/src/js/10_types.js:473"
"SCHEMA-044","026-massLoss","massLoss","P.massLoss","参数 / 当前层 / 星 / 受力 / 燃烧减质量 [massLoss]","当前效果 / 当前层 / 星 / 空间与运动 / 受力 / 燃烧减质量","当前效果 / 当前层 / 星 / 受力 / 燃烧减质量","当前效果 / 当前层 / 星 / 空间与运动 / 受力 / 燃烧减质量","同一控件模型，按源码条件展示","tool/src/js/10_types.js:474"
"SCHEMA-045","027-shellVx","shellVx","P.shellVx","参数 / 当前层 / 效果 / 玉体 / 水平速度 [shellVx]","当前效果 / 当前层 / 效果 / 玉体 / 玉体 / 水平速度","当前效果 / 当前层 / 效果 / 玉体 / 水平速度","当前效果 / 当前层 / 效果 / 玉体 / 玉体 / 水平速度","同一控件模型，按源码条件展示","tool/src/js/10_types.js:475"
"SCHEMA-046","028-shellVy","shellVy","P.shellVy","参数 / 当前层 / 效果 / 玉体 / 竖直速度 [shellVy]","当前效果 / 当前层 / 效果 / 玉体 / 玉体 / 竖直速度","当前效果 / 当前层 / 效果 / 玉体 / 竖直速度","当前效果 / 当前层 / 效果 / 玉体 / 玉体 / 竖直速度","同一控件模型，按源码条件展示","tool/src/js/10_types.js:476"
"SCHEMA-047","029-shellSpin","shellSpin","P.shellSpin","参数 / 当前层 / 效果 / 玉体 / 自旋 [shellSpin]","当前效果 / 当前层 / 效果 / 玉体 / 玉体 / 自旋","当前效果 / 当前层 / 效果 / 玉体 / 自旋","当前效果 / 当前层 / 效果 / 玉体 / 玉体 / 自旋","同一控件模型，按源码条件展示","tool/src/js/10_types.js:477"
"SCHEMA-048","033-ignDelay","ignDelay","P.ignDelay","参数 / 当前层 / 星 / 生成 / 点火延迟 [ignDelay]","当前效果 / 当前层 / 星 / 时序与数量 / 生成 / 点火延迟","当前效果 / 当前层 / 星 / 生成 / 点火延迟","当前效果 / 当前层 / 星 / 时序与数量 / 生成 / 点火延迟","同一控件模型，按源码条件展示","tool/src/js/10_types.js:480"
"SCHEMA-049","034-ignJit","ignJit","P.ignJit","参数 / 当前层 / 星 / 生成 / 点火延迟 / 随机 / 点火延迟随机 [ignJit]","当前效果 / 当前层 / 星 / 时序与数量 / 生成 / 点火延迟随机","当前效果 / 当前层 / 星 / 生成 / 点火延迟随机","当前效果 / 当前层 / 星 / 时序与数量 / 生成 / 点火延迟随机","同一控件模型，按源码条件展示","tool/src/js/10_types.js:481"
"SCHEMA-050","035-ignSeed","ignSeed","P.ignSeed","参数 / 当前层 / 星 / 生成 / 点火随机种子 [ignSeed]","当前效果 / 当前层 / 星 / 时序与数量 / 生成 / 点火随机种子","当前效果 / 当前层 / 星 / 生成 / 点火随机种子","当前效果 / 当前层 / 星 / 时序与数量 / 生成 / 点火随机种子","同一控件模型，按源码条件展示","tool/src/js/10_types.js:482"
"SCHEMA-051","036-keepFrac","keepFrac","P.keepFrac","参数 / 当前层 / 星 / 生成 / 发光星比例 [keepFrac]","当前效果 / 当前层 / 星 / 时序与数量 / 生成 / 发光星比例","当前效果 / 当前层 / 星 / 生成 / 发光星比例","当前效果 / 当前层 / 星 / 时序与数量 / 生成 / 发光星比例","同一控件模型，按源码条件展示","tool/src/js/10_types.js:483"
"SCHEMA-052","037-afterBurn","afterBurn","P.afterBurn","参数 / 当前层 / 星 / 寿命 / 第二段燃烧时间 [afterBurn]","当前效果 / 当前层 / 星 / 时序与数量 / 寿命 / 第二段燃烧时间","当前效果 / 当前层 / 星 / 寿命 / 第二段燃烧时间","当前效果 / 当前层 / 星 / 时序与数量 / 寿命 / 第二段燃烧时间","同一控件模型，按源码条件展示","tool/src/js/10_types.js:484"
"SCHEMA-053","038-afterJit","afterJit","P.afterJit","参数 / 当前层 / 星 / 寿命 / 第二段燃烧时间 / 随机 / 第二段随机 [afterJit]","当前效果 / 当前层 / 星 / 时序与数量 / 寿命 / 第二段随机","当前效果 / 当前层 / 星 / 寿命 / 第二段随机","当前效果 / 当前层 / 星 / 时序与数量 / 寿命 / 第二段随机","同一控件模型，按源码条件展示","tool/src/js/10_types.js:485"
"SCHEMA-054","039-headDim","headDim","P.headDim","参数 / 当前层 / 星 / 亮度 / 前段亮度 [headDim]","当前效果 / 当前层 / 星 / 外观与颜色 / 亮度 / 前段亮度","当前效果 / 当前层 / 星 / 亮度 / 前段亮度","当前效果 / 当前层 / 星 / 外观与颜色 / 亮度 / 前段亮度","同一控件模型，按源码条件展示","tool/src/js/10_types.js:486"
"SCHEMA-055","040-headDimUntil","headDimUntil","P.headDimUntil","参数 / 当前层 / 星 / 亮度 / 前段结束 [headDimUntil]","当前效果 / 当前层 / 星 / 外观与颜色 / 亮度 / 前段结束","当前效果 / 当前层 / 星 / 亮度 / 前段结束","当前效果 / 当前层 / 星 / 外观与颜色 / 亮度 / 前段结束","同一控件模型，按源码条件展示","tool/src/js/10_types.js:487"
"SCHEMA-056","041-strobeHz","strobeHz","P.strobeHz","参数 / 当前层 / 星 / 点灭 / 频率 [strobeHz]","当前效果 / 当前层 / 星 / 事件与特性 / 点灭 / 频率","当前效果 / 当前层 / 星 / 点灭 / 频率","当前效果 / 当前层 / 星 / 事件与特性 / 点灭 / 频率","同一控件模型，按源码条件展示","tool/src/js/10_types.js:488"
"SCHEMA-057","042-strobeDuty","strobeDuty","P.strobeDuty","参数 / 当前层 / 星 / 点灭 / 亮占比 [strobeDuty]","当前效果 / 当前层 / 星 / 事件与特性 / 点灭 / 亮占比","当前效果 / 当前层 / 星 / 点灭 / 亮占比","当前效果 / 当前层 / 星 / 事件与特性 / 点灭 / 亮占比","同一控件模型，按源码条件展示","tool/src/js/10_types.js:489"
"SCHEMA-058","043-strobeStart","strobeStart","P.strobeStart","参数 / 当前层 / 星 / 点灭 / 开始时刻 [strobeStart]","当前效果 / 当前层 / 星 / 事件与特性 / 点灭 / 开始时刻","当前效果 / 当前层 / 星 / 点灭 / 开始时刻","当前效果 / 当前层 / 星 / 事件与特性 / 点灭 / 开始时刻","同一控件模型，按源码条件展示","tool/src/js/10_types.js:490"
"SCHEMA-059","044-glitter","glitter","P.glitter","参数 / 当前层 / 火花 / 辉星 / 强度 [glitter]","当前效果 / 当前层 / 火花 / 事件与特性 / 辉星 / 强度","当前效果 / 当前层 / 火花 / 辉星 / 强度","当前效果 / 当前层 / 火花 / 事件与特性 / 辉星 / 强度","同一控件模型，按源码条件展示","tool/src/js/10_types.js:491"
"SCHEMA-060","045-glitterDelay","glitterDelay","P.glitterDelay","参数 / 当前层 / 火花 / 辉星 / 延迟 [glitterDelay]","当前效果 / 当前层 / 火花 / 事件与特性 / 辉星 / 延迟","当前效果 / 当前层 / 火花 / 辉星 / 延迟","当前效果 / 当前层 / 火花 / 事件与特性 / 辉星 / 延迟","同一控件模型，按源码条件展示","tool/src/js/10_types.js:492"
"SCHEMA-061","046-crackle","crackle","P.crackle","参数 / 当前层 / 爆裂 / 生成 / 数量 [crackle]","当前效果 / 当前层 / 爆裂 / 时序与数量 / 生成 / 数量","当前效果 / 当前层 / 爆裂 / 生成 / 数量","当前效果 / 当前层 / 爆裂 / 时序与数量 / 生成 / 数量","同一控件模型，按源码条件展示","tool/src/js/10_types.js:493"
"SCHEMA-062","047-crackleDelay","crackleDelay","P.crackleDelay","参数 / 当前层 / 爆裂 / 生成 / 延迟 [crackleDelay]","当前效果 / 当前层 / 爆裂 / 时序与数量 / 生成 / 延迟","当前效果 / 当前层 / 爆裂 / 生成 / 延迟","当前效果 / 当前层 / 爆裂 / 时序与数量 / 生成 / 延迟","同一控件模型，按源码条件展示","tool/src/js/10_types.js:494"
"SCHEMA-063","047-crackleR","crackleR","P.crackleR","参数 / 当前层 / 爆裂 / 形状 / 范围 [crackleR]","当前效果 / 当前层 / 爆裂 / 空间与运动 / 形状 / 范围","当前效果 / 当前层 / 爆裂 / 形状 / 范围","当前效果 / 当前层 / 爆裂 / 空间与运动 / 形状 / 范围","同一控件模型，按源码条件展示","tool/src/js/10_types.js:495"
"SCHEMA-064","047-crackleV","crackleV","P.crackleV","参数 / 当前层 / 爆裂 / 初速 / 速度 [crackleV]","当前效果 / 当前层 / 爆裂 / 空间与运动 / 初速 / 速度","当前效果 / 当前层 / 爆裂 / 初速 / 速度","当前效果 / 当前层 / 爆裂 / 空间与运动 / 初速 / 速度","同一控件模型，按源码条件展示","tool/src/js/10_types.js:496"
"SCHEMA-065","048-branch","branch","P.branch","参数 / 当前层 / 分叉火花 / 生成 / 分叉数 [branch]","当前效果 / 当前层 / 分叉火花 / 时序与数量 / 生成 / 分叉数","当前效果 / 当前层 / 分叉火花 / 生成 / 分叉数","当前效果 / 当前层 / 分叉火花 / 时序与数量 / 生成 / 分叉数","同一控件模型，按源码条件展示","tool/src/js/10_types.js:497"
"SCHEMA-066","049-branchAt","branchAt","P.branchAt","参数 / 当前层 / 分叉火花 / 生成 / 分叉时刻 [branchAt]","当前效果 / 当前层 / 分叉火花 / 时序与数量 / 生成 / 分叉时刻","当前效果 / 当前层 / 分叉火花 / 生成 / 分叉时刻","当前效果 / 当前层 / 分叉火花 / 时序与数量 / 生成 / 分叉时刻","同一控件模型，按源码条件展示","tool/src/js/10_types.js:498"
"SCHEMA-067","050-flutter","flutter","P.flutter","参数 / 当前层 / 星 / 飘落 / 摆动 [flutter]","当前效果 / 当前层 / 星 / 事件与特性 / 飘落 / 摆动","当前效果 / 当前层 / 星 / 飘落 / 摆动","当前效果 / 当前层 / 星 / 事件与特性 / 飘落 / 摆动","同一控件模型，按源码条件展示","tool/src/js/10_types.js:499"
"SCHEMA-068","051-flutterHz","flutterHz","P.flutterHz","参数 / 当前层 / 星 / 飘落 / 摆动频率 [flutterHz]","当前效果 / 当前层 / 星 / 事件与特性 / 飘落 / 摆动频率","当前效果 / 当前层 / 星 / 飘落 / 摆动频率","当前效果 / 当前层 / 星 / 事件与特性 / 飘落 / 摆动频率","同一控件模型，按源码条件展示","tool/src/js/10_types.js:500"
"SCHEMA-069","460-00-crackleDelayJit","crackleDelayJit","P.crackleDelayJit","参数 / 当前层 / 爆裂 / 生成 / 延迟 / 随机 / 延迟随机 [crackleDelayJit]","当前效果 / 当前层 / 爆裂 / 时序与数量 / 生成 / 延迟随机","当前效果 / 当前层 / 爆裂 / 生成 / 延迟随机","当前效果 / 当前层 / 爆裂 / 时序与数量 / 生成 / 延迟随机","同一控件模型，按源码条件展示","tool/src/js/10_types.js:501"
"SCHEMA-070","460-01-crackleRIn","crackleRIn","P.crackleRIn","参数 / 当前层 / 爆裂 / 形状 / 最近（× 范围） [crackleRIn]","当前效果 / 当前层 / 爆裂 / 空间与运动 / 形状 / 最近（× 范围）","当前效果 / 当前层 / 爆裂 / 形状 / 最近（× 范围）","当前效果 / 当前层 / 爆裂 / 空间与运动 / 形状 / 最近（× 范围）","同一控件模型，按源码条件展示","tool/src/js/10_types.js:502"
"SCHEMA-071","460-02-crackleFollow","crackleFollow","P.crackleFollow","参数 / 当前层 / 爆裂 / 初速 / 跟随星 [crackleFollow]","当前效果 / 当前层 / 爆裂 / 空间与运动 / 初速 / 跟随星","当前效果 / 当前层 / 爆裂 / 初速 / 跟随星","当前效果 / 当前层 / 爆裂 / 空间与运动 / 初速 / 跟随星","同一控件模型，按源码条件展示","tool/src/js/10_types.js:503"
"SCHEMA-072","460-03-crackleLife","crackleLife","P.crackleLife","参数 / 当前层 / 爆裂 / 寿命 / 寿命 [crackleLife]","当前效果 / 当前层 / 爆裂 / 时序与数量 / 寿命 / 寿命","当前效果 / 当前层 / 爆裂 / 寿命 / 寿命","当前效果 / 当前层 / 爆裂 / 时序与数量 / 寿命 / 寿命","同一控件模型，按源码条件展示","tool/src/js/10_types.js:504"
"SCHEMA-073","460-04-crackleTau","crackleTau","P.crackleTau","参数 / 当前层 / 爆裂 / 亮度 / 衰减 [crackleTau]","当前效果 / 当前层 / 爆裂 / 外观与颜色 / 亮度 / 衰减","当前效果 / 当前层 / 爆裂 / 亮度 / 衰减","当前效果 / 当前层 / 爆裂 / 外观与颜色 / 亮度 / 衰减","同一控件模型，按源码条件展示","tool/src/js/10_types.js:505"
"SCHEMA-074","460-05-crackleBright","crackleBright","P.crackleBright","参数 / 当前层 / 爆裂 / 亮度 / 亮度 [crackleBright]","当前效果 / 当前层 / 爆裂 / 外观与颜色 / 亮度 / 亮度","当前效果 / 当前层 / 爆裂 / 亮度 / 亮度","当前效果 / 当前层 / 爆裂 / 外观与颜色 / 亮度 / 亮度","同一控件模型，按源码条件展示","tool/src/js/10_types.js:506"
"SCHEMA-075","460-06-crackleBrightJit","crackleBrightJit","P.crackleBrightJit","参数 / 当前层 / 爆裂 / 亮度 / 亮度 / 随机 / 亮度随机 [crackleBrightJit]","当前效果 / 当前层 / 爆裂 / 外观与颜色 / 亮度 / 亮度随机","当前效果 / 当前层 / 爆裂 / 亮度 / 亮度随机","当前效果 / 当前层 / 爆裂 / 外观与颜色 / 亮度 / 亮度随机","同一控件模型，按源码条件展示","tool/src/js/10_types.js:507"
"SCHEMA-076","460-07-crackleSize","crackleSize","P.crackleSize","参数 / 当前层 / 爆裂 / 大小 / 大小 [crackleSize]","当前效果 / 当前层 / 爆裂 / 外观与颜色 / 大小 / 大小","当前效果 / 当前层 / 爆裂 / 大小 / 大小","当前效果 / 当前层 / 爆裂 / 外观与颜色 / 大小 / 大小","同一控件模型，按源码条件展示","tool/src/js/10_types.js:508"
"SCHEMA-077","460-08-crackleSizeJit","crackleSizeJit","P.crackleSizeJit","参数 / 当前层 / 爆裂 / 大小 / 大小 / 随机 / 大小随机 [crackleSizeJit]","当前效果 / 当前层 / 爆裂 / 外观与颜色 / 大小 / 大小随机","当前效果 / 当前层 / 爆裂 / 大小 / 大小随机","当前效果 / 当前层 / 爆裂 / 外观与颜色 / 大小 / 大小随机","同一控件模型，按源码条件展示","tool/src/js/10_types.js:509"
"SCHEMA-078","460-09-strobeOn","strobeOn","P.strobeOn","参数 / 当前层 / 星 / 点灭 / 亮相亮度 [strobeOn]","当前效果 / 当前层 / 星 / 事件与特性 / 点灭 / 亮相亮度","当前效果 / 当前层 / 星 / 点灭 / 亮相亮度","当前效果 / 当前层 / 星 / 事件与特性 / 点灭 / 亮相亮度","同一控件模型，按源码条件展示","tool/src/js/10_types.js:510"
"SCHEMA-079","460-10-strobeOff","strobeOff","P.strobeOff","参数 / 当前层 / 星 / 点灭 / 暗相亮度 [strobeOff]","当前效果 / 当前层 / 星 / 事件与特性 / 点灭 / 暗相亮度","当前效果 / 当前层 / 星 / 点灭 / 暗相亮度","当前效果 / 当前层 / 星 / 事件与特性 / 点灭 / 暗相亮度","同一控件模型，按源码条件展示","tool/src/js/10_types.js:511"
"SCHEMA-080","460-11-strobeHzJit","strobeHzJit","P.strobeHzJit","参数 / 当前层 / 星 / 点灭 / 频率 / 随机 / 频率随机 [strobeHzJit]","当前效果 / 当前层 / 星 / 事件与特性 / 点灭 / 频率随机","当前效果 / 当前层 / 星 / 点灭 / 频率随机","当前效果 / 当前层 / 星 / 事件与特性 / 点灭 / 频率随机","同一控件模型，按源码条件展示","tool/src/js/10_types.js:512"
"SCHEMA-081","460-12-glitterDelayJit","glitterDelayJit","P.glitterDelayJit","参数 / 当前层 / 火花 / 辉星 / 延迟 / 随机 / 延迟随机 [glitterDelayJit]","当前效果 / 当前层 / 火花 / 事件与特性 / 辉星 / 延迟随机","当前效果 / 当前层 / 火花 / 辉星 / 延迟随机","当前效果 / 当前层 / 火花 / 事件与特性 / 辉星 / 延迟随机","同一控件模型，按源码条件展示","tool/src/js/10_types.js:513"
"SCHEMA-082","460-13-glitterW","glitterW","P.glitterW","参数 / 当前层 / 火花 / 辉星 / 闪光宽度 [glitterW]","当前效果 / 当前层 / 火花 / 事件与特性 / 辉星 / 闪光宽度","当前效果 / 当前层 / 火花 / 辉星 / 闪光宽度","当前效果 / 当前层 / 火花 / 事件与特性 / 辉星 / 闪光宽度","同一控件模型，按源码条件展示","tool/src/js/10_types.js:514"
"SCHEMA-083","460-14-glitterPeak","glitterPeak","P.glitterPeak","参数 / 当前层 / 火花 / 辉星 / 闪光亮度 [glitterPeak]","当前效果 / 当前层 / 火花 / 事件与特性 / 辉星 / 闪光亮度","当前效果 / 当前层 / 火花 / 辉星 / 闪光亮度","当前效果 / 当前层 / 火花 / 事件与特性 / 辉星 / 闪光亮度","同一控件模型，按源码条件展示","tool/src/js/10_types.js:515"
"SCHEMA-084","460-15-glitterDim","glitterDim","P.glitterDim","参数 / 当前层 / 火花 / 辉星 / 闪前压暗 [glitterDim]","当前效果 / 当前层 / 火花 / 事件与特性 / 辉星 / 闪前压暗","当前效果 / 当前层 / 火花 / 辉星 / 闪前压暗","当前效果 / 当前层 / 火花 / 事件与特性 / 辉星 / 闪前压暗","同一控件模型，按源码条件展示","tool/src/js/10_types.js:516"
"SCHEMA-085","460-16-branchLife","branchLife","P.branchLife","参数 / 当前层 / 分叉火花 / 寿命 / 寿命 [branchLife]","当前效果 / 当前层 / 分叉火花 / 时序与数量 / 寿命 / 寿命","当前效果 / 当前层 / 分叉火花 / 寿命 / 寿命","当前效果 / 当前层 / 分叉火花 / 时序与数量 / 寿命 / 寿命","同一控件模型，按源码条件展示","tool/src/js/10_types.js:517"
"SCHEMA-086","460-17-branchLifeJit","branchLifeJit","P.branchLifeJit","参数 / 当前层 / 分叉火花 / 寿命 / 寿命 / 随机 / 寿命随机 [branchLifeJit]","当前效果 / 当前层 / 分叉火花 / 时序与数量 / 寿命 / 寿命随机","当前效果 / 当前层 / 分叉火花 / 寿命 / 寿命随机","当前效果 / 当前层 / 分叉火花 / 时序与数量 / 寿命 / 寿命随机","同一控件模型，按源码条件展示","tool/src/js/10_types.js:518"
"SCHEMA-087","460-18-branchV","branchV","P.branchV","参数 / 当前层 / 分叉火花 / 初速 / 甩出速度 [branchV]","当前效果 / 当前层 / 分叉火花 / 空间与运动 / 初速 / 甩出速度","当前效果 / 当前层 / 分叉火花 / 初速 / 甩出速度","当前效果 / 当前层 / 分叉火花 / 空间与运动 / 初速 / 甩出速度","同一控件模型，按源码条件展示","tool/src/js/10_types.js:519"
"SCHEMA-088","460-19-branchVJit","branchVJit","P.branchVJit","参数 / 当前层 / 分叉火花 / 初速 / 甩出速度 / 随机 / 速度随机 [branchVJit]","当前效果 / 当前层 / 分叉火花 / 空间与运动 / 初速 / 速度随机","当前效果 / 当前层 / 分叉火花 / 初速 / 速度随机","当前效果 / 当前层 / 分叉火花 / 空间与运动 / 初速 / 速度随机","同一控件模型，按源码条件展示","tool/src/js/10_types.js:520"
"SCHEMA-089","460-20-branchInh","branchInh","P.branchInh","参数 / 当前层 / 分叉火花 / 初速 / 继承速度 [branchInh]","当前效果 / 当前层 / 分叉火花 / 空间与运动 / 初速 / 继承速度","当前效果 / 当前层 / 分叉火花 / 初速 / 继承速度","当前效果 / 当前层 / 分叉火花 / 空间与运动 / 初速 / 继承速度","同一控件模型，按源码条件展示","tool/src/js/10_types.js:521"
"SCHEMA-090","460-21-branchKd","branchKd","P.branchKd","参数 / 当前层 / 分叉火花 / 受力 / 阻力（× 火花） [branchKd]","当前效果 / 当前层 / 分叉火花 / 空间与运动 / 受力 / 阻力（× 火花）","当前效果 / 当前层 / 分叉火花 / 受力 / 阻力（× 火花）","当前效果 / 当前层 / 分叉火花 / 空间与运动 / 受力 / 阻力（× 火花）","同一控件模型，按源码条件展示","tool/src/js/10_types.js:522"
"SCHEMA-091","460-22-branchT","branchT","P.branchT","参数 / 当前层 / 分叉火花 / 颜色 / 温度（× 火花） [branchT]","当前效果 / 当前层 / 分叉火花 / 外观与颜色 / 颜色 / 温度（× 火花）","当前效果 / 当前层 / 分叉火花 / 颜色 / 温度（× 火花）","当前效果 / 当前层 / 分叉火花 / 外观与颜色 / 颜色 / 温度（× 火花）","同一控件模型，按源码条件展示","tool/src/js/10_types.js:523"
"SCHEMA-092","460-23-branchBright","branchBright","P.branchBright","参数 / 当前层 / 分叉火花 / 亮度 / 亮度 [branchBright]","当前效果 / 当前层 / 分叉火花 / 外观与颜色 / 亮度 / 亮度","当前效果 / 当前层 / 分叉火花 / 亮度 / 亮度","当前效果 / 当前层 / 分叉火花 / 外观与颜色 / 亮度 / 亮度","同一控件模型，按源码条件展示","tool/src/js/10_types.js:524"
"SCHEMA-093","460-24-branchFade","branchFade","P.branchFade","参数 / 当前层 / 分叉火花 / 亮度 / 变暗（指数） [branchFade]","当前效果 / 当前层 / 分叉火花 / 外观与颜色 / 亮度 / 变暗（指数）","当前效果 / 当前层 / 分叉火花 / 亮度 / 变暗（指数）","当前效果 / 当前层 / 分叉火花 / 外观与颜色 / 亮度 / 变暗（指数）","同一控件模型，按源码条件展示","tool/src/js/10_types.js:525"
"SCHEMA-094","460-25-branchSize","branchSize","P.branchSize","参数 / 当前层 / 分叉火花 / 大小 / 大小（× 火花） [branchSize]","当前效果 / 当前层 / 分叉火花 / 外观与颜色 / 大小 / 大小（× 火花）","当前效果 / 当前层 / 分叉火花 / 大小 / 大小（× 火花）","当前效果 / 当前层 / 分叉火花 / 外观与颜色 / 大小 / 大小（× 火花）","同一控件模型，按源码条件展示","tool/src/js/10_types.js:526"
"SCHEMA-095","460-92-branchBrightCurve","branchBrightCurve","P.branchBrightCurve","参数 / 当前层 / 分叉火花 / 亮度 / 随寿命 [branchBrightCurve]","当前效果 / 当前层 / 分叉火花 / 外观与颜色 / 亮度 / 随寿命","当前效果 / 当前层 / 分叉火花 / 亮度 / 随寿命","当前效果 / 当前层 / 分叉火花 / 外观与颜色 / 亮度 / 随寿命","同一控件模型，按源码条件展示","tool/src/js/10_types.js:527"
"SCHEMA-096","460-93-crackleSizeCurve","crackleSizeCurve","P.crackleSizeCurve","参数 / 当前层 / 爆裂 / 大小 / 随寿命 [crackleSizeCurve]","当前效果 / 当前层 / 爆裂 / 外观与颜色 / 大小 / 随寿命","当前效果 / 当前层 / 爆裂 / 大小 / 随寿命","当前效果 / 当前层 / 爆裂 / 外观与颜色 / 大小 / 随寿命","同一控件模型，按源码条件展示","tool/src/js/10_types.js:528"
"SCHEMA-097","460-94-crackleBrightCurve","crackleBrightCurve","P.crackleBrightCurve","参数 / 当前层 / 爆裂 / 亮度 / 随寿命 [crackleBrightCurve]","当前效果 / 当前层 / 爆裂 / 外观与颜色 / 亮度 / 随寿命","当前效果 / 当前层 / 爆裂 / 亮度 / 随寿命","当前效果 / 当前层 / 爆裂 / 外观与颜色 / 亮度 / 随寿命","同一控件模型，按源码条件展示","tool/src/js/10_types.js:529"
"SCHEMA-098","460-99-branchSizeCurve","branchSizeCurve","P.branchSizeCurve","参数 / 当前层 / 分叉火花 / 大小 / 随寿命 [branchSizeCurve]","当前效果 / 当前层 / 分叉火花 / 外观与颜色 / 大小 / 随寿命","当前效果 / 当前层 / 分叉火花 / 大小 / 随寿命","当前效果 / 当前层 / 分叉火花 / 外观与颜色 / 大小 / 随寿命","同一控件模型，按源码条件展示","tool/src/js/10_types.js:530"
"SCHEMA-099","030-headSize","headSize","P.headSize","参数 / 当前层 / 星 / 大小 / 大小 [headSize]","当前效果 / 当前层 / 星 / 外观与颜色 / 大小 / 大小","当前效果 / 当前层 / 星 / 大小 / 大小","当前效果 / 当前层 / 星 / 外观与颜色 / 大小 / 大小","同一控件模型，按源码条件展示","tool/src/js/10_types.js:533"
"SCHEMA-100","4950-01-headSizeJit","headSizeJit","P.headSizeJit","参数 / 当前层 / 星 / 大小 / 大小 / 随机 / 大小随机 [headSizeJit]","当前效果 / 当前层 / 星 / 外观与颜色 / 大小 / 大小随机","当前效果 / 当前层 / 星 / 大小 / 大小随机","当前效果 / 当前层 / 星 / 外观与颜色 / 大小 / 大小随机","同一控件模型，按源码条件展示","tool/src/js/10_types.js:535"
"SCHEMA-101","4950-02-headStretch","headStretch","P.headStretch","参数 / 当前层 / 星 / 大小 / 拉长 [headStretch]","当前效果 / 当前层 / 星 / 外观与颜色 / 大小 / 拉长","当前效果 / 当前层 / 星 / 大小 / 拉长","当前效果 / 当前层 / 星 / 外观与颜色 / 大小 / 拉长","同一控件模型，按源码条件展示","tool/src/js/10_types.js:536"
"SCHEMA-102","4950-03-headStretchJit","headStretchJit","P.headStretchJit","参数 / 当前层 / 星 / 大小 / 拉长 / 随机 / 拉长随机 [headStretchJit]","当前效果 / 当前层 / 星 / 外观与颜色 / 大小 / 拉长随机","当前效果 / 当前层 / 星 / 大小 / 拉长随机","当前效果 / 当前层 / 星 / 外观与颜色 / 大小 / 拉长随机","同一控件模型，按源码条件展示","tool/src/js/10_types.js:537"
"SCHEMA-103","4950-04-headKnots","headKnots","P.headKnots","参数 / 当前层 / 星 / 大小 / 拖影亮结 [headKnots]","当前效果 / 当前层 / 星 / 外观与颜色 / 大小 / 拖影亮结","当前效果 / 当前层 / 星 / 大小 / 拖影亮结","当前效果 / 当前层 / 星 / 外观与颜色 / 大小 / 拖影亮结","同一控件模型，按源码条件展示","tool/src/js/10_types.js:538"
"SCHEMA-104","4950-05-headLumpy","headLumpy","P.headLumpy","参数 / 当前层 / 星 / 大小 / 边缘起伏 [headLumpy]","当前效果 / 当前层 / 星 / 外观与颜色 / 大小 / 边缘起伏","当前效果 / 当前层 / 星 / 大小 / 边缘起伏","当前效果 / 当前层 / 星 / 外观与颜色 / 大小 / 边缘起伏","同一控件模型，按源码条件展示","tool/src/js/10_types.js:539"
"SCHEMA-105","4950-06-headDouble","headDouble","P.headDouble","参数 / 当前层 / 星 / 大小 / 双核 [headDouble]","当前效果 / 当前层 / 星 / 外观与颜色 / 大小 / 双核","当前效果 / 当前层 / 星 / 大小 / 双核","当前效果 / 当前层 / 星 / 外观与颜色 / 大小 / 双核","同一控件模型，按源码条件展示","tool/src/js/10_types.js:540"
"SCHEMA-106","4950-07-headHex","headHex","P.headHex","参数 / 当前层 / 星 / 大小 / 六边形 [headHex]","当前效果 / 当前层 / 星 / 外观与颜色 / 大小 / 六边形","当前效果 / 当前层 / 星 / 大小 / 六边形","当前效果 / 当前层 / 星 / 外观与颜色 / 大小 / 六边形","同一控件模型，按源码条件展示","tool/src/js/10_types.js:541"
"SCHEMA-107","4950-08-headHexRot","headHexRot","P.headHexRot","参数 / 当前层 / 星 / 大小 / 六边形转角 [headHexRot]","当前效果 / 当前层 / 星 / 外观与颜色 / 大小 / 六边形转角","当前效果 / 当前层 / 星 / 大小 / 六边形转角","当前效果 / 当前层 / 星 / 外观与颜色 / 大小 / 六边形转角","同一控件模型，按源码条件展示","tool/src/js/10_types.js:542"
"SCHEMA-108","031-headBright","headBright","P.headBright","参数 / 当前层 / 星 / 亮度 / 亮度 [headBright]","当前效果 / 当前层 / 星 / 外观与颜色 / 亮度 / 亮度","当前效果 / 当前层 / 星 / 亮度 / 亮度","当前效果 / 当前层 / 星 / 外观与颜色 / 亮度 / 亮度","同一控件模型，按源码条件展示","tool/src/js/10_types.js:543"
"SCHEMA-109","4958-00-headHaloOwn","headHaloOwn","P.headHaloOwn","参数 / 当前层 / 星 / 大小 / 星头光晕 [headHaloOwn]","当前效果 / 当前层 / 星 / 外观与颜色 / 大小 / 星头光晕","当前效果 / 当前层 / 星 / 大小 / 星头光晕","当前效果 / 当前层 / 星 / 外观与颜色 / 大小 / 星头光晕","同一控件模型，按源码条件展示","tool/src/js/10_types.js:545"
"SCHEMA-110","4958-01-headHaloFrac","headHaloFrac","P.headHaloFrac","参数 / 当前层 / 星 / 大小 / 星头光晕占比 [headHaloFrac]","当前效果 / 当前层 / 星 / 外观与颜色 / 大小 / 星头光晕占比","当前效果 / 当前层 / 星 / 大小 / 星头光晕占比","当前效果 / 当前层 / 星 / 外观与颜色 / 大小 / 星头光晕占比","同一控件模型，按源码条件展示","tool/src/js/10_types.js:546"
"SCHEMA-111","4958-02-headHaloR","headHaloR","P.headHaloR","参数 / 当前层 / 星 / 大小 / 星头光晕半径 [headHaloR]","当前效果 / 当前层 / 星 / 外观与颜色 / 大小 / 星头光晕半径","当前效果 / 当前层 / 星 / 大小 / 星头光晕半径","当前效果 / 当前层 / 星 / 外观与颜色 / 大小 / 星头光晕半径","同一控件模型，按源码条件展示","tool/src/js/10_types.js:547"
"SCHEMA-112","032-flicker","flicker","P.flicker","参数 / 当前层 / 星 / 亮度 / 闪烁 [flicker]","当前效果 / 当前层 / 星 / 外观与颜色 / 亮度 / 闪烁","当前效果 / 当前层 / 星 / 亮度 / 闪烁","当前效果 / 当前层 / 星 / 外观与颜色 / 亮度 / 闪烁","同一控件模型，按源码条件展示","tool/src/js/10_types.js:548"
"SCHEMA-113","460-87-starSizeCurve","starSizeCurve","P.starSizeCurve","参数 / 当前层 / 星 / 大小 / 随寿命 [starSizeCurve]","当前效果 / 当前层 / 星 / 外观与颜色 / 大小 / 随寿命","当前效果 / 当前层 / 星 / 大小 / 随寿命","当前效果 / 当前层 / 星 / 外观与颜色 / 大小 / 随寿命","同一控件模型，按源码条件展示","tool/src/js/10_types.js:549"
"SCHEMA-114","460-88-starBrightCurve","starBrightCurve","P.starBrightCurve","参数 / 当前层 / 星 / 亮度 / 随寿命 [starBrightCurve]","当前效果 / 当前层 / 星 / 外观与颜色 / 亮度 / 随寿命","当前效果 / 当前层 / 星 / 亮度 / 随寿命","当前效果 / 当前层 / 星 / 外观与颜色 / 亮度 / 随寿命","同一控件模型，按源码条件展示","tool/src/js/10_types.js:550"
"SCHEMA-115","fanspk-00-sparkRateBy","sparkRateBy","P.sparkRateBy","参数 / 当前层 / 火花 / 生成 / 生成方式 [sparkRateBy]","当前效果 / 当前层 / 火花 / 时序与数量 / 生成 / 生成方式","当前效果 / 当前层 / 火花 / 生成 / 生成方式","当前效果 / 当前层 / 火花 / 时序与数量 / 生成 / 生成方式","同一控件模型，按源码条件展示","tool/src/js/10_types.js:554"
"SCHEMA-116","070-sparkRate","sparkRate","P.sparkRate","参数 / 当前层 / 火花 / 生成 / 生成率 [sparkRate]","当前效果 / 当前层 / 火花 / 时序与数量 / 生成 / 生成率","当前效果 / 当前层 / 火花 / 生成 / 生成率","当前效果 / 当前层 / 火花 / 时序与数量 / 生成 / 生成率","同一控件模型，按源码条件展示","tool/src/js/10_types.js:555"
"SCHEMA-117","fanspk-01-sparkPerM","sparkPerM","P.sparkPerM","参数 / 当前层 / 火花 / 生成 / 每米火花数 [sparkPerM]","当前效果 / 当前层 / 火花 / 时序与数量 / 生成 / 每米火花数","当前效果 / 当前层 / 火花 / 生成 / 每米火花数","当前效果 / 当前层 / 火花 / 时序与数量 / 生成 / 每米火花数","同一控件模型，按源码条件展示","tool/src/js/10_types.js:556"
"SCHEMA-118","071-sparkRateEnd","sparkRateEnd","P.sparkRateEnd","参数 / 当前层 / 火花 / 生成 / 末段生成率 [sparkRateEnd]","当前效果 / 当前层 / 火花 / 时序与数量 / 生成 / 末段生成率","当前效果 / 当前层 / 火花 / 生成 / 末段生成率","当前效果 / 当前层 / 火花 / 时序与数量 / 生成 / 末段生成率","同一控件模型，按源码条件展示","tool/src/js/10_types.js:557"
"SCHEMA-119","072-sparkStop","sparkStop","P.sparkStop","参数 / 当前层 / 火花 / 生成 / 停止时刻 [sparkStop]","当前效果 / 当前层 / 火花 / 时序与数量 / 生成 / 停止时刻","当前效果 / 当前层 / 火花 / 生成 / 停止时刻","当前效果 / 当前层 / 火花 / 时序与数量 / 生成 / 停止时刻","同一控件模型，按源码条件展示","tool/src/js/10_types.js:558"
"SCHEMA-120","073-sparkStart","sparkStart","P.sparkStart","参数 / 当前层 / 火花 / 生成 / 开始时刻 [sparkStart]","当前效果 / 当前层 / 火花 / 时序与数量 / 生成 / 开始时刻","当前效果 / 当前层 / 火花 / 生成 / 开始时刻","当前效果 / 当前层 / 火花 / 时序与数量 / 生成 / 开始时刻","同一控件模型，按源码条件展示","tool/src/js/10_types.js:559"
"SCHEMA-121","074-sparkRamp","sparkRamp","P.sparkRamp","参数 / 当前层 / 火花 / 生成 / 起势 [sparkRamp]","当前效果 / 当前层 / 火花 / 时序与数量 / 生成 / 起势","当前效果 / 当前层 / 火花 / 生成 / 起势","当前效果 / 当前层 / 火花 / 时序与数量 / 生成 / 起势","同一控件模型，按源码条件展示","tool/src/js/10_types.js:561"
"SCHEMA-122","075-sparkRampJit","sparkRampJit","P.sparkRampJit","参数 / 当前层 / 火花 / 生成 / 起势 / 随机 / 起势随机 [sparkRampJit]","当前效果 / 当前层 / 火花 / 时序与数量 / 生成 / 起势随机","当前效果 / 当前层 / 火花 / 生成 / 起势随机","当前效果 / 当前层 / 火花 / 时序与数量 / 生成 / 起势随机","同一控件模型，按源码条件展示","tool/src/js/10_types.js:562"
"SCHEMA-123","076-sparkLife","sparkLife","P.sparkLife","参数 / 当前层 / 火花 / 寿命 / 寿命 [sparkLife]","当前效果 / 当前层 / 火花 / 时序与数量 / 寿命 / 寿命","当前效果 / 当前层 / 火花 / 寿命 / 寿命","当前效果 / 当前层 / 火花 / 时序与数量 / 寿命 / 寿命","同一控件模型，按源码条件展示","tool/src/js/10_types.js:563"
"SCHEMA-124","077-sparkLifeEnd","sparkLifeEnd","P.sparkLifeEnd","参数 / 当前层 / 火花 / 寿命 / 末段寿命 [sparkLifeEnd]","当前效果 / 当前层 / 火花 / 时序与数量 / 寿命 / 末段寿命","当前效果 / 当前层 / 火花 / 寿命 / 末段寿命","当前效果 / 当前层 / 火花 / 时序与数量 / 寿命 / 末段寿命","同一控件模型，按源码条件展示","tool/src/js/10_types.js:564"
"SCHEMA-125","078-sparkLifeJit","sparkLifeJit","P.sparkLifeJit","参数 / 当前层 / 火花 / 寿命 / 寿命 / 随机 / 寿命随机 [sparkLifeJit]","当前效果 / 当前层 / 火花 / 时序与数量 / 寿命 / 寿命随机","当前效果 / 当前层 / 火花 / 寿命 / 寿命随机","当前效果 / 当前层 / 火花 / 时序与数量 / 寿命 / 寿命随机","同一控件模型，按源码条件展示","tool/src/js/10_types.js:565"
"SCHEMA-126","079-sparkSpread","sparkSpread","P.sparkSpread","参数 / 当前层 / 火花 / 大小 / 线条宽度 [sparkSpread]","当前效果 / 当前层 / 火花 / 外观与颜色 / 大小 / 线条宽度","当前效果 / 当前层 / 火花 / 大小 / 线条宽度","当前效果 / 当前层 / 火花 / 外观与颜色 / 大小 / 线条宽度","同一控件模型，按源码条件展示","tool/src/js/10_types.js:567"
"SCHEMA-127","080-sparkSize","sparkSize","P.sparkSize","参数 / 当前层 / 火花 / 大小 / 颗粒大小 [sparkSize]","当前效果 / 当前层 / 火花 / 外观与颜色 / 大小 / 颗粒大小","当前效果 / 当前层 / 火花 / 大小 / 颗粒大小","当前效果 / 当前层 / 火花 / 外观与颜色 / 大小 / 颗粒大小","同一控件模型，按源码条件展示","tool/src/js/10_types.js:568"
"SCHEMA-128","4950-09-sparkStretch","sparkStretch","P.sparkStretch","参数 / 当前层 / 火花 / 大小 / 拉长 [sparkStretch]","当前效果 / 当前层 / 火花 / 外观与颜色 / 大小 / 拉长","当前效果 / 当前层 / 火花 / 大小 / 拉长","当前效果 / 当前层 / 火花 / 外观与颜色 / 大小 / 拉长","同一控件模型，按源码条件展示","tool/src/js/10_types.js:569"
"SCHEMA-129","4950-10-sparkStretchJit","sparkStretchJit","P.sparkStretchJit","参数 / 当前层 / 火花 / 大小 / 拉长 / 随机 / 拉长随机 [sparkStretchJit]","当前效果 / 当前层 / 火花 / 外观与颜色 / 大小 / 拉长随机","当前效果 / 当前层 / 火花 / 大小 / 拉长随机","当前效果 / 当前层 / 火花 / 外观与颜色 / 大小 / 拉长随机","同一控件模型，按源码条件展示","tool/src/js/10_types.js:570"
"SCHEMA-130","4957-01-sparkShape","sparkShape","P.sparkShape","参数 / 当前层 / 火花 / 大小 / 形状 [sparkShape]","当前效果 / 当前层 / 火花 / 外观与颜色 / 大小 / 形状","当前效果 / 当前层 / 火花 / 大小 / 形状","当前效果 / 当前层 / 火花 / 外观与颜色 / 大小 / 形状","同一控件模型，按源码条件展示","tool/src/js/10_types.js:572"
"SCHEMA-131","4957-02-sparkShapeIrr","sparkShapeIrr","P.sparkShapeIrr","参数 / 当前层 / 火花 / 大小 / 不规则 [sparkShapeIrr]","当前效果 / 当前层 / 火花 / 外观与颜色 / 大小 / 不规则","当前效果 / 当前层 / 火花 / 大小 / 不规则","当前效果 / 当前层 / 火花 / 外观与颜色 / 大小 / 不规则","同一控件模型，按源码条件展示","tool/src/js/10_types.js:573"
"SCHEMA-132","4957-03-sparkShapeSpin","sparkShapeSpin","P.sparkShapeSpin","参数 / 当前层 / 火花 / 大小 / 翻转 [sparkShapeSpin]","当前效果 / 当前层 / 火花 / 外观与颜色 / 大小 / 翻转","当前效果 / 当前层 / 火花 / 大小 / 翻转","当前效果 / 当前层 / 火花 / 外观与颜色 / 大小 / 翻转","同一控件模型，按源码条件展示","tool/src/js/10_types.js:574"
"SCHEMA-133","4957-04-sparkBrightJit","sparkBrightJit","P.sparkBrightJit","参数 / 当前层 / 火花 / 亮度 / 亮度 / 随机 / 亮度随机 [sparkBrightJit]","当前效果 / 当前层 / 火花 / 外观与颜色 / 大小 / 亮度随机","当前效果 / 当前层 / 火花 / 大小 / 亮度随机","当前效果 / 当前层 / 火花 / 外观与颜色 / 大小 / 亮度随机","同一控件模型，按源码条件展示","tool/src/js/10_types.js:575"
"SCHEMA-134","081-sparkInherit","sparkInherit","P.sparkInherit","参数 / 当前层 / 火花 / 初速 / 继承速度 [sparkInherit]","当前效果 / 当前层 / 火花 / 空间与运动 / 初速 / 继承速度","当前效果 / 当前层 / 火花 / 初速 / 继承速度","当前效果 / 当前层 / 火花 / 空间与运动 / 初速 / 继承速度","同一控件模型，按源码条件展示","tool/src/js/10_types.js:576"
"SCHEMA-135","fanspk-02-sparkJet","sparkJet","P.sparkJet","参数 / 当前层 / 火花 / 初速 / 向后喷速度 [sparkJet]","当前效果 / 当前层 / 火花 / 空间与运动 / 初速 / 向后喷速度","当前效果 / 当前层 / 火花 / 初速 / 向后喷速度","当前效果 / 当前层 / 火花 / 空间与运动 / 初速 / 向后喷速度","同一控件模型，按源码条件展示","tool/src/js/10_types.js:577"
"SCHEMA-136","fanspk-03-sparkJetCone","sparkJetCone","P.sparkJetCone","参数 / 当前层 / 火花 / 初速 / 喷射锥角 [sparkJetCone]","当前效果 / 当前层 / 火花 / 空间与运动 / 初速 / 喷射锥角","当前效果 / 当前层 / 火花 / 初速 / 喷射锥角","当前效果 / 当前层 / 火花 / 空间与运动 / 初速 / 喷射锥角","同一控件模型，按源码条件展示","tool/src/js/10_types.js:578"
"SCHEMA-137","fanspk-04-sparkSpawnR","sparkSpawnR","P.sparkSpawnR","参数 / 当前层 / 火花 / 形状 / 起始半径 [sparkSpawnR]","当前效果 / 当前层 / 火花 / 空间与运动 / 形状 / 起始半径","当前效果 / 当前层 / 火花 / 形状 / 起始半径","当前效果 / 当前层 / 火花 / 空间与运动 / 形状 / 起始半径","同一控件模型，按源码条件展示","tool/src/js/10_types.js:579"
"SCHEMA-138","fanspk-05-sparkSpawnHead","sparkSpawnHead","P.sparkSpawnHead","参数 / 当前层 / 火花 / 形状 / 跟星头大小 [sparkSpawnHead]","当前效果 / 当前层 / 火花 / 空间与运动 / 形状 / 跟星头大小","当前效果 / 当前层 / 火花 / 形状 / 跟星头大小","当前效果 / 当前层 / 火花 / 空间与运动 / 形状 / 跟星头大小","同一控件模型，按源码条件展示","tool/src/js/10_types.js:580"
"SCHEMA-139","082-sparkDrag","sparkDrag","P.sparkDrag","参数 / 当前层 / 火花 / 受力 / 阻力 [sparkDrag]","当前效果 / 当前层 / 火花 / 空间与运动 / 受力 / 阻力","当前效果 / 当前层 / 火花 / 受力 / 阻力","当前效果 / 当前层 / 火花 / 空间与运动 / 受力 / 阻力","同一控件模型，按源码条件展示","tool/src/js/10_types.js:581"
"SCHEMA-140","083-sparkGrav","sparkGrav","P.sparkGrav","参数 / 当前层 / 火花 / 受力 / 重力倍率 [sparkGrav]","当前效果 / 当前层 / 火花 / 空间与运动 / 受力 / 重力倍率","当前效果 / 当前层 / 火花 / 受力 / 重力倍率","当前效果 / 当前层 / 火花 / 空间与运动 / 受力 / 重力倍率","同一控件模型，按源码条件展示","tool/src/js/10_types.js:582"
"SCHEMA-141","084-T0","T0","P.T0","参数 / 当前层 / 火花 / 颜色 / 温度 [T0]","当前效果 / 当前层 / 火花 / 外观与颜色 / 颜色 / 温度","当前效果 / 当前层 / 火花 / 颜色 / 温度","当前效果 / 当前层 / 火花 / 外观与颜色 / 颜色 / 温度","同一控件模型，按源码条件展示","tool/src/js/10_types.js:583"
"SCHEMA-142","085-cooling","cooling","P.cooling","参数 / 当前层 / 火花 / 颜色 / 冷却 [cooling]","当前效果 / 当前层 / 火花 / 外观与颜色 / 颜色 / 冷却","当前效果 / 当前层 / 火花 / 颜色 / 冷却","当前效果 / 当前层 / 火花 / 外观与颜色 / 颜色 / 冷却","同一控件模型，按源码条件展示","tool/src/js/10_types.js:584"
"SCHEMA-143","086-sparkBright","sparkBright","P.sparkBright","参数 / 当前层 / 火花 / 亮度 / 亮度 [sparkBright]","当前效果 / 当前层 / 火花 / 外观与颜色 / 亮度 / 亮度","当前效果 / 当前层 / 火花 / 亮度 / 亮度","当前效果 / 当前层 / 火花 / 外观与颜色 / 亮度 / 亮度","同一控件模型，按源码条件展示","tool/src/js/10_types.js:585"
"SCHEMA-144","087-emberFrac","emberFrac","P.emberFrac","参数 / 当前层 / 余烬 / 生成 / 比例（占火花） [emberFrac]","当前效果 / 当前层 / 余烬 / 时序与数量 / 生成 / 比例（占火花）","当前效果 / 当前层 / 余烬 / 生成 / 比例（占火花）","当前效果 / 当前层 / 余烬 / 时序与数量 / 生成 / 比例（占火花）","同一控件模型，按源码条件展示","tool/src/js/10_types.js:586"
"SCHEMA-145","088-emberLife","emberLife","P.emberLife","参数 / 当前层 / 余烬 / 寿命 / 寿命 [emberLife]","当前效果 / 当前层 / 余烬 / 时序与数量 / 寿命 / 寿命","当前效果 / 当前层 / 余烬 / 寿命 / 寿命","当前效果 / 当前层 / 余烬 / 时序与数量 / 寿命 / 寿命","同一控件模型，按源码条件展示","tool/src/js/10_types.js:587"
"SCHEMA-146","089-emberBright","emberBright","P.emberBright","参数 / 当前层 / 余烬 / 亮度 / 亮度 [emberBright]","当前效果 / 当前层 / 余烬 / 外观与颜色 / 亮度 / 亮度","当前效果 / 当前层 / 余烬 / 亮度 / 亮度","当前效果 / 当前层 / 余烬 / 外观与颜色 / 亮度 / 亮度","同一控件模型，按源码条件展示","tool/src/js/10_types.js:588"
"SCHEMA-147","090-emberFollow","emberFollow","P.emberFollow","参数 / 当前层 / 余烬 / 亮度 / 随星淡出 [emberFollow]","当前效果 / 当前层 / 余烬 / 外观与颜色 / 亮度 / 随星淡出","当前效果 / 当前层 / 余烬 / 亮度 / 随星淡出","当前效果 / 当前层 / 余烬 / 外观与颜色 / 亮度 / 随星淡出","同一控件模型，按源码条件展示","tool/src/js/10_types.js:589"
"SCHEMA-148","091-emberSize","emberSize","P.emberSize","参数 / 当前层 / 余烬 / 大小 / 大小 [emberSize]","当前效果 / 当前层 / 余烬 / 外观与颜色 / 大小 / 大小","当前效果 / 当前层 / 余烬 / 大小 / 大小","当前效果 / 当前层 / 余烬 / 外观与颜色 / 大小 / 大小","同一控件模型，按源码条件展示","tool/src/js/10_types.js:590"
"SCHEMA-149","092-emberEnd","emberEnd","P.emberEnd","参数 / 当前层 / 余烬 / 寿命 / 熄灭时刻 [emberEnd]","当前效果 / 当前层 / 余烬 / 时序与数量 / 寿命 / 熄灭时刻","当前效果 / 当前层 / 余烬 / 寿命 / 熄灭时刻","当前效果 / 当前层 / 余烬 / 时序与数量 / 寿命 / 熄灭时刻","同一控件模型，按源码条件展示","tool/src/js/10_types.js:591"
"SCHEMA-150","093-emberAll","emberAll","P.emberAll","参数 / 当前层 / 余烬 / 寿命 / 贯穿全程 [emberAll]","当前效果 / 当前层 / 余烬 / 时序与数量 / 寿命 / 贯穿全程","当前效果 / 当前层 / 余烬 / 寿命 / 贯穿全程","当前效果 / 当前层 / 余烬 / 时序与数量 / 寿命 / 贯穿全程","同一控件模型，按源码条件展示","tool/src/js/10_types.js:592"
"SCHEMA-151","094-twinkle","twinkle","P.twinkle","参数 / 当前层 / 火花 / 亮度 / 亮度 / 随机 / 闪烁 [twinkle]","当前效果 / 当前层 / 火花 / 外观与颜色 / 亮度 / 闪烁","当前效果 / 当前层 / 火花 / 亮度 / 闪烁","当前效果 / 当前层 / 火花 / 外观与颜色 / 亮度 / 闪烁","同一控件模型，按源码条件展示","tool/src/js/10_types.js:593"
"SCHEMA-152","094b-twinkleHz","twinkleHz","P.twinkleHz","参数 / 当前层 / 火花 / 亮度 / 亮度 / 随机 / 闪烁频率 [twinkleHz]","当前效果 / 当前层 / 火花 / 外观与颜色 / 亮度 / 闪烁频率","当前效果 / 当前层 / 火花 / 亮度 / 闪烁频率","当前效果 / 当前层 / 火花 / 外观与颜色 / 亮度 / 闪烁频率","同一控件模型，按源码条件展示","tool/src/js/10_types.js:594"
"SCHEMA-153","460-32-sparkInhJit","sparkInhJit","P.sparkInhJit","参数 / 当前层 / 火花 / 初速 / 继承速度 / 随机 / 跟随随机 [sparkInhJit]","当前效果 / 当前层 / 火花 / 空间与运动 / 初速 / 跟随随机","当前效果 / 当前层 / 火花 / 初速 / 跟随随机","当前效果 / 当前层 / 火花 / 空间与运动 / 初速 / 跟随随机","同一控件模型，按源码条件展示","tool/src/js/10_types.js:595"
"SCHEMA-154","460-33-T0Jit","T0Jit","P.T0Jit","参数 / 当前层 / 火花 / 颜色 / 温度 / 随机 / 温度随机 [T0Jit]","当前效果 / 当前层 / 火花 / 外观与颜色 / 颜色 / 温度随机","当前效果 / 当前层 / 火花 / 颜色 / 温度随机","当前效果 / 当前层 / 火花 / 外观与颜色 / 颜色 / 温度随机","同一控件模型，按源码条件展示","tool/src/js/10_types.js:596"
"SCHEMA-155","460-34-emberLifeJit","emberLifeJit","P.emberLifeJit","参数 / 当前层 / 余烬 / 寿命 / 寿命 / 随机 / 寿命随机 [emberLifeJit]","当前效果 / 当前层 / 余烬 / 时序与数量 / 寿命 / 寿命随机","当前效果 / 当前层 / 余烬 / 寿命 / 寿命随机","当前效果 / 当前层 / 余烬 / 时序与数量 / 寿命 / 寿命随机","同一控件模型，按源码条件展示","tool/src/js/10_types.js:597"
"SCHEMA-156","460-35-emberDecay","emberDecay","P.emberDecay","参数 / 当前层 / 余烬 / 亮度 / 变暗快慢 [emberDecay]","当前效果 / 当前层 / 余烬 / 外观与颜色 / 亮度 / 变暗快慢","当前效果 / 当前层 / 余烬 / 亮度 / 变暗快慢","当前效果 / 当前层 / 余烬 / 外观与颜色 / 亮度 / 变暗快慢","同一控件模型，按源码条件展示","tool/src/js/10_types.js:598"
"SCHEMA-157","460-36-emberFadeAt","emberFadeAt","P.emberFadeAt","参数 / 当前层 / 余烬 / 亮度 / 淡出开始 [emberFadeAt]","当前效果 / 当前层 / 余烬 / 外观与颜色 / 亮度 / 淡出开始","当前效果 / 当前层 / 余烬 / 亮度 / 淡出开始","当前效果 / 当前层 / 余烬 / 外观与颜色 / 亮度 / 淡出开始","同一控件模型，按源码条件展示","tool/src/js/10_types.js:599"
"SCHEMA-158","460-89-sparkSizeCurve","sparkSizeCurve","P.sparkSizeCurve","参数 / 当前层 / 火花 / 大小 / 随寿命 [sparkSizeCurve]","当前效果 / 当前层 / 火花 / 外观与颜色 / 大小 / 随寿命","当前效果 / 当前层 / 火花 / 大小 / 随寿命","当前效果 / 当前层 / 火花 / 外观与颜色 / 大小 / 随寿命","同一控件模型，按源码条件展示","tool/src/js/10_types.js:600"
"SCHEMA-159","460-90-sparkBrightCurve","sparkBrightCurve","P.sparkBrightCurve","参数 / 当前层 / 火花 / 亮度 / 随寿命 [sparkBrightCurve]","当前效果 / 当前层 / 火花 / 外观与颜色 / 亮度 / 随寿命","当前效果 / 当前层 / 火花 / 亮度 / 随寿命","当前效果 / 当前层 / 火花 / 外观与颜色 / 亮度 / 随寿命","同一控件模型，按源码条件展示","tool/src/js/10_types.js:601"
"SCHEMA-160","460-91-emberBrightCurve","emberBrightCurve","P.emberBrightCurve","参数 / 当前层 / 余烬 / 亮度 / 随寿命 [emberBrightCurve]","当前效果 / 当前层 / 余烬 / 外观与颜色 / 亮度 / 随寿命","当前效果 / 当前层 / 余烬 / 亮度 / 随寿命","当前效果 / 当前层 / 余烬 / 外观与颜色 / 亮度 / 随寿命","同一控件模型，按源码条件展示","tool/src/js/10_types.js:602"
"SCHEMA-161","460-98-emberSizeCurve","emberSizeCurve","P.emberSizeCurve","参数 / 当前层 / 余烬 / 大小 / 随寿命 [emberSizeCurve]","当前效果 / 当前层 / 余烬 / 外观与颜色 / 大小 / 随寿命","当前效果 / 当前层 / 余烬 / 大小 / 随寿命","当前效果 / 当前层 / 余烬 / 外观与颜色 / 大小 / 随寿命","同一控件模型，按源码条件展示","tool/src/js/10_types.js:603"
"SCHEMA-162","4930-01-tempo","tempo","P.tempo","参数 / 当前层 / 效果 / 整体调整 / 节奏 [tempo]","当前效果 / 当前层 / 效果 / 整体调整 / 整体调整 / 节奏","当前效果 / 当前层 / 效果 / 整体调整 / 节奏","当前效果 / 当前层 / 效果 / 整体调整 / 整体调整 / 节奏","同一控件模型，按源码条件展示","tool/src/js/10_types.js:607"
"SCHEMA-163","4930-02-info:tempoInfo","info:tempoInfo","derived:info:tempoInfo","参数 / 当前层 / 效果 / 整体调整 / 整段与帧率 [info:tempoInfo]","当前效果 / 当前层 / 效果 / 整体调整 / 整体调整 / 整段与帧率","当前效果 / 当前层 / 效果 / 整体调整 / 整段与帧率","当前效果 / 当前层 / 效果 / 整体调整 / 整体调整 / 整段与帧率","需烘焙回执；样板无假结果","tool/src/js/10_types.js:608"
"SCHEMA-164","4921-01-adjTailLen","adjTailLen","P.adjTailLen","参数 / 当前层 / 效果 / 整体调整 / 尾长 [adjTailLen]","当前效果 / 当前层 / 效果 / 整体调整 / 整体调整 / 尾长","当前效果 / 当前层 / 效果 / 整体调整 / 尾长","当前效果 / 当前层 / 效果 / 整体调整 / 整体调整 / 尾长","同一控件模型，按源码条件展示","tool/src/js/10_types.js:609"
"SCHEMA-165","4921-02-adjSparkSize","adjSparkSize","P.adjSparkSize","参数 / 当前层 / 效果 / 整体调整 / 颗粒大小 × [adjSparkSize]","当前效果 / 当前层 / 效果 / 整体调整 / 整体调整 / 颗粒大小 ×","当前效果 / 当前层 / 效果 / 整体调整 / 颗粒大小 ×","当前效果 / 当前层 / 效果 / 整体调整 / 整体调整 / 颗粒大小 ×","同一控件模型，按源码条件展示","tool/src/js/10_types.js:610"
"SCHEMA-166","4921-03-adjSpread","adjSpread","P.adjSpread","参数 / 当前层 / 效果 / 整体调整 / 线条宽度 × [adjSpread]","当前效果 / 当前层 / 效果 / 整体调整 / 整体调整 / 线条宽度 ×","当前效果 / 当前层 / 效果 / 整体调整 / 线条宽度 ×","当前效果 / 当前层 / 效果 / 整体调整 / 整体调整 / 线条宽度 ×","同一控件模型，按源码条件展示","tool/src/js/10_types.js:611"
"SCHEMA-167","4921-04-adjHeadSize","adjHeadSize","P.adjHeadSize","参数 / 当前层 / 效果 / 整体调整 / 星头大小 [adjHeadSize]","当前效果 / 当前层 / 效果 / 整体调整 / 整体调整 / 星头大小","当前效果 / 当前层 / 效果 / 整体调整 / 星头大小","当前效果 / 当前层 / 效果 / 整体调整 / 整体调整 / 星头大小","同一控件模型，按源码条件展示","tool/src/js/10_types.js:612"
"SCHEMA-168","4921-05-adjSparkBright","adjSparkBright","P.adjSparkBright","参数 / 当前层 / 效果 / 整体调整 / 火花亮度 [adjSparkBright]","当前效果 / 当前层 / 效果 / 整体调整 / 整体调整 / 火花亮度","当前效果 / 当前层 / 效果 / 整体调整 / 火花亮度","当前效果 / 当前层 / 效果 / 整体调整 / 整体调整 / 火花亮度","同一控件模型，按源码条件展示","tool/src/js/10_types.js:613"
"SCHEMA-169","4921-06-adjTwinkle","adjTwinkle","P.adjTwinkle","参数 / 当前层 / 效果 / 整体调整 / 闪烁 [adjTwinkle]","当前效果 / 当前层 / 效果 / 整体调整 / 整体调整 / 闪烁","当前效果 / 当前层 / 效果 / 整体调整 / 闪烁","当前效果 / 当前层 / 效果 / 整体调整 / 整体调整 / 闪烁","同一控件模型，按源码条件展示","tool/src/js/10_types.js:614"
"SCHEMA-170","095-tailJit","tailJit","P.tailJit","参数 / 当前层 / 火花 / 大小 / 大小随机 [tailJit]","当前效果 / 当前层 / 火花 / 外观与颜色 / 大小 / 大小随机","当前效果 / 当前层 / 火花 / 大小 / 大小随机","当前效果 / 当前层 / 火花 / 外观与颜色 / 大小 / 大小随机","同一控件模型，按源码条件展示","tool/src/js/10_types.js:617"
"SCHEMA-171","096-tailShoulder","tailShoulder","P.tailShoulder","参数 / 当前层 / 效果 / 整体调整 / 亮肩 [tailShoulder]","当前效果 / 当前层 / 效果 / 整体调整 / 整体调整 / 亮肩","当前效果 / 当前层 / 效果 / 整体调整 / 亮肩","当前效果 / 当前层 / 效果 / 整体调整 / 整体调整 / 亮肩","同一控件模型，按源码条件展示","tool/src/js/10_types.js:618"
"SCHEMA-172","097-tailWidth","tailWidth","P.tailWidth","参数 / 当前层 / 火花 / 大小 / 粗细 [tailWidth]","当前效果 / 当前层 / 火花 / 外观与颜色 / 大小 / 粗细","当前效果 / 当前层 / 火花 / 大小 / 粗细","当前效果 / 当前层 / 火花 / 外观与颜色 / 大小 / 粗细","同一控件模型，按源码条件展示","tool/src/js/10_types.js:619"
"SCHEMA-173","098-tailPinchHead","tailPinchHead","P.tailPinchHead","参数 / 当前层 / 火花 / 大小 / 星头端收尖 [tailPinchHead]","当前效果 / 当前层 / 火花 / 外观与颜色 / 大小 / 星头端收尖","当前效果 / 当前层 / 火花 / 大小 / 星头端收尖","当前效果 / 当前层 / 火花 / 外观与颜色 / 大小 / 星头端收尖","同一控件模型，按源码条件展示","tool/src/js/10_types.js:620"
"SCHEMA-174","099-tailPinchTail","tailPinchTail","P.tailPinchTail","参数 / 当前层 / 火花 / 大小 / 尾端收尖 [tailPinchTail]","当前效果 / 当前层 / 火花 / 外观与颜色 / 大小 / 尾端收尖","当前效果 / 当前层 / 火花 / 大小 / 尾端收尖","当前效果 / 当前层 / 火花 / 外观与颜色 / 大小 / 尾端收尖","同一控件模型，按源码条件展示","tool/src/js/10_types.js:621"
"SCHEMA-175","100-tailBellyAt","tailBellyAt","P.tailBellyAt","参数 / 当前层 / 火花 / 大小 / 最粗处位置 [tailBellyAt]","当前效果 / 当前层 / 火花 / 外观与颜色 / 大小 / 最粗处位置","当前效果 / 当前层 / 火花 / 大小 / 最粗处位置","当前效果 / 当前层 / 火花 / 外观与颜色 / 大小 / 最粗处位置","同一控件模型，按源码条件展示","tool/src/js/10_types.js:622"
"SCHEMA-176","101-headTear","headTear","P.headTear","参数 / 当前层 / 效果 / 整体调整 / 泪滴星头 [headTear]","当前效果 / 当前层 / 效果 / 整体调整 / 整体调整 / 泪滴星头","当前效果 / 当前层 / 效果 / 整体调整 / 泪滴星头","当前效果 / 当前层 / 效果 / 整体调整 / 整体调整 / 泪滴星头","同一控件模型，按源码条件展示","tool/src/js/10_types.js:623"
"SCHEMA-177","102-sparkRise","sparkRise","P.sparkRise","参数 / 当前层 / 火花 / 亮度 / 烧旺时间 [sparkRise]","当前效果 / 当前层 / 火花 / 外观与颜色 / 亮度 / 烧旺时间","当前效果 / 当前层 / 火花 / 亮度 / 烧旺时间","当前效果 / 当前层 / 火花 / 外观与颜色 / 亮度 / 烧旺时间","同一控件模型，按源码条件展示","tool/src/js/10_types.js:624"
"SCHEMA-178","103-starBright","starBright","P.starBright","参数 / 当前层 / 火花 / 亮度 / 亮度 / 随机 / 每星亮度随机 [starBright]","当前效果 / 当前层 / 火花 / 外观与颜色 / 亮度 / 每星亮度随机","当前效果 / 当前层 / 火花 / 亮度 / 每星亮度随机","当前效果 / 当前层 / 火花 / 外观与颜色 / 亮度 / 每星亮度随机","同一控件模型，按源码条件展示","tool/src/js/10_types.js:625"
"SCHEMA-179","104-tailHaze","tailHaze","P.tailHaze","参数 / 当前层 / 火花 / 亮度 / 线间底光 [tailHaze]","当前效果 / 当前层 / 火花 / 外观与颜色 / 亮度 / 线间底光","当前效果 / 当前层 / 火花 / 亮度 / 线间底光","当前效果 / 当前层 / 火花 / 外观与颜色 / 亮度 / 线间底光","同一控件模型，按源码条件展示","tool/src/js/10_types.js:626"
"SCHEMA-180","105-tailHazeR","tailHazeR","P.tailHazeR","参数 / 当前层 / 火花 / 亮度 / 底光半径 [tailHazeR]","当前效果 / 当前层 / 火花 / 外观与颜色 / 亮度 / 底光半径","当前效果 / 当前层 / 火花 / 亮度 / 底光半径","当前效果 / 当前层 / 火花 / 外观与颜色 / 亮度 / 底光半径","同一控件模型，按源码条件展示","tool/src/js/10_types.js:627"
"SCHEMA-181","052-subPattern","subPattern","P.subPattern","参数 / 当前层 / 子花 / 形状 / 排布 [subPattern]","当前效果 / 当前层 / 子花 / 空间与运动 / 形状 / 排布","当前效果 / 当前层 / 子花 / 形状 / 排布","当前效果 / 当前层 / 子花 / 空间与运动 / 形状 / 排布","同一控件模型，按源码条件展示","tool/src/js/10_types.js:630"
"SCHEMA-182","053-subDelay","subDelay","P.subDelay","参数 / 当前层 / 子花 / 生成 / 开花时刻 [subDelay]","当前效果 / 当前层 / 子花 / 时序与数量 / 生成 / 开花时刻","当前效果 / 当前层 / 子花 / 生成 / 开花时刻","当前效果 / 当前层 / 子花 / 时序与数量 / 生成 / 开花时刻","同一控件模型，按源码条件展示","tool/src/js/10_types.js:631"
"SCHEMA-183","054-subJit","subJit","P.subJit","参数 / 当前层 / 子花 / 生成 / 开花时刻 / 随机 / 开花时刻随机 [subJit]","当前效果 / 当前层 / 子花 / 时序与数量 / 生成 / 开花时刻随机","当前效果 / 当前层 / 子花 / 生成 / 开花时刻随机","当前效果 / 当前层 / 子花 / 时序与数量 / 生成 / 开花时刻随机","同一控件模型，按源码条件展示","tool/src/js/10_types.js:632"
"SCHEMA-184","055-subStars","subStars","P.subStars","参数 / 当前层 / 子花 / 生成 / 星数 [subStars]","当前效果 / 当前层 / 子花 / 时序与数量 / 生成 / 星数","当前效果 / 当前层 / 子花 / 生成 / 星数","当前效果 / 当前层 / 子花 / 时序与数量 / 生成 / 星数","同一控件模型，按源码条件展示","tool/src/js/10_types.js:633"
"SCHEMA-185","056-subSpeed","subSpeed","P.subSpeed","参数 / 当前层 / 子花 / 初速 / 初速 [subSpeed]","当前效果 / 当前层 / 子花 / 空间与运动 / 初速 / 初速","当前效果 / 当前层 / 子花 / 初速 / 初速","当前效果 / 当前层 / 子花 / 空间与运动 / 初速 / 初速","同一控件模型，按源码条件展示","tool/src/js/10_types.js:634"
"SCHEMA-186","057-subBurn","subBurn","P.subBurn","参数 / 当前层 / 子花 / 寿命 / 燃烧时间 [subBurn]","当前效果 / 当前层 / 子花 / 时序与数量 / 寿命 / 燃烧时间","当前效果 / 当前层 / 子花 / 寿命 / 燃烧时间","当前效果 / 当前层 / 子花 / 时序与数量 / 寿命 / 燃烧时间","同一控件模型，按源码条件展示","tool/src/js/10_types.js:635"
"SCHEMA-187","058-subTail","subTail","P.subTail","参数 / 当前层 / 子花 / 火花 / 火花生成率 [subTail]","当前效果 / 当前层 / 子花 / 事件与特性 / 火花 / 火花生成率","当前效果 / 当前层 / 子花 / 火花 / 火花生成率","当前效果 / 当前层 / 子花 / 事件与特性 / 火花 / 火花生成率","同一控件模型，按源码条件展示","tool/src/js/10_types.js:636"
"SCHEMA-188","059-carrierTail","carrierTail","P.carrierTail","参数 / 当前层 / 火花 / 生成 / 生成率（子弹） [carrierTail]","当前效果 / 当前层 / 火花 / 时序与数量 / 生成 / 生成率（子弹）","当前效果 / 当前层 / 火花 / 生成 / 生成率（子弹）","当前效果 / 当前层 / 火花 / 时序与数量 / 生成 / 生成率（子弹）","同一控件模型，按源码条件展示","tool/src/js/10_types.js:637"
"SCHEMA-189","060-carrierHead","carrierHead","P.carrierHead","参数 / 当前层 / 星 / 亮度 / 亮度（子弹） [carrierHead]","当前效果 / 当前层 / 星 / 外观与颜色 / 亮度 / 亮度（子弹）","当前效果 / 当前层 / 星 / 亮度 / 亮度（子弹）","当前效果 / 当前层 / 星 / 外观与颜色 / 亮度 / 亮度（子弹）","同一控件模型，按源码条件展示","tool/src/js/10_types.js:638"
"SCHEMA-190","061-subKeep","subKeep","P.subKeep","参数 / 当前层 / 子花 / 初速 / 继承子弹速度 [subKeep]","当前效果 / 当前层 / 子花 / 空间与运动 / 初速 / 继承子弹速度","当前效果 / 当前层 / 子花 / 初速 / 继承子弹速度","当前效果 / 当前层 / 子花 / 空间与运动 / 初速 / 继承子弹速度","同一控件模型，按源码条件展示","tool/src/js/10_types.js:639"
"SCHEMA-191","062-subScaleJit","subScaleJit","P.subScaleJit","参数 / 当前层 / 子花 / 初速 / 初速 / 随机 / 大小随机 [subScaleJit]","当前效果 / 当前层 / 子花 / 空间与运动 / 形状 / 大小随机","当前效果 / 当前层 / 子花 / 形状 / 大小随机","当前效果 / 当前层 / 子花 / 空间与运动 / 形状 / 大小随机","同一控件模型，按源码条件展示","tool/src/js/10_types.js:640"
"SCHEMA-192","063-subSpeedJit","subSpeedJit","P.subSpeedJit","参数 / 当前层 / 子花 / 初速 / 初速 / 随机 / 初速随机 [subSpeedJit]","当前效果 / 当前层 / 子花 / 空间与运动 / 初速 / 初速随机","当前效果 / 当前层 / 子花 / 初速 / 初速随机","当前效果 / 当前层 / 子花 / 空间与运动 / 初速 / 初速随机","同一控件模型，按源码条件展示","tool/src/js/10_types.js:641"
"SCHEMA-193","064-subVt","subVt","P.subVt","参数 / 当前层 / 子花 / 受力 / 终端速度 [subVt]","当前效果 / 当前层 / 子花 / 空间与运动 / 受力 / 终端速度","当前效果 / 当前层 / 子花 / 受力 / 终端速度","当前效果 / 当前层 / 子花 / 空间与运动 / 受力 / 终端速度","同一控件模型，按源码条件展示","tool/src/js/10_types.js:642"
"SCHEMA-194","065-subGrav","subGrav","P.subGrav","参数 / 当前层 / 子花 / 受力 / 重力倍率 [subGrav]","当前效果 / 当前层 / 子花 / 空间与运动 / 受力 / 重力倍率","当前效果 / 当前层 / 子花 / 受力 / 重力倍率","当前效果 / 当前层 / 子花 / 空间与运动 / 受力 / 重力倍率","同一控件模型，按源码条件展示","tool/src/js/10_types.js:643"
"SCHEMA-195","066-subFlash","subFlash","P.subFlash","参数 / 当前层 / 子花 / 闪光 / 开花闪光 [subFlash]","当前效果 / 当前层 / 子花 / 事件与特性 / 闪光 / 开花闪光","当前效果 / 当前层 / 子花 / 闪光 / 开花闪光","当前效果 / 当前层 / 子花 / 事件与特性 / 闪光 / 开花闪光","同一控件模型，按源码条件展示","tool/src/js/10_types.js:644"
"SCHEMA-196","460-29-subSize","subSize","P.subSize","参数 / 当前层 / 子花 / 大小 / 大小 [subSize]","当前效果 / 当前层 / 子花 / 外观与颜色 / 大小 / 大小","当前效果 / 当前层 / 子花 / 大小 / 大小","当前效果 / 当前层 / 子花 / 外观与颜色 / 大小 / 大小","同一控件模型，按源码条件展示","tool/src/js/10_types.js:645"
"SCHEMA-197","460-30-subBright","subBright","P.subBright","参数 / 当前层 / 子花 / 亮度 / 亮度 [subBright]","当前效果 / 当前层 / 子花 / 外观与颜色 / 亮度 / 亮度","当前效果 / 当前层 / 子花 / 亮度 / 亮度","当前效果 / 当前层 / 子花 / 外观与颜色 / 亮度 / 亮度","同一控件模型，按源码条件展示","tool/src/js/10_types.js:646"
"SCHEMA-198","460-31-subFlashR","subFlashR","P.subFlashR","参数 / 当前层 / 子花 / 闪光 / 闪光半径 [subFlashR]","当前效果 / 当前层 / 子花 / 事件与特性 / 闪光 / 闪光半径","当前效果 / 当前层 / 子花 / 闪光 / 闪光半径","当前效果 / 当前层 / 子花 / 事件与特性 / 闪光 / 闪光半径","同一控件模型，按源码条件展示","tool/src/js/10_types.js:647"
"SCHEMA-199","460-96-subSizeCurve","subSizeCurve","P.subSizeCurve","参数 / 当前层 / 子花 / 大小 / 随寿命 [subSizeCurve]","当前效果 / 当前层 / 子花 / 外观与颜色 / 大小 / 随寿命","当前效果 / 当前层 / 子花 / 大小 / 随寿命","当前效果 / 当前层 / 子花 / 外观与颜色 / 大小 / 随寿命","同一控件模型，按源码条件展示","tool/src/js/10_types.js:648"
"SCHEMA-200","460-97-subBrightCurve","subBrightCurve","P.subBrightCurve","参数 / 当前层 / 子花 / 亮度 / 随寿命 [subBrightCurve]","当前效果 / 当前层 / 子花 / 外观与颜色 / 亮度 / 随寿命","当前效果 / 当前层 / 子花 / 亮度 / 随寿命","当前效果 / 当前层 / 子花 / 外观与颜色 / 亮度 / 随寿命","同一控件模型，按源码条件展示","tool/src/js/10_types.js:649"
"SCHEMA-201","460-37-x1Event","x1Event","P.x1Event","参数 / 当前层 / 自定义 1 / 生成 / 什么时候 [x1Event]","当前效果 / 当前层 / 自定义 1 / 时序与数量 / 生成 / 什么时候","当前效果 / 当前层 / 自定义 1 / 生成 / 什么时候","当前效果 / 当前层 / 自定义 1 / 时序与数量 / 生成 / 什么时候","同一控件模型，按源码条件展示","tool/src/js/10_types.js:652"
"SCHEMA-202","460-38-x1T","x1T","P.x1T","参数 / 当前层 / 自定义 1 / 生成 / 时刻 [x1T]","当前效果 / 当前层 / 自定义 1 / 时序与数量 / 生成 / 时刻","当前效果 / 当前层 / 自定义 1 / 生成 / 时刻","当前效果 / 当前层 / 自定义 1 / 时序与数量 / 生成 / 时刻","同一控件模型，按源码条件展示","tool/src/js/10_types.js:653"
"SCHEMA-203","460-39-x1Kind","x1Kind","P.x1Kind","参数 / 当前层 / 自定义 1 / 生成 / 生成什么 [x1Kind]","当前效果 / 当前层 / 自定义 1 / 时序与数量 / 生成 / 生成什么","当前效果 / 当前层 / 自定义 1 / 生成 / 生成什么","当前效果 / 当前层 / 自定义 1 / 时序与数量 / 生成 / 生成什么","同一控件模型，按源码条件展示","tool/src/js/10_types.js:654"
"SCHEMA-204","460-40-x1N","x1N","P.x1N","参数 / 当前层 / 自定义 1 / 生成 / 数量 [x1N]","当前效果 / 当前层 / 自定义 1 / 时序与数量 / 生成 / 数量","当前效果 / 当前层 / 自定义 1 / 生成 / 数量","当前效果 / 当前层 / 自定义 1 / 时序与数量 / 生成 / 数量","同一控件模型，按源码条件展示","tool/src/js/10_types.js:655"
"SCHEMA-205","460-41-x1Rate","x1Rate","P.x1Rate","参数 / 当前层 / 自定义 1 / 生成 / 每秒 [x1Rate]","当前效果 / 当前层 / 自定义 1 / 时序与数量 / 生成 / 每秒","当前效果 / 当前层 / 自定义 1 / 生成 / 每秒","当前效果 / 当前层 / 自定义 1 / 时序与数量 / 生成 / 每秒","同一控件模型，按源码条件展示","tool/src/js/10_types.js:656"
"SCHEMA-206","460-42-x1Prob","x1Prob","P.x1Prob","参数 / 当前层 / 自定义 1 / 生成 / 触发比例 [x1Prob]","当前效果 / 当前层 / 自定义 1 / 时序与数量 / 生成 / 触发比例","当前效果 / 当前层 / 自定义 1 / 生成 / 触发比例","当前效果 / 当前层 / 自定义 1 / 时序与数量 / 生成 / 触发比例","同一控件模型，按源码条件展示","tool/src/js/10_types.js:657"
"SCHEMA-207","460-43-x1Delay","x1Delay","P.x1Delay","参数 / 当前层 / 自定义 1 / 生成 / 延迟 [x1Delay]","当前效果 / 当前层 / 自定义 1 / 时序与数量 / 生成 / 延迟","当前效果 / 当前层 / 自定义 1 / 生成 / 延迟","当前效果 / 当前层 / 自定义 1 / 时序与数量 / 生成 / 延迟","同一控件模型，按源码条件展示","tool/src/js/10_types.js:658"
"SCHEMA-208","460-44-x1DelayJit","x1DelayJit","P.x1DelayJit","参数 / 当前层 / 自定义 1 / 生成 / 延迟 / 随机 / 延迟随机 [x1DelayJit]","当前效果 / 当前层 / 自定义 1 / 时序与数量 / 生成 / 延迟随机","当前效果 / 当前层 / 自定义 1 / 生成 / 延迟随机","当前效果 / 当前层 / 自定义 1 / 时序与数量 / 生成 / 延迟随机","同一控件模型，按源码条件展示","tool/src/js/10_types.js:659"
"SCHEMA-209","460-45-x1Spark","x1Spark","P.x1Spark","参数 / 当前层 / 自定义 1 / 生成 / 火花密度 [x1Spark]","当前效果 / 当前层 / 自定义 1 / 时序与数量 / 生成 / 火花密度","当前效果 / 当前层 / 自定义 1 / 生成 / 火花密度","当前效果 / 当前层 / 自定义 1 / 时序与数量 / 生成 / 火花密度","同一控件模型，按源码条件展示","tool/src/js/10_types.js:660"
"SCHEMA-210","460-46-x1R","x1R","P.x1R","参数 / 当前层 / 自定义 1 / 形状 / 起始半径 [x1R]","当前效果 / 当前层 / 自定义 1 / 空间与运动 / 形状 / 起始半径","当前效果 / 当前层 / 自定义 1 / 形状 / 起始半径","当前效果 / 当前层 / 自定义 1 / 空间与运动 / 形状 / 起始半径","同一控件模型，按源码条件展示","tool/src/js/10_types.js:661"
"SCHEMA-211","460-47-x1V","x1V","P.x1V","参数 / 当前层 / 自定义 1 / 初速 / 初速 [x1V]","当前效果 / 当前层 / 自定义 1 / 空间与运动 / 初速 / 初速","当前效果 / 当前层 / 自定义 1 / 初速 / 初速","当前效果 / 当前层 / 自定义 1 / 空间与运动 / 初速 / 初速","同一控件模型，按源码条件展示","tool/src/js/10_types.js:662"
"SCHEMA-212","460-48-x1VJit","x1VJit","P.x1VJit","参数 / 当前层 / 自定义 1 / 初速 / 初速 / 随机 / 初速随机 [x1VJit]","当前效果 / 当前层 / 自定义 1 / 空间与运动 / 初速 / 初速随机","当前效果 / 当前层 / 自定义 1 / 初速 / 初速随机","当前效果 / 当前层 / 自定义 1 / 空间与运动 / 初速 / 初速随机","同一控件模型，按源码条件展示","tool/src/js/10_types.js:663"
"SCHEMA-213","460-49-x1Inh","x1Inh","P.x1Inh","参数 / 当前层 / 自定义 1 / 初速 / 继承速度 [x1Inh]","当前效果 / 当前层 / 自定义 1 / 空间与运动 / 初速 / 继承速度","当前效果 / 当前层 / 自定义 1 / 初速 / 继承速度","当前效果 / 当前层 / 自定义 1 / 空间与运动 / 初速 / 继承速度","同一控件模型，按源码条件展示","tool/src/js/10_types.js:664"
"SCHEMA-214","460-50-x1Grav","x1Grav","P.x1Grav","参数 / 当前层 / 自定义 1 / 受力 / 重力 [x1Grav]","当前效果 / 当前层 / 自定义 1 / 空间与运动 / 受力 / 重力","当前效果 / 当前层 / 自定义 1 / 受力 / 重力","当前效果 / 当前层 / 自定义 1 / 空间与运动 / 受力 / 重力","同一控件模型，按源码条件展示","tool/src/js/10_types.js:665"
"SCHEMA-215","460-51-x1Drag","x1Drag","P.x1Drag","参数 / 当前层 / 自定义 1 / 受力 / 阻力 [x1Drag]","当前效果 / 当前层 / 自定义 1 / 空间与运动 / 受力 / 阻力","当前效果 / 当前层 / 自定义 1 / 受力 / 阻力","当前效果 / 当前层 / 自定义 1 / 空间与运动 / 受力 / 阻力","同一控件模型，按源码条件展示","tool/src/js/10_types.js:666"
"SCHEMA-216","460-52-x1Life","x1Life","P.x1Life","参数 / 当前层 / 自定义 1 / 寿命 / 寿命 [x1Life]","当前效果 / 当前层 / 自定义 1 / 时序与数量 / 寿命 / 寿命","当前效果 / 当前层 / 自定义 1 / 寿命 / 寿命","当前效果 / 当前层 / 自定义 1 / 时序与数量 / 寿命 / 寿命","同一控件模型，按源码条件展示","tool/src/js/10_types.js:667"
"SCHEMA-217","460-53-x1LifeJit","x1LifeJit","P.x1LifeJit","参数 / 当前层 / 自定义 1 / 寿命 / 寿命 / 随机 / 寿命随机 [x1LifeJit]","当前效果 / 当前层 / 自定义 1 / 时序与数量 / 寿命 / 寿命随机","当前效果 / 当前层 / 自定义 1 / 寿命 / 寿命随机","当前效果 / 当前层 / 自定义 1 / 时序与数量 / 寿命 / 寿命随机","同一控件模型，按源码条件展示","tool/src/js/10_types.js:668"
"SCHEMA-218","460-54-x1Size","x1Size","P.x1Size","参数 / 当前层 / 自定义 1 / 大小 / 大小 [x1Size]","当前效果 / 当前层 / 自定义 1 / 外观与颜色 / 大小 / 大小","当前效果 / 当前层 / 自定义 1 / 大小 / 大小","当前效果 / 当前层 / 自定义 1 / 外观与颜色 / 大小 / 大小","同一控件模型，按源码条件展示","tool/src/js/10_types.js:669"
"SCHEMA-219","460-55-x1SizeJit","x1SizeJit","P.x1SizeJit","参数 / 当前层 / 自定义 1 / 大小 / 大小 / 随机 / 大小随机 [x1SizeJit]","当前效果 / 当前层 / 自定义 1 / 外观与颜色 / 大小 / 大小随机","当前效果 / 当前层 / 自定义 1 / 大小 / 大小随机","当前效果 / 当前层 / 自定义 1 / 外观与颜色 / 大小 / 大小随机","同一控件模型，按源码条件展示","tool/src/js/10_types.js:670"
"SCHEMA-220","460-56-x1SizeCurve","x1SizeCurve","P.x1SizeCurve","参数 / 当前层 / 自定义 1 / 大小 / 随寿命 [x1SizeCurve]","当前效果 / 当前层 / 自定义 1 / 外观与颜色 / 大小 / 随寿命","当前效果 / 当前层 / 自定义 1 / 大小 / 随寿命","当前效果 / 当前层 / 自定义 1 / 外观与颜色 / 大小 / 随寿命","同一控件模型，按源码条件展示","tool/src/js/10_types.js:671"
"SCHEMA-221","460-57-x1Bright","x1Bright","P.x1Bright","参数 / 当前层 / 自定义 1 / 亮度 / 亮度 [x1Bright]","当前效果 / 当前层 / 自定义 1 / 外观与颜色 / 亮度 / 亮度","当前效果 / 当前层 / 自定义 1 / 亮度 / 亮度","当前效果 / 当前层 / 自定义 1 / 外观与颜色 / 亮度 / 亮度","同一控件模型，按源码条件展示","tool/src/js/10_types.js:672"
"SCHEMA-222","460-58-x1BrightJit","x1BrightJit","P.x1BrightJit","参数 / 当前层 / 自定义 1 / 亮度 / 亮度 / 随机 / 亮度随机 [x1BrightJit]","当前效果 / 当前层 / 自定义 1 / 外观与颜色 / 亮度 / 亮度随机","当前效果 / 当前层 / 自定义 1 / 亮度 / 亮度随机","当前效果 / 当前层 / 自定义 1 / 外观与颜色 / 亮度 / 亮度随机","同一控件模型，按源码条件展示","tool/src/js/10_types.js:673"
"SCHEMA-223","460-59-x1BrightCurve","x1BrightCurve","P.x1BrightCurve","参数 / 当前层 / 自定义 1 / 亮度 / 随寿命 [x1BrightCurve]","当前效果 / 当前层 / 自定义 1 / 外观与颜色 / 亮度 / 随寿命","当前效果 / 当前层 / 自定义 1 / 亮度 / 随寿命","当前效果 / 当前层 / 自定义 1 / 外观与颜色 / 亮度 / 随寿命","同一控件模型，按源码条件展示","tool/src/js/10_types.js:674"
"SCHEMA-224","460-60-x1Flick","x1Flick","P.x1Flick","参数 / 当前层 / 自定义 1 / 闪烁 / 幅度 [x1Flick]","当前效果 / 当前层 / 自定义 1 / 事件与特性 / 闪烁 / 幅度","当前效果 / 当前层 / 自定义 1 / 闪烁 / 幅度","当前效果 / 当前层 / 自定义 1 / 事件与特性 / 闪烁 / 幅度","同一控件模型，按源码条件展示","tool/src/js/10_types.js:675"
"SCHEMA-225","460-61-x1FlickHz","x1FlickHz","P.x1FlickHz","参数 / 当前层 / 自定义 1 / 闪烁 / 频率 [x1FlickHz]","当前效果 / 当前层 / 自定义 1 / 事件与特性 / 闪烁 / 频率","当前效果 / 当前层 / 自定义 1 / 闪烁 / 频率","当前效果 / 当前层 / 自定义 1 / 事件与特性 / 闪烁 / 频率","同一控件模型，按源码条件展示","tool/src/js/10_types.js:676"
"SCHEMA-226","460-ex1-info:exColor1","info:exColor1","derived:info:exColor1","参数 / 当前层 / 自定义 1 / 颜色 / 颜色 [info:exColor1]","当前效果 / 当前层 / 自定义 1 / 外观与颜色 / 颜色 / 颜色","当前效果 / 当前层 / 自定义 1 / 颜色 / 颜色","当前效果 / 当前层 / 自定义 1 / 外观与颜色 / 颜色 / 颜色","需烘焙回执；样板无假结果","tool/src/js/10_types.js:677"
"SCHEMA-227","460-62-x2Event","x2Event","P.x2Event","参数 / 当前层 / 自定义 2 / 生成 / 什么时候 [x2Event]","当前效果 / 当前层 / 自定义 2 / 时序与数量 / 生成 / 什么时候","当前效果 / 当前层 / 自定义 2 / 生成 / 什么时候","当前效果 / 当前层 / 自定义 2 / 时序与数量 / 生成 / 什么时候","同一控件模型，按源码条件展示","tool/src/js/10_types.js:680"
"SCHEMA-228","460-63-x2T","x2T","P.x2T","参数 / 当前层 / 自定义 2 / 生成 / 时刻 [x2T]","当前效果 / 当前层 / 自定义 2 / 时序与数量 / 生成 / 时刻","当前效果 / 当前层 / 自定义 2 / 生成 / 时刻","当前效果 / 当前层 / 自定义 2 / 时序与数量 / 生成 / 时刻","同一控件模型，按源码条件展示","tool/src/js/10_types.js:681"
"SCHEMA-229","460-64-x2Kind","x2Kind","P.x2Kind","参数 / 当前层 / 自定义 2 / 生成 / 生成什么 [x2Kind]","当前效果 / 当前层 / 自定义 2 / 时序与数量 / 生成 / 生成什么","当前效果 / 当前层 / 自定义 2 / 生成 / 生成什么","当前效果 / 当前层 / 自定义 2 / 时序与数量 / 生成 / 生成什么","同一控件模型，按源码条件展示","tool/src/js/10_types.js:682"
"SCHEMA-230","460-65-x2N","x2N","P.x2N","参数 / 当前层 / 自定义 2 / 生成 / 数量 [x2N]","当前效果 / 当前层 / 自定义 2 / 时序与数量 / 生成 / 数量","当前效果 / 当前层 / 自定义 2 / 生成 / 数量","当前效果 / 当前层 / 自定义 2 / 时序与数量 / 生成 / 数量","同一控件模型，按源码条件展示","tool/src/js/10_types.js:683"
"SCHEMA-231","460-66-x2Rate","x2Rate","P.x2Rate","参数 / 当前层 / 自定义 2 / 生成 / 每秒 [x2Rate]","当前效果 / 当前层 / 自定义 2 / 时序与数量 / 生成 / 每秒","当前效果 / 当前层 / 自定义 2 / 生成 / 每秒","当前效果 / 当前层 / 自定义 2 / 时序与数量 / 生成 / 每秒","同一控件模型，按源码条件展示","tool/src/js/10_types.js:684"
"SCHEMA-232","460-67-x2Prob","x2Prob","P.x2Prob","参数 / 当前层 / 自定义 2 / 生成 / 触发比例 [x2Prob]","当前效果 / 当前层 / 自定义 2 / 时序与数量 / 生成 / 触发比例","当前效果 / 当前层 / 自定义 2 / 生成 / 触发比例","当前效果 / 当前层 / 自定义 2 / 时序与数量 / 生成 / 触发比例","同一控件模型，按源码条件展示","tool/src/js/10_types.js:685"
"SCHEMA-233","460-68-x2Delay","x2Delay","P.x2Delay","参数 / 当前层 / 自定义 2 / 生成 / 延迟 [x2Delay]","当前效果 / 当前层 / 自定义 2 / 时序与数量 / 生成 / 延迟","当前效果 / 当前层 / 自定义 2 / 生成 / 延迟","当前效果 / 当前层 / 自定义 2 / 时序与数量 / 生成 / 延迟","同一控件模型，按源码条件展示","tool/src/js/10_types.js:686"
"SCHEMA-234","460-69-x2DelayJit","x2DelayJit","P.x2DelayJit","参数 / 当前层 / 自定义 2 / 生成 / 延迟 / 随机 / 延迟随机 [x2DelayJit]","当前效果 / 当前层 / 自定义 2 / 时序与数量 / 生成 / 延迟随机","当前效果 / 当前层 / 自定义 2 / 生成 / 延迟随机","当前效果 / 当前层 / 自定义 2 / 时序与数量 / 生成 / 延迟随机","同一控件模型，按源码条件展示","tool/src/js/10_types.js:687"
"SCHEMA-235","460-70-x2Spark","x2Spark","P.x2Spark","参数 / 当前层 / 自定义 2 / 生成 / 火花密度 [x2Spark]","当前效果 / 当前层 / 自定义 2 / 时序与数量 / 生成 / 火花密度","当前效果 / 当前层 / 自定义 2 / 生成 / 火花密度","当前效果 / 当前层 / 自定义 2 / 时序与数量 / 生成 / 火花密度","同一控件模型，按源码条件展示","tool/src/js/10_types.js:688"
"SCHEMA-236","460-71-x2R","x2R","P.x2R","参数 / 当前层 / 自定义 2 / 形状 / 起始半径 [x2R]","当前效果 / 当前层 / 自定义 2 / 空间与运动 / 形状 / 起始半径","当前效果 / 当前层 / 自定义 2 / 形状 / 起始半径","当前效果 / 当前层 / 自定义 2 / 空间与运动 / 形状 / 起始半径","同一控件模型，按源码条件展示","tool/src/js/10_types.js:689"
"SCHEMA-237","460-72-x2V","x2V","P.x2V","参数 / 当前层 / 自定义 2 / 初速 / 初速 [x2V]","当前效果 / 当前层 / 自定义 2 / 空间与运动 / 初速 / 初速","当前效果 / 当前层 / 自定义 2 / 初速 / 初速","当前效果 / 当前层 / 自定义 2 / 空间与运动 / 初速 / 初速","同一控件模型，按源码条件展示","tool/src/js/10_types.js:690"
"SCHEMA-238","460-73-x2VJit","x2VJit","P.x2VJit","参数 / 当前层 / 自定义 2 / 初速 / 初速 / 随机 / 初速随机 [x2VJit]","当前效果 / 当前层 / 自定义 2 / 空间与运动 / 初速 / 初速随机","当前效果 / 当前层 / 自定义 2 / 初速 / 初速随机","当前效果 / 当前层 / 自定义 2 / 空间与运动 / 初速 / 初速随机","同一控件模型，按源码条件展示","tool/src/js/10_types.js:691"
"SCHEMA-239","460-74-x2Inh","x2Inh","P.x2Inh","参数 / 当前层 / 自定义 2 / 初速 / 继承速度 [x2Inh]","当前效果 / 当前层 / 自定义 2 / 空间与运动 / 初速 / 继承速度","当前效果 / 当前层 / 自定义 2 / 初速 / 继承速度","当前效果 / 当前层 / 自定义 2 / 空间与运动 / 初速 / 继承速度","同一控件模型，按源码条件展示","tool/src/js/10_types.js:692"
"SCHEMA-240","460-75-x2Grav","x2Grav","P.x2Grav","参数 / 当前层 / 自定义 2 / 受力 / 重力 [x2Grav]","当前效果 / 当前层 / 自定义 2 / 空间与运动 / 受力 / 重力","当前效果 / 当前层 / 自定义 2 / 受力 / 重力","当前效果 / 当前层 / 自定义 2 / 空间与运动 / 受力 / 重力","同一控件模型，按源码条件展示","tool/src/js/10_types.js:693"
"SCHEMA-241","460-76-x2Drag","x2Drag","P.x2Drag","参数 / 当前层 / 自定义 2 / 受力 / 阻力 [x2Drag]","当前效果 / 当前层 / 自定义 2 / 空间与运动 / 受力 / 阻力","当前效果 / 当前层 / 自定义 2 / 受力 / 阻力","当前效果 / 当前层 / 自定义 2 / 空间与运动 / 受力 / 阻力","同一控件模型，按源码条件展示","tool/src/js/10_types.js:694"
"SCHEMA-242","460-77-x2Life","x2Life","P.x2Life","参数 / 当前层 / 自定义 2 / 寿命 / 寿命 [x2Life]","当前效果 / 当前层 / 自定义 2 / 时序与数量 / 寿命 / 寿命","当前效果 / 当前层 / 自定义 2 / 寿命 / 寿命","当前效果 / 当前层 / 自定义 2 / 时序与数量 / 寿命 / 寿命","同一控件模型，按源码条件展示","tool/src/js/10_types.js:695"
"SCHEMA-243","460-78-x2LifeJit","x2LifeJit","P.x2LifeJit","参数 / 当前层 / 自定义 2 / 寿命 / 寿命 / 随机 / 寿命随机 [x2LifeJit]","当前效果 / 当前层 / 自定义 2 / 时序与数量 / 寿命 / 寿命随机","当前效果 / 当前层 / 自定义 2 / 寿命 / 寿命随机","当前效果 / 当前层 / 自定义 2 / 时序与数量 / 寿命 / 寿命随机","同一控件模型，按源码条件展示","tool/src/js/10_types.js:696"
"SCHEMA-244","460-79-x2Size","x2Size","P.x2Size","参数 / 当前层 / 自定义 2 / 大小 / 大小 [x2Size]","当前效果 / 当前层 / 自定义 2 / 外观与颜色 / 大小 / 大小","当前效果 / 当前层 / 自定义 2 / 大小 / 大小","当前效果 / 当前层 / 自定义 2 / 外观与颜色 / 大小 / 大小","同一控件模型，按源码条件展示","tool/src/js/10_types.js:697"
"SCHEMA-245","460-80-x2SizeJit","x2SizeJit","P.x2SizeJit","参数 / 当前层 / 自定义 2 / 大小 / 大小 / 随机 / 大小随机 [x2SizeJit]","当前效果 / 当前层 / 自定义 2 / 外观与颜色 / 大小 / 大小随机","当前效果 / 当前层 / 自定义 2 / 大小 / 大小随机","当前效果 / 当前层 / 自定义 2 / 外观与颜色 / 大小 / 大小随机","同一控件模型，按源码条件展示","tool/src/js/10_types.js:698"
"SCHEMA-246","460-81-x2SizeCurve","x2SizeCurve","P.x2SizeCurve","参数 / 当前层 / 自定义 2 / 大小 / 随寿命 [x2SizeCurve]","当前效果 / 当前层 / 自定义 2 / 外观与颜色 / 大小 / 随寿命","当前效果 / 当前层 / 自定义 2 / 大小 / 随寿命","当前效果 / 当前层 / 自定义 2 / 外观与颜色 / 大小 / 随寿命","同一控件模型，按源码条件展示","tool/src/js/10_types.js:699"
"SCHEMA-247","460-82-x2Bright","x2Bright","P.x2Bright","参数 / 当前层 / 自定义 2 / 亮度 / 亮度 [x2Bright]","当前效果 / 当前层 / 自定义 2 / 外观与颜色 / 亮度 / 亮度","当前效果 / 当前层 / 自定义 2 / 亮度 / 亮度","当前效果 / 当前层 / 自定义 2 / 外观与颜色 / 亮度 / 亮度","同一控件模型，按源码条件展示","tool/src/js/10_types.js:700"
"SCHEMA-248","460-83-x2BrightJit","x2BrightJit","P.x2BrightJit","参数 / 当前层 / 自定义 2 / 亮度 / 亮度 / 随机 / 亮度随机 [x2BrightJit]","当前效果 / 当前层 / 自定义 2 / 外观与颜色 / 亮度 / 亮度随机","当前效果 / 当前层 / 自定义 2 / 亮度 / 亮度随机","当前效果 / 当前层 / 自定义 2 / 外观与颜色 / 亮度 / 亮度随机","同一控件模型，按源码条件展示","tool/src/js/10_types.js:701"
"SCHEMA-249","460-84-x2BrightCurve","x2BrightCurve","P.x2BrightCurve","参数 / 当前层 / 自定义 2 / 亮度 / 随寿命 [x2BrightCurve]","当前效果 / 当前层 / 自定义 2 / 外观与颜色 / 亮度 / 随寿命","当前效果 / 当前层 / 自定义 2 / 亮度 / 随寿命","当前效果 / 当前层 / 自定义 2 / 外观与颜色 / 亮度 / 随寿命","同一控件模型，按源码条件展示","tool/src/js/10_types.js:702"
"SCHEMA-250","460-85-x2Flick","x2Flick","P.x2Flick","参数 / 当前层 / 自定义 2 / 闪烁 / 幅度 [x2Flick]","当前效果 / 当前层 / 自定义 2 / 事件与特性 / 闪烁 / 幅度","当前效果 / 当前层 / 自定义 2 / 闪烁 / 幅度","当前效果 / 当前层 / 自定义 2 / 事件与特性 / 闪烁 / 幅度","同一控件模型，按源码条件展示","tool/src/js/10_types.js:703"
"SCHEMA-251","460-86-x2FlickHz","x2FlickHz","P.x2FlickHz","参数 / 当前层 / 自定义 2 / 闪烁 / 频率 [x2FlickHz]","当前效果 / 当前层 / 自定义 2 / 事件与特性 / 闪烁 / 频率","当前效果 / 当前层 / 自定义 2 / 闪烁 / 频率","当前效果 / 当前层 / 自定义 2 / 事件与特性 / 闪烁 / 频率","同一控件模型，按源码条件展示","tool/src/js/10_types.js:704"
"SCHEMA-252","460-ex2-info:exColor2","info:exColor2","derived:info:exColor2","参数 / 当前层 / 自定义 2 / 颜色 / 颜色 [info:exColor2]","当前效果 / 当前层 / 自定义 2 / 外观与颜色 / 颜色 / 颜色","当前效果 / 当前层 / 自定义 2 / 颜色 / 颜色","当前效果 / 当前层 / 自定义 2 / 外观与颜色 / 颜色 / 颜色","需烘焙回执；样板无假结果","tool/src/js/10_types.js:705"
"SCHEMA-253","067-spin","spin","P.spin","参数 / 当前层 / 星 / 蜂 / 旋转速度 [spin]","当前效果 / 当前层 / 星 / 事件与特性 / 蜂 / 旋转速度","当前效果 / 当前层 / 星 / 蜂 / 旋转速度","当前效果 / 当前层 / 星 / 事件与特性 / 蜂 / 旋转速度","同一控件模型，按源码条件展示","tool/src/js/10_types.js:708"
"SCHEMA-254","068-chaos","chaos","P.chaos","参数 / 当前层 / 星 / 蜂 / 乱飞程度 [chaos]","当前效果 / 当前层 / 星 / 事件与特性 / 蜂 / 乱飞程度","当前效果 / 当前层 / 星 / 蜂 / 乱飞程度","当前效果 / 当前层 / 星 / 事件与特性 / 蜂 / 乱飞程度","同一控件模型，按源码条件展示","tool/src/js/10_types.js:709"
"SCHEMA-255","069-beeSpeed","beeSpeed","P.beeSpeed","参数 / 当前层 / 星 / 蜂 / 推进速度 [beeSpeed]","当前效果 / 当前层 / 星 / 事件与特性 / 蜂 / 推进速度","当前效果 / 当前层 / 星 / 蜂 / 推进速度","当前效果 / 当前层 / 星 / 事件与特性 / 蜂 / 推进速度","同一控件模型，按源码条件展示","tool/src/js/10_types.js:710"
"SCHEMA-256","106-riseStyle","riseStyle","P.riseStyle","参数 / 当前层 / 星头 / 上升 / 曲导种类 [riseStyle]","当前效果 / 当前层 / 星头 / 事件与特性 / 上升 / 曲导种类","当前效果 / 当前层 / 星头 / 上升 / 曲导种类","当前效果 / 当前层 / 星头 / 事件与特性 / 上升 / 曲导种类","同一控件模型，按源码条件展示","tool/src/js/10_types.js:713"
"SCHEMA-257","107-riseH","riseH","P.riseH","参数 / 当前层 / 星头 / 弹道 / 开花高度 [riseH]","当前效果 / 当前层 / 星头 / 事件与特性 / 弹道 / 开花高度","当前效果 / 当前层 / 星头 / 弹道 / 开花高度","当前效果 / 当前层 / 星头 / 事件与特性 / 弹道 / 开花高度","同一控件模型，按源码条件展示","tool/src/js/10_types.js:714"
"SCHEMA-258","108-vtShell","vtShell","P.vtShell","参数 / 当前层 / 星头 / 弹道 / 终端速度 [vtShell]","当前效果 / 当前层 / 星头 / 事件与特性 / 弹道 / 终端速度","当前效果 / 当前层 / 星头 / 弹道 / 终端速度","当前效果 / 当前层 / 星头 / 事件与特性 / 弹道 / 终端速度","同一控件模型，按源码条件展示","tool/src/js/10_types.js:715"
"SCHEMA-259","109-seed","seed","P.seed","参数 / 当前层 / 效果 / 规格 / 随机种子 [seed]","当前效果 / 当前层 / 效果 / 规格 / 规格 / 随机种子","当前效果 / 当前层 / 效果 / 规格 / 随机种子","当前效果 / 当前层 / 效果 / 规格 / 规格 / 随机种子","同一控件模型，按源码条件展示","tool/src/js/10_types.js:716"
"SCHEMA-260","110-wobble","wobble","P.wobble","参数 / 当前层 / 星头 / 弹道 / 摆动幅度 [wobble]","当前效果 / 当前层 / 星头 / 事件与特性 / 弹道 / 摆动幅度","当前效果 / 当前层 / 星头 / 弹道 / 摆动幅度","当前效果 / 当前层 / 星头 / 事件与特性 / 弹道 / 摆动幅度","同一控件模型，按源码条件展示","tool/src/js/10_types.js:717"
"SCHEMA-261","111-wobbleHz","wobbleHz","P.wobbleHz","参数 / 当前层 / 星头 / 弹道 / 摆动频率 [wobbleHz]","当前效果 / 当前层 / 星头 / 事件与特性 / 弹道 / 摆动频率","当前效果 / 当前层 / 星头 / 弹道 / 摆动频率","当前效果 / 当前层 / 星头 / 事件与特性 / 弹道 / 摆动频率","同一控件模型，按源码条件展示","tool/src/js/10_types.js:718"
"SCHEMA-262","112-kobanaN","kobanaN","P.kobanaN","参数 / 当前层 / 星头 / 上升 / 子花数量 [kobanaN]","当前效果 / 当前层 / 星头 / 事件与特性 / 上升 / 子花数量","当前效果 / 当前层 / 星头 / 上升 / 子花数量","当前效果 / 当前层 / 星头 / 事件与特性 / 上升 / 子花数量","同一控件模型，按源码条件展示","tool/src/js/10_types.js:719"
"SCHEMA-263","113-bunpoN","bunpoN","P.bunpoN","参数 / 当前层 / 星头 / 上升 / 分叉数量 [bunpoN]","当前效果 / 当前层 / 星头 / 事件与特性 / 上升 / 分叉数量","当前效果 / 当前层 / 星头 / 上升 / 分叉数量","当前效果 / 当前层 / 星头 / 事件与特性 / 上升 / 分叉数量","同一控件模型，按源码条件展示","tool/src/js/10_types.js:720"
"SCHEMA-264","114-_trailTier","_trailTier","P.type（打开另一档模板）","参数 / 当前层 / 效果 / 规格 / 尾缀档位 [_trailTier]","当前效果 / 当前层 / 效果 / 规格 / 规格 / 尾缀档位","当前效果 / 当前层 / 效果 / 规格 / 尾缀档位","当前效果 / 当前层 / 效果 / 规格 / 规格 / 尾缀档位","同一控件模型，按源码条件展示","tool/src/js/10_types.js:723"
"SCHEMA-265","114-trPhys","trPhys","P.trPhys","参数 / 当前层 / 效果 / 规格 / 粒子模型 [trPhys]","当前效果 / 当前层 / 效果 / 规格 / 规格 / 粒子模型","当前效果 / 当前层 / 效果 / 规格 / 粒子模型","当前效果 / 当前层 / 效果 / 规格 / 规格 / 粒子模型","同一控件模型，按源码条件展示","tool/src/js/10_types.js:724"
"SCHEMA-266","115-trV","trV","P.trV","参数 / 当前层 / 星头 / 弹道 / 烘焙上升速度 [trV]","当前效果 / 当前层 / 星头 / 事件与特性 / 弹道 / 烘焙上升速度","当前效果 / 当前层 / 星头 / 弹道 / 烘焙上升速度","当前效果 / 当前层 / 星头 / 事件与特性 / 弹道 / 烘焙上升速度","同一控件模型，按源码条件展示","tool/src/js/10_types.js:725"
"SCHEMA-267","116-trInh","trInh","P.trInh","参数 / 当前层 / 火花共用 / 初速 / 继承速度 [trInh]","当前效果 / 当前层 / 火花共用 / 空间与运动 / 初速 / 继承速度","当前效果 / 当前层 / 火花共用 / 初速 / 继承速度","当前效果 / 当前层 / 火花共用 / 空间与运动 / 初速 / 继承速度","同一控件模型，按源码条件展示","tool/src/js/10_types.js:726"
"SCHEMA-268","117-trDrag","trDrag","P.trDrag","参数 / 当前层 / 火花共用 / 受力 / 阻力 [trDrag]","当前效果 / 当前层 / 火花共用 / 空间与运动 / 受力 / 阻力","当前效果 / 当前层 / 火花共用 / 受力 / 阻力","当前效果 / 当前层 / 火花共用 / 空间与运动 / 受力 / 阻力","同一控件模型，按源码条件展示","tool/src/js/10_types.js:727"
"SCHEMA-269","118-trGrav","trGrav","P.trGrav","参数 / 当前层 / 火花共用 / 受力 / 重力倍率 [trGrav]","当前效果 / 当前层 / 火花共用 / 空间与运动 / 受力 / 重力倍率","当前效果 / 当前层 / 火花共用 / 受力 / 重力倍率","当前效果 / 当前层 / 火花共用 / 空间与运动 / 受力 / 重力倍率","同一控件模型，按源码条件展示","tool/src/js/10_types.js:728"
"SCHEMA-270","119-trCool","trCool","P.trCool","参数 / 当前层 / 火花共用 / 颜色 / 冷却倍率 [trCool]","当前效果 / 当前层 / 火花共用 / 外观与颜色 / 颜色 / 冷却倍率","当前效果 / 当前层 / 火花共用 / 颜色 / 冷却倍率","当前效果 / 当前层 / 火花共用 / 外观与颜色 / 颜色 / 冷却倍率","同一控件模型，按源码条件展示","tool/src/js/10_types.js:729"
"SCHEMA-271","120-trIgnite","trIgnite","P.trIgnite","参数 / 当前层 / 火花共用 / 亮度 / 烧旺时间 [trIgnite]","当前效果 / 当前层 / 火花共用 / 外观与颜色 / 亮度 / 烧旺时间","当前效果 / 当前层 / 火花共用 / 亮度 / 烧旺时间","当前效果 / 当前层 / 火花共用 / 外观与颜色 / 亮度 / 烧旺时间","同一控件模型，按源码条件展示","tool/src/js/10_types.js:730"
"SCHEMA-272","121-trTwist","trTwist","P.trTwist","参数 / 当前层 / 星头 / 扭动 / 幅度 [trTwist]","当前效果 / 当前层 / 星头 / 事件与特性 / 扭动 / 幅度","当前效果 / 当前层 / 星头 / 扭动 / 幅度","当前效果 / 当前层 / 星头 / 事件与特性 / 扭动 / 幅度","同一控件模型，按源码条件展示","tool/src/js/10_types.js:731"
"SCHEMA-273","122-trTwistN","trTwistN","P.trTwistN","参数 / 当前层 / 星头 / 扭动 / 圈数 [trTwistN]","当前效果 / 当前层 / 星头 / 事件与特性 / 扭动 / 圈数","当前效果 / 当前层 / 星头 / 扭动 / 圈数","当前效果 / 当前层 / 星头 / 事件与特性 / 扭动 / 圈数","同一控件模型，按源码条件展示","tool/src/js/10_types.js:732"
"SCHEMA-274","123-trWiggle","trWiggle","P.trWiggle","参数 / 当前层 / 星头 / 扭动 / 细碎扭动 [trWiggle]","当前效果 / 当前层 / 星头 / 事件与特性 / 扭动 / 细碎扭动","当前效果 / 当前层 / 星头 / 扭动 / 细碎扭动","当前效果 / 当前层 / 星头 / 事件与特性 / 扭动 / 细碎扭动","同一控件模型，按源码条件展示","tool/src/js/10_types.js:733"
"SCHEMA-275","124-trTwistLag","trTwistLag","P.trTwistLag","参数 / 当前层 / 星头 / 扭动 / 滞后 [trTwistLag]","当前效果 / 当前层 / 星头 / 事件与特性 / 扭动 / 滞后","当前效果 / 当前层 / 星头 / 扭动 / 滞后","当前效果 / 当前层 / 星头 / 事件与特性 / 扭动 / 滞后","同一控件模型，按源码条件展示","tool/src/js/10_types.js:734"
"SCHEMA-276","125-trFollow","trFollow","P.trFollow","参数 / 当前层 / 输出 / 取景 / 快门跟拍 [trFollow]","当前效果 / 当前层 / 输出 / 尺寸与取帧 / 取景 / 快门跟拍","当前效果 / 当前层 / 输出 / 取景 / 快门跟拍","当前效果 / 当前层 / 输出 / 尺寸与取帧 / 取景 / 快门跟拍","同一控件模型，按源码条件展示","tool/src/js/10_types.js:735"
"SCHEMA-277","126-seed","seed","P.seed","参数 / 当前层 / 效果 / 规格 / 随机种子 [seed]","当前效果 / 当前层 / 效果 / 规格 / 规格 / 随机种子","当前效果 / 当前层 / 效果 / 规格 / 随机种子","当前效果 / 当前层 / 效果 / 规格 / 规格 / 随机种子","同一控件模型，按源码条件展示","tool/src/js/10_types.js:736"
"SCHEMA-278","127-trHeadSize","trHeadSize","P.trHeadSize","参数 / 当前层 / 星头 / 大小 / 大小 [trHeadSize]","当前效果 / 当前层 / 星头 / 外观与颜色 / 大小 / 大小","当前效果 / 当前层 / 星头 / 大小 / 大小","当前效果 / 当前层 / 星头 / 外观与颜色 / 大小 / 大小","同一控件模型，按源码条件展示","tool/src/js/10_types.js:739"
"SCHEMA-279","128-trHeadBright","trHeadBright","P.trHeadBright","参数 / 当前层 / 星头 / 亮度 / 亮度 [trHeadBright]","当前效果 / 当前层 / 星头 / 外观与颜色 / 亮度 / 亮度","当前效果 / 当前层 / 星头 / 亮度 / 亮度","当前效果 / 当前层 / 星头 / 外观与颜色 / 亮度 / 亮度","同一控件模型，按源码条件展示","tool/src/js/10_types.js:740"
"SCHEMA-280","129-trHalo","trHalo","P.trHalo","参数 / 当前层 / 星头 / 光晕 / 大小 [trHalo]","当前效果 / 当前层 / 星头 / 事件与特性 / 光晕 / 大小","当前效果 / 当前层 / 星头 / 光晕 / 大小","当前效果 / 当前层 / 星头 / 事件与特性 / 光晕 / 大小","同一控件模型，按源码条件展示","tool/src/js/10_types.js:741"
"SCHEMA-281","130-trHaloBright","trHaloBright","P.trHaloBright","参数 / 当前层 / 星头 / 光晕 / 亮度 [trHaloBright]","当前效果 / 当前层 / 星头 / 事件与特性 / 光晕 / 亮度","当前效果 / 当前层 / 星头 / 光晕 / 亮度","当前效果 / 当前层 / 星头 / 事件与特性 / 光晕 / 亮度","同一控件模型，按源码条件展示","tool/src/js/10_types.js:742"
"SCHEMA-282","131-trFRate","trFRate","P.trFRate","参数 / 当前层 / 白热火花 / 生成 / 生成速率 [trFRate]","当前效果 / 当前层 / 白热火花 / 时序与数量 / 生成 / 生成速率","当前效果 / 当前层 / 白热火花 / 生成 / 生成速率","当前效果 / 当前层 / 白热火花 / 时序与数量 / 生成 / 生成速率","同一控件模型，按源码条件展示","tool/src/js/10_types.js:745"
"SCHEMA-283","132-trFLife","trFLife","P.trFLife","参数 / 当前层 / 白热火花 / 寿命 / 寿命 [trFLife]","当前效果 / 当前层 / 白热火花 / 时序与数量 / 寿命 / 寿命","当前效果 / 当前层 / 白热火花 / 寿命 / 寿命","当前效果 / 当前层 / 白热火花 / 时序与数量 / 寿命 / 寿命","同一控件模型，按源码条件展示","tool/src/js/10_types.js:745"
"SCHEMA-284","133-trFSpread","trFSpread","P.trFSpread","参数 / 当前层 / 白热火花 / 初速 / 速度随机 [trFSpread]","当前效果 / 当前层 / 白热火花 / 空间与运动 / 初速 / 速度随机","当前效果 / 当前层 / 白热火花 / 初速 / 速度随机","当前效果 / 当前层 / 白热火花 / 空间与运动 / 初速 / 速度随机","同一控件模型，按源码条件展示","tool/src/js/10_types.js:745"
"SCHEMA-285","134-trFSize","trFSize","P.trFSize","参数 / 当前层 / 白热火花 / 大小 / 大小 [trFSize]","当前效果 / 当前层 / 白热火花 / 外观与颜色 / 大小 / 大小","当前效果 / 当前层 / 白热火花 / 大小 / 大小","当前效果 / 当前层 / 白热火花 / 外观与颜色 / 大小 / 大小","同一控件模型，按源码条件展示","tool/src/js/10_types.js:745"
"SCHEMA-286","135-trFBright","trFBright","P.trFBright","参数 / 当前层 / 白热火花 / 亮度 / 亮度 [trFBright]","当前效果 / 当前层 / 白热火花 / 外观与颜色 / 亮度 / 亮度","当前效果 / 当前层 / 白热火花 / 亮度 / 亮度","当前效果 / 当前层 / 白热火花 / 外观与颜色 / 亮度 / 亮度","同一控件模型，按源码条件展示","tool/src/js/10_types.js:745"
"SCHEMA-287","136-trMRate","trMRate","P.trMRate","参数 / 当前层 / 金火花 / 生成 / 生成速率 [trMRate]","当前效果 / 当前层 / 金火花 / 时序与数量 / 生成 / 生成速率","当前效果 / 当前层 / 金火花 / 生成 / 生成速率","当前效果 / 当前层 / 金火花 / 时序与数量 / 生成 / 生成速率","同一控件模型，按源码条件展示","tool/src/js/10_types.js:746"
"SCHEMA-288","137-trMLife","trMLife","P.trMLife","参数 / 当前层 / 金火花 / 寿命 / 寿命 [trMLife]","当前效果 / 当前层 / 金火花 / 时序与数量 / 寿命 / 寿命","当前效果 / 当前层 / 金火花 / 寿命 / 寿命","当前效果 / 当前层 / 金火花 / 时序与数量 / 寿命 / 寿命","同一控件模型，按源码条件展示","tool/src/js/10_types.js:746"
"SCHEMA-289","138-trMSpread","trMSpread","P.trMSpread","参数 / 当前层 / 金火花 / 初速 / 速度随机 [trMSpread]","当前效果 / 当前层 / 金火花 / 空间与运动 / 初速 / 速度随机","当前效果 / 当前层 / 金火花 / 初速 / 速度随机","当前效果 / 当前层 / 金火花 / 空间与运动 / 初速 / 速度随机","同一控件模型，按源码条件展示","tool/src/js/10_types.js:746"
"SCHEMA-290","139-trMSize","trMSize","P.trMSize","参数 / 当前层 / 金火花 / 大小 / 大小 [trMSize]","当前效果 / 当前层 / 金火花 / 外观与颜色 / 大小 / 大小","当前效果 / 当前层 / 金火花 / 大小 / 大小","当前效果 / 当前层 / 金火花 / 外观与颜色 / 大小 / 大小","同一控件模型，按源码条件展示","tool/src/js/10_types.js:746"
"SCHEMA-291","140-trMBright","trMBright","P.trMBright","参数 / 当前层 / 金火花 / 亮度 / 亮度 [trMBright]","当前效果 / 当前层 / 金火花 / 外观与颜色 / 亮度 / 亮度","当前效果 / 当前层 / 金火花 / 亮度 / 亮度","当前效果 / 当前层 / 金火花 / 外观与颜色 / 亮度 / 亮度","同一控件模型，按源码条件展示","tool/src/js/10_types.js:746"
"SCHEMA-292","141-trCRate","trCRate","P.trCRate","参数 / 当前层 / 橙色火花 / 生成 / 生成速率 [trCRate]","当前效果 / 当前层 / 橙色火花 / 时序与数量 / 生成 / 生成速率","当前效果 / 当前层 / 橙色火花 / 生成 / 生成速率","当前效果 / 当前层 / 橙色火花 / 时序与数量 / 生成 / 生成速率","同一控件模型，按源码条件展示","tool/src/js/10_types.js:747"
"SCHEMA-293","142-trCLife","trCLife","P.trCLife","参数 / 当前层 / 橙色火花 / 寿命 / 寿命 [trCLife]","当前效果 / 当前层 / 橙色火花 / 时序与数量 / 寿命 / 寿命","当前效果 / 当前层 / 橙色火花 / 寿命 / 寿命","当前效果 / 当前层 / 橙色火花 / 时序与数量 / 寿命 / 寿命","同一控件模型，按源码条件展示","tool/src/js/10_types.js:747"
"SCHEMA-294","143-trCSpread","trCSpread","P.trCSpread","参数 / 当前层 / 橙色火花 / 初速 / 速度随机 [trCSpread]","当前效果 / 当前层 / 橙色火花 / 空间与运动 / 初速 / 速度随机","当前效果 / 当前层 / 橙色火花 / 初速 / 速度随机","当前效果 / 当前层 / 橙色火花 / 空间与运动 / 初速 / 速度随机","同一控件模型，按源码条件展示","tool/src/js/10_types.js:747"
"SCHEMA-295","144-trCSize","trCSize","P.trCSize","参数 / 当前层 / 橙色火花 / 大小 / 大小 [trCSize]","当前效果 / 当前层 / 橙色火花 / 外观与颜色 / 大小 / 大小","当前效果 / 当前层 / 橙色火花 / 大小 / 大小","当前效果 / 当前层 / 橙色火花 / 外观与颜色 / 大小 / 大小","同一控件模型，按源码条件展示","tool/src/js/10_types.js:747"
"SCHEMA-296","145-trCBright","trCBright","P.trCBright","参数 / 当前层 / 橙色火花 / 亮度 / 亮度 [trCBright]","当前效果 / 当前层 / 橙色火花 / 外观与颜色 / 亮度 / 亮度","当前效果 / 当前层 / 橙色火花 / 亮度 / 亮度","当前效果 / 当前层 / 橙色火花 / 外观与颜色 / 亮度 / 亮度","同一控件模型，按源码条件展示","tool/src/js/10_types.js:747"
"SCHEMA-297","146-trWRate","trWRate","P.trWRate","参数 / 当前层 / 丝状火花 / 生成 / 生成速率 [trWRate]","当前效果 / 当前层 / 丝状火花 / 时序与数量 / 生成 / 生成速率","当前效果 / 当前层 / 丝状火花 / 生成 / 生成速率","当前效果 / 当前层 / 丝状火花 / 时序与数量 / 生成 / 生成速率","同一控件模型，按源码条件展示","tool/src/js/10_types.js:748"
"SCHEMA-298","147-trWLife","trWLife","P.trWLife","参数 / 当前层 / 丝状火花 / 寿命 / 寿命 [trWLife]","当前效果 / 当前层 / 丝状火花 / 时序与数量 / 寿命 / 寿命","当前效果 / 当前层 / 丝状火花 / 寿命 / 寿命","当前效果 / 当前层 / 丝状火花 / 时序与数量 / 寿命 / 寿命","同一控件模型，按源码条件展示","tool/src/js/10_types.js:748"
"SCHEMA-299","148-trWSpread","trWSpread","P.trWSpread","参数 / 当前层 / 丝状火花 / 初速 / 甩出速度 [trWSpread]","当前效果 / 当前层 / 丝状火花 / 空间与运动 / 初速 / 甩出速度","当前效果 / 当前层 / 丝状火花 / 初速 / 甩出速度","当前效果 / 当前层 / 丝状火花 / 空间与运动 / 初速 / 甩出速度","同一控件模型，按源码条件展示","tool/src/js/10_types.js:748"
"SCHEMA-300","149-trWSize","trWSize","P.trWSize","参数 / 当前层 / 丝状火花 / 大小 / 大小 [trWSize]","当前效果 / 当前层 / 丝状火花 / 外观与颜色 / 大小 / 大小","当前效果 / 当前层 / 丝状火花 / 大小 / 大小","当前效果 / 当前层 / 丝状火花 / 外观与颜色 / 大小 / 大小","同一控件模型，按源码条件展示","tool/src/js/10_types.js:748"
"SCHEMA-301","150-trWBright","trWBright","P.trWBright","参数 / 当前层 / 丝状火花 / 亮度 / 亮度 [trWBright]","当前效果 / 当前层 / 丝状火花 / 外观与颜色 / 亮度 / 亮度","当前效果 / 当前层 / 丝状火花 / 亮度 / 亮度","当前效果 / 当前层 / 丝状火花 / 外观与颜色 / 亮度 / 亮度","同一控件模型，按源码条件展示","tool/src/js/10_types.js:748"
"SCHEMA-302","151-trBright","trBright","P.trBright","参数 / 当前层 / 输出 / 曝光光晕 / 引擎亮度倍数 [trBright]","当前效果 / 当前层 / 输出 / 曝光与光晕 / 曝光光晕 / 引擎亮度倍数","当前效果 / 当前层 / 输出 / 曝光光晕 / 引擎亮度倍数","当前效果 / 当前层 / 输出 / 曝光与光晕 / 曝光光晕 / 引擎亮度倍数","同一控件模型，按源码条件展示","tool/src/js/10_types.js:751"
"SCHEMA-303","152-trExport4K","trExport4K","P.trExport4K","参数 / 当前层 / 输出 / 贴图 / 导出 4K 母版 [trExport4K]","当前效果 / 当前层 / 输出 / 帧数与贴图 / 贴图 / 导出 4K 母版","当前效果 / 当前层 / 输出 / 贴图 / 导出 4K 母版","当前效果 / 当前层 / 输出 / 帧数与贴图 / 贴图 / 导出 4K 母版","同一控件模型，按源码条件展示","tool/src/js/10_types.js:752"
"SCHEMA-304","153-phView","phView","P.phView","参数 / 当前层 / 输出 / 镜头 / 视野高度 [phView]","当前效果 / 当前层 / 输出 / 镜头 / 镜头 / 视野高度","当前效果 / 当前层 / 输出 / 镜头 / 视野高度","当前效果 / 当前层 / 输出 / 镜头 / 镜头 / 视野高度","同一控件模型，按源码条件展示","tool/src/js/10_types.js:755"
"SCHEMA-305","154-phHead","phHead","P.phHead","参数 / 当前层 / 输出 / 镜头 / 星头位置 [phHead]","当前效果 / 当前层 / 输出 / 镜头 / 镜头 / 星头位置","当前效果 / 当前层 / 输出 / 镜头 / 星头位置","当前效果 / 当前层 / 输出 / 镜头 / 镜头 / 星头位置","同一控件模型，按源码条件展示","tool/src/js/10_types.js:756"
"SCHEMA-306","155-phExpo","phExpo","P.phExpo","参数 / 当前层 / 输出 / 镜头 / 曝光倍数 [phExpo]","当前效果 / 当前层 / 输出 / 镜头 / 镜头 / 曝光倍数","当前效果 / 当前层 / 输出 / 镜头 / 曝光倍数","当前效果 / 当前层 / 输出 / 镜头 / 镜头 / 曝光倍数","同一控件模型，按源码条件展示","tool/src/js/10_types.js:757"
"SCHEMA-307","156-phV0","phV0","P.phV0","参数 / 当前层 / 星头 / 弹道 / 出膛速度 [phV0]","当前效果 / 当前层 / 星头 / 事件与特性 / 弹道 / 出膛速度","当前效果 / 当前层 / 星头 / 弹道 / 出膛速度","当前效果 / 当前层 / 星头 / 事件与特性 / 弹道 / 出膛速度","同一控件模型，按源码条件展示","tool/src/js/10_types.js:760"
"SCHEMA-308","157-phK","phK","P.phK","参数 / 当前层 / 星头 / 弹道 / 阻力 [phK]","当前效果 / 当前层 / 星头 / 事件与特性 / 弹道 / 阻力","当前效果 / 当前层 / 星头 / 弹道 / 阻力","当前效果 / 当前层 / 星头 / 事件与特性 / 弹道 / 阻力","同一控件模型，按源码条件展示","tool/src/js/10_types.js:761"
"SCHEMA-309","158-phT","phT","P.phT","参数 / 当前层 / 星头 / 弹道 / 开花时刻 [phT]","当前效果 / 当前层 / 星头 / 事件与特性 / 弹道 / 开花时刻","当前效果 / 当前层 / 星头 / 弹道 / 开花时刻","当前效果 / 当前层 / 星头 / 事件与特性 / 弹道 / 开花时刻","同一控件模型，按源码条件展示","tool/src/js/10_types.js:762"
"SCHEMA-310","159-phWob","phWob","P.phWob","参数 / 当前层 / 星头 / 弹道 / 摆动 [phWob]","当前效果 / 当前层 / 星头 / 事件与特性 / 弹道 / 摆动","当前效果 / 当前层 / 星头 / 弹道 / 摆动","当前效果 / 当前层 / 星头 / 事件与特性 / 弹道 / 摆动","同一控件模型，按源码条件展示","tool/src/js/10_types.js:763"
"SCHEMA-311","160-phSpinF","phSpinF","P.phSpinF","参数 / 当前层 / 星头 / 自转 / 转速 [phSpinF]","当前效果 / 当前层 / 星头 / 事件与特性 / 自转 / 转速","当前效果 / 当前层 / 星头 / 自转 / 转速","当前效果 / 当前层 / 星头 / 事件与特性 / 自转 / 转速","同一控件模型，按源码条件展示","tool/src/js/10_types.js:764"
"SCHEMA-312","161-phSpinA","phSpinA","P.phSpinA","参数 / 当前层 / 星头 / 自转 / 甩出速度 [phSpinA]","当前效果 / 当前层 / 星头 / 事件与特性 / 自转 / 甩出速度","当前效果 / 当前层 / 星头 / 自转 / 甩出速度","当前效果 / 当前层 / 星头 / 事件与特性 / 自转 / 甩出速度","同一控件模型，按源码条件展示","tool/src/js/10_types.js:765"
"SCHEMA-313","162-phWind","phWind","P.phWind","参数 / 当前层 / 效果 / 环境 / 风速 [phWind]","当前效果 / 当前层 / 效果 / 环境 / 环境 / 风速","当前效果 / 当前层 / 效果 / 环境 / 风速","当前效果 / 当前层 / 效果 / 环境 / 环境 / 风速","同一控件模型，按源码条件展示","tool/src/js/10_types.js:766"
"SCHEMA-314","163-phTurb","phTurb","P.phTurb","参数 / 当前层 / 效果 / 环境 / 冻结湍流 [phTurb]","当前效果 / 当前层 / 效果 / 环境 / 环境 / 冻结湍流","当前效果 / 当前层 / 效果 / 环境 / 冻结湍流","当前效果 / 当前层 / 效果 / 环境 / 环境 / 冻结湍流","同一控件模型，按源码条件展示","tool/src/js/10_types.js:767"
"SCHEMA-315","164-seed","seed","P.seed","参数 / 当前层 / 效果 / 规格 / 随机种子 [seed]","当前效果 / 当前层 / 效果 / 规格 / 规格 / 随机种子","当前效果 / 当前层 / 效果 / 规格 / 随机种子","当前效果 / 当前层 / 效果 / 规格 / 规格 / 随机种子","同一控件模型，按源码条件展示","tool/src/js/10_types.js:768"
"SCHEMA-316","165-phFlL0","phFlL0","P.phFlL0","参数 / 当前层 / 星头 / 燃气焰 / 基础长度 [phFlL0]","当前效果 / 当前层 / 星头 / 事件与特性 / 燃气焰 / 基础长度","当前效果 / 当前层 / 星头 / 燃气焰 / 基础长度","当前效果 / 当前层 / 星头 / 事件与特性 / 燃气焰 / 基础长度","同一控件模型，按源码条件展示","tool/src/js/10_types.js:771"
"SCHEMA-317","166-phFlLv","phFlLv","P.phFlLv","参数 / 当前层 / 星头 / 燃气焰 / 随速度变长 [phFlLv]","当前效果 / 当前层 / 星头 / 事件与特性 / 燃气焰 / 随速度变长","当前效果 / 当前层 / 星头 / 燃气焰 / 随速度变长","当前效果 / 当前层 / 星头 / 事件与特性 / 燃气焰 / 随速度变长","同一控件模型，按源码条件展示","tool/src/js/10_types.js:771"
"SCHEMA-318","167-phFlW","phFlW","P.phFlW","参数 / 当前层 / 星头 / 燃气焰 / 粗细 [phFlW]","当前效果 / 当前层 / 星头 / 事件与特性 / 燃气焰 / 粗细","当前效果 / 当前层 / 星头 / 燃气焰 / 粗细","当前效果 / 当前层 / 星头 / 事件与特性 / 燃气焰 / 粗细","同一控件模型，按源码条件展示","tool/src/js/10_types.js:772"
"SCHEMA-319","168-phFlI","phFlI","P.phFlI","参数 / 当前层 / 星头 / 燃气焰 / 亮度 [phFlI]","当前效果 / 当前层 / 星头 / 事件与特性 / 燃气焰 / 亮度","当前效果 / 当前层 / 星头 / 燃气焰 / 亮度","当前效果 / 当前层 / 星头 / 事件与特性 / 燃气焰 / 亮度","同一控件模型，按源码条件展示","tool/src/js/10_types.js:772"
"SCHEMA-320","169-phARate","phARate","P.phARate","参数 / 当前层 / 白热火花 / 生成 / 生成速率 [phARate]","当前效果 / 当前层 / 白热火花 / 时序与数量 / 生成 / 生成速率","当前效果 / 当前层 / 白热火花 / 生成 / 生成速率","当前效果 / 当前层 / 白热火花 / 时序与数量 / 生成 / 生成速率","同一控件模型，按源码条件展示","tool/src/js/10_types.js:775"
"SCHEMA-321","170-phALife","phALife","P.phALife","参数 / 当前层 / 白热火花 / 寿命 / 寿命 [phALife]","当前效果 / 当前层 / 白热火花 / 时序与数量 / 寿命 / 寿命","当前效果 / 当前层 / 白热火花 / 寿命 / 寿命","当前效果 / 当前层 / 白热火花 / 时序与数量 / 寿命 / 寿命","同一控件模型，按源码条件展示","tool/src/js/10_types.js:775"
"SCHEMA-322","171-phAJet","phAJet","P.phAJet","参数 / 当前层 / 白热火花 / 初速 / 喷出速度 [phAJet]","当前效果 / 当前层 / 白热火花 / 空间与运动 / 初速 / 喷出速度","当前效果 / 当前层 / 白热火花 / 初速 / 喷出速度","当前效果 / 当前层 / 白热火花 / 空间与运动 / 初速 / 喷出速度","同一控件模型，按源码条件展示","tool/src/js/10_types.js:775"
"SCHEMA-323","172-phACone","phACone","P.phACone","参数 / 当前层 / 白热火花 / 初速 / 横向速度随机 [phACone]","当前效果 / 当前层 / 白热火花 / 空间与运动 / 初速 / 横向速度随机","当前效果 / 当前层 / 白热火花 / 初速 / 横向速度随机","当前效果 / 当前层 / 白热火花 / 空间与运动 / 初速 / 横向速度随机","同一控件模型，按源码条件展示","tool/src/js/10_types.js:776"
"SCHEMA-324","173-phAKd","phAKd","P.phAKd","参数 / 当前层 / 白热火花 / 受力 / 阻力 [phAKd]","当前效果 / 当前层 / 白热火花 / 空间与运动 / 受力 / 阻力","当前效果 / 当前层 / 白热火花 / 受力 / 阻力","当前效果 / 当前层 / 白热火花 / 空间与运动 / 受力 / 阻力","同一控件模型，按源码条件展示","tool/src/js/10_types.js:776"
"SCHEMA-325","174-phAT0","phAT0","P.phAT0","参数 / 当前层 / 白热火花 / 颜色 / 温度 [phAT0]","当前效果 / 当前层 / 白热火花 / 外观与颜色 / 颜色 / 温度","当前效果 / 当前层 / 白热火花 / 颜色 / 温度","当前效果 / 当前层 / 白热火花 / 外观与颜色 / 颜色 / 温度","同一控件模型，按源码条件展示","tool/src/js/10_types.js:776"
"SCHEMA-326","175-phAI","phAI","P.phAI","参数 / 当前层 / 白热火花 / 亮度 / 亮度 [phAI]","当前效果 / 当前层 / 白热火花 / 外观与颜色 / 亮度 / 亮度","当前效果 / 当前层 / 白热火花 / 亮度 / 亮度","当前效果 / 当前层 / 白热火花 / 外观与颜色 / 亮度 / 亮度","同一控件模型，按源码条件展示","tool/src/js/10_types.js:777"
"SCHEMA-327","176-phAR","phAR","P.phAR","参数 / 当前层 / 白热火花 / 大小 / 大小 [phAR]","当前效果 / 当前层 / 白热火花 / 外观与颜色 / 大小 / 大小","当前效果 / 当前层 / 白热火花 / 大小 / 大小","当前效果 / 当前层 / 白热火花 / 外观与颜色 / 大小 / 大小","同一控件模型，按源码条件展示","tool/src/js/10_types.js:777"
"SCHEMA-328","177-phBRate","phBRate","P.phBRate","参数 / 当前层 / 金火花 / 生成 / 生成速率 [phBRate]","当前效果 / 当前层 / 金火花 / 时序与数量 / 生成 / 生成速率","当前效果 / 当前层 / 金火花 / 生成 / 生成速率","当前效果 / 当前层 / 金火花 / 时序与数量 / 生成 / 生成速率","同一控件模型，按源码条件展示","tool/src/js/10_types.js:780"
"SCHEMA-329","178-phBPuff","phBPuff","P.phBPuff","参数 / 当前层 / 金火花 / 生成 / 每簇颗数 [phBPuff]","当前效果 / 当前层 / 金火花 / 时序与数量 / 生成 / 每簇颗数","当前效果 / 当前层 / 金火花 / 生成 / 每簇颗数","当前效果 / 当前层 / 金火花 / 时序与数量 / 生成 / 每簇颗数","同一控件模型，按源码条件展示","tool/src/js/10_types.js:780"
"SCHEMA-330","179-phBLife","phBLife","P.phBLife","参数 / 当前层 / 金火花 / 寿命 / 寿命 [phBLife]","当前效果 / 当前层 / 金火花 / 时序与数量 / 寿命 / 寿命","当前效果 / 当前层 / 金火花 / 寿命 / 寿命","当前效果 / 当前层 / 金火花 / 时序与数量 / 寿命 / 寿命","同一控件模型，按源码条件展示","tool/src/js/10_types.js:780"
"SCHEMA-331","180-phBLsig","phBLsig","P.phBLsig","参数 / 当前层 / 金火花 / 寿命 / 寿命随机 [phBLsig]","当前效果 / 当前层 / 金火花 / 时序与数量 / 寿命 / 寿命随机","当前效果 / 当前层 / 金火花 / 寿命 / 寿命随机","当前效果 / 当前层 / 金火花 / 时序与数量 / 寿命 / 寿命随机","同一控件模型，按源码条件展示","tool/src/js/10_types.js:781"
"SCHEMA-332","181-phBJet","phBJet","P.phBJet","参数 / 当前层 / 金火花 / 初速 / 喷出速度 [phBJet]","当前效果 / 当前层 / 金火花 / 空间与运动 / 初速 / 喷出速度","当前效果 / 当前层 / 金火花 / 初速 / 喷出速度","当前效果 / 当前层 / 金火花 / 空间与运动 / 初速 / 喷出速度","同一控件模型，按源码条件展示","tool/src/js/10_types.js:781"
"SCHEMA-333","182-phBCone","phBCone","P.phBCone","参数 / 当前层 / 金火花 / 初速 / 横向速度随机 [phBCone]","当前效果 / 当前层 / 金火花 / 空间与运动 / 初速 / 横向速度随机","当前效果 / 当前层 / 金火花 / 初速 / 横向速度随机","当前效果 / 当前层 / 金火花 / 空间与运动 / 初速 / 横向速度随机","同一控件模型，按源码条件展示","tool/src/js/10_types.js:781"
"SCHEMA-334","183-phBKd","phBKd","P.phBKd","参数 / 当前层 / 金火花 / 受力 / 阻力 [phBKd]","当前效果 / 当前层 / 金火花 / 空间与运动 / 受力 / 阻力","当前效果 / 当前层 / 金火花 / 受力 / 阻力","当前效果 / 当前层 / 金火花 / 空间与运动 / 受力 / 阻力","同一控件模型，按源码条件展示","tool/src/js/10_types.js:782"
"SCHEMA-335","184-phBT0","phBT0","P.phBT0","参数 / 当前层 / 金火花 / 颜色 / 出喷口温度 [phBT0]","当前效果 / 当前层 / 金火花 / 外观与颜色 / 颜色 / 出喷口温度","当前效果 / 当前层 / 金火花 / 颜色 / 出喷口温度","当前效果 / 当前层 / 金火花 / 外观与颜色 / 颜色 / 出喷口温度","同一控件模型，按源码条件展示","tool/src/js/10_types.js:782"
"SCHEMA-336","185-phBTb","phBTb","P.phBTb","参数 / 当前层 / 金火花 / 颜色 / 燃烧温度 [phBTb]","当前效果 / 当前层 / 金火花 / 外观与颜色 / 颜色 / 燃烧温度","当前效果 / 当前层 / 金火花 / 颜色 / 燃烧温度","当前效果 / 当前层 / 金火花 / 外观与颜色 / 颜色 / 燃烧温度","同一控件模型，按源码条件展示","tool/src/js/10_types.js:782"
"SCHEMA-337","186-phBTc","phBTc","P.phBTc","参数 / 当前层 / 金火花 / 颜色 / 降温时间 [phBTc]","当前效果 / 当前层 / 金火花 / 外观与颜色 / 颜色 / 降温时间","当前效果 / 当前层 / 金火花 / 颜色 / 降温时间","当前效果 / 当前层 / 金火花 / 外观与颜色 / 颜色 / 降温时间","同一控件模型，按源码条件展示","tool/src/js/10_types.js:783"
"SCHEMA-338","187-phBTend","phBTend","P.phBTend","参数 / 当前层 / 金火花 / 颜色 / 熄灭温度 [phBTend]","当前效果 / 当前层 / 金火花 / 外观与颜色 / 颜色 / 熄灭温度","当前效果 / 当前层 / 金火花 / 颜色 / 熄灭温度","当前效果 / 当前层 / 金火花 / 外观与颜色 / 颜色 / 熄灭温度","同一控件模型，按源码条件展示","tool/src/js/10_types.js:783"
"SCHEMA-339","188-phBPm","phBPm","P.phBPm","参数 / 当前层 / 金火花 / 亮度 / 渐暗指数 [phBPm]","当前效果 / 当前层 / 金火花 / 外观与颜色 / 亮度 / 渐暗指数","当前效果 / 当前层 / 金火花 / 亮度 / 渐暗指数","当前效果 / 当前层 / 金火花 / 外观与颜色 / 亮度 / 渐暗指数","同一控件模型，按源码条件展示","tool/src/js/10_types.js:783"
"SCHEMA-340","189-phBI","phBI","P.phBI","参数 / 当前层 / 金火花 / 亮度 / 亮度 [phBI]","当前效果 / 当前层 / 金火花 / 外观与颜色 / 亮度 / 亮度","当前效果 / 当前层 / 金火花 / 亮度 / 亮度","当前效果 / 当前层 / 金火花 / 外观与颜色 / 亮度 / 亮度","同一控件模型，按源码条件展示","tool/src/js/10_types.js:784"
"SCHEMA-341","190-phBTw","phBTw","P.phBTw","参数 / 当前层 / 金火花 / 亮度 / 闪烁强度 [phBTw]","当前效果 / 当前层 / 金火花 / 外观与颜色 / 亮度 / 闪烁强度","当前效果 / 当前层 / 金火花 / 亮度 / 闪烁强度","当前效果 / 当前层 / 金火花 / 外观与颜色 / 亮度 / 闪烁强度","同一控件模型，按源码条件展示","tool/src/js/10_types.js:784"
"SCHEMA-342","191-phBR","phBR","P.phBR","参数 / 当前层 / 金火花 / 大小 / 大小 [phBR]","当前效果 / 当前层 / 金火花 / 外观与颜色 / 大小 / 大小","当前效果 / 当前层 / 金火花 / 大小 / 大小","当前效果 / 当前层 / 金火花 / 外观与颜色 / 大小 / 大小","同一控件模型，按源码条件展示","tool/src/js/10_types.js:784"
"SCHEMA-343","192-phCRate","phCRate","P.phCRate","参数 / 当前层 / 落火 / 生成 / 生成速率 [phCRate]","当前效果 / 当前层 / 落火 / 时序与数量 / 生成 / 生成速率","当前效果 / 当前层 / 落火 / 生成 / 生成速率","当前效果 / 当前层 / 落火 / 时序与数量 / 生成 / 生成速率","同一控件模型，按源码条件展示","tool/src/js/10_types.js:787"
"SCHEMA-344","193-phCLife","phCLife","P.phCLife","参数 / 当前层 / 落火 / 寿命 / 寿命 [phCLife]","当前效果 / 当前层 / 落火 / 时序与数量 / 寿命 / 寿命","当前效果 / 当前层 / 落火 / 寿命 / 寿命","当前效果 / 当前层 / 落火 / 时序与数量 / 寿命 / 寿命","同一控件模型，按源码条件展示","tool/src/js/10_types.js:787"
"SCHEMA-345","194-phCKd","phCKd","P.phCKd","参数 / 当前层 / 落火 / 受力 / 阻力 [phCKd]","当前效果 / 当前层 / 落火 / 空间与运动 / 受力 / 阻力","当前效果 / 当前层 / 落火 / 受力 / 阻力","当前效果 / 当前层 / 落火 / 空间与运动 / 受力 / 阻力","同一控件模型，按源码条件展示","tool/src/js/10_types.js:787"
"SCHEMA-346","195-phCI","phCI","P.phCI","参数 / 当前层 / 落火 / 亮度 / 亮度 [phCI]","当前效果 / 当前层 / 落火 / 外观与颜色 / 亮度 / 亮度","当前效果 / 当前层 / 落火 / 亮度 / 亮度","当前效果 / 当前层 / 落火 / 外观与颜色 / 亮度 / 亮度","同一控件模型，按源码条件展示","tool/src/js/10_types.js:788"
"SCHEMA-347","196-phCR","phCR","P.phCR","参数 / 当前层 / 落火 / 大小 / 大小 [phCR]","当前效果 / 当前层 / 落火 / 外观与颜色 / 大小 / 大小","当前效果 / 当前层 / 落火 / 大小 / 大小","当前效果 / 当前层 / 落火 / 外观与颜色 / 大小 / 大小","同一控件模型，按源码条件展示","tool/src/js/10_types.js:788"
"SCHEMA-348","197a-rtBall","rtBall","P.rtBall","参数 / 当前层 / 星头 / 弹道 / 弹道算法 [rtBall]","当前效果 / 当前层 / 星头 / 事件与特性 / 弹道 / 弹道算法","当前效果 / 当前层 / 星头 / 弹道 / 弹道算法","当前效果 / 当前层 / 星头 / 事件与特性 / 弹道 / 弹道算法","同一控件模型，按源码条件展示","tool/src/js/10_types.js:791"
"SCHEMA-349","197-rtH","rtH","P.rtH","参数 / 当前层 / 星头 / 弹道 / 开花高度 [rtH]","当前效果 / 当前层 / 星头 / 事件与特性 / 弹道 / 开花高度","当前效果 / 当前层 / 星头 / 弹道 / 开花高度","当前效果 / 当前层 / 星头 / 事件与特性 / 弹道 / 开花高度","同一控件模型，按源码条件展示","tool/src/js/10_types.js:792"
"SCHEMA-350","198-rtT","rtT","P.rtT","参数 / 当前层 / 星头 / 弹道 / 升空时间 [rtT]","当前效果 / 当前层 / 星头 / 事件与特性 / 弹道 / 升空时间","当前效果 / 当前层 / 星头 / 弹道 / 升空时间","当前效果 / 当前层 / 星头 / 事件与特性 / 弹道 / 升空时间","同一控件模型，按源码条件展示","tool/src/js/10_types.js:793"
"SCHEMA-351","199-rtVb","rtVb","P.rtVb","参数 / 当前层 / 星头 / 弹道 / 开花时速度 [rtVb]","当前效果 / 当前层 / 星头 / 事件与特性 / 弹道 / 开花时速度","当前效果 / 当前层 / 星头 / 弹道 / 开花时速度","当前效果 / 当前层 / 星头 / 事件与特性 / 弹道 / 开花时速度","同一控件模型，按源码条件展示","tool/src/js/10_types.js:794"
"SCHEMA-352","200-rtLean","rtLean","P.rtLean","参数 / 当前层 / 星头 / 弹道 / 弹道倾角 [rtLean]","当前效果 / 当前层 / 星头 / 事件与特性 / 弹道 / 弹道倾角","当前效果 / 当前层 / 星头 / 弹道 / 弹道倾角","当前效果 / 当前层 / 星头 / 事件与特性 / 弹道 / 弹道倾角","同一控件模型，按源码条件展示","tool/src/js/10_types.js:795"
"SCHEMA-353","201-rtD","rtD","P.rtD","参数 / 当前层 / 星头 / 自转与喷射 / 弹径 [rtD]","当前效果 / 当前层 / 星头 / 事件与特性 / 自转与喷射 / 弹径","当前效果 / 当前层 / 星头 / 自转与喷射 / 弹径","当前效果 / 当前层 / 星头 / 事件与特性 / 自转与喷射 / 弹径","同一控件模型，按源码条件展示","tool/src/js/10_types.js:796"
"SCHEMA-354","201b-rtVt","rtVt","P.rtVt","参数 / 当前层 / 星头 / 弹道 / 终端速度 [rtVt]","当前效果 / 当前层 / 星头 / 事件与特性 / 弹道 / 终端速度","当前效果 / 当前层 / 星头 / 弹道 / 终端速度","当前效果 / 当前层 / 星头 / 事件与特性 / 弹道 / 终端速度","同一控件模型，按源码条件展示","tool/src/js/10_types.js:797"
"SCHEMA-355","201c-info:ballInfo","info:ballInfo","derived:info:ballInfo","参数 / 当前层 / 星头 / 弹道 / 弹道结果 [info:ballInfo]","当前效果 / 当前层 / 星头 / 事件与特性 / 弹道 / 弹道结果","当前效果 / 当前层 / 星头 / 弹道 / 弹道结果","当前效果 / 当前层 / 星头 / 事件与特性 / 弹道 / 弹道结果","需烘焙回执；样板无假结果","tool/src/js/10_types.js:798"
"SCHEMA-356","202-rtBurstD","rtBurstD","P.rtBurstD","参数 / 当前层 / 输出 / 取景 / 参考开花直径 [rtBurstD]","当前效果 / 当前层 / 输出 / 尺寸与取帧 / 取景 / 参考开花直径","当前效果 / 当前层 / 输出 / 取景 / 参考开花直径","当前效果 / 当前层 / 输出 / 尺寸与取帧 / 取景 / 参考开花直径","同一控件模型，按源码条件展示","tool/src/js/10_types.js:799"
"SCHEMA-357","203-seed","seed","P.seed","参数 / 当前层 / 效果 / 规格 / 随机种子 [seed]","当前效果 / 当前层 / 效果 / 规格 / 规格 / 随机种子","当前效果 / 当前层 / 效果 / 规格 / 随机种子","当前效果 / 当前层 / 效果 / 规格 / 规格 / 随机种子","同一控件模型，按源码条件展示","tool/src/js/10_types.js:800"
"SCHEMA-358","204-rtSpin","rtSpin","P.rtSpin","参数 / 当前层 / 星头 / 自转与喷射 / 自转转速 [rtSpin]","当前效果 / 当前层 / 星头 / 事件与特性 / 自转与喷射 / 自转转速","当前效果 / 当前层 / 星头 / 自转与喷射 / 自转转速","当前效果 / 当前层 / 星头 / 事件与特性 / 自转与喷射 / 自转转速","同一控件模型，按源码条件展示","tool/src/js/10_types.js:803"
"SCHEMA-359","205-rtSpinPh","rtSpinPh","P.rtSpinPh","参数 / 当前层 / 星头 / 自转与喷射 / 起始相位 [rtSpinPh]","当前效果 / 当前层 / 星头 / 事件与特性 / 自转与喷射 / 起始相位","当前效果 / 当前层 / 星头 / 自转与喷射 / 起始相位","当前效果 / 当前层 / 星头 / 事件与特性 / 自转与喷射 / 起始相位","同一控件模型，按源码条件展示","tool/src/js/10_types.js:804"
"SCHEMA-360","206-rtFling","rtFling","P.rtFling","参数 / 当前层 / 星头 / 自转与喷射 / 切向甩出速度 [rtFling]","当前效果 / 当前层 / 星头 / 事件与特性 / 自转与喷射 / 切向甩出速度","当前效果 / 当前层 / 星头 / 自转与喷射 / 切向甩出速度","当前效果 / 当前层 / 星头 / 事件与特性 / 自转与喷射 / 切向甩出速度","同一控件模型，按源码条件展示","tool/src/js/10_types.js:805"
"SCHEMA-361","207-rtJet","rtJet","P.rtJet","参数 / 当前层 / 星头 / 自转与喷射 / 火花喷出速度 [rtJet]","当前效果 / 当前层 / 星头 / 事件与特性 / 自转与喷射 / 火花喷出速度","当前效果 / 当前层 / 星头 / 自转与喷射 / 火花喷出速度","当前效果 / 当前层 / 星头 / 事件与特性 / 自转与喷射 / 火花喷出速度","同一控件模型，按源码条件展示","tool/src/js/10_types.js:806"
"SCHEMA-362","208-rtCone","rtCone","P.rtCone","参数 / 当前层 / 星头 / 自转与喷射 / 横向速度随机 [rtCone]","当前效果 / 当前层 / 星头 / 事件与特性 / 自转与喷射 / 横向速度随机","当前效果 / 当前层 / 星头 / 自转与喷射 / 横向速度随机","当前效果 / 当前层 / 星头 / 事件与特性 / 自转与喷射 / 横向速度随机","同一控件模型，按源码条件展示","tool/src/js/10_types.js:807"
"SCHEMA-363","209-rtPulse","rtPulse","P.rtPulse","参数 / 当前层 / 星头 / 自转与喷射 / 喷射脉动 [rtPulse]","当前效果 / 当前层 / 星头 / 事件与特性 / 自转与喷射 / 喷射脉动","当前效果 / 当前层 / 星头 / 自转与喷射 / 喷射脉动","当前效果 / 当前层 / 星头 / 事件与特性 / 自转与喷射 / 喷射脉动","同一控件模型，按源码条件展示","tool/src/js/10_types.js:808"
"SCHEMA-364","210-rtPulseHz","rtPulseHz","P.rtPulseHz","参数 / 当前层 / 星头 / 自转与喷射 / 脉动频率 [rtPulseHz]","当前效果 / 当前层 / 星头 / 事件与特性 / 自转与喷射 / 脉动频率","当前效果 / 当前层 / 星头 / 自转与喷射 / 脉动频率","当前效果 / 当前层 / 星头 / 事件与特性 / 自转与喷射 / 脉动频率","同一控件模型，按源码条件展示","tool/src/js/10_types.js:809"
"SCHEMA-365","211-rtHeadSize","rtHeadSize","P.rtHeadSize","参数 / 当前层 / 星头 / 大小 / 亮核直径 [rtHeadSize]","当前效果 / 当前层 / 星头 / 外观与颜色 / 大小 / 亮核直径","当前效果 / 当前层 / 星头 / 大小 / 亮核直径","当前效果 / 当前层 / 星头 / 外观与颜色 / 大小 / 亮核直径","同一控件模型，按源码条件展示","tool/src/js/10_types.js:812"
"SCHEMA-366","212-rtHeadI","rtHeadI","P.rtHeadI","参数 / 当前层 / 星头 / 亮度 / 亮度 [rtHeadI]","当前效果 / 当前层 / 星头 / 外观与颜色 / 亮度 / 亮度","当前效果 / 当前层 / 星头 / 亮度 / 亮度","当前效果 / 当前层 / 星头 / 外观与颜色 / 亮度 / 亮度","同一控件模型，按源码条件展示","tool/src/js/10_types.js:813"
"SCHEMA-367","213-rtHeadFl","rtHeadFl","P.rtHeadFl","参数 / 当前层 / 星头 / 大小 / 短焰长度 [rtHeadFl]","当前效果 / 当前层 / 星头 / 外观与颜色 / 大小 / 短焰长度","当前效果 / 当前层 / 星头 / 大小 / 短焰长度","当前效果 / 当前层 / 星头 / 外观与颜色 / 大小 / 短焰长度","同一控件模型，按源码条件展示","tool/src/js/10_types.js:814"
"SCHEMA-368","214-rtHeadFlI","rtHeadFlI","P.rtHeadFlI","参数 / 当前层 / 星头 / 亮度 / 短焰亮度 [rtHeadFlI]","当前效果 / 当前层 / 星头 / 外观与颜色 / 亮度 / 短焰亮度","当前效果 / 当前层 / 星头 / 亮度 / 短焰亮度","当前效果 / 当前层 / 星头 / 外观与颜色 / 亮度 / 短焰亮度","同一控件模型，按源码条件展示","tool/src/js/10_types.js:815"
"SCHEMA-369","215-rtARate","rtARate","P.rtARate","参数 / 当前层 / 白热火花 / 生成 / 生成速率 [rtARate]","当前效果 / 当前层 / 白热火花 / 时序与数量 / 生成 / 生成速率","当前效果 / 当前层 / 白热火花 / 生成 / 生成速率","当前效果 / 当前层 / 白热火花 / 时序与数量 / 生成 / 生成速率","同一控件模型，按源码条件展示","tool/src/js/10_types.js:818"
"SCHEMA-370","216-rtALife","rtALife","P.rtALife","参数 / 当前层 / 白热火花 / 寿命 / 寿命 [rtALife]","当前效果 / 当前层 / 白热火花 / 时序与数量 / 寿命 / 寿命","当前效果 / 当前层 / 白热火花 / 寿命 / 寿命","当前效果 / 当前层 / 白热火花 / 时序与数量 / 寿命 / 寿命","同一控件模型，按源码条件展示","tool/src/js/10_types.js:819"
"SCHEMA-371","217-rtALsig","rtALsig","P.rtALsig","参数 / 当前层 / 白热火花 / 寿命 / 寿命随机 [rtALsig]","当前效果 / 当前层 / 白热火花 / 时序与数量 / 寿命 / 寿命随机","当前效果 / 当前层 / 白热火花 / 寿命 / 寿命随机","当前效果 / 当前层 / 白热火花 / 时序与数量 / 寿命 / 寿命随机","同一控件模型，按源码条件展示","tool/src/js/10_types.js:820"
"SCHEMA-372","218-rtAJet","rtAJet","P.rtAJet","参数 / 当前层 / 白热火花 / 初速 / 喷出速度 [rtAJet]","当前效果 / 当前层 / 白热火花 / 空间与运动 / 初速 / 喷出速度","当前效果 / 当前层 / 白热火花 / 初速 / 喷出速度","当前效果 / 当前层 / 白热火花 / 空间与运动 / 初速 / 喷出速度","同一控件模型，按源码条件展示","tool/src/js/10_types.js:821"
"SCHEMA-373","219-rtAKd","rtAKd","P.rtAKd","参数 / 当前层 / 白热火花 / 受力 / 阻力 [rtAKd]","当前效果 / 当前层 / 白热火花 / 空间与运动 / 受力 / 阻力","当前效果 / 当前层 / 白热火花 / 受力 / 阻力","当前效果 / 当前层 / 白热火花 / 空间与运动 / 受力 / 阻力","同一控件模型，按源码条件展示","tool/src/js/10_types.js:822"
"SCHEMA-374","220-rtACone","rtACone","P.rtACone","参数 / 当前层 / 白热火花 / 初速 / 横向速度随机 [rtACone]","当前效果 / 当前层 / 白热火花 / 空间与运动 / 初速 / 横向速度随机","当前效果 / 当前层 / 白热火花 / 初速 / 横向速度随机","当前效果 / 当前层 / 白热火花 / 空间与运动 / 初速 / 横向速度随机","同一控件模型，按源码条件展示","tool/src/js/10_types.js:823"
"SCHEMA-375","221-rtASize","rtASize","P.rtASize","参数 / 当前层 / 白热火花 / 大小 / 大小 [rtASize]","当前效果 / 当前层 / 白热火花 / 外观与颜色 / 大小 / 大小","当前效果 / 当前层 / 白热火花 / 大小 / 大小","当前效果 / 当前层 / 白热火花 / 外观与颜色 / 大小 / 大小","同一控件模型，按源码条件展示","tool/src/js/10_types.js:824"
"SCHEMA-376","222-rtAI","rtAI","P.rtAI","参数 / 当前层 / 白热火花 / 亮度 / 亮度 [rtAI]","当前效果 / 当前层 / 白热火花 / 外观与颜色 / 亮度 / 亮度","当前效果 / 当前层 / 白热火花 / 亮度 / 亮度","当前效果 / 当前层 / 白热火花 / 外观与颜色 / 亮度 / 亮度","同一控件模型，按源码条件展示","tool/src/js/10_types.js:825"
"SCHEMA-377","223-rtAWarm","rtAWarm","P.rtAWarm","参数 / 当前层 / 白热火花 / 亮度 / 变暗快慢 [rtAWarm]","当前效果 / 当前层 / 白热火花 / 外观与颜色 / 亮度 / 变暗快慢","当前效果 / 当前层 / 白热火花 / 亮度 / 变暗快慢","当前效果 / 当前层 / 白热火花 / 外观与颜色 / 亮度 / 变暗快慢","同一控件模型，按源码条件展示","tool/src/js/10_types.js:826"
"SCHEMA-378","224-rtFRate","rtFRate","P.rtFRate","参数 / 当前层 / 细火花 / 生成 / 生成速率 [rtFRate]","当前效果 / 当前层 / 细火花 / 时序与数量 / 生成 / 生成速率","当前效果 / 当前层 / 细火花 / 生成 / 生成速率","当前效果 / 当前层 / 细火花 / 时序与数量 / 生成 / 生成速率","同一控件模型，按源码条件展示","tool/src/js/10_types.js:829"
"SCHEMA-379","225-rtFLife","rtFLife","P.rtFLife","参数 / 当前层 / 细火花 / 寿命 / 寿命 [rtFLife]","当前效果 / 当前层 / 细火花 / 时序与数量 / 寿命 / 寿命","当前效果 / 当前层 / 细火花 / 寿命 / 寿命","当前效果 / 当前层 / 细火花 / 时序与数量 / 寿命 / 寿命","同一控件模型，按源码条件展示","tool/src/js/10_types.js:829"
"SCHEMA-380","226-rtFJit","rtFJit","P.rtFJit","参数 / 当前层 / 细火花 / 寿命 / 寿命随机 [rtFJit]","当前效果 / 当前层 / 细火花 / 时序与数量 / 寿命 / 寿命随机","当前效果 / 当前层 / 细火花 / 寿命 / 寿命随机","当前效果 / 当前层 / 细火花 / 时序与数量 / 寿命 / 寿命随机","同一控件模型，按源码条件展示","tool/src/js/10_types.js:829"
"SCHEMA-381","227-rtFSize","rtFSize","P.rtFSize","参数 / 当前层 / 细火花 / 大小 / 大小 [rtFSize]","当前效果 / 当前层 / 细火花 / 外观与颜色 / 大小 / 大小","当前效果 / 当前层 / 细火花 / 大小 / 大小","当前效果 / 当前层 / 细火花 / 外观与颜色 / 大小 / 大小","同一控件模型，按源码条件展示","tool/src/js/10_types.js:829"
"SCHEMA-382","228-rtFI","rtFI","P.rtFI","参数 / 当前层 / 细火花 / 亮度 / 亮度 [rtFI]","当前效果 / 当前层 / 细火花 / 外观与颜色 / 亮度 / 亮度","当前效果 / 当前层 / 细火花 / 亮度 / 亮度","当前效果 / 当前层 / 细火花 / 外观与颜色 / 亮度 / 亮度","同一控件模型，按源码条件展示","tool/src/js/10_types.js:829"
"SCHEMA-383","229-rtFKd","rtFKd","P.rtFKd","参数 / 当前层 / 细火花 / 受力 / 阻力 [rtFKd]","当前效果 / 当前层 / 细火花 / 空间与运动 / 受力 / 阻力","当前效果 / 当前层 / 细火花 / 受力 / 阻力","当前效果 / 当前层 / 细火花 / 空间与运动 / 受力 / 阻力","同一控件模型，按源码条件展示","tool/src/js/10_types.js:829"
"SCHEMA-384","230-rtMRate","rtMRate","P.rtMRate","参数 / 当前层 / 中火花 / 生成 / 生成速率 [rtMRate]","当前效果 / 当前层 / 中火花 / 时序与数量 / 生成 / 生成速率","当前效果 / 当前层 / 中火花 / 生成 / 生成速率","当前效果 / 当前层 / 中火花 / 时序与数量 / 生成 / 生成速率","同一控件模型，按源码条件展示","tool/src/js/10_types.js:830"
"SCHEMA-385","231-rtMLife","rtMLife","P.rtMLife","参数 / 当前层 / 中火花 / 寿命 / 寿命 [rtMLife]","当前效果 / 当前层 / 中火花 / 时序与数量 / 寿命 / 寿命","当前效果 / 当前层 / 中火花 / 寿命 / 寿命","当前效果 / 当前层 / 中火花 / 时序与数量 / 寿命 / 寿命","同一控件模型，按源码条件展示","tool/src/js/10_types.js:830"
"SCHEMA-386","232-rtMJit","rtMJit","P.rtMJit","参数 / 当前层 / 中火花 / 寿命 / 寿命随机 [rtMJit]","当前效果 / 当前层 / 中火花 / 时序与数量 / 寿命 / 寿命随机","当前效果 / 当前层 / 中火花 / 寿命 / 寿命随机","当前效果 / 当前层 / 中火花 / 时序与数量 / 寿命 / 寿命随机","同一控件模型，按源码条件展示","tool/src/js/10_types.js:830"
"SCHEMA-387","233-rtMSize","rtMSize","P.rtMSize","参数 / 当前层 / 中火花 / 大小 / 大小 [rtMSize]","当前效果 / 当前层 / 中火花 / 外观与颜色 / 大小 / 大小","当前效果 / 当前层 / 中火花 / 大小 / 大小","当前效果 / 当前层 / 中火花 / 外观与颜色 / 大小 / 大小","同一控件模型，按源码条件展示","tool/src/js/10_types.js:830"
"SCHEMA-388","234-rtMI","rtMI","P.rtMI","参数 / 当前层 / 中火花 / 亮度 / 亮度 [rtMI]","当前效果 / 当前层 / 中火花 / 外观与颜色 / 亮度 / 亮度","当前效果 / 当前层 / 中火花 / 亮度 / 亮度","当前效果 / 当前层 / 中火花 / 外观与颜色 / 亮度 / 亮度","同一控件模型，按源码条件展示","tool/src/js/10_types.js:830"
"SCHEMA-389","235-rtMKd","rtMKd","P.rtMKd","参数 / 当前层 / 中火花 / 受力 / 阻力 [rtMKd]","当前效果 / 当前层 / 中火花 / 空间与运动 / 受力 / 阻力","当前效果 / 当前层 / 中火花 / 受力 / 阻力","当前效果 / 当前层 / 中火花 / 空间与运动 / 受力 / 阻力","同一控件模型，按源码条件展示","tool/src/js/10_types.js:830"
"SCHEMA-390","236-rtCRate","rtCRate","P.rtCRate","参数 / 当前层 / 粗火花 / 生成 / 生成速率 [rtCRate]","当前效果 / 当前层 / 粗火花 / 时序与数量 / 生成 / 生成速率","当前效果 / 当前层 / 粗火花 / 生成 / 生成速率","当前效果 / 当前层 / 粗火花 / 时序与数量 / 生成 / 生成速率","同一控件模型，按源码条件展示","tool/src/js/10_types.js:831"
"SCHEMA-391","237-rtCLife","rtCLife","P.rtCLife","参数 / 当前层 / 粗火花 / 寿命 / 寿命 [rtCLife]","当前效果 / 当前层 / 粗火花 / 时序与数量 / 寿命 / 寿命","当前效果 / 当前层 / 粗火花 / 寿命 / 寿命","当前效果 / 当前层 / 粗火花 / 时序与数量 / 寿命 / 寿命","同一控件模型，按源码条件展示","tool/src/js/10_types.js:831"
"SCHEMA-392","238-rtCJit","rtCJit","P.rtCJit","参数 / 当前层 / 粗火花 / 寿命 / 寿命随机 [rtCJit]","当前效果 / 当前层 / 粗火花 / 时序与数量 / 寿命 / 寿命随机","当前效果 / 当前层 / 粗火花 / 寿命 / 寿命随机","当前效果 / 当前层 / 粗火花 / 时序与数量 / 寿命 / 寿命随机","同一控件模型，按源码条件展示","tool/src/js/10_types.js:831"
"SCHEMA-393","239-rtCSize","rtCSize","P.rtCSize","参数 / 当前层 / 粗火花 / 大小 / 大小 [rtCSize]","当前效果 / 当前层 / 粗火花 / 外观与颜色 / 大小 / 大小","当前效果 / 当前层 / 粗火花 / 大小 / 大小","当前效果 / 当前层 / 粗火花 / 外观与颜色 / 大小 / 大小","同一控件模型，按源码条件展示","tool/src/js/10_types.js:831"
"SCHEMA-394","240-rtCI","rtCI","P.rtCI","参数 / 当前层 / 粗火花 / 亮度 / 亮度 [rtCI]","当前效果 / 当前层 / 粗火花 / 外观与颜色 / 亮度 / 亮度","当前效果 / 当前层 / 粗火花 / 亮度 / 亮度","当前效果 / 当前层 / 粗火花 / 外观与颜色 / 亮度 / 亮度","同一控件模型，按源码条件展示","tool/src/js/10_types.js:831"
"SCHEMA-395","241-rtCKd","rtCKd","P.rtCKd","参数 / 当前层 / 粗火花 / 受力 / 阻力 [rtCKd]","当前效果 / 当前层 / 粗火花 / 空间与运动 / 受力 / 阻力","当前效果 / 当前层 / 粗火花 / 受力 / 阻力","当前效果 / 当前层 / 粗火花 / 空间与运动 / 受力 / 阻力","同一控件模型，按源码条件展示","tool/src/js/10_types.js:831"
"SCHEMA-396","242-rtSizeJit","rtSizeJit","P.rtSizeJit","参数 / 当前层 / 火花共用 / 随机 / 大小随机 [rtSizeJit]","当前效果 / 当前层 / 火花共用 / 事件与特性 / 随机 / 大小随机","当前效果 / 当前层 / 火花共用 / 随机 / 大小随机","当前效果 / 当前层 / 火花共用 / 事件与特性 / 随机 / 大小随机","同一控件模型，按源码条件展示","tool/src/js/10_types.js:832"
"SCHEMA-397","243-rtKdJit","rtKdJit","P.rtKdJit","参数 / 当前层 / 火花共用 / 随机 / 阻力随机 [rtKdJit]","当前效果 / 当前层 / 火花共用 / 事件与特性 / 随机 / 阻力随机","当前效果 / 当前层 / 火花共用 / 随机 / 阻力随机","当前效果 / 当前层 / 火花共用 / 事件与特性 / 随机 / 阻力随机","同一控件模型，按源码条件展示","tool/src/js/10_types.js:832"
"SCHEMA-398","244-rtConeSoft","rtConeSoft","P.rtConeSoft","参数 / 当前层 / 火花共用 / 随机 / 散开软边 [rtConeSoft]","当前效果 / 当前层 / 火花共用 / 事件与特性 / 随机 / 散开软边","当前效果 / 当前层 / 火花共用 / 随机 / 散开软边","当前效果 / 当前层 / 火花共用 / 事件与特性 / 随机 / 散开软边","同一控件模型，按源码条件展示","tool/src/js/10_types.js:833"
"SCHEMA-399","244b-rtGpuSafe","rtGpuSafe","P.rtGpuSafe","参数 / 当前层 / 火花共用 / 受力 / GPU 兼容 [rtGpuSafe]","当前效果 / 当前层 / 火花共用 / 空间与运动 / 受力 / GPU 兼容","当前效果 / 当前层 / 火花共用 / 受力 / GPU 兼容","当前效果 / 当前层 / 火花共用 / 空间与运动 / 受力 / GPU 兼容","同一控件模型，按源码条件展示","tool/src/js/10_types.js:834"
"SCHEMA-400","460-101-rtFSizeCurve","rtFSizeCurve","P.rtFSizeCurve","参数 / 当前层 / 细火花 / 大小 / 随寿命 [rtFSizeCurve]","当前效果 / 当前层 / 细火花 / 外观与颜色 / 大小 / 随寿命","当前效果 / 当前层 / 细火花 / 大小 / 随寿命","当前效果 / 当前层 / 细火花 / 外观与颜色 / 大小 / 随寿命","同一控件模型，按源码条件展示","tool/src/js/10_types.js:835"
"SCHEMA-401","460-102-rtFBrightCurve","rtFBrightCurve","P.rtFBrightCurve","参数 / 当前层 / 细火花 / 亮度 / 随寿命 [rtFBrightCurve]","当前效果 / 当前层 / 细火花 / 外观与颜色 / 亮度 / 随寿命","当前效果 / 当前层 / 细火花 / 亮度 / 随寿命","当前效果 / 当前层 / 细火花 / 外观与颜色 / 亮度 / 随寿命","同一控件模型，按源码条件展示","tool/src/js/10_types.js:836"
"SCHEMA-402","460-103-rtMSizeCurve","rtMSizeCurve","P.rtMSizeCurve","参数 / 当前层 / 中火花 / 大小 / 随寿命 [rtMSizeCurve]","当前效果 / 当前层 / 中火花 / 外观与颜色 / 大小 / 随寿命","当前效果 / 当前层 / 中火花 / 大小 / 随寿命","当前效果 / 当前层 / 中火花 / 外观与颜色 / 大小 / 随寿命","同一控件模型，按源码条件展示","tool/src/js/10_types.js:837"
"SCHEMA-403","460-104-rtMBrightCurve","rtMBrightCurve","P.rtMBrightCurve","参数 / 当前层 / 中火花 / 亮度 / 随寿命 [rtMBrightCurve]","当前效果 / 当前层 / 中火花 / 外观与颜色 / 亮度 / 随寿命","当前效果 / 当前层 / 中火花 / 亮度 / 随寿命","当前效果 / 当前层 / 中火花 / 外观与颜色 / 亮度 / 随寿命","同一控件模型，按源码条件展示","tool/src/js/10_types.js:838"
"SCHEMA-404","460-105-rtCSizeCurve","rtCSizeCurve","P.rtCSizeCurve","参数 / 当前层 / 粗火花 / 大小 / 随寿命 [rtCSizeCurve]","当前效果 / 当前层 / 粗火花 / 外观与颜色 / 大小 / 随寿命","当前效果 / 当前层 / 粗火花 / 大小 / 随寿命","当前效果 / 当前层 / 粗火花 / 外观与颜色 / 大小 / 随寿命","同一控件模型，按源码条件展示","tool/src/js/10_types.js:839"
"SCHEMA-405","460-106-rtCBrightCurve","rtCBrightCurve","P.rtCBrightCurve","参数 / 当前层 / 粗火花 / 亮度 / 随寿命 [rtCBrightCurve]","当前效果 / 当前层 / 粗火花 / 外观与颜色 / 亮度 / 随寿命","当前效果 / 当前层 / 粗火花 / 亮度 / 随寿命","当前效果 / 当前层 / 粗火花 / 外观与颜色 / 亮度 / 随寿命","同一控件模型，按源码条件展示","tool/src/js/10_types.js:840"
"SCHEMA-406","245c-rtFar","rtFar","P.rtFar","参数 / 当前层 / 火花共用 / 贴图 / 贴图怎么分 [rtFar]","当前效果 / 当前层 / 火花共用 / 事件与特性 / 贴图 / 贴图怎么分","当前效果 / 当前层 / 火花共用 / 贴图 / 贴图怎么分","当前效果 / 当前层 / 火花共用 / 事件与特性 / 贴图 / 贴图怎么分","同一控件模型，按源码条件展示","tool/src/js/10_types.js:843"
"SCHEMA-407","245-rtFTex","rtFTex","P.rtFTex","参数 / 当前层 / 火花共用 / 贴图 / 贴图火花比例 [rtFTex]","当前效果 / 当前层 / 火花共用 / 事件与特性 / 贴图 / 贴图火花比例","当前效果 / 当前层 / 火花共用 / 贴图 / 贴图火花比例","当前效果 / 当前层 / 火花共用 / 事件与特性 / 贴图 / 贴图火花比例","同一控件模型，按源码条件展示","tool/src/js/10_types.js:844"
"SCHEMA-408","245b-rtMTex","rtMTex","P.rtMTex","参数 / 当前层 / 火花共用 / 贴图 / 中火花进贴图 [rtMTex]","当前效果 / 当前层 / 火花共用 / 事件与特性 / 贴图 / 中火花进贴图","当前效果 / 当前层 / 火花共用 / 贴图 / 中火花进贴图","当前效果 / 当前层 / 火花共用 / 事件与特性 / 贴图 / 中火花进贴图","同一控件模型，按源码条件展示","tool/src/js/10_types.js:845"
"SCHEMA-409","245d-rtNearA0","rtNearA0","P.rtNearA0","参数 / 当前层 / 火花共用 / 贴图 / 交接开始 [rtNearA0]","当前效果 / 当前层 / 火花共用 / 事件与特性 / 贴图 / 交接开始","当前效果 / 当前层 / 火花共用 / 贴图 / 交接开始","当前效果 / 当前层 / 火花共用 / 事件与特性 / 贴图 / 交接开始","同一控件模型，按源码条件展示","tool/src/js/10_types.js:846"
"SCHEMA-410","245e-rtNearA1","rtNearA1","P.rtNearA1","参数 / 当前层 / 火花共用 / 贴图 / 交接完 [rtNearA1]","当前效果 / 当前层 / 火花共用 / 事件与特性 / 贴图 / 交接完","当前效果 / 当前层 / 火花共用 / 贴图 / 交接完","当前效果 / 当前层 / 火花共用 / 事件与特性 / 贴图 / 交接完","同一控件模型，按源码条件展示","tool/src/js/10_types.js:847"
"SCHEMA-411","245cc-rtNearExpo","rtNearExpo","P.rtNearExpo","参数 / 当前层 / 火花共用 / 贴图 / 近段曝光 [rtNearExpo]","当前效果 / 当前层 / 火花共用 / 事件与特性 / 贴图 / 近段曝光","当前效果 / 当前层 / 火花共用 / 贴图 / 近段曝光","当前效果 / 当前层 / 火花共用 / 事件与特性 / 贴图 / 近段曝光","同一控件模型，按源码条件展示","tool/src/js/10_types.js:848"
"SCHEMA-412","245cd-rtFarVz","rtFarVz","P.rtFarVz","参数 / 当前层 / 火花共用 / 贴图 / 远段上移速度 [rtFarVz]","当前效果 / 当前层 / 火花共用 / 事件与特性 / 贴图 / 远段上移速度","当前效果 / 当前层 / 火花共用 / 贴图 / 远段上移速度","当前效果 / 当前层 / 火花共用 / 事件与特性 / 贴图 / 远段上移速度","同一控件模型，按源码条件展示","tool/src/js/10_types.js:849"
"SCHEMA-413","245f-rtGpuC","rtGpuC","P.rtGpuC","参数 / 当前层 / 粗火花 / 生成 / GPU 颗数 [rtGpuC]","当前效果 / 当前层 / 粗火花 / 时序与数量 / 生成 / GPU 颗数","当前效果 / 当前层 / 粗火花 / 生成 / GPU 颗数","当前效果 / 当前层 / 粗火花 / 时序与数量 / 生成 / GPU 颗数","同一控件模型，按源码条件展示","tool/src/js/10_types.js:850"
"SCHEMA-414","245g-rtGpuM","rtGpuM","P.rtGpuM","参数 / 当前层 / 中火花 / 生成 / GPU 颗数 [rtGpuM]","当前效果 / 当前层 / 中火花 / 时序与数量 / 生成 / GPU 颗数","当前效果 / 当前层 / 中火花 / 生成 / GPU 颗数","当前效果 / 当前层 / 中火花 / 时序与数量 / 生成 / GPU 颗数","同一控件模型，按源码条件展示","tool/src/js/10_types.js:851"
"SCHEMA-415","245h-rtGpuF","rtGpuF","P.rtGpuF","参数 / 当前层 / 细火花 / 生成 / GPU 颗数 [rtGpuF]","当前效果 / 当前层 / 细火花 / 时序与数量 / 生成 / GPU 颗数","当前效果 / 当前层 / 细火花 / 生成 / GPU 颗数","当前效果 / 当前层 / 细火花 / 时序与数量 / 生成 / GPU 颗数","同一控件模型，按源码条件展示","tool/src/js/10_types.js:852"
"SCHEMA-416","245i-rtGpuTw","rtGpuTw","P.rtGpuTw","参数 / 当前层 / 中火花 / 亮度 / 闪烁 [rtGpuTw]","当前效果 / 当前层 / 中火花 / 外观与颜色 / 亮度 / 闪烁","当前效果 / 当前层 / 中火花 / 亮度 / 闪烁","当前效果 / 当前层 / 中火花 / 外观与颜色 / 亮度 / 闪烁","同一控件模型，按源码条件展示","tool/src/js/10_types.js:853"
"SCHEMA-417","245j-rtGpuDisp","rtGpuDisp","P.rtGpuDisp","参数 / 当前层 / 火花共用 / 大小 / 远看直径 [rtGpuDisp]","当前效果 / 当前层 / 火花共用 / 外观与颜色 / 大小 / 远看直径","当前效果 / 当前层 / 火花共用 / 大小 / 远看直径","当前效果 / 当前层 / 火花共用 / 外观与颜色 / 大小 / 远看直径","同一控件模型，按源码条件展示","tool/src/js/10_types.js:854"
"SCHEMA-418","245k-rtGpuGain","rtGpuGain","P.rtGpuGain","参数 / 当前层 / 火花共用 / 大小 / 远看增益 [rtGpuGain]","当前效果 / 当前层 / 火花共用 / 外观与颜色 / 大小 / 远看增益","当前效果 / 当前层 / 火花共用 / 大小 / 远看增益","当前效果 / 当前层 / 火花共用 / 外观与颜色 / 大小 / 远看增益","同一控件模型，按源码条件展示","tool/src/js/10_types.js:855"
"SCHEMA-419","246-rtTexI","rtTexI","P.rtTexI","参数 / 当前层 / 火花共用 / 贴图 / 贴图火花亮度 [rtTexI]","当前效果 / 当前层 / 火花共用 / 事件与特性 / 贴图 / 贴图火花亮度","当前效果 / 当前层 / 火花共用 / 贴图 / 贴图火花亮度","当前效果 / 当前层 / 火花共用 / 事件与特性 / 贴图 / 贴图火花亮度","同一控件模型，按源码条件展示","tool/src/js/10_types.js:856"
"SCHEMA-420","246b-rtTexCal","rtTexCal","P.rtTexCal","参数 / 当前层 / 火花共用 / 贴图 / 贴图亮度口径 [rtTexCal]","当前效果 / 当前层 / 火花共用 / 事件与特性 / 贴图 / 贴图亮度口径","当前效果 / 当前层 / 火花共用 / 贴图 / 贴图亮度口径","当前效果 / 当前层 / 火花共用 / 事件与特性 / 贴图 / 贴图亮度口径","同一控件模型，按源码条件展示","tool/src/js/10_types.js:857"
"SCHEMA-421","246c-rtGpuMax","rtGpuMax","P.rtGpuMax","参数 / 当前层 / 火花共用 / 贴图 / GPU 粒子上限 [rtGpuMax]","当前效果 / 当前层 / 火花共用 / 事件与特性 / 贴图 / GPU 粒子上限","当前效果 / 当前层 / 火花共用 / 贴图 / GPU 粒子上限","当前效果 / 当前层 / 火花共用 / 事件与特性 / 贴图 / GPU 粒子上限","同一控件模型，按源码条件展示","tool/src/js/10_types.js:858"
"SCHEMA-422","247-rtGlow","rtGlow","P.rtGlow","参数 / 当前层 / 星头 / 光晕 / 亮度 [rtGlow]","当前效果 / 当前层 / 星头 / 事件与特性 / 光晕 / 亮度","当前效果 / 当前层 / 星头 / 光晕 / 亮度","当前效果 / 当前层 / 星头 / 事件与特性 / 光晕 / 亮度","同一控件模型，按源码条件展示","tool/src/js/10_types.js:861"
"SCHEMA-423","248-rtGlowSize","rtGlowSize","P.rtGlowSize","参数 / 当前层 / 星头 / 光晕 / 直径 [rtGlowSize]","当前效果 / 当前层 / 星头 / 事件与特性 / 光晕 / 直径","当前效果 / 当前层 / 星头 / 光晕 / 直径","当前效果 / 当前层 / 星头 / 事件与特性 / 光晕 / 直径","同一控件模型，按源码条件展示","tool/src/js/10_types.js:861"
"SCHEMA-424","249-rtPopRate","rtPopRate","P.rtPopRate","参数 / 当前层 / 爆亮 / 生成 / 生成速率 [rtPopRate]","当前效果 / 当前层 / 爆亮 / 时序与数量 / 生成 / 生成速率","当前效果 / 当前层 / 爆亮 / 生成 / 生成速率","当前效果 / 当前层 / 爆亮 / 时序与数量 / 生成 / 生成速率","同一控件模型，按源码条件展示","tool/src/js/10_types.js:862"
"SCHEMA-425","250-rtPopI","rtPopI","P.rtPopI","参数 / 当前层 / 爆亮 / 亮度 / 亮度 [rtPopI]","当前效果 / 当前层 / 爆亮 / 外观与颜色 / 亮度 / 亮度","当前效果 / 当前层 / 爆亮 / 亮度 / 亮度","当前效果 / 当前层 / 爆亮 / 外观与颜色 / 亮度 / 亮度","同一控件模型，按源码条件展示","tool/src/js/10_types.js:862"
"SCHEMA-426","251-rtPopSize","rtPopSize","P.rtPopSize","参数 / 当前层 / 爆亮 / 大小 / 大小 [rtPopSize]","当前效果 / 当前层 / 爆亮 / 外观与颜色 / 大小 / 大小","当前效果 / 当前层 / 爆亮 / 大小 / 大小","当前效果 / 当前层 / 爆亮 / 外观与颜色 / 大小 / 大小","同一控件模型，按源码条件展示","tool/src/js/10_types.js:862"
"SCHEMA-427","252-rtPopAt","rtPopAt","P.rtPopAt","参数 / 当前层 / 爆亮 / 寿命 / 时刻（占寿命） [rtPopAt]","当前效果 / 当前层 / 爆亮 / 时序与数量 / 寿命 / 时刻（占寿命）","当前效果 / 当前层 / 爆亮 / 寿命 / 时刻（占寿命）","当前效果 / 当前层 / 爆亮 / 时序与数量 / 寿命 / 时刻（占寿命）","同一控件模型，按源码条件展示","tool/src/js/10_types.js:862"
"SCHEMA-428","253-rtLaunch","rtLaunch","P.rtLaunch","参数 / 当前层 / 发射口 / 闪光 / 亮度 [rtLaunch]","当前效果 / 当前层 / 发射口 / 事件与特性 / 闪光 / 亮度","当前效果 / 当前层 / 发射口 / 闪光 / 亮度","当前效果 / 当前层 / 发射口 / 事件与特性 / 闪光 / 亮度","同一控件模型，按源码条件展示","tool/src/js/10_types.js:863"
"SCHEMA-429","254-rtLaunchSize","rtLaunchSize","P.rtLaunchSize","参数 / 当前层 / 发射口 / 闪光 / 直径 [rtLaunchSize]","当前效果 / 当前层 / 发射口 / 事件与特性 / 闪光 / 直径","当前效果 / 当前层 / 发射口 / 闪光 / 直径","当前效果 / 当前层 / 发射口 / 事件与特性 / 闪光 / 直径","同一控件模型，按源码条件展示","tool/src/js/10_types.js:863"
"SCHEMA-430","255-rtLaunchN","rtLaunchN","P.rtLaunchN","参数 / 当前层 / 发射口 / 火花 / 数量 [rtLaunchN]","当前效果 / 当前层 / 发射口 / 事件与特性 / 火花 / 数量","当前效果 / 当前层 / 发射口 / 火花 / 数量","当前效果 / 当前层 / 发射口 / 事件与特性 / 火花 / 数量","同一控件模型，按源码条件展示","tool/src/js/10_types.js:863"
"SCHEMA-431","256-rtLaunchV","rtLaunchV","P.rtLaunchV","参数 / 当前层 / 发射口 / 火花 / 初速 [rtLaunchV]","当前效果 / 当前层 / 发射口 / 事件与特性 / 火花 / 初速","当前效果 / 当前层 / 发射口 / 火花 / 初速","当前效果 / 当前层 / 发射口 / 事件与特性 / 火花 / 初速","同一控件模型，按源码条件展示","tool/src/js/10_types.js:864"
"SCHEMA-432","257-rtLaunchCone","rtLaunchCone","P.rtLaunchCone","参数 / 当前层 / 发射口 / 火花 / 张角 [rtLaunchCone]","当前效果 / 当前层 / 发射口 / 事件与特性 / 火花 / 张角","当前效果 / 当前层 / 发射口 / 火花 / 张角","当前效果 / 当前层 / 发射口 / 事件与特性 / 火花 / 张角","同一控件模型，按源码条件展示","tool/src/js/10_types.js:864"
"SCHEMA-433","258-rtLaunchI","rtLaunchI","P.rtLaunchI","参数 / 当前层 / 发射口 / 火花 / 亮度 [rtLaunchI]","当前效果 / 当前层 / 发射口 / 事件与特性 / 火花 / 亮度","当前效果 / 当前层 / 发射口 / 火花 / 亮度","当前效果 / 当前层 / 发射口 / 事件与特性 / 火花 / 亮度","同一控件模型，按源码条件展示","tool/src/js/10_types.js:864"
"SCHEMA-434","460-109-rtPopSizeCurve","rtPopSizeCurve","P.rtPopSizeCurve","参数 / 当前层 / 爆亮 / 大小 / 随寿命 [rtPopSizeCurve]","当前效果 / 当前层 / 爆亮 / 外观与颜色 / 大小 / 随寿命","当前效果 / 当前层 / 爆亮 / 大小 / 随寿命","当前效果 / 当前层 / 爆亮 / 外观与颜色 / 大小 / 随寿命","同一控件模型，按源码条件展示","tool/src/js/10_types.js:865"
"SCHEMA-435","460-110-rtPopBrightCurve","rtPopBrightCurve","P.rtPopBrightCurve","参数 / 当前层 / 爆亮 / 亮度 / 随寿命 [rtPopBrightCurve]","当前效果 / 当前层 / 爆亮 / 外观与颜色 / 亮度 / 随寿命","当前效果 / 当前层 / 爆亮 / 亮度 / 随寿命","当前效果 / 当前层 / 爆亮 / 外观与颜色 / 亮度 / 随寿命","同一控件模型，按源码条件展示","tool/src/js/10_types.js:866"
"SCHEMA-436","460-113-rtLaunchSizeCurve","rtLaunchSizeCurve","P.rtLaunchSizeCurve","参数 / 当前层 / 发射口 / 闪光 / 大小随寿命 [rtLaunchSizeCurve]","当前效果 / 当前层 / 发射口 / 事件与特性 / 闪光 / 大小随寿命","当前效果 / 当前层 / 发射口 / 闪光 / 大小随寿命","当前效果 / 当前层 / 发射口 / 事件与特性 / 闪光 / 大小随寿命","同一控件模型，按源码条件展示","tool/src/js/10_types.js:867"
"SCHEMA-437","460-114-rtLaunchBrightCurve","rtLaunchBrightCurve","P.rtLaunchBrightCurve","参数 / 当前层 / 发射口 / 闪光 / 亮度随寿命 [rtLaunchBrightCurve]","当前效果 / 当前层 / 发射口 / 事件与特性 / 闪光 / 亮度随寿命","当前效果 / 当前层 / 发射口 / 闪光 / 亮度随寿命","当前效果 / 当前层 / 发射口 / 事件与特性 / 闪光 / 亮度随寿命","同一控件模型，按源码条件展示","tool/src/js/10_types.js:868"
"SCHEMA-438","460-115-rtLaunchSparkSizeCurve","rtLaunchSparkSizeCurve","P.rtLaunchSparkSizeCurve","参数 / 当前层 / 发射口 / 火花 / 大小随寿命 [rtLaunchSparkSizeCurve]","当前效果 / 当前层 / 发射口 / 事件与特性 / 火花 / 大小随寿命","当前效果 / 当前层 / 发射口 / 火花 / 大小随寿命","当前效果 / 当前层 / 发射口 / 事件与特性 / 火花 / 大小随寿命","同一控件模型，按源码条件展示","tool/src/js/10_types.js:869"
"SCHEMA-439","460-116-rtLaunchSparkBrightCurve","rtLaunchSparkBrightCurve","P.rtLaunchSparkBrightCurve","参数 / 当前层 / 发射口 / 火花 / 亮度随寿命 [rtLaunchSparkBrightCurve]","当前效果 / 当前层 / 发射口 / 事件与特性 / 火花 / 亮度随寿命","当前效果 / 当前层 / 发射口 / 火花 / 亮度随寿命","当前效果 / 当前层 / 发射口 / 事件与特性 / 火花 / 亮度随寿命","同一控件模型，按源码条件展示","tool/src/js/10_types.js:870"
"SCHEMA-440","460-117-rtGlowSizeCurve","rtGlowSizeCurve","P.rtGlowSizeCurve","参数 / 当前层 / 星头 / 光晕 / 大小随寿命 [rtGlowSizeCurve]","当前效果 / 当前层 / 星头 / 事件与特性 / 光晕 / 大小随寿命","当前效果 / 当前层 / 星头 / 光晕 / 大小随寿命","当前效果 / 当前层 / 星头 / 事件与特性 / 光晕 / 大小随寿命","同一控件模型，按源码条件展示","tool/src/js/10_types.js:871"
"SCHEMA-441","460-118-rtGlowBrightCurve","rtGlowBrightCurve","P.rtGlowBrightCurve","参数 / 当前层 / 星头 / 光晕 / 亮度随寿命 [rtGlowBrightCurve]","当前效果 / 当前层 / 星头 / 事件与特性 / 光晕 / 亮度随寿命","当前效果 / 当前层 / 星头 / 光晕 / 亮度随寿命","当前效果 / 当前层 / 星头 / 事件与特性 / 光晕 / 亮度随寿命","同一控件模型，按源码条件展示","tool/src/js/10_types.js:872"
"SCHEMA-442","259-rtFdT","rtFdT","P.rtFdT","参数 / 当前层 / 细火花 / 颜色 / 温度偏移 [rtFdT]","当前效果 / 当前层 / 细火花 / 外观与颜色 / 颜色 / 温度偏移","当前效果 / 当前层 / 细火花 / 颜色 / 温度偏移","当前效果 / 当前层 / 细火花 / 外观与颜色 / 颜色 / 温度偏移","同一控件模型，按源码条件展示","tool/src/js/10_types.js:875"
"SCHEMA-443","260-rtMdT","rtMdT","P.rtMdT","参数 / 当前层 / 中火花 / 颜色 / 温度偏移 [rtMdT]","当前效果 / 当前层 / 中火花 / 外观与颜色 / 颜色 / 温度偏移","当前效果 / 当前层 / 中火花 / 颜色 / 温度偏移","当前效果 / 当前层 / 中火花 / 外观与颜色 / 颜色 / 温度偏移","同一控件模型，按源码条件展示","tool/src/js/10_types.js:875"
"SCHEMA-444","261-rtCdT","rtCdT","P.rtCdT","参数 / 当前层 / 粗火花 / 颜色 / 温度偏移 [rtCdT]","当前效果 / 当前层 / 粗火花 / 外观与颜色 / 颜色 / 温度偏移","当前效果 / 当前层 / 粗火花 / 颜色 / 温度偏移","当前效果 / 当前层 / 粗火花 / 外观与颜色 / 颜色 / 温度偏移","同一控件模型，按源码条件展示","tool/src/js/10_types.js:875"
"SCHEMA-445","262-rtStreakT","rtStreakT","P.rtStreakT","参数 / 当前层 / 火花共用 / 拖影 / 拖影时间 [rtStreakT]","当前效果 / 当前层 / 火花共用 / 事件与特性 / 拖影 / 拖影时间","当前效果 / 当前层 / 火花共用 / 拖影 / 拖影时间","当前效果 / 当前层 / 火花共用 / 事件与特性 / 拖影 / 拖影时间","同一控件模型，按源码条件展示","tool/src/js/10_types.js:876"
"SCHEMA-446","263-rtStreakMax","rtStreakMax","P.rtStreakMax","参数 / 当前层 / 火花共用 / 拖影 / 最大拉长倍数 [rtStreakMax]","当前效果 / 当前层 / 火花共用 / 事件与特性 / 拖影 / 最大拉长倍数","当前效果 / 当前层 / 火花共用 / 拖影 / 最大拉长倍数","当前效果 / 当前层 / 火花共用 / 事件与特性 / 拖影 / 最大拉长倍数","同一控件模型，按源码条件展示","tool/src/js/10_types.js:877"
"SCHEMA-447","264-rtFStreak","rtFStreak","P.rtFStreak","参数 / 当前层 / 细火花 / 拖影 / 拖影倍数 [rtFStreak]","当前效果 / 当前层 / 细火花 / 事件与特性 / 拖影 / 拖影倍数","当前效果 / 当前层 / 细火花 / 拖影 / 拖影倍数","当前效果 / 当前层 / 细火花 / 事件与特性 / 拖影 / 拖影倍数","同一控件模型，按源码条件展示","tool/src/js/10_types.js:878"
"SCHEMA-448","265-rtMStreak","rtMStreak","P.rtMStreak","参数 / 当前层 / 中火花 / 拖影 / 拖影倍数 [rtMStreak]","当前效果 / 当前层 / 中火花 / 事件与特性 / 拖影 / 拖影倍数","当前效果 / 当前层 / 中火花 / 拖影 / 拖影倍数","当前效果 / 当前层 / 中火花 / 事件与特性 / 拖影 / 拖影倍数","同一控件模型，按源码条件展示","tool/src/js/10_types.js:878"
"SCHEMA-449","266-rtCStreak","rtCStreak","P.rtCStreak","参数 / 当前层 / 粗火花 / 拖影 / 拖影倍数 [rtCStreak]","当前效果 / 当前层 / 粗火花 / 事件与特性 / 拖影 / 拖影倍数","当前效果 / 当前层 / 粗火花 / 拖影 / 拖影倍数","当前效果 / 当前层 / 粗火花 / 事件与特性 / 拖影 / 拖影倍数","同一控件模型，按源码条件展示","tool/src/js/10_types.js:878"
"SCHEMA-450","267-rtTurb","rtTurb","P.rtTurb","参数 / 当前层 / 效果 / 环境 / 大涡阵风 [rtTurb]","当前效果 / 当前层 / 效果 / 环境 / 环境 / 大涡阵风","当前效果 / 当前层 / 效果 / 环境 / 大涡阵风","当前效果 / 当前层 / 效果 / 环境 / 环境 / 大涡阵风","同一控件模型，按源码条件展示","tool/src/js/10_types.js:881"
"SCHEMA-451","268-rtTurbL","rtTurbL","P.rtTurbL","参数 / 当前层 / 效果 / 环境 / 大涡尺度 [rtTurbL]","当前效果 / 当前层 / 效果 / 环境 / 环境 / 大涡尺度","当前效果 / 当前层 / 效果 / 环境 / 大涡尺度","当前效果 / 当前层 / 效果 / 环境 / 环境 / 大涡尺度","同一控件模型，按源码条件展示","tool/src/js/10_types.js:882"
"SCHEMA-452","269-rtTurbS","rtTurbS","P.rtTurbS","参数 / 当前层 / 效果 / 环境 / 小涡漂移随机 [rtTurbS]","当前效果 / 当前层 / 效果 / 环境 / 环境 / 小涡漂移随机","当前效果 / 当前层 / 效果 / 环境 / 小涡漂移随机","当前效果 / 当前层 / 效果 / 环境 / 环境 / 小涡漂移随机","同一控件模型，按源码条件展示","tool/src/js/10_types.js:883"
"SCHEMA-453","270-rtT0","rtT0","P.rtT0","参数 / 当前层 / 火花共用 / 颜色 / 出喷口温度 [rtT0]","当前效果 / 当前层 / 火花共用 / 外观与颜色 / 颜色 / 出喷口温度","当前效果 / 当前层 / 火花共用 / 颜色 / 出喷口温度","当前效果 / 当前层 / 火花共用 / 外观与颜色 / 颜色 / 出喷口温度","同一控件模型，按源码条件展示","tool/src/js/10_types.js:886"
"SCHEMA-454","271-rtTb","rtTb","P.rtTb","参数 / 当前层 / 火花共用 / 颜色 / 燃烧温度 [rtTb]","当前效果 / 当前层 / 火花共用 / 外观与颜色 / 颜色 / 燃烧温度","当前效果 / 当前层 / 火花共用 / 颜色 / 燃烧温度","当前效果 / 当前层 / 火花共用 / 外观与颜色 / 颜色 / 燃烧温度","同一控件模型，按源码条件展示","tool/src/js/10_types.js:887"
"SCHEMA-455","272-rtTc","rtTc","P.rtTc","参数 / 当前层 / 火花共用 / 颜色 / 降温时间 [rtTc]","当前效果 / 当前层 / 火花共用 / 外观与颜色 / 颜色 / 降温时间","当前效果 / 当前层 / 火花共用 / 颜色 / 降温时间","当前效果 / 当前层 / 火花共用 / 外观与颜色 / 颜色 / 降温时间","同一控件模型，按源码条件展示","tool/src/js/10_types.js:888"
"SCHEMA-456","273-rtTend","rtTend","P.rtTend","参数 / 当前层 / 火花共用 / 颜色 / 熄灭温度 [rtTend]","当前效果 / 当前层 / 火花共用 / 外观与颜色 / 颜色 / 熄灭温度","当前效果 / 当前层 / 火花共用 / 颜色 / 熄灭温度","当前效果 / 当前层 / 火花共用 / 外观与颜色 / 颜色 / 熄灭温度","同一控件模型，按源码条件展示","tool/src/js/10_types.js:889"
"SCHEMA-457","274-rtTw","rtTw","P.rtTw","参数 / 当前层 / 火花共用 / 亮度 / 闪烁强度 [rtTw]","当前效果 / 当前层 / 火花共用 / 外观与颜色 / 亮度 / 闪烁强度","当前效果 / 当前层 / 火花共用 / 亮度 / 闪烁强度","当前效果 / 当前层 / 火花共用 / 外观与颜色 / 亮度 / 闪烁强度","同一控件模型，按源码条件展示","tool/src/js/10_types.js:890"
"SCHEMA-458","275-rtShrink","rtShrink","P.rtShrink","参数 / 当前层 / 火花共用 / 大小 / 熄灭时大小 [rtShrink]","当前效果 / 当前层 / 火花共用 / 外观与颜色 / 大小 / 熄灭时大小","当前效果 / 当前层 / 火花共用 / 大小 / 熄灭时大小","当前效果 / 当前层 / 火花共用 / 外观与颜色 / 大小 / 熄灭时大小","同一控件模型，按源码条件展示","tool/src/js/10_types.js:891"
"SCHEMA-459","276-rtERate","rtERate","P.rtERate","参数 / 当前层 / 落火 / 生成 / 生成速率 [rtERate]","当前效果 / 当前层 / 落火 / 时序与数量 / 生成 / 生成速率","当前效果 / 当前层 / 落火 / 生成 / 生成速率","当前效果 / 当前层 / 落火 / 时序与数量 / 生成 / 生成速率","同一控件模型，按源码条件展示","tool/src/js/10_types.js:894"
"SCHEMA-460","277-rtELife","rtELife","P.rtELife","参数 / 当前层 / 落火 / 寿命 / 寿命 [rtELife]","当前效果 / 当前层 / 落火 / 时序与数量 / 寿命 / 寿命","当前效果 / 当前层 / 落火 / 寿命 / 寿命","当前效果 / 当前层 / 落火 / 时序与数量 / 寿命 / 寿命","同一控件模型，按源码条件展示","tool/src/js/10_types.js:894"
"SCHEMA-461","278-rtESize","rtESize","P.rtESize","参数 / 当前层 / 落火 / 大小 / 大小 [rtESize]","当前效果 / 当前层 / 落火 / 外观与颜色 / 大小 / 大小","当前效果 / 当前层 / 落火 / 大小 / 大小","当前效果 / 当前层 / 落火 / 外观与颜色 / 大小 / 大小","同一控件模型，按源码条件展示","tool/src/js/10_types.js:894"
"SCHEMA-462","279-rtEI","rtEI","P.rtEI","参数 / 当前层 / 落火 / 亮度 / 亮度 [rtEI]","当前效果 / 当前层 / 落火 / 外观与颜色 / 亮度 / 亮度","当前效果 / 当前层 / 落火 / 亮度 / 亮度","当前效果 / 当前层 / 落火 / 外观与颜色 / 亮度 / 亮度","同一控件模型，按源码条件展示","tool/src/js/10_types.js:894"
"SCHEMA-463","280-rtEKd","rtEKd","P.rtEKd","参数 / 当前层 / 落火 / 受力 / 阻力 [rtEKd]","当前效果 / 当前层 / 落火 / 空间与运动 / 受力 / 阻力","当前效果 / 当前层 / 落火 / 受力 / 阻力","当前效果 / 当前层 / 落火 / 空间与运动 / 受力 / 阻力","同一控件模型，按源码条件展示","tool/src/js/10_types.js:894"
"SCHEMA-464","460-107-rtESizeCurve","rtESizeCurve","P.rtESizeCurve","参数 / 当前层 / 落火 / 大小 / 随寿命 [rtESizeCurve]","当前效果 / 当前层 / 落火 / 外观与颜色 / 大小 / 随寿命","当前效果 / 当前层 / 落火 / 大小 / 随寿命","当前效果 / 当前层 / 落火 / 外观与颜色 / 大小 / 随寿命","同一控件模型，按源码条件展示","tool/src/js/10_types.js:895"
"SCHEMA-465","460-108-rtEBrightCurve","rtEBrightCurve","P.rtEBrightCurve","参数 / 当前层 / 落火 / 亮度 / 随寿命 [rtEBrightCurve]","当前效果 / 当前层 / 落火 / 外观与颜色 / 亮度 / 随寿命","当前效果 / 当前层 / 落火 / 亮度 / 随寿命","当前效果 / 当前层 / 落火 / 外观与颜色 / 亮度 / 随寿命","同一控件模型，按源码条件展示","tool/src/js/10_types.js:896"
"SCHEMA-466","281-rtSmoke","rtSmoke","P.rtSmoke","参数 / 当前层 / 烟带 / 亮度 / 亮度 [rtSmoke]","当前效果 / 当前层 / 烟带 / 外观与颜色 / 亮度 / 亮度","当前效果 / 当前层 / 烟带 / 亮度 / 亮度","当前效果 / 当前层 / 烟带 / 外观与颜色 / 亮度 / 亮度","同一控件模型，按源码条件展示","tool/src/js/10_types.js:899"
"SCHEMA-467","282-rtSmokeRate","rtSmokeRate","P.rtSmokeRate","参数 / 当前层 / 烟带 / 生成 / 生成速率 [rtSmokeRate]","当前效果 / 当前层 / 烟带 / 时序与数量 / 生成 / 生成速率","当前效果 / 当前层 / 烟带 / 生成 / 生成速率","当前效果 / 当前层 / 烟带 / 时序与数量 / 生成 / 生成速率","同一控件模型，按源码条件展示","tool/src/js/10_types.js:900"
"SCHEMA-468","283-rtSmokeLife","rtSmokeLife","P.rtSmokeLife","参数 / 当前层 / 烟带 / 寿命 / 寿命 [rtSmokeLife]","当前效果 / 当前层 / 烟带 / 时序与数量 / 寿命 / 寿命","当前效果 / 当前层 / 烟带 / 寿命 / 寿命","当前效果 / 当前层 / 烟带 / 时序与数量 / 寿命 / 寿命","同一控件模型，按源码条件展示","tool/src/js/10_types.js:901"
"SCHEMA-469","284-rtSmokeSize","rtSmokeSize","P.rtSmokeSize","参数 / 当前层 / 烟带 / 大小 / 初始大小 [rtSmokeSize]","当前效果 / 当前层 / 烟带 / 外观与颜色 / 大小 / 初始大小","当前效果 / 当前层 / 烟带 / 大小 / 初始大小","当前效果 / 当前层 / 烟带 / 外观与颜色 / 大小 / 初始大小","同一控件模型，按源码条件展示","tool/src/js/10_types.js:902"
"SCHEMA-470","285-rtSmokeGrow","rtSmokeGrow","P.rtSmokeGrow","参数 / 当前层 / 烟带 / 大小 / 变大倍数 [rtSmokeGrow]","当前效果 / 当前层 / 烟带 / 外观与颜色 / 大小 / 变大倍数","当前效果 / 当前层 / 烟带 / 大小 / 变大倍数","当前效果 / 当前层 / 烟带 / 外观与颜色 / 大小 / 变大倍数","同一控件模型，按源码条件展示","tool/src/js/10_types.js:903"
"SCHEMA-471","460-111-rtSmokeSizeCurve","rtSmokeSizeCurve","P.rtSmokeSizeCurve","参数 / 当前层 / 烟带 / 大小 / 随寿命 [rtSmokeSizeCurve]","当前效果 / 当前层 / 烟带 / 外观与颜色 / 大小 / 随寿命","当前效果 / 当前层 / 烟带 / 大小 / 随寿命","当前效果 / 当前层 / 烟带 / 外观与颜色 / 大小 / 随寿命","同一控件模型，按源码条件展示","tool/src/js/10_types.js:904"
"SCHEMA-472","460-112-rtSmokeBrightCurve","rtSmokeBrightCurve","P.rtSmokeBrightCurve","参数 / 当前层 / 烟带 / 亮度 / 随寿命 [rtSmokeBrightCurve]","当前效果 / 当前层 / 烟带 / 外观与颜色 / 亮度 / 随寿命","当前效果 / 当前层 / 烟带 / 亮度 / 随寿命","当前效果 / 当前层 / 烟带 / 外观与颜色 / 亮度 / 随寿命","同一控件模型，按源码条件展示","tool/src/js/10_types.js:905"
"SCHEMA-473","285b-rtLoopSize","rtLoopSize","P.rtLoopSize","参数 / 当前层 / 输出 / 取景 / 循环层长度 [rtLoopSize]","当前效果 / 当前层 / 输出 / 尺寸与取帧 / 取景 / 循环层长度","当前效果 / 当前层 / 输出 / 取景 / 循环层长度","当前效果 / 当前层 / 输出 / 尺寸与取帧 / 取景 / 循环层长度","同一控件模型，按源码条件展示","tool/src/js/10_types.js:908"
"SCHEMA-474","285c-rtLoopMin","rtLoopMin","P.rtLoopMin","参数 / 当前层 / 输出 / 取景 / 循环层最短 [rtLoopMin]","当前效果 / 当前层 / 输出 / 尺寸与取帧 / 取景 / 循环层最短","当前效果 / 当前层 / 输出 / 取景 / 循环层最短","当前效果 / 当前层 / 输出 / 尺寸与取帧 / 取景 / 循环层最短","同一控件模型，按源码条件展示","tool/src/js/10_types.js:909"
"SCHEMA-475","286-rtGrid","rtGrid","P.rtGrid","参数 / 当前层 / 输出 / 贴图 / 格子排布 [rtGrid]","当前效果 / 当前层 / 输出 / 帧数与贴图 / 贴图 / 格子排布","当前效果 / 当前层 / 输出 / 贴图 / 格子排布","当前效果 / 当前层 / 输出 / 帧数与贴图 / 贴图 / 格子排布","同一控件模型，按源码条件展示","tool/src/js/10_types.js:910"
"SCHEMA-476","287-rtMobileTex","rtMobileTex","P.rtMobileTex","参数 / 当前层 / 输出 / 手机 / 手机贴图比例 [rtMobileTex]","当前效果 / 当前层 / 输出 / 手机 / 手机 / 手机贴图比例","当前效果 / 当前层 / 输出 / 手机 / 手机贴图比例","当前效果 / 当前层 / 输出 / 手机 / 手机 / 手机贴图比例","同一控件模型，按源码条件展示","tool/src/js/10_types.js:911"
"SCHEMA-477","288-rtBright","rtBright","P.rtBright","参数 / 当前层 / 输出 / 曝光光晕 / 循环层亮度 [rtBright]","当前效果 / 当前层 / 输出 / 曝光与光晕 / 曝光光晕 / 循环层亮度","当前效果 / 当前层 / 输出 / 曝光光晕 / 循环层亮度","当前效果 / 当前层 / 输出 / 曝光与光晕 / 曝光光晕 / 循环层亮度","同一控件模型，按源码条件展示","tool/src/js/10_types.js:912"
"SCHEMA-478","289-rtDotGain","rtDotGain","P.rtDotGain","参数 / 当前层 / 输出 / 曝光光晕 / 火花总亮度 [rtDotGain]","当前效果 / 当前层 / 输出 / 曝光与光晕 / 曝光光晕 / 火花总亮度","当前效果 / 当前层 / 输出 / 曝光光晕 / 火花总亮度","当前效果 / 当前层 / 输出 / 曝光与光晕 / 曝光光晕 / 火花总亮度","同一控件模型，按源码条件展示","tool/src/js/10_types.js:913"
"SCHEMA-479","290-rtMobile","rtMobile","P.rtMobile","参数 / 当前层 / 输出 / 手机 / 手机粒子比例 [rtMobile]","当前效果 / 当前层 / 输出 / 手机 / 手机 / 手机粒子比例","当前效果 / 当前层 / 输出 / 手机 / 手机粒子比例","当前效果 / 当前层 / 输出 / 手机 / 手机 / 手机粒子比例","同一控件模型，按源码条件展示","tool/src/js/10_types.js:914"
"SCHEMA-480","291-rtDissolve","rtDissolve","P.rtDissolve","参数 / 当前层 / 输出 / 消散 / 溶解终值 [rtDissolve]","当前效果 / 当前层 / 输出 / 消散 / 消散 / 溶解终值","当前效果 / 当前层 / 输出 / 消散 / 溶解终值","当前效果 / 当前层 / 输出 / 消散 / 消散 / 溶解终值","同一控件模型，按源码条件展示","tool/src/js/10_types.js:915"
"SCHEMA-481","292-rtFadeFps","rtFadeFps","P.rtFadeFps","参数 / 当前层 / 输出 / 消散 / 消散帧率 [rtFadeFps]","当前效果 / 当前层 / 输出 / 消散 / 消散 / 消散帧率","当前效果 / 当前层 / 输出 / 消散 / 消散帧率","当前效果 / 当前层 / 输出 / 消散 / 消散 / 消散帧率","同一控件模型，按源码条件展示","tool/src/js/10_types.js:916"
"SCHEMA-482","293-shutter","shutter","P.shutter","参数 / 当前层 / 输出 / 画质 / 循环层运动模糊 [shutter]","当前效果 / 当前层 / 输出 / 画质 / 画质 / 循环层运动模糊","当前效果 / 当前层 / 输出 / 画质 / 循环层运动模糊","当前效果 / 当前层 / 输出 / 画质 / 画质 / 循环层运动模糊","同一控件模型，按源码条件展示","tool/src/js/10_types.js:917"
"SCHEMA-483","294-cellPad","cellPad","P.cellPad","参数 / 当前层 / 输出 / 直接调 / 格子留边 [cellPad]","当前效果 / 当前层 / 输出 / 帧数与贴图 / 直接调 / 格子留边","当前效果 / 当前层 / 输出 / 直接调 / 格子留边","当前效果 / 当前层 / 输出 / 帧数与贴图 / 直接调 / 格子留边","同一控件模型，按源码条件展示","tool/src/js/10_types.js:918"
"SCHEMA-484","295-loopT","loopT","P.loopT","参数 / 当前层 / 效果 / 规格 / 循环周期 [loopT]","当前效果 / 当前层 / 效果 / 规格 / 规格 / 循环周期","当前效果 / 当前层 / 效果 / 规格 / 循环周期","当前效果 / 当前层 / 效果 / 规格 / 规格 / 循环周期","同一控件模型，按源码条件展示","tool/src/js/10_types.js:921"
"SCHEMA-485","296-seed","seed","P.seed","参数 / 当前层 / 效果 / 规格 / 随机种子 [seed]","当前效果 / 当前层 / 效果 / 规格 / 规格 / 随机种子","当前效果 / 当前层 / 效果 / 规格 / 随机种子","当前效果 / 当前层 / 效果 / 规格 / 规格 / 随机种子","同一控件模型，按源码条件展示","tool/src/js/10_types.js:922"
"SCHEMA-486","297-nozzles","nozzles","P.nozzles","参数 / 当前层 / 喷口 / 形状 / 喷口数量 [nozzles]","当前效果 / 当前层 / 喷口 / 空间与运动 / 形状 / 喷口数量","当前效果 / 当前层 / 喷口 / 形状 / 喷口数量","当前效果 / 当前层 / 喷口 / 空间与运动 / 形状 / 喷口数量","同一控件模型，按源码条件展示","tool/src/js/10_types.js:923"
"SCHEMA-487","298-spacing","spacing","P.spacing","参数 / 当前层 / 喷口 / 形状 / 喷口间距 [spacing]","当前效果 / 当前层 / 喷口 / 空间与运动 / 形状 / 喷口间距","当前效果 / 当前层 / 喷口 / 形状 / 喷口间距","当前效果 / 当前层 / 喷口 / 空间与运动 / 形状 / 喷口间距","同一控件模型，按源码条件展示","tool/src/js/10_types.js:924"
"SCHEMA-488","299-groundH","groundH","P.groundH","参数 / 当前层 / 喷口 / 形状 / 离地高度 [groundH]","当前效果 / 当前层 / 喷口 / 空间与运动 / 形状 / 离地高度","当前效果 / 当前层 / 喷口 / 形状 / 离地高度","当前效果 / 当前层 / 喷口 / 空间与运动 / 形状 / 离地高度","同一控件模型，按源码条件展示","tool/src/js/10_types.js:925"
"SCHEMA-489","300-wheelR","wheelR","P.wheelR","参数 / 当前层 / 喷口 / 形状 / 转轮半径 [wheelR]","当前效果 / 当前层 / 喷口 / 空间与运动 / 形状 / 转轮半径","当前效果 / 当前层 / 喷口 / 形状 / 转轮半径","当前效果 / 当前层 / 喷口 / 空间与运动 / 形状 / 转轮半径","同一控件模型，按源码条件展示","tool/src/js/10_types.js:926"
"SCHEMA-490","301-jetSpeed","jetSpeed","P.jetSpeed","参数 / 当前层 / 喷口 / 初速 / 喷射速度 [jetSpeed]","当前效果 / 当前层 / 喷口 / 空间与运动 / 初速 / 喷射速度","当前效果 / 当前层 / 喷口 / 初速 / 喷射速度","当前效果 / 当前层 / 喷口 / 空间与运动 / 初速 / 喷射速度","同一控件模型，按源码条件展示","tool/src/js/10_types.js:927"
"SCHEMA-491","302-jetCone","jetCone","P.jetCone","参数 / 当前层 / 喷口 / 初速 / 喷射锥角 [jetCone]","当前效果 / 当前层 / 喷口 / 空间与运动 / 初速 / 喷射锥角","当前效果 / 当前层 / 喷口 / 初速 / 喷射锥角","当前效果 / 当前层 / 喷口 / 空间与运动 / 初速 / 喷射锥角","同一控件模型，按源码条件展示","tool/src/js/10_types.js:928"
"SCHEMA-492","303-jetDir","jetDir","P.jetDir","参数 / 当前层 / 喷口 / 初速 / 喷射方向 [jetDir]","当前效果 / 当前层 / 喷口 / 空间与运动 / 初速 / 喷射方向","当前效果 / 当前层 / 喷口 / 初速 / 喷射方向","当前效果 / 当前层 / 喷口 / 空间与运动 / 初速 / 喷射方向","同一控件模型，按源码条件展示","tool/src/js/10_types.js:929"
"SCHEMA-493","304-fanAngle","fanAngle","P.fanAngle","参数 / 当前层 / 喷口 / 形状 / 扇面角度 [fanAngle]","当前效果 / 当前层 / 喷口 / 空间与运动 / 形状 / 扇面角度","当前效果 / 当前层 / 喷口 / 形状 / 扇面角度","当前效果 / 当前层 / 喷口 / 空间与运动 / 形状 / 扇面角度","同一控件模型，按源码条件展示","tool/src/js/10_types.js:930"
"SCHEMA-494","305-shotRate","shotRate","P.shotRate","参数 / 当前层 / 彗星 / 生成 / 生成速率 [shotRate]","当前效果 / 当前层 / 彗星 / 时序与数量 / 生成 / 生成速率","当前效果 / 当前层 / 彗星 / 生成 / 生成速率","当前效果 / 当前层 / 彗星 / 时序与数量 / 生成 / 生成速率","同一控件模型，按源码条件展示","tool/src/js/10_types.js:931"
"SCHEMA-495","306-shotSpeed","shotSpeed","P.shotSpeed","参数 / 当前层 / 彗星 / 初速 / 初速 [shotSpeed]","当前效果 / 当前层 / 彗星 / 空间与运动 / 初速 / 初速","当前效果 / 当前层 / 彗星 / 初速 / 初速","当前效果 / 当前层 / 彗星 / 空间与运动 / 初速 / 初速","同一控件模型，按源码条件展示","tool/src/js/10_types.js:932"
"SCHEMA-496","307-cometBurn","cometBurn","P.cometBurn","参数 / 当前层 / 彗星 / 寿命 / 燃烧时间 [cometBurn]","当前效果 / 当前层 / 彗星 / 时序与数量 / 寿命 / 燃烧时间","当前效果 / 当前层 / 彗星 / 寿命 / 燃烧时间","当前效果 / 当前层 / 彗星 / 时序与数量 / 寿命 / 燃烧时间","同一控件模型，按源码条件展示","tool/src/js/10_types.js:933"
"SCHEMA-497","308-vt","vt","P.vt","参数 / 当前层 / 彗星 / 受力 / 终端速度 [vt]","当前效果 / 当前层 / 彗星 / 空间与运动 / 受力 / 终端速度","当前效果 / 当前层 / 彗星 / 受力 / 终端速度","当前效果 / 当前层 / 彗星 / 空间与运动 / 受力 / 终端速度","同一控件模型，按源码条件展示","tool/src/js/10_types.js:934"
"SCHEMA-498","309-burstStars","burstStars","P.burstStars","参数 / 当前层 / 子花 / 生成 / 星数 [burstStars]","当前效果 / 当前层 / 子花 / 时序与数量 / 生成 / 星数","当前效果 / 当前层 / 子花 / 生成 / 星数","当前效果 / 当前层 / 子花 / 时序与数量 / 生成 / 星数","同一控件模型，按源码条件展示","tool/src/js/10_types.js:935"
"SCHEMA-499","310-subSpeed","subSpeed","P.subSpeed","参数 / 当前层 / 子花 / 初速 / 初速 [subSpeed]","当前效果 / 当前层 / 子花 / 空间与运动 / 初速 / 初速","当前效果 / 当前层 / 子花 / 初速 / 初速","当前效果 / 当前层 / 子花 / 空间与运动 / 初速 / 初速","同一控件模型，按源码条件展示","tool/src/js/10_types.js:936"
"SCHEMA-500","311-subBurn","subBurn","P.subBurn","参数 / 当前层 / 子花 / 寿命 / 燃烧时间 [subBurn]","当前效果 / 当前层 / 子花 / 时序与数量 / 寿命 / 燃烧时间","当前效果 / 当前层 / 子花 / 寿命 / 燃烧时间","当前效果 / 当前层 / 子花 / 时序与数量 / 寿命 / 燃烧时间","同一控件模型，按源码条件展示","tool/src/js/10_types.js:937"
"SCHEMA-501","4931-01-exportScale","exportScale","P.exportScale","参数 / 当前层 / 输出 / 直接调 / 导出缩放 [exportScale]","当前效果 / 当前层 / 输出 / 尺寸与取帧 / 直接调 / 导出缩放","当前效果 / 当前层 / 输出 / 直接调 / 导出缩放","当前效果 / 当前层 / 输出 / 尺寸与取帧 / 直接调 / 导出缩放","同一控件模型，按源码条件展示","tool/src/js/10_types.js:947"
"SCHEMA-502","4932-01-exportScaleRise","exportScaleRise","P.exportScaleRise","参数 / 当前层 / 输出 / 直接调 / 升空高度（缩小时） [exportScaleRise]","当前效果 / 当前层 / 输出 / 尺寸与取帧 / 直接调 / 升空高度（缩小时）","当前效果 / 当前层 / 输出 / 直接调 / 升空高度（缩小时）","当前效果 / 当前层 / 输出 / 尺寸与取帧 / 直接调 / 升空高度（缩小时）","同一控件模型，按源码条件展示","tool/src/js/10_types.js:949"
"SCHEMA-503","311b-outPC","outPC","P.outPC","参数 / 当前层 / 输出 / 直接调 / PC 导出 [outPC]","当前效果 / 当前层 / 输出 / 产物 / 直接调 / PC 导出","当前效果 / 当前层 / 输出 / 直接调 / PC 导出","当前效果 / 当前层 / 输出 / 产物 / 直接调 / PC 导出","同一控件模型，按源码条件展示","tool/src/js/10_types.js:953"
"SCHEMA-504","311c-outMobile","outMobile","P.outMobile","参数 / 当前层 / 输出 / 直接调 / 手机导出 [outMobile]","当前效果 / 当前层 / 输出 / 产物 / 直接调 / 手机导出","当前效果 / 当前层 / 输出 / 直接调 / 手机导出","当前效果 / 当前层 / 输出 / 产物 / 直接调 / 手机导出","同一控件模型，按源码条件展示","tool/src/js/10_types.js:954"
"SCHEMA-505","4929-02-lowPick","lowPick","P.lowPick","参数 / 当前层 / 输出 / 导出方案 / 单帧取哪一刻 [lowPick]","当前效果 / 当前层 / 输出 / 单帧 / 导出方案 / 单帧取哪一刻","当前效果 / 当前层 / 输出 / 导出方案 / 单帧取哪一刻","当前效果 / 当前层 / 输出 / 单帧 / 导出方案 / 单帧取哪一刻","同一控件模型，按源码条件展示","tool/src/js/10_types.js:955"
"SCHEMA-506","4929-03-lowAt","lowAt","P.lowAt","参数 / 当前层 / 输出 / 导出方案 / 单帧时刻 [lowAt]","当前效果 / 当前层 / 输出 / 单帧 / 导出方案 / 单帧时刻","当前效果 / 当前层 / 输出 / 导出方案 / 单帧时刻","当前效果 / 当前层 / 输出 / 单帧 / 导出方案 / 单帧时刻","同一控件模型，按源码条件展示","tool/src/js/10_types.js:956"
"SCHEMA-507","4929-08-info:lowAtNow","info:lowAtNow","derived:info:lowAtNow","参数 / 当前层 / 输出 / 导出方案 / 单帧取的时刻 [info:lowAtNow]","当前效果 / 当前层 / 输出 / 单帧 / 导出方案 / 单帧取的时刻","当前效果 / 当前层 / 输出 / 导出方案 / 单帧取的时刻","当前效果 / 当前层 / 输出 / 单帧 / 导出方案 / 单帧取的时刻","需烘焙回执；样板无假结果","tool/src/js/10_types.js:957"
"SCHEMA-508","4929-04-lowSize","lowSize","P.lowSize","参数 / 当前层 / 输出 / 导出方案 / 单帧贴图大小 [lowSize]","当前效果 / 当前层 / 输出 / 单帧 / 导出方案 / 单帧贴图大小","当前效果 / 当前层 / 输出 / 导出方案 / 单帧贴图大小","当前效果 / 当前层 / 输出 / 单帧 / 导出方案 / 单帧贴图大小","同一控件模型，按源码条件展示","tool/src/js/10_types.js:958"
"SCHEMA-509","4929-05-lowJit","lowJit","P.lowJit","参数 / 当前层 / 输出 / 导出方案 / 溶解错落 [lowJit]","当前效果 / 当前层 / 输出 / 单帧 / 导出方案 / 溶解错落","当前效果 / 当前层 / 输出 / 导出方案 / 溶解错落","当前效果 / 当前层 / 输出 / 单帧 / 导出方案 / 溶解错落","同一控件模型，按源码条件展示","tool/src/js/10_types.js:959"
"SCHEMA-510","4929-06-lowMaps","lowMaps","P.lowMaps","参数 / 当前层 / 输出 / 导出方案 / 功能图 [lowMaps]","当前效果 / 当前层 / 输出 / 单帧 / 导出方案 / 功能图","当前效果 / 当前层 / 输出 / 导出方案 / 功能图","当前效果 / 当前层 / 输出 / 单帧 / 导出方案 / 功能图","同一控件模型，按源码条件展示","tool/src/js/10_types.js:960"
"SCHEMA-511","4929-07-lowSuffix","lowSuffix","P.lowSuffix","参数 / 当前层 / 输出 / 导出方案 / 功能图后缀 [lowSuffix]","当前效果 / 当前层 / 输出 / 单帧 / 导出方案 / 功能图后缀","当前效果 / 当前层 / 输出 / 导出方案 / 功能图后缀","当前效果 / 当前层 / 输出 / 单帧 / 导出方案 / 功能图后缀","同一控件模型，按源码条件展示","tool/src/js/10_types.js:961"
"SCHEMA-512","311d-dotSize","dotSize","P.dotSize","参数 / 当前层 / 输出 / 导出方案 / 光点大小 [dotSize]","当前效果 / 当前层 / 输出 / 光点 / 导出方案 / 光点大小","当前效果 / 当前层 / 输出 / 导出方案 / 光点大小","当前效果 / 当前层 / 输出 / 光点 / 导出方案 / 光点大小","同一控件模型，按源码条件展示","tool/src/js/10_types.js:962"
"SCHEMA-513","311e-dotBright","dotBright","P.dotBright","参数 / 当前层 / 输出 / 导出方案 / 光点亮度 [dotBright]","当前效果 / 当前层 / 输出 / 光点 / 导出方案 / 光点亮度","当前效果 / 当前层 / 输出 / 导出方案 / 光点亮度","当前效果 / 当前层 / 输出 / 光点 / 导出方案 / 光点亮度","同一控件模型，按源码条件展示","tool/src/js/10_types.js:963"
"SCHEMA-514","4928-01-unitVariants","unitVariants","P.unitVariants","参数 / 当前层 / 输出 / 导出方案 / 单束变体数 [unitVariants]","当前效果 / 当前层 / 输出 / 单束 / 导出方案 / 单束变体数","当前效果 / 当前层 / 输出 / 导出方案 / 单束变体数","当前效果 / 当前层 / 输出 / 单束 / 导出方案 / 单束变体数","同一控件模型，按源码条件展示","tool/src/js/10_types.js:964"
"SCHEMA-515","4928-02-unitRandom","unitRandom","P.unitRandom","参数 / 当前层 / 输出 / 导出方案 / 单束随机感 [unitRandom]","当前效果 / 当前层 / 输出 / 单束 / 导出方案 / 单束随机感","当前效果 / 当前层 / 输出 / 导出方案 / 单束随机感","当前效果 / 当前层 / 输出 / 单束 / 导出方案 / 单束随机感","同一控件模型，按源码条件展示","tool/src/js/10_types.js:965"
"SCHEMA-516","311f-info:schemeNote","info:schemeNote","derived:info:schemeNote","参数 / 当前层 / 输出 / 导出方案 / 导出说明 [info:schemeNote]","当前效果 / 当前层 / 输出 / 产物 / 导出方案 / 导出说明","当前效果 / 当前层 / 输出 / 导出方案 / 导出说明","当前效果 / 当前层 / 输出 / 产物 / 导出方案 / 导出说明","需烘焙回执；样板无假结果","tool/src/js/10_types.js:966"
"SCHEMA-517","312-cutIn","cutIn","P.cutIn","参数 / 当前层 / 输出 / 直接调 / 入点 [cutIn]","当前效果 / 当前层 / 输出 / 尺寸与取帧 / 直接调 / 入点","当前效果 / 当前层 / 输出 / 直接调 / 入点","当前效果 / 当前层 / 输出 / 尺寸与取帧 / 直接调 / 入点","同一控件模型，按源码条件展示","tool/src/js/10_types.js:969"
"SCHEMA-518","313-cutOut","cutOut","P.cutOut","参数 / 当前层 / 输出 / 直接调 / 出点 [cutOut]","当前效果 / 当前层 / 输出 / 尺寸与取帧 / 直接调 / 出点","当前效果 / 当前层 / 输出 / 直接调 / 出点","当前效果 / 当前层 / 输出 / 尺寸与取帧 / 直接调 / 出点","同一控件模型，按源码条件展示","tool/src/js/10_types.js:970"
"SCHEMA-519","314-preRoll","preRoll","P.preRoll","参数 / 当前层 / 输出 / 入点出点 / 入点前处理 [preRoll]","当前效果 / 当前层 / 输出 / 尺寸与取帧 / 入点出点 / 入点前处理","当前效果 / 当前层 / 输出 / 入点出点 / 入点前处理","当前效果 / 当前层 / 输出 / 尺寸与取帧 / 入点出点 / 入点前处理","同一控件模型，按源码条件展示","tool/src/js/10_types.js:971"
"SCHEMA-520","315-preScale0","preScale0","P.preScale0","参数 / 当前层 / 输出 / 入点出点 / 放大起始大小 [preScale0]","当前效果 / 当前层 / 输出 / 尺寸与取帧 / 入点出点 / 放大起始大小","当前效果 / 当前层 / 输出 / 入点出点 / 放大起始大小","当前效果 / 当前层 / 输出 / 尺寸与取帧 / 入点出点 / 放大起始大小","同一控件模型，按源码条件展示","tool/src/js/10_types.js:972"
"SCHEMA-521","317-info:outSummary","info:outSummary","derived:info:outSummary","参数 / 当前层 / 输出 / 算出来的 / 输出概况 [info:outSummary]","当前效果 / 当前层 / 输出 / 帧数与贴图 / 算出来的 / 输出概况","当前效果 / 当前层 / 输出 / 算出来的 / 输出概况","当前效果 / 当前层 / 输出 / 帧数与贴图 / 算出来的 / 输出概况","需烘焙回执；样板无假结果","tool/src/js/10_types.js:976"
"SCHEMA-522","318-info:specBox","info:specBox","derived:info:specBox","参数 / 当前层 / 输出 / 直接调 / 贴图宽 × 高 · 格子 [info:specBox]","当前效果 / 当前层 / 输出 / 帧数与贴图 / 直接调 / 贴图宽 × 高 · 格子","当前效果 / 当前层 / 输出 / 直接调 / 贴图宽 × 高 · 格子","当前效果 / 当前层 / 输出 / 帧数与贴图 / 直接调 / 贴图宽 × 高 · 格子","由 SPEC 控件展示的容器；不重复生成字段","tool/src/js/10_types.js:977"
"SCHEMA-523","495-info:specMore","info:specMore","derived:info:specMore","参数 / 当前层 / 输出 / 贴图 / 贴图其它设置 [info:specMore]","当前效果 / 当前层 / 输出 / 帧数与贴图 / 贴图 / 贴图其它设置","当前效果 / 当前层 / 输出 / 贴图 / 贴图其它设置","当前效果 / 当前层 / 输出 / 帧数与贴图 / 贴图 / 贴图其它设置","由 SPEC 控件展示的容器；不重复生成字段","tool/src/js/10_types.js:978"
"SCHEMA-524","329-fpsFloor","fpsFloor","P.fpsFloor","参数 / 当前层 / 输出 / 帧 / 最低帧率 [fpsFloor]","当前效果 / 当前层 / 输出 / 帧数与贴图 / 帧 / 最低帧率","当前效果 / 当前层 / 输出 / 帧 / 最低帧率","当前效果 / 当前层 / 输出 / 帧数与贴图 / 帧 / 最低帧率","同一控件模型，按源码条件展示","tool/src/js/10_types.js:979"
"SCHEMA-525","330-frameBudget","frameBudget","P.frameBudget","参数 / 当前层 / 输出 / 帧 / 帧数分配 [frameBudget]","当前效果 / 当前层 / 输出 / 帧数与贴图 / 帧 / 帧数分配","当前效果 / 当前层 / 输出 / 帧 / 帧数分配","当前效果 / 当前层 / 输出 / 帧数与贴图 / 帧 / 帧数分配","同一控件模型，按源码条件展示","tool/src/js/10_types.js:980"
"SCHEMA-526","331-frameCount","frameCount","P.frameCount","参数 / 当前层 / 输出 / 帧 / 总帧数 [frameCount]","当前效果 / 当前层 / 输出 / 帧数与贴图 / 帧 / 总帧数","当前效果 / 当前层 / 输出 / 帧 / 总帧数","当前效果 / 当前层 / 输出 / 帧数与贴图 / 帧 / 总帧数","同一控件模型，按源码条件展示","tool/src/js/10_types.js:981"
"SCHEMA-527","332-outPack","outPack","P.outPack","参数 / 当前层 / 输出 / 贴图 / 格子装法 [outPack]","当前效果 / 当前层 / 输出 / 帧数与贴图 / 贴图 / 格子装法","当前效果 / 当前层 / 输出 / 贴图 / 格子装法","当前效果 / 当前层 / 输出 / 帧数与贴图 / 贴图 / 格子装法","同一控件模型，按源码条件展示","tool/src/js/10_types.js:982"
"SCHEMA-528","333-outCell","outCell","P.outCell","参数 / 当前层 / 输出 / 算出来的 / 单格 [outCell]","当前效果 / 当前层 / 输出 / 帧数与贴图 / 算出来的 / 单格","当前效果 / 当前层 / 输出 / 算出来的 / 单格","当前效果 / 当前层 / 输出 / 帧数与贴图 / 算出来的 / 单格","同一控件模型，按源码条件展示","tool/src/js/10_types.js:983"
"SCHEMA-529","334-pageTarget","pageTarget","P.pageTarget","参数 / 当前层 / 输出 / 算出来的 / 贴图张数 [pageTarget]","当前效果 / 当前层 / 输出 / 帧数与贴图 / 算出来的 / 贴图张数","当前效果 / 当前层 / 输出 / 算出来的 / 贴图张数","当前效果 / 当前层 / 输出 / 帧数与贴图 / 算出来的 / 贴图张数","同一控件模型，按源码条件展示","tool/src/js/10_types.js:984"
"SCHEMA-530","495-holdTicks","holdTicks","P.holdTicks","参数 / 当前层 / 输出 / 算出来的 / 每帧停 [holdTicks]","当前效果 / 当前层 / 输出 / 帧数与贴图 / 算出来的 / 每帧停","当前效果 / 当前层 / 输出 / 算出来的 / 每帧停","当前效果 / 当前层 / 输出 / 帧数与贴图 / 算出来的 / 每帧停","同一控件模型，按源码条件展示","tool/src/js/10_types.js:985"
"SCHEMA-531","335-maxHoldBurn","maxHoldBurn","P.maxHoldBurn","参数 / 当前层 / 输出 / 帧 / 燃烧最低帧率 [maxHoldBurn]","当前效果 / 当前层 / 输出 / 帧数与贴图 / 帧 / 燃烧最低帧率","当前效果 / 当前层 / 输出 / 帧 / 燃烧最低帧率","当前效果 / 当前层 / 输出 / 帧数与贴图 / 帧 / 燃烧最低帧率","同一控件模型，按源码条件展示","tool/src/js/10_types.js:986"
"SCHEMA-532","336-maxHold","maxHold","P.maxHold","参数 / 当前层 / 输出 / 帧 / 淡出最低帧率 [maxHold]","当前效果 / 当前层 / 输出 / 帧数与贴图 / 帧 / 淡出最低帧率","当前效果 / 当前层 / 输出 / 帧 / 淡出最低帧率","当前效果 / 当前层 / 输出 / 帧数与贴图 / 帧 / 淡出最低帧率","同一控件模型，按源码条件展示","tool/src/js/10_types.js:987"
"SCHEMA-533","337-fpsBurst","fpsBurst","P.fpsBurst","参数 / 当前层 / 输出 / 帧 / 开花段帧率 [fpsBurst]","当前效果 / 当前层 / 输出 / 帧数与贴图 / 帧 / 开花段帧率","当前效果 / 当前层 / 输出 / 帧 / 开花段帧率","当前效果 / 当前层 / 输出 / 帧数与贴图 / 帧 / 开花段帧率","同一控件模型，按源码条件展示","tool/src/js/10_types.js:988"
"SCHEMA-534","338-burstSec","burstSec","P.burstSec","参数 / 当前层 / 输出 / 帧 / 开花段时长 [burstSec]","当前效果 / 当前层 / 输出 / 帧数与贴图 / 帧 / 开花段时长","当前效果 / 当前层 / 输出 / 帧 / 开花段时长","当前效果 / 当前层 / 输出 / 帧数与贴图 / 帧 / 开花段时长","同一控件模型，按源码条件展示","tool/src/js/10_types.js:989"
"SCHEMA-535","339-fpsActive","fpsActive","P.fpsActive","参数 / 当前层 / 输出 / 帧 / 燃烧段帧率 [fpsActive]","当前效果 / 当前层 / 输出 / 帧数与贴图 / 帧 / 燃烧段帧率","当前效果 / 当前层 / 输出 / 帧 / 燃烧段帧率","当前效果 / 当前层 / 输出 / 帧数与贴图 / 帧 / 燃烧段帧率","同一控件模型，按源码条件展示","tool/src/js/10_types.js:990"
"SCHEMA-536","340-fpsFade","fpsFade","P.fpsFade","参数 / 当前层 / 输出 / 帧 / 淡出段帧率 [fpsFade]","当前效果 / 当前层 / 输出 / 帧数与贴图 / 帧 / 淡出段帧率","当前效果 / 当前层 / 输出 / 帧 / 淡出段帧率","当前效果 / 当前层 / 输出 / 帧数与贴图 / 帧 / 淡出段帧率","同一控件模型，按源码条件展示","tool/src/js/10_types.js:991"
"SCHEMA-537","341-fadeAt","fadeAt","P.fadeAt","参数 / 当前层 / 输出 / 帧 / 淡出起点 [fadeAt]","当前效果 / 当前层 / 输出 / 帧数与贴图 / 帧 / 淡出起点","当前效果 / 当前层 / 输出 / 帧 / 淡出起点","当前效果 / 当前层 / 输出 / 帧数与贴图 / 帧 / 淡出起点","同一控件模型，按源码条件展示","tool/src/js/10_types.js:992"
"SCHEMA-538","342-maxPages","maxPages","P.maxPages","参数 / 当前层 / 输出 / 贴图 / 贴图张数上限 [maxPages]","当前效果 / 当前层 / 输出 / 帧数与贴图 / 贴图 / 贴图张数上限","当前效果 / 当前层 / 输出 / 贴图 / 贴图张数上限","当前效果 / 当前层 / 输出 / 帧数与贴图 / 贴图 / 贴图张数上限","同一控件模型，按源码条件展示","tool/src/js/10_types.js:993"
"SCHEMA-539","343-shutter","shutter","P.shutter","参数 / 当前层 / 输出 / 画质 / 运动模糊 [shutter]","当前效果 / 当前层 / 输出 / 画质 / 画质 / 运动模糊","当前效果 / 当前层 / 输出 / 画质 / 运动模糊","当前效果 / 当前层 / 输出 / 画质 / 画质 / 运动模糊","同一控件模型，按源码条件展示","tool/src/js/10_types.js:994"
"SCHEMA-540","347-trimLead","trimLead","P.trimLead","参数 / 当前层 / 输出 / 入点出点 / 裁掉开头空白 [trimLead]","当前效果 / 当前层 / 输出 / 尺寸与取帧 / 入点出点 / 裁掉开头空白","当前效果 / 当前层 / 输出 / 入点出点 / 裁掉开头空白","当前效果 / 当前层 / 输出 / 尺寸与取帧 / 入点出点 / 裁掉开头空白","同一控件模型，按源码条件展示","tool/src/js/10_types.js:995"
"SCHEMA-541","348-unitElev","unitElev","P.unitElev","参数 / 当前层 / 输出 / 取景 / 代表星仰角 [unitElev]","当前效果 / 当前层 / 输出 / 尺寸与取帧 / 取景 / 代表星仰角","当前效果 / 当前层 / 输出 / 取景 / 代表星仰角","当前效果 / 当前层 / 输出 / 尺寸与取帧 / 取景 / 代表星仰角","同一控件模型，按源码条件展示","tool/src/js/10_types.js:996"
"SCHEMA-542","349-cellPad","cellPad","P.cellPad","参数 / 当前层 / 输出 / 直接调 / 格子留边 [cellPad]","当前效果 / 当前层 / 输出 / 帧数与贴图 / 直接调 / 格子留边","当前效果 / 当前层 / 输出 / 直接调 / 格子留边","当前效果 / 当前层 / 输出 / 帧数与贴图 / 直接调 / 格子留边","同一控件模型，按源码条件展示","tool/src/js/10_types.js:997"
"SCHEMA-543","point17-coreProfile","coreProfile","P.coreProfile","参数 / 当前层 / 输出 / 曝光光晕 / 亮核分布 [coreProfile]","当前效果 / 当前层 / 输出 / 曝光与光晕 / 曝光光晕 / 亮核分布","当前效果 / 当前层 / 输出 / 曝光光晕 / 亮核分布","当前效果 / 当前层 / 输出 / 曝光与光晕 / 曝光光晕 / 亮核分布","同一控件模型，按源码条件展示","tool/src/js/10_types.js:1000"
"SCHEMA-544","350-exposure","exposure","P.exposure","参数 / 当前层 / 输出 / 直接调 / 固定曝光 [exposure]","当前效果 / 当前层 / 输出 / 曝光与光晕 / 直接调 / 固定曝光","当前效果 / 当前层 / 输出 / 直接调 / 固定曝光","当前效果 / 当前层 / 输出 / 曝光与光晕 / 直接调 / 固定曝光","同一控件模型，按源码条件展示","tool/src/js/10_types.js:1001"
"SCHEMA-545","point17-exposureTarget","exposureTarget","P.exposureTarget","参数 / 当前层 / 输出 / 曝光光晕 / 建议亮部目标 [exposureTarget]","当前效果 / 当前层 / 输出 / 曝光与光晕 / 曝光光晕 / 建议亮部目标","当前效果 / 当前层 / 输出 / 曝光光晕 / 建议亮部目标","当前效果 / 当前层 / 输出 / 曝光与光晕 / 曝光光晕 / 建议亮部目标","同一控件模型，按源码条件展示","tool/src/js/10_types.js:1002"
"SCHEMA-546","351-exposureLock","exposureLock","P.exposureLock","参数 / 当前层 / 输出 / 曝光光晕 / 锁定曝光 [exposureLock]","当前效果 / 当前层 / 输出 / 曝光与光晕 / 曝光光晕 / 锁定曝光","当前效果 / 当前层 / 输出 / 曝光光晕 / 锁定曝光","当前效果 / 当前层 / 输出 / 曝光与光晕 / 曝光光晕 / 锁定曝光","同一控件模型，按源码条件展示","tool/src/js/10_types.js:1003"
"SCHEMA-547","352-haloFrac","haloFrac","P.haloFrac","参数 / 当前层 / 输出 / 曝光光晕 / 光晕占比 [haloFrac]","当前效果 / 当前层 / 输出 / 曝光与光晕 / 曝光光晕 / 光晕占比","当前效果 / 当前层 / 输出 / 曝光光晕 / 光晕占比","当前效果 / 当前层 / 输出 / 曝光与光晕 / 曝光光晕 / 光晕占比","同一控件模型，按源码条件展示","tool/src/js/10_types.js:1004"
"SCHEMA-548","353-haloR","haloR","P.haloR","参数 / 当前层 / 输出 / 曝光光晕 / 光晕半径倍数 [haloR]","当前效果 / 当前层 / 输出 / 曝光与光晕 / 曝光光晕 / 光晕半径倍数","当前效果 / 当前层 / 输出 / 曝光光晕 / 光晕半径倍数","当前效果 / 当前层 / 输出 / 曝光与光晕 / 曝光光晕 / 光晕半径倍数","同一控件模型，按源码条件展示","tool/src/js/10_types.js:1005"
"SCHEMA-549","4953-01-haloShape","haloShape","P.haloShape","参数 / 当前层 / 输出 / 曝光光晕 / 光晕形状 [haloShape]","当前效果 / 当前层 / 输出 / 曝光与光晕 / 曝光光晕 / 光晕形状","当前效果 / 当前层 / 输出 / 曝光光晕 / 光晕形状","当前效果 / 当前层 / 输出 / 曝光与光晕 / 曝光光晕 / 光晕形状","同一控件模型，按源码条件展示","tool/src/js/10_types.js:1006"
"SCHEMA-550","4953-02-haloBeta","haloBeta","P.haloBeta","参数 / 当前层 / 输出 / 曝光光晕 / 幂律指数 [haloBeta]","当前效果 / 当前层 / 输出 / 曝光与光晕 / 曝光光晕 / 幂律指数","当前效果 / 当前层 / 输出 / 曝光光晕 / 幂律指数","当前效果 / 当前层 / 输出 / 曝光与光晕 / 曝光光晕 / 幂律指数","同一控件模型，按源码条件展示","tool/src/js/10_types.js:1007"
"SCHEMA-551","354-previewBloom","previewBloom","P.previewBloom","画布 / 预览设置 / 预览泛光（SCHEMA定义与画布入口同字段） [previewBloom]","当前效果 / 当前层 / 输出 / 曝光与光晕 / 曝光光晕 / 预览光晕","当前效果 / 当前层 / 输出 / 曝光光晕 / 预览光晕","当前效果 / 当前层 / 输出 / 曝光与光晕 / 曝光光晕 / 预览光晕","同一控件模型，按源码条件展示","tool/src/js/10_types.js:1008"
"SCHEMA-552","355-qSS","qSS","P.qSS","参数 / 当前层 / 输出 / 画质 / 空间超采样 [qSS]","当前效果 / 当前层 / 输出 / 画质 / 画质 / 空间超采样","当前效果 / 当前层 / 输出 / 画质 / 空间超采样","当前效果 / 当前层 / 输出 / 画质 / 画质 / 空间超采样","同一控件模型，按源码条件展示","tool/src/js/10_types.js:1011"
"SCHEMA-553","356-qHz","qHz","P.qHz","参数 / 当前层 / 输出 / 画质 / 快门采样率 [qHz]","当前效果 / 当前层 / 输出 / 画质 / 画质 / 快门采样率","当前效果 / 当前层 / 输出 / 画质 / 快门采样率","当前效果 / 当前层 / 输出 / 画质 / 画质 / 快门采样率","同一控件模型，按源码条件展示","tool/src/js/10_types.js:1012"
"SCHEMA-554","357-qMaxSub","qMaxSub","P.qMaxSub","参数 / 当前层 / 输出 / 画质 / 子样本上限 [qMaxSub]","当前效果 / 当前层 / 输出 / 画质 / 画质 / 子样本上限","当前效果 / 当前层 / 输出 / 画质 / 子样本上限","当前效果 / 当前层 / 输出 / 画质 / 画质 / 子样本上限","同一控件模型，按源码条件展示","tool/src/js/10_types.js:1013"
"SPEC-form","SPEC-form","form","P.form","参数 / 当前层 / 输出 / 贴图 / 产物形式 [form]","当前效果 / 当前层 / 输出 / 产物 / 产物 / 产物形式","当前效果 / 当前层 / 输出 / 产物 / 产物形式","当前效果 / 当前层 / 输出 / 产物 / 产物 / 产物形式","同一控件模型，按源码条件展示","tool/src/js/70_ui.js:402; tool/src/js/90_events.js:12"
"SPEC-texW","SPEC-texW","texW","P.texW","参数 / 当前层 / 输出 / 直接调 / 贴图宽 [texW]","当前效果 / 当前层 / 输出 / 帧数与贴图 / 帧数与贴图 / 贴图宽","当前效果 / 当前层 / 输出 / 帧数与贴图 / 贴图宽","当前效果 / 当前层 / 输出 / 帧数与贴图 / 帧数与贴图 / 贴图宽","同一控件模型，按源码条件展示","tool/src/js/70_ui.js:402; tool/src/js/90_events.js:12"
"SPEC-texH","SPEC-texH","texH","P.texH","参数 / 当前层 / 输出 / 直接调 / 贴图高 [texH]","当前效果 / 当前层 / 输出 / 帧数与贴图 / 帧数与贴图 / 贴图高","当前效果 / 当前层 / 输出 / 帧数与贴图 / 贴图高","当前效果 / 当前层 / 输出 / 帧数与贴图 / 帧数与贴图 / 贴图高","同一控件模型，按源码条件展示","tool/src/js/70_ui.js:402; tool/src/js/90_events.js:12"
"SPEC-cols","SPEC-cols","cols","P.cols","参数 / 当前层 / 输出 / 直接调 / 列数 [cols]","当前效果 / 当前层 / 输出 / 帧数与贴图 / 帧数与贴图 / 列数","当前效果 / 当前层 / 输出 / 帧数与贴图 / 列数","当前效果 / 当前层 / 输出 / 帧数与贴图 / 帧数与贴图 / 列数","同一控件模型，按源码条件展示","tool/src/js/70_ui.js:402; tool/src/js/90_events.js:12"
"SPEC-rows","SPEC-rows","rows","P.rows","参数 / 当前层 / 输出 / 直接调 / 行数 [rows]","当前效果 / 当前层 / 输出 / 帧数与贴图 / 帧数与贴图 / 行数","当前效果 / 当前层 / 输出 / 帧数与贴图 / 行数","当前效果 / 当前层 / 输出 / 帧数与贴图 / 帧数与贴图 / 行数","同一控件模型，按源码条件展示","tool/src/js/70_ui.js:402; tool/src/js/90_events.js:12"
"SPEC-chans","SPEC-chans","chans","P.chans","参数 / 当前层 / 输出 / 贴图 / 通道 [chans]","当前效果 / 当前层 / 输出 / 帧数与贴图 / 帧数与贴图 / 通道","当前效果 / 当前层 / 输出 / 帧数与贴图 / 通道","当前效果 / 当前层 / 输出 / 帧数与贴图 / 帧数与贴图 / 通道","同一控件模型，按源码条件展示","tool/src/js/70_ui.js:402; tool/src/js/90_events.js:12"
"SPEC-outMode","SPEC-outMode","outMode","P.outMode","参数 / 当前层 / 输出 / 贴图 / 输出拆分 [outMode]","当前效果 / 当前层 / 输出 / 帧数与贴图 / 帧数与贴图 / 输出拆分","当前效果 / 当前层 / 输出 / 帧数与贴图 / 输出拆分","当前效果 / 当前层 / 输出 / 帧数与贴图 / 帧数与贴图 / 输出拆分","同一控件模型，按源码条件展示","tool/src/js/70_ui.js:402; tool/src/js/90_events.js:12"
"SPEC-encGamma","SPEC-encGamma","encGamma","P.encGamma","参数 / 当前层 / 输出 / 贴图 / 编码 [encGamma]","当前效果 / 当前层 / 输出 / 帧数与贴图 / 帧数与贴图 / 编码","当前效果 / 当前层 / 输出 / 帧数与贴图 / 编码","当前效果 / 当前层 / 输出 / 帧数与贴图 / 帧数与贴图 / 编码","同一控件模型，按源码条件展示","tool/src/js/70_ui.js:402; tool/src/js/90_events.js:12"
"SPEC-frameMode","SPEC-frameMode","frameMode","P.frameMode","参数 / 当前层 / 输出 / 贴图 / 取帧方式 [frameMode]","当前效果 / 当前层 / 输出 / 帧数与贴图 / 帧数与贴图 / 取帧方式","当前效果 / 当前层 / 输出 / 帧数与贴图 / 取帧方式","当前效果 / 当前层 / 输出 / 帧数与贴图 / 帧数与贴图 / 取帧方式","同一控件模型，按源码条件展示","tool/src/js/70_ui.js:402; tool/src/js/90_events.js:12"
"SPEC-zoom","SPEC-zoom","zoom","P.zoom","参数 / 当前层 / 输出 / 贴图 / 取景方式 [zoom]","当前效果 / 当前层 / 输出 / 尺寸与取帧 / 帧数与贴图 / 取景方式","当前效果 / 当前层 / 输出 / 帧数与贴图 / 取景方式","当前效果 / 当前层 / 输出 / 尺寸与取帧 / 帧数与贴图 / 取景方式","同一控件模型，按源码条件展示","tool/src/js/70_ui.js:402; tool/src/js/90_events.js:12"
"SPEC-unitFlip","SPEC-unitFlip","unitFlip","P.unitFlip","参数 / 当前层 / 输出 / 贴图 / 星头朝下 [unitFlip]","当前效果 / 当前层 / 输出 / 帧数与贴图 / 帧数与贴图 / 星头朝下","当前效果 / 当前层 / 输出 / 帧数与贴图 / 星头朝下","当前效果 / 当前层 / 输出 / 帧数与贴图 / 帧数与贴图 / 星头朝下","同一控件模型，按源码条件展示","tool/src/js/70_ui.js:402; tool/src/js/90_events.js:12"
"SPEC-autoGrid","SPEC-autoGrid","autoGrid","P.autoGrid","参数 / 当前层 / 输出 / 贴图 / 自动格子 [autoGrid]","当前效果 / 当前层 / 输出 / 帧数与贴图 / 帧数与贴图 / 自动格子","当前效果 / 当前层 / 输出 / 帧数与贴图 / 自动格子","当前效果 / 当前层 / 输出 / 帧数与贴图 / 帧数与贴图 / 自动格子","同一控件模型，按源码条件展示","tool/src/js/70_ui.js:402; tool/src/js/90_events.js:12"
"MAT-xw","MAT-xw","xw","M.xw","参数 / 本层颜色 / 变色过渡 [xw]","当前效果 / 当前层 / 效果 / 本层颜色 / 本层颜色 / 变色过渡","当前效果 / 当前层 / 效果 / 本层颜色 / 变色过渡","当前效果 / 当前层 / 效果 / 本层颜色 / 本层颜色 / 变色过渡","同一控件模型，按源码条件展示","tool/src/js/70_ui.js:559; tool/src/js/70_ui.js:701"
"MAT-headInt","MAT-headInt","headInt","M.headInt","参数 / 本层颜色 / 显示强度 [headInt]","当前效果 / 当前层 / 效果 / 本层颜色 / 本层颜色 / 显示强度","当前效果 / 当前层 / 效果 / 本层颜色 / 显示强度","当前效果 / 当前层 / 效果 / 本层颜色 / 本层颜色 / 显示强度","同一控件模型，按源码条件展示","tool/src/js/70_ui.js:559; tool/src/js/70_ui.js:701"
"MAT-tailInt","MAT-tailInt","tailInt","M.tailInt","参数 / 本层颜色 / 尾迹显示强度 [tailInt]","当前效果 / 当前层 / 效果 / 本层颜色 / 本层颜色 / 尾迹显示强度","当前效果 / 当前层 / 效果 / 本层颜色 / 尾迹显示强度","当前效果 / 当前层 / 效果 / 本层颜色 / 本层颜色 / 尾迹显示强度","同一控件模型，按源码条件展示","tool/src/js/70_ui.js:559; tool/src/js/70_ui.js:701"
"MAT-ramp0","MAT-ramp0","ramp0","M.ramp0","参数 / 本层颜色 / 渐变图暗端 [ramp0]","当前效果 / 当前层 / 效果 / 本层颜色 / 本层颜色 / 渐变图暗端","当前效果 / 当前层 / 效果 / 本层颜色 / 渐变图暗端","当前效果 / 当前层 / 效果 / 本层颜色 / 本层颜色 / 渐变图暗端","同一控件模型，按源码条件展示","tool/src/js/70_ui.js:559; tool/src/js/70_ui.js:701"
"MAT-ramp1","MAT-ramp1","ramp1","M.ramp1","参数 / 本层颜色 / 渐变图中暗 [ramp1]","当前效果 / 当前层 / 效果 / 本层颜色 / 本层颜色 / 渐变图中暗","当前效果 / 当前层 / 效果 / 本层颜色 / 渐变图中暗","当前效果 / 当前层 / 效果 / 本层颜色 / 本层颜色 / 渐变图中暗","同一控件模型，按源码条件展示","tool/src/js/70_ui.js:559; tool/src/js/70_ui.js:701"
"MAT-ramp2","MAT-ramp2","ramp2","M.ramp2","参数 / 本层颜色 / 渐变图中亮 [ramp2]","当前效果 / 当前层 / 效果 / 本层颜色 / 本层颜色 / 渐变图中亮","当前效果 / 当前层 / 效果 / 本层颜色 / 渐变图中亮","当前效果 / 当前层 / 效果 / 本层颜色 / 本层颜色 / 渐变图中亮","同一控件模型，按源码条件展示","tool/src/js/70_ui.js:559; tool/src/js/70_ui.js:701"
"MAT-ramp3","MAT-ramp3","ramp3","M.ramp3","参数 / 本层颜色 / 渐变图亮端 [ramp3]","当前效果 / 当前层 / 效果 / 本层颜色 / 本层颜色 / 渐变图亮端","当前效果 / 当前层 / 效果 / 本层颜色 / 渐变图亮端","当前效果 / 当前层 / 效果 / 本层颜色 / 本层颜色 / 渐变图亮端","同一控件模型，按源码条件展示","tool/src/js/70_ui.js:559; tool/src/js/70_ui.js:701"
"MAT-stages[i][0]","MAT-stages[i][0]","stages[i][0]","M.stages[i][0]","参数 / 本层颜色 / 颜色段起始 [stages[i][0]]","当前效果 / 当前层 / 效果 / 本层颜色 / 本层颜色 / 颜色段起始","当前效果 / 当前层 / 效果 / 本层颜色 / 颜色段起始","当前效果 / 当前层 / 效果 / 本层颜色 / 本层颜色 / 颜色段起始","同一控件模型，按源码条件展示","tool/src/js/70_ui.js:559; tool/src/js/70_ui.js:701"
"MAT-stages[i][1]","MAT-stages[i][1]","stages[i][1]","M.stages[i][1]","参数 / 本层颜色 / 颜色段色值 [stages[i][1]]","当前效果 / 当前层 / 效果 / 本层颜色 / 本层颜色 / 颜色段色值","当前效果 / 当前层 / 效果 / 本层颜色 / 颜色段色值","当前效果 / 当前层 / 效果 / 本层颜色 / 本层颜色 / 颜色段色值","同一控件模型，按源码条件展示","tool/src/js/70_ui.js:559; tool/src/js/70_ui.js:701"
"LAYER-delay","LAYER-delay","delay","L.delay","参数 / 当前层 / 效果 / 这一层在整朵里 / 开始时间 [delay]","当前效果 / 当前层 / 效果 / 位置与时间 / 位置与时间 / 开始时间","当前效果 / 当前层 / 效果 / 位置与时间 / 开始时间","当前效果 / 当前层 / 效果 / 位置与时间 / 位置与时间 / 开始时间","同一控件模型，按源码条件展示","tool/src/js/79_workbench.js:86"
"LAYER-scale","LAYER-scale","scale","L.scale","参数 / 当前层 / 效果 / 这一层在整朵里 / 缩放 [scale]","当前效果 / 当前层 / 效果 / 位置与时间 / 位置与时间 / 缩放","当前效果 / 当前层 / 效果 / 位置与时间 / 缩放","当前效果 / 当前层 / 效果 / 位置与时间 / 位置与时间 / 缩放","同一控件模型，按源码条件展示","tool/src/js/79_workbench.js:86"
"LAYER-rate","LAYER-rate","rate","L.rate","参数 / 当前层 / 效果 / 这一层在整朵里 / 时间倍率 [rate]","当前效果 / 当前层 / 效果 / 位置与时间 / 位置与时间 / 时间倍率","当前效果 / 当前层 / 效果 / 位置与时间 / 时间倍率","当前效果 / 当前层 / 效果 / 位置与时间 / 位置与时间 / 时间倍率","同一控件模型，按源码条件展示","tool/src/js/79_workbench.js:86"
"LAYER-mirror","LAYER-mirror","mirror","L.mirror","参数 / 当前层 / 效果 / 这一层在整朵里 / 水平镜像 [mirror]","当前效果 / 当前层 / 效果 / 位置与时间 / 位置与时间 / 水平镜像","当前效果 / 当前层 / 效果 / 位置与时间 / 水平镜像","当前效果 / 当前层 / 效果 / 位置与时间 / 位置与时间 / 水平镜像","同一控件模型，按源码条件展示","tool/src/js/79_workbench.js:86"
"LAYER-out.pc","LAYER-out.pc","pc","L.out.pc","参数 / 当前层 / 输出 / 导出方案 / PC产物 [pc]","沿用生产入口；本轮不重复制作","沿用生产入口；本轮不重复制作","沿用生产入口；本轮不重复制作","既有导航/执行/别名；保留原功能","tool/src/js/79_workbench.js:86"
"LAYER-out.mobile","LAYER-out.mobile","mobile","L.out.mobile","参数 / 当前层 / 输出 / 导出方案 / 手机产物 [mobile]","沿用生产入口；本轮不重复制作","沿用生产入口；本轮不重复制作","沿用生产入口；本轮不重复制作","既有导航/执行/别名；保留原功能","tool/src/js/79_workbench.js:86"
"LAYER-dotSize","LAYER-dotSize","dotSize","L.dotSize","参数 / 当前层 / 输出 / 导出方案 / 光点大小 [dotSize]","沿用生产入口；本轮不重复制作","沿用生产入口；本轮不重复制作","沿用生产入口；本轮不重复制作","既有导航/执行/别名；保留原功能","tool/src/js/79_workbench.js:86"
"LAYER-dotBright","LAYER-dotBright","dotBright","L.dotBright","参数 / 当前层 / 输出 / 导出方案 / 光点亮度 [dotBright]","沿用生产入口；本轮不重复制作","沿用生产入口；本轮不重复制作","沿用生产入口；本轮不重复制作","既有导航/执行/别名；保留原功能","tool/src/js/79_workbench.js:86"
"LAYER-unitVariants","LAYER-unitVariants","unitVariants","L.unitVariants","参数 / 当前层 / 输出 / 导出方案 / 单束变体数 [unitVariants]","沿用生产入口；本轮不重复制作","沿用生产入口；本轮不重复制作","沿用生产入口；本轮不重复制作","既有导航/执行/别名；保留原功能","tool/src/js/79_workbench.js:86"
"LAYER-unitRandom","LAYER-unitRandom","unitRandom","L.unitRandom","参数 / 当前层 / 输出 / 导出方案 / 单束随机感 [unitRandom]","沿用生产入口；本轮不重复制作","沿用生产入口；本轮不重复制作","沿用生产入口；本轮不重复制作","既有导航/执行/别名；保留原功能","tool/src/js/79_workbench.js:86"
"LAYER-lowPick","LAYER-lowPick","lowPick","L.lowPick","参数 / 当前层 / 输出 / 导出方案 / 单帧取法 [lowPick]","沿用生产入口；本轮不重复制作","沿用生产入口；本轮不重复制作","沿用生产入口；本轮不重复制作","既有导航/执行/别名；保留原功能","tool/src/js/79_workbench.js:86"
"LAYER-lowAt","LAYER-lowAt","lowAt","L.lowAt","参数 / 当前层 / 输出 / 导出方案 / 单帧时刻 [lowAt]","沿用生产入口；本轮不重复制作","沿用生产入口；本轮不重复制作","沿用生产入口；本轮不重复制作","既有导航/执行/别名；保留原功能","tool/src/js/79_workbench.js:86"
"LAYER-lowSize","LAYER-lowSize","lowSize","L.lowSize","参数 / 当前层 / 输出 / 导出方案 / 单帧边长 [lowSize]","沿用生产入口；本轮不重复制作","沿用生产入口；本轮不重复制作","沿用生产入口；本轮不重复制作","既有导航/执行/别名；保留原功能","tool/src/js/79_workbench.js:86"
"LAYER-lowJit","LAYER-lowJit","lowJit","L.lowJit","参数 / 当前层 / 输出 / 导出方案 / 单帧随机缩放 [lowJit]","沿用生产入口；本轮不重复制作","沿用生产入口；本轮不重复制作","沿用生产入口；本轮不重复制作","既有导航/执行/别名；保留原功能","tool/src/js/79_workbench.js:86"
"LAYER-lowMaps","LAYER-lowMaps","lowMaps","L.lowMaps","参数 / 当前层 / 输出 / 导出方案 / 单帧功能图 [lowMaps]","沿用生产入口；本轮不重复制作","沿用生产入口；本轮不重复制作","沿用生产入口；本轮不重复制作","既有导航/执行/别名；保留原功能","tool/src/js/79_workbench.js:86"
"LAYER-lowSuffix","LAYER-lowSuffix","lowSuffix","L.lowSuffix","参数 / 当前层 / 输出 / 导出方案 / 单帧后缀 [lowSuffix]","沿用生产入口；本轮不重复制作","沿用生产入口；本轮不重复制作","沿用生产入口；本轮不重复制作","既有导航/执行/别名；保留原功能","tool/src/js/79_workbench.js:86"
"VIEW-dist","VIEW-dist","dist","state.dist","画布 / 预览设置 / 观察距离 [dist]","沿用生产入口；本轮不重复制作","沿用生产入口；本轮不重复制作","沿用生产入口；本轮不重复制作","既有导航/执行/别名；保留原功能","tool/src/js/90_events.js"
"VIEW-expo","VIEW-expo","expo","state.expo","画布 / 预览设置 / 显示曝光 [expo]","沿用生产入口；本轮不重复制作","沿用生产入口；本轮不重复制作","沿用生产入口；本轮不重复制作","既有导航/执行/别名；保留原功能","tool/src/js/90_events.js"
"VIEW-autoBakeChk","VIEW-autoBakeChk","auto","bakeMode.auto","画布 / 预览设置 / 自动烘焙 [auto]","沿用生产入口；本轮不重复制作","沿用生产入口；本轮不重复制作","沿用生产入口；本轮不重复制作","既有导航/执行/别名；保留原功能","tool/src/js/90_events.js"
"VIEW-exportResolution","VIEW-exportResolution","exportResolution","state.exportResolution","画布 / 预览设置 / 按导出分辨率 [exportResolution]","沿用生产入口；本轮不重复制作","沿用生产入口；本轮不重复制作","沿用生产入口；本轮不重复制作","既有导航/执行/别名；保留原功能","tool/src/js/90_events.js"
"VIEW-previewBloomChk","VIEW-previewBloomChk","previewBloom","P.previewBloom","画布 / 预览设置 / 预览泛光 [previewBloom]","沿用生产入口；本轮不重复制作","沿用生产入口；本轮不重复制作","沿用生产入口；本轮不重复制作","既有导航/执行/别名；保留原功能","tool/src/js/90_events.js"
"VIEW-speed","VIEW-speed","speed","state.speed","画布 / 预览设置 / 播放速度 [speed]","沿用生产入口；本轮不重复制作","沿用生产入口；本轮不重复制作","沿用生产入口；本轮不重复制作","既有导航/执行/别名；保留原功能","tool/src/js/90_events.js"
"VIEW-loopChk","VIEW-loopChk","loopPlay","state.loopPlay","画布 / 预览设置 / 循环播放 [loopPlay]","沿用生产入口；本轮不重复制作","沿用生产入口；本轮不重复制作","沿用生产入口；本轮不重复制作","既有导航/执行/别名；保留原功能","tool/src/js/90_events.js"
"VIEW-scrub","VIEW-scrub","t","state.t","画布 / 预览设置 / 播放时刻 [t]","沿用生产入口；本轮不重复制作","沿用生产入口；本轮不重复制作","沿用生产入口；本轮不重复制作","既有导航/执行/别名；保留原功能","tool/src/js/90_events.js"
"VIEW-lowDissolve","VIEW-lowDissolve","lowDissolve","state.lowDissolve","画布 / 预览设置 / 溶解预览 [lowDissolve]","沿用生产入口；本轮不重复制作","沿用生产入口；本轮不重复制作","沿用生产入口；本轮不重复制作","既有导航/执行/别名；保留原功能","tool/src/js/90_events.js"
"VIEW-lowSide","VIEW-lowSide","lowSide","state.lowSide","画布 / 预览设置 / 单帧并排 [lowSide]","沿用生产入口；本轮不重复制作","沿用生产入口；本轮不重复制作","沿用生产入口；本轮不重复制作","既有导航/执行/别名；保留原功能","tool/src/js/90_events.js"
"VIEW-assetDir","VIEW-assetDir","files","DOM.assetDir.files","画布 / 预览设置 / 选择素材包文件夹 [files]","沿用生产入口；本轮不重复制作","沿用生产入口；本轮不重复制作","沿用生产入口；本轮不重复制作","既有导航/执行/别名；保留原功能","tool/src/js/77_assets.js:311"
"VIEW-assetCut","VIEW-assetCut","cutout","asset.cutout","画布 / 预览设置 / 素材轮廓 [cutout]","沿用生产入口；本轮不重复制作","沿用生产入口；本轮不重复制作","沿用生产入口；本轮不重复制作","既有导航/执行/别名；保留原功能","tool/src/js/77_assets.js:311"
"VIEW-assetSky","VIEW-assetSky","sky","asset.sky","画布 / 预览设置 / 素材天空 [sky]","沿用生产入口；本轮不重复制作","沿用生产入口；本轮不重复制作","沿用生产入口；本轮不重复制作","既有导航/执行/别名；保留原功能","tool/src/js/77_assets.js:311"
"UI-q","UI-q","q","pview.q","参数 / 定位与状态 / 参数搜索 [q]","编辑器标题下 / 搜索当前对象参数","编辑器标题下 / 搜索当前对象参数","编辑器标题下 / 搜索当前对象参数","同一控件模型，按源码条件展示","tool/src/js/70_ui.js; tool/src/js/90_events.js"
"UI-changed","UI-changed","changed","pview.changed","参数 / 定位与状态 / 仅改动 [changed]","编辑器标题下 / 仅改动","编辑器标题下 / 仅改动","编辑器标题下 / 仅改动","同一控件模型，按源码条件展示","tool/src/js/70_ui.js; tool/src/js/90_events.js"
"UI-en","UI-en","en","pview.en","参数 / 定位与状态 / 英文名 [en]","编辑器标题下 / 英文名","编辑器标题下 / 英文名","编辑器标题下 / 英文名","同一控件模型，按源码条件展示","tool/src/js/70_ui.js; tool/src/js/90_events.js"
"UI-mopen","UI-mopen","mopen","pview.mopen","参数 / 定位与状态 / 模块开合 [mopen]","当前对象 / 模块标题 / 展开状态","当前对象 / 模块标题 / 展开状态","当前对象 / 模块标题 / 展开状态","同一控件模型，按源码条件展示","tool/src/js/70_ui.js; tool/src/js/90_events.js"
"UI-ropen","UI-ropen","ropen","pview.ropen","参数 / 定位与状态 / 随机开合 [ropen]","当前对象 / 母参数 / 随机展开状态","当前对象 / 母参数 / 随机展开状态","当前对象 / 母参数 / 随机展开状态","同一控件模型，按源码条件展示","tool/src/js/70_ui.js; tool/src/js/90_events.js"
"UI-tab","UI-tab","tab","pview.tab","参数 / 定位与状态 / 发射器选择 [tab]","左侧 / 当前层作用对象","左侧 / 当前层作用对象","左侧 / 当前层作用对象","同一控件模型，按源码条件展示","tool/src/js/70_ui.js; tool/src/js/90_events.js"
"UI-locks","UI-locks","locks","state.locks","参数 / 定位与状态 / 参数锁 [locks]","沿用生产入口；本轮不重复制作","沿用生产入口；本轮不重复制作","沿用生产入口；本轮不重复制作","既有导航/执行/别名；保留原功能","tool/src/js/70_ui.js; tool/src/js/90_events.js"
"UI-linkOff","UI-linkOff","linkOff","state.linkOff","参数 / 定位与状态 / 暂时不联动 [linkOff]","沿用生产入口；本轮不重复制作","沿用生产入口；本轮不重复制作","沿用生产入口；本轮不重复制作","既有导航/执行/别名；保留原功能","tool/src/js/70_ui.js; tool/src/js/90_events.js"
"UI-timeLink","UI-timeLink","timeLink","state.followOff（反向）","参数 / 定位与状态 / 时长/入点跟着走 [timeLink]","沿用生产入口；本轮不重复制作","沿用生产入口；本轮不重复制作","沿用生产入口；本轮不重复制作","既有导航/执行/别名；保留原功能","tool/src/js/79_workbench.js:541; tool/src/js/79_workbench.js:658"
"LINK-groups","LINK-groups","links / linksLive","lib.my.links / linksLive","参数 / 当前层 / 效果 / 轨迹联动 [links / linksLive]","沿用生产入口；本轮不重复制作","沿用生产入口；本轮不重复制作","沿用生产入口；本轮不重复制作","既有导航/执行/别名；保留原功能","tool/src/js/79_myfx.js:142"
"VIEW-solo","VIEW-solo","solo","state.layerView.solo","图层管理 / 独看 [solo]","沿用生产入口；本轮不重复制作","沿用生产入口；本轮不重复制作","沿用生产入口；本轮不重复制作","既有导航/执行/别名；保留原功能","tool/src/js/79_workbench.js:16"
"VIEW-mute","VIEW-mute","mute","state.layerView.mute","图层管理 / 静音 [mute]","沿用生产入口；本轮不重复制作","沿用生产入口；本轮不重复制作","沿用生产入口；本轮不重复制作","既有导航/执行/别名；保留原功能","tool/src/js/79_workbench.js:16"
"UI-glue","UI-glue","glueOff（反向）","state.glueOff（反向）","时间轴 / 时间工具 / 同一时刻的点一起动 [glueOff（反向）]","沿用生产入口；本轮不重复制作","沿用生产入口；本轮不重复制作","沿用生产入口；本轮不重复制作","既有导航/执行/别名；保留原功能","tool/src/js/79_workbench.js:659"
"NAME-base","NAME-base","base","store.packNames[wbKey()].base","交付清单 / 英文名 [base]","沿用生产入口；本轮不重复制作","沿用生产入口；本轮不重复制作","沿用生产入口；本轮不重复制作","既有导航/执行/别名；保留原功能","tool/src/js/79_workbench.js:906"
"NAME-layer","NAME-layer","layers[i]","store.packNames[wbKey()].layers[i]","交付清单 / 第i层名称 [layers[i]]","沿用生产入口；本轮不重复制作","沿用生产入口；本轮不重复制作","沿用生产入口；本轮不重复制作","既有导航/执行/别名；保留原功能","tool/src/js/79_workbench.js:900"
"SIZE-pick","SIZE-pick","sizeSpecPick[sizePickKey]","store.sizeSpecPick[sizePickKey]","交付清单 / 导出尺寸 [sizeSpecPick[sizePickKey]]","沿用生产入口；本轮不重复制作","沿用生产入口；本轮不重复制作","沿用生产入口；本轮不重复制作","既有导航/执行/别名；保留原功能","tool/src/js/66_fwlcascade.js:272; tool/src/js/79_workbench.js:915"
"DELIVERY-destination","DELIVERY-destination","deliveryDestination","deliveryDestination","资源交付 / 导出方式 [deliveryDestination]","沿用生产入口；本轮不重复制作","沿用生产入口；本轮不重复制作","沿用生产入口；本轮不重复制作","既有导航/执行/别名；保留原功能","tool/src/js/67_delivery.js"
"DELIVERY-root","DELIVERY-root","root","config.outputRoot / session.outputRoot","资源交付 / 资源导出目录 [root]","沿用生产入口；本轮不重复制作","沿用生产入口；本轮不重复制作","沿用生产入口；本轮不重复制作","既有导航/执行/别名；保留原功能","tool/src/js/67_delivery.js; tool/local_delivery/service.py"
"NAV-type","NAV-type","type","DOM.type","对象与文件操作 / 花型/来源选择 [type]","左侧 / 花型选择","左侧 / 花型选择","左侧 / 花型选择","同一控件模型，按源码条件展示","tool/src/body.html; tool/src/js/70_ui.js"
"NAV-fileIn","NAV-fileIn","fileIn","DOM.fileIn","对象与文件操作 / 导入参数JSON [fileIn]","沿用生产入口；本轮不重复制作","沿用生产入口；本轮不重复制作","沿用生产入口；本轮不重复制作","既有导航/执行/别名；保留原功能","tool/src/body.html; tool/src/js/70_ui.js"
"NAV-pkSearch","NAV-pkSearch","pkSearch","DOM.pkSearch","对象与文件操作 / 模板搜索 [pkSearch]","沿用生产入口；本轮不重复制作","沿用生产入口；本轮不重复制作","沿用生产入口；本轮不重复制作","既有导航/执行/别名；保留原功能","tool/src/body.html; tool/src/js/70_ui.js"
"NAV-saveNameInput","NAV-saveNameInput","saveNameInput","DOM.saveNameInput","对象与文件操作 / 保存名称 [saveNameInput]","沿用生产入口；本轮不重复制作","沿用生产入口；本轮不重复制作","沿用生产入口；本轮不重复制作","既有导航/执行/别名；保留原功能","tool/src/body.html; tool/src/js/70_ui.js"
